This is pdfTeX, Version 3.141592653-2.6-1.40.28 (TeX Live 2025) (preloaded format=pdflatex 2025.7.8)  3 SEP 2025 13:30
entering extended mode
 restricted \write18 enabled.
 file:line:error style messages enabled.
 %&-line parsing enabled.
**c:/Users/Martin/Documents/PhD/Manuscript/tex/_main_
(c:/Users/Martin/Documents/PhD/Manuscript/tex/_main_.tex
LaTeX2e <2025-06-01> patch level 1
L3 programming layer <2025-06-30>
(c:/texlive/2025/texmf-dist/tex/latex/base/book.cls
Document Class: book 2025/01/22 v1.4n Standard LaTeX document class
(c:/texlive/2025/texmf-dist/tex/latex/base/bk11.clo
File: bk11.clo 2025/01/22 v1.4n Standard LaTeX file (size option)
)
\c@part=\count275
\c@chapter=\count276
\c@section=\count277
\c@subsection=\count278
\c@subsubsection=\count279
\c@paragraph=\count280
\c@subparagraph=\count281
\c@figure=\count282
\c@table=\count283
\abovecaptionskip=\skip49
\belowcaptionskip=\skip50
\bibindent=\dimen148
) (c:/texlive/2025/texmf-dist/tex/latex/iwona/iwona.sty
Package: iwona 2005/10/03 v.1.2 Iwona package (MW)
\c@mv@iwona=\count284
\c@mv@iwonabold=\count285
LaTeX Font Info:    Overwriting symbol font `operators' in version `iwona'
(Font)                  OT1/cmr/m/n --> OT1/iwonalm/m/n on input line 58.
LaTeX Font Info:    Overwriting symbol font `letters' in version `iwona'
(Font)                  OML/cmm/m/it --> OML/iwonal/m/it on input line 59.
LaTeX Font Info:    Overwriting symbol font `symbols' in version `iwona'
(Font)                  OMS/cmsy/m/n --> OMS/iwonal/m/n on input line 60.
LaTeX Font Info:    Overwriting symbol font `largesymbols' in version `iwona'
(Font)                  OMX/cmex/m/n --> OMX/iwonal/m/n on input line 61.
LaTeX Font Info:    Overwriting symbol font `operators' in version `iwonabold'
(Font)                  OT1/cmr/m/n --> OT1/iwonalm/b/n on input line 62.
LaTeX Font Info:    Overwriting symbol font `letters' in version `iwonabold'
(Font)                  OML/cmm/m/it --> OML/iwonal/b/it on input line 63.
LaTeX Font Info:    Overwriting symbol font `symbols' in version `iwonabold'
(Font)                  OMS/cmsy/m/n --> OMS/iwonal/b/n on input line 64.
LaTeX Font Info:    Overwriting symbol font `largesymbols' in version `iwonabold'
(Font)                  OMX/cmex/m/n --> OMX/iwonal/b/n on input line 65.
LaTeX Font Info:    Overwriting math alphabet `\mathbf' in version `iwona'
(Font)                  OT1/cmr/bx/n --> OT1/iwonal/bx/n on input line 67.
LaTeX Font Info:    Overwriting math alphabet `\mathsf' in version `iwona'
(Font)                  OT1/cmss/m/n --> OT1/iwonal/m/n on input line 68.
LaTeX Font Info:    Overwriting math alphabet `\mathit' in version `iwona'
(Font)                  OT1/cmr/m/it --> OT1/iwonal/m/it on input line 69.
LaTeX Font Info:    Overwriting math alphabet `\mathtt' in version `iwona'
(Font)                  OT1/cmtt/m/n --> OT1/iwonal/m/n on input line 70.
LaTeX Font Info:    Overwriting math alphabet `\mathsf' in version `iwonabold'
(Font)                  OT1/cmss/m/n --> OT1/iwonal/bx/n on input line 71.
LaTeX Font Info:    Overwriting math alphabet `\mathit' in version `iwonabold'
(Font)                  OT1/cmr/m/it --> OT1/iwonal/bx/it on input line 72.
) (c:/texlive/2025/texmf-dist/tex/latex/base/inputenc.sty
Package: inputenc 2024/02/08 v1.3d Input encoding file
\inpenc@prehook=\toks17
\inpenc@posthook=\toks18
) (c:/texlive/2025/texmf-dist/tex/latex/base/fontenc.sty
Package: fontenc 2024/12/21 v2.1c Standard LaTeX package
LaTeX Font Info:    Trying to load font information for T1+iwonal on input line 116.
 (c:/texlive/2025/texmf-dist/tex/latex/iwona/t1iwonal.fd
File: t1iwonal.fd 2008/07/22 v0.995 font definition file for T1/iwonal (MW)
)) (c:/texlive/2025/texmf-dist/tex/latex/tools/layout.sty
Package: layout 2023-08-20 v1.2e Show layout parameters
\oneinch=\count286
\cnt@paperwidth=\count287
\cnt@paperheight=\count288
\cnt@hoffset=\count289
\cnt@voffset=\count290
\cnt@textheight=\count291
\cnt@textwidth=\count292
\cnt@topmargin=\count293
\cnt@oddsidemargin=\count294
\cnt@evensidemargin=\count295
\cnt@headheight=\count296
\cnt@headsep=\count297
\cnt@marginparsep=\count298
\cnt@marginparwidth=\count299
\cnt@marginparpush=\count300
\cnt@footskip=\count301
\fheight=\count302
\ref@top=\count303
\ref@hoffset=\count304
\ref@voffset=\count305
\ref@head=\count306
\ref@body=\count307
\ref@foot=\count308
\ref@margin=\count309
\ref@marginwidth=\count310
\ref@marginpar=\count311
\Interval=\count312
\ExtraYPos=\count313
\PositionX=\count314
\PositionY=\count315
\ArrowLength=\count316
) (c:/texlive/2025/texmf-dist/tex/generic/babel/babel.sty
Package: babel 2025/06/10 v25.10 The multilingual framework for pdfLaTeX, LuaLaTeX and XeLaTeX
\babel@savecnt=\count317
LaTeX Encoding Info:    Redeclaring text command \ij (encoding OT1) on input line 2043.
LaTeX Encoding Info:    Redeclaring text command \IJ (encoding OT1) on input line 2045.
LaTeX Encoding Info:    Redeclaring text command \ij (encoding T1) on input line 2047.
LaTeX Encoding Info:    Redeclaring text command \IJ (encoding T1) on input line 2048.
LaTeX Encoding Info:    Ignoring declaration for text command \ij (encoding ?) on input line 2049.
LaTeX Encoding Info:    Ignoring declaration for text command \IJ (encoding ?) on input line 2051.
LaTeX Encoding Info:    Ignoring declaration for text command \SS (encoding ?) on input line 2076.
\U@D=\dimen149
\l@unhyphenated=\language90
 (c:/texlive/2025/texmf-dist/tex/generic/babel/txtbabel.def)
\bbl@readstream=\read2
\bbl@dirlevel=\count318
 (c:/texlive/2025/texmf-dist/tex/generic/babel-french/french.ldf
Language: french 2025-07-02 v4.0b French support from the babel system
 (c:/texlive/2025/texmf-dist/tex/generic/babel/locale/fr/babel-french.tex
Package babel Info: Importing font and identification data for french
(babel)             from babel-fr.ini. Reported on input line 12.
) (c:/texlive/2025/texmf-dist/tex/generic/babel-french/french3.ldf
Language: french 2025-07-02 v3.7b French support from the babel system
\FB@stdchar=\count319
Package babel Info: Making : an active character on input line 273.
Package babel Info: Making ; an active character on input line 274.
Package babel Info: Making ! an active character on input line 275.
Package babel Info: Making ? an active character on input line 276.
\FBguill@level=\count320
\FBold@everypar=\toks19
\FB@Mht=\dimen150
\mc@charclass=\count321
\mc@charfam=\count322
\mc@charslot=\count323
\std@mcc=\count324
\dec@mcc=\count325
\FB@pardim=\dimen151
\listindentFB=\dimen152
\descindentFB=\dimen153
\labelindentFB=\dimen154
\labelwidthFB=\dimen155
\leftmarginFB=\dimen156
\parindentFFN=\dimen157
\FBfnindent=\dimen158
))) (c:/texlive/2025/texmf-dist/tex/latex/carlisle/scalefnt.sty) (c:/texlive/2025/texmf-dist/tex/latex/lineno/lineno.sty
Package: lineno 2025/05/13 line numbers on paragraphs v5.5
 (c:/texlive/2025/texmf-dist/tex/latex/etoolbox/etoolbox.sty
Package: etoolbox 2025/02/11 v2.5l e-TeX tools for LaTeX (JAW)
\etb@tempcnta=\count326
) (c:/texlive/2025/texmf-dist/tex/latex/kvoptions/kvoptions.sty
Package: kvoptions 2022-06-15 v3.15 Key value format for package options (HO)
 (c:/texlive/2025/texmf-dist/tex/latex/graphics/keyval.sty
Package: keyval 2022/05/29 v1.15 key=value parser (DPC)
\KV@toks@=\toks20
) (c:/texlive/2025/texmf-dist/tex/generic/ltxcmds/ltxcmds.sty
Package: ltxcmds 2023-12-04 v1.26 LaTeX kernel commands for general use (HO)
) (c:/texlive/2025/texmf-dist/tex/latex/kvsetkeys/kvsetkeys.sty
Package: kvsetkeys 2022-10-05 v1.19 Key value parser (HO)
))
\linenopenalty=\count327
\output=\toks21
\linenoprevgraf=\count328
\linenumbersep=\dimen159
\linenumberwidth=\dimen160
\c@linenumber=\count329
\c@pagewiselinenumber=\count330
\c@LN@truepage=\count331
\c@internallinenumber=\count332
\c@internallinenumbers=\count333
\quotelinenumbersep=\dimen161
\bframerule=\dimen162
\bframesep=\dimen163
\bframebox=\box53
) (c:/texlive/2025/texmf-dist/tex/latex/csquotes/csquotes.sty
Package: csquotes 2024-04-04 v5.2o context-sensitive quotations (JAW)
\csq@reset=\count334
\csq@gtype=\count335
\csq@glevel=\count336
\csq@qlevel=\count337
\csq@maxlvl=\count338
\csq@tshold=\count339
\csq@ltx@everypar=\toks22
 (c:/texlive/2025/texmf-dist/tex/latex/csquotes/csquotes.def
File: csquotes.def 2024-04-04 v5.2o csquotes generic definitions (JAW)
)
Package csquotes Info: Trying to load configuration file 'csquotes.cfg'...
Package csquotes Info: ... configuration file loaded successfully.
 (c:/texlive/2025/texmf-dist/tex/latex/csquotes/csquotes.cfg
File: csquotes.cfg 
)) (c:/texlive/2025/texmf-dist/tex/latex/wrapfig/wrapfig.sty
\wrapoverhang=\dimen164
\WF@size=\dimen165
\c@WF@wrappedlines=\count340
\WF@box=\box54
\WF@everypar=\toks23
Package: wrapfig 2003/01/31  v 3.6
) (c:/texlive/2025/texmf-dist/tex/latex/comment/comment.sty
\CommentStream=\write3
 Excluding comment 'comment') (c:/texlive/2025/texmf-dist/tex/latex/tools/multicol.sty
Package: multicol 2025/05/25 v2.0a multicolumn formatting (FMi)
\c@tracingmulticols=\count341
\mult@box=\box55
\multicol@leftmargin=\dimen166
\c@unbalance=\count342
\c@collectmore=\count343
\doublecol@number=\count344
\multicoltolerance=\count345
\multicolpretolerance=\count346
\full@width=\dimen167
\page@free=\dimen168
\premulticols=\dimen169
\postmulticols=\dimen170
\multicolsep=\skip51
\multicolbaselineskip=\skip52
\partial@page=\box56
\last@line=\box57
\mc@boxedresult=\box58
\maxbalancingoverflow=\dimen171
\mult@rightbox=\box59
\mult@grightbox=\box60
\mult@firstbox=\box61
\mult@gfirstbox=\box62
\@tempa=\box63
\@tempa=\box64
\@tempa=\box65
\@tempa=\box66
\@tempa=\box67
\@tempa=\box68
\@tempa=\box69
\@tempa=\box70
\@tempa=\box71
\@tempa=\box72
\@tempa=\box73
\@tempa=\box74
\@tempa=\box75
\@tempa=\box76
\@tempa=\box77
\@tempa=\box78
\@tempa=\box79
\@tempa=\box80
\@tempa=\box81
\@tempa=\box82
\@tempa=\box83
\@tempa=\box84
\@tempa=\box85
\@tempa=\box86
\@tempa=\box87
\@tempa=\box88
\@tempa=\box89
\@tempa=\box90
\@tempa=\box91
\@tempa=\box92
\@tempa=\box93
\@tempa=\box94
\@tempa=\box95
\@tempa=\box96
\@tempa=\box97
\@tempa=\box98
\c@minrows=\count347
\c@columnbadness=\count348
\c@finalcolumnbadness=\count349
\last@try=\dimen172
\multicolovershoot=\dimen173
\multicolundershoot=\dimen174
\mult@nat@firstbox=\box99
\colbreak@box=\box100
\mc@col@check@num=\count350
\g__mc_curr_col_int=\count351
) (c:/texlive/2025/texmf-dist/tex/latex/tools/array.sty
Package: array 2025/06/08 v2.6j Tabular extension package (FMi)
\col@sep=\dimen175
\ar@mcellbox=\box101
\extrarowheight=\dimen176
\NC@list=\toks24
\extratabsurround=\skip53
\backup@length=\skip54
\ar@cellbox=\box102
) (c:/texlive/2025/texmf-dist/tex/latex/tools/longtable.sty
Package: longtable 2024-12-18 v4.23 Multi-page Table package (DPC)
\LTleft=\skip55
\LTright=\skip56
\LTpre=\skip57
\LTpost=\skip58
\LTchunksize=\count352
\LTcapwidth=\dimen177
\LT@head=\box103
\LT@firsthead=\box104
\LT@foot=\box105
\LT@lastfoot=\box106
\LT@gbox=\box107
\LT@cols=\count353
\LT@rows=\count354
\c@LT@tables=\count355
\c@LT@chunks=\count356
\LT@p@ftn=\toks25
) (c:/texlive/2025/texmf-dist/tex/latex/arydshln/arydshln.sty
Package: arydshln 2019/02/21 v1.76 
\dashlinedash=\dimen178
\dashlinegap=\dimen179
\adl@box=\box108
\adl@height=\dimen180
\adl@heightsave=\dimen181
\adl@depth=\dimen182
\adl@depthsave=\dimen183
\adl@finaldepth=\dimen184
\adl@columns=\count357
\adl@ncol=\count358
\adl@currentcolumn=\count359
\adl@currentcolumnsave=\count360
\adl@totalheight=\count361
\adl@totalheightsave=\count362
\adl@dash=\count363
\adl@gap=\count364
\adl@cla=\count365
\adl@clb=\count366
\adl@everyvbox=\toks26
\adl@LTpagetotal=\dimen185
)
==> First Aid for arydshln.sty applied!
(c:/texlive/2025/texmf-dist/tex/latex/tabularray/tabularray.sty
Package: tabularray 2025-03-11 v2025A Typeset tabulars and arrays with LaTeX3
\l__tblr_a_int=\count367
\l__tblr_c_int=\count368
\l__tblr_r_int=\count369
\l__tblr_d_dim=\dimen186
\l__tblr_h_dim=\dimen187
\l__tblr_o_dim=\dimen188
\l__tblr_p_dim=\dimen189
\l__tblr_q_dim=\dimen190
\l__tblr_r_dim=\dimen191
\l__tblr_s_dim=\dimen192
\l__tblr_t_dim=\dimen193
\l__tblr_v_dim=\dimen194
\l__tblr_w_dim=\dimen195
\l__tblr_a_box=\box109
\l__tblr_b_box=\box110
\l__tblr_c_box=\box111
\l__tblr_d_box=\box112
\c@tblrcount=\count370
\c@rownum=\count371
\c@colnum=\count372
\c@rowcount=\count373
\c@colcount=\count374
\abovesep=\dimen196
\belowsep=\dimen197
\leftsep=\dimen198
\rightsep=\dimen199
\gTblrLevelInt=\count375
\g__tblr_data_row_key_count_int=\count376
\g__tblr_data_column_key_count_int=\count377
\g__tblr_data_cell_key_count_int=\count378
\g__tblr_array_int=\count379
\l__tblr_key_count_int=\count380
\l__tblr_key_quotient_int=\count381
\l__tblr_key_quotient_two_int=\count382
\l__tblr_key_remainder_int=\count383
\g__tblr_data_str_value_count_int=\count384
\lTblrChildTotalInt=\count385
\lTblrChildHtotalInt=\count386
\lTblrChildVtotalInt=\count387
\l__child_diff_h_int=\count388
\l__child_diff_v_int=\count389
\l__child_sign_h_int=\count390
\l__child_sign_v_int=\count391
\l__child_step_int=\count392
\lTblrDefaultHruleWidthDim=\dimen256
\lTblrDefaultVruleWidthDim=\dimen257
\l__tblr_split_balance_int=\count393
\l__tblr_strut_dp_dim=\dimen258
\l__tblr_strut_ht_dim=\dimen259
\g__tblr_cell_wd_dim=\dimen260
\g__tblr_cell_ht_dim=\dimen261
\g__tblr_cell_head_dim=\dimen262
\g__tblr_cell_foot_dim=\dimen263
\l__tblr_measured_cell_box=\box113
\g__tblr_last_box=\box114
\l__tblr_temp_box=\box115
\l__tblr_column_target_dim=\dimen264
\l__tblr_hfuzz_dim=\dimen265
\l__tblr_caption_box=\box116
\l__tblr_caption_left_box=\box117
\lTblrRowHeadInt=\count394
\lTblrRowFootInt=\count395
\l__tblr_row_head_box=\box118
\l__tblr_row_foot_box=\box119
\l__tblr_row_head_foot_dim=\dimen266
\lTblrTableWidthDim=\dimen267
\l__tblr_table_firsthead_box=\box120
\l__tblr_table_middlehead_box=\box121
\l__tblr_table_lasthead_box=\box122
\l__tblr_table_firstfoot_box=\box123
\l__tblr_table_middlefoot_box=\box124
\l__tblr_table_lastfoot_box=\box125
\l__tblr_remain_height_dim=\dimen268
\l__tblr_long_from_int=\count396
\l__tblr_long_to_int=\count397
\l__tblr_curr_i_int=\count398
\l__tblr_prev_i_int=\count399
\lTblrTablePageInt=\count400
\l__tblr_table_head_box=\box126
\l__tblr_table_foot_box=\box127
\l__tblr_table_head_foot_dim=\dimen269
\l__tblr_table_head_body_foot_dim=\dimen270
\l__tblr_table_box=\box128
\lTblrRowFirstInt=\count401
\lTblrRowLastInt=\count402
\l__tblr_table_hlines_box=\box129
\l__tblr_hline_box=\box130
\l__tblr_row_box=\box131
\l__tblr_col_o_wd_dim=\dimen271
\l__tblr_col_b_wd_dim=\dimen272
\l__tblr_hline_leftskip_dim=\dimen273
\l__tblr_hline_rightskip_dim=\dimen274
\l__tblr_row_ht_dim=\dimen275
\l__tblr_row_dp_dim=\dimen276
\l__tblr_row_abovesep_dim=\dimen277
\l__tblr_row_belowsep_dim=\dimen278
\l__tblr_row_vlines_box=\box132
\l__tblr_vline_box=\box133
\l__tblr_cell_box=\box134
\l__tblr_row_upper_dim=\dimen279
\l__tblr_row_lower_dim=\dimen280
\l__tblr_row_vpace_dim=\dimen281
\l__tblr_vline_aboveskip_dim=\dimen282
\l__tblr_vline_belowskip_dim=\dimen283
\lTblrCellRowSpanInt=\count403
\lTblrCellColSpanInt=\count404
\l__tblr_cell_wd_dim=\dimen284
\l__tblr_cell_ht_dim=\dimen285
\lTblrCellAboveBorderWidthDim=\dimen286
\lTblrCellBelowBorderWidthDim=\dimen287
\lTblrCellLeftBorderWidthDim=\dimen288
\lTblrCellRightBorderWidthDim=\dimen289
\l__tblr_diag_box=\box135
\l__tblr_cell_inner_wd_dim=\dimen290
\l__tblr_cell_inner_dp_dim=\dimen291
\l__tblr_cell_hanchor_dim=\dimen292
\l__tblr_last_cell_table_ht_dim=\dimen293
\l__tblr_last_cell_table_dp_dim=\dimen294
\l__tblr_last_vline_wd_dim=\dimen295
\l__tblr_tikz_node_box=\box136
) (c:/texlive/2025/texmf-dist/tex/latex/float/float.sty
Package: float 2001/11/08 v1.3d Float enhancements (AL)
\c@float@type=\count405
\float@exts=\toks27
\float@box=\box137
\@float@everytoks=\toks28
\@floatcapt=\box138
) (c:/texlive/2025/texmf-dist/tex/latex/xcolor/xcolor.sty
Package: xcolor 2024/09/29 v3.02 LaTeX color extensions (UK)
 (c:/texlive/2025/texmf-dist/tex/latex/graphics-cfg/color.cfg
File: color.cfg 2016/01/02 v1.6 sample color configuration
)
Package xcolor Info: Driver file: pdftex.def on input line 274.
 (c:/texlive/2025/texmf-dist/tex/latex/graphics-def/pdftex.def
File: pdftex.def 2024/04/13 v1.2c Graphics/color driver for pdftex
) (c:/texlive/2025/texmf-dist/tex/latex/graphics/mathcolor.ltx)
Package xcolor Info: Model `cmy' substituted by `cmy0' on input line 1349.
Package xcolor Info: Model `hsb' substituted by `rgb' on input line 1353.
Package xcolor Info: Model `RGB' extended on input line 1365.
Package xcolor Info: Model `HTML' substituted by `rgb' on input line 1367.
Package xcolor Info: Model `Hsb' substituted by `hsb' on input line 1368.
Package xcolor Info: Model `tHsb' substituted by `hsb' on input line 1369.
Package xcolor Info: Model `HSB' substituted by `hsb' on input line 1370.
Package xcolor Info: Model `Gray' substituted by `gray' on input line 1371.
Package xcolor Info: Model `wave' substituted by `hsb' on input line 1372.
) (c:/texlive/2025/texmf-dist/tex/latex/graphics/dvipsnam.def
File: dvipsnam.def 2016/06/17 v3.0m Driver-dependent file (DPC,SPQR)
) (c:/texlive/2025/texmf-dist/tex/latex/ninecolors/ninecolors.sty
Package: ninecolors 2022-02-13 v2022D Select colors with proper color contrast
 (c:/texlive/2025/texmf-dist/tex/latex/l3packages/xparse/xparse.sty (c:/texlive/2025/texmf-dist/tex/latex/l3kernel/expl3.sty
Package: expl3 2025-06-30 L3 programming layer (loader) 
 (c:/texlive/2025/texmf-dist/tex/latex/l3backend/l3backend-pdftex.def
File: l3backend-pdftex.def 2025-06-09 L3 backend support: PDF output (pdfTeX)
\l__color_backend_stack_int=\count406
))
Package: xparse 2024-08-16 L3 Experimental document command parser
)) (./Plasma.tex) (./Inferno.tex) (c:/texlive/2025/texmf-dist/tex/latex/amsmath/amsmath.sty
Package: amsmath 2025/06/16 v2.17y AMS math features
\@mathmargin=\skip59

For additional information on amsmath, use the `?' option.
(c:/texlive/2025/texmf-dist/tex/latex/amsmath/amstext.sty
Package: amstext 2024/11/17 v2.01 AMS text
 (c:/texlive/2025/texmf-dist/tex/latex/amsmath/amsgen.sty
File: amsgen.sty 1999/11/30 v2.0 generic functions
\@emptytoks=\toks29
\ex@=\dimen296
)) (c:/texlive/2025/texmf-dist/tex/latex/amsmath/amsbsy.sty
Package: amsbsy 1999/11/29 v1.2d Bold Symbols
\pmbraise@=\dimen297
) (c:/texlive/2025/texmf-dist/tex/latex/amsmath/amsopn.sty
Package: amsopn 2022/04/08 v2.04 operator names
)
\inf@bad=\count407
LaTeX Info: Redefining \frac on input line 233.
\uproot@=\count408
\leftroot@=\count409
LaTeX Info: Redefining \overline on input line 398.
LaTeX Info: Redefining \colon on input line 409.
\classnum@=\count410
\DOTSCASE@=\count411
LaTeX Info: Redefining \ldots on input line 495.
LaTeX Info: Redefining \dots on input line 498.
LaTeX Info: Redefining \cdots on input line 619.
\Mathstrutbox@=\box139
\strutbox@=\box140
LaTeX Info: Redefining \big on input line 721.
LaTeX Info: Redefining \Big on input line 722.
LaTeX Info: Redefining \bigg on input line 723.
LaTeX Info: Redefining \Bigg on input line 724.
\big@size=\dimen298
LaTeX Font Info:    Redeclaring font encoding OML on input line 742.
LaTeX Font Info:    Redeclaring font encoding OMS on input line 743.
\macc@depth=\count412
LaTeX Info: Redefining \bmod on input line 904.
LaTeX Info: Redefining \pmod on input line 909.
LaTeX Info: Redefining \smash on input line 939.
LaTeX Info: Redefining \relbar on input line 969.
LaTeX Info: Redefining \Relbar on input line 970.
\c@MaxMatrixCols=\count413
\dotsspace@=\muskip17
\c@parentequation=\count414
\dspbrk@lvl=\count415
\tag@help=\toks30
\row@=\count416
\column@=\count417
\maxfields@=\count418
\andhelp@=\toks31
\eqnshift@=\dimen299
\alignsep@=\dimen300
\tagshift@=\dimen301
\tagwidth@=\dimen302
\totwidth@=\dimen303
\lineht@=\dimen304
\@envbody=\toks32
\multlinegap=\skip60
\multlinetaggap=\skip61
\mathdisplay@stack=\toks33
LaTeX Info: Redefining \[ on input line 2949.
LaTeX Info: Redefining \] on input line 2950.
)
\@LN@amsmath@ams@eqpen=\count419
 (c:/texlive/2025/texmf-dist/tex/latex/amsfonts/amssymb.sty
Package: amssymb 2013/01/14 v3.01 AMS font symbols
 (c:/texlive/2025/texmf-dist/tex/latex/amsfonts/amsfonts.sty
Package: amsfonts 2013/01/14 v3.01 Basic AMSFonts support
\symAMSa=\mathgroup4
\symAMSb=\mathgroup5
LaTeX Font Info:    Redeclaring math symbol \hbar on input line 98.
LaTeX Font Info:    Overwriting math alphabet `\mathfrak' in version `bold'
(Font)                  U/euf/m/n --> U/euf/b/n on input line 106.
)) (c:/texlive/2025/texmf-dist/tex/latex/jknapltx/mathrsfs.sty
Package: mathrsfs 1996/01/01 Math RSFS package v1.0 (jk)
\symrsfs=\mathgroup6
) (c:/texlive/2025/texmf-dist/tex/latex/base/makeidx.sty
Package: makeidx 2021/10/04 v1.0m Standard LaTeX package
) (c:/texlive/2025/texmf-dist/tex/latex/enumitem/enumitem.sty
Package: enumitem 2025/02/06 v3.11 Customized lists
\labelindent=\skip62
\enit@outerparindent=\dimen305
\enit@toks=\toks34
\enit@inbox=\box141
\enit@count@id=\count420
\enitdp@description=\count421
) (c:/texlive/2025/texmf-dist/tex/latex/tools/tabularx.sty
Package: tabularx 2023/12/11 v2.12a `tabularx' package (DPC)
\TX@col@width=\dimen306
\TX@old@table=\dimen307
\TX@old@col=\dimen308
\TX@target=\dimen309
\TX@delta=\dimen310
\TX@cols=\count422
\TX@ftn=\toks35
) (c:/texlive/2025/texmf-dist/tex/latex/stmaryrd/stmaryrd.sty
Package: stmaryrd 1994/03/03 St Mary's Road symbol package
\symstmry=\mathgroup7
LaTeX Font Info:    Overwriting symbol font `stmry' in version `bold'
(Font)                  U/stmry/m/n --> U/stmry/b/n on input line 89.
) (c:/texlive/2025/texmf-dist/tex/latex/mathtools/mathtools.sty
Package: mathtools 2024/10/04 v1.31 mathematical typesetting tools
 (c:/texlive/2025/texmf-dist/tex/latex/tools/calc.sty
Package: calc 2025/03/01 v4.3b Infix arithmetic (KKT,FJ)
\calc@Acount=\count423
\calc@Bcount=\count424
\calc@Adimen=\dimen311
\calc@Bdimen=\dimen312
\calc@Askip=\skip63
\calc@Bskip=\skip64
LaTeX Info: Redefining \setlength on input line 86.
LaTeX Info: Redefining \addtolength on input line 87.
\calc@Ccount=\count425
\calc@Cskip=\skip65
) (c:/texlive/2025/texmf-dist/tex/latex/mathtools/mhsetup.sty
Package: mhsetup 2021/03/18 v1.4 programming setup (MH)
)
\g_MT_multlinerow_int=\count426
\l_MT_multwidth_dim=\dimen313
\origjot=\skip66
\l_MT_shortvdotswithinadjustabove_dim=\dimen314
\l_MT_shortvdotswithinadjustbelow_dim=\dimen315
\l_MT_above_intertext_sep=\dimen316
\l_MT_below_intertext_sep=\dimen317
\l_MT_above_shortintertext_sep=\dimen318
\l_MT_below_shortintertext_sep=\dimen319
\xmathstrut@box=\box142
\xmathstrut@dim=\dimen320
) (c:/texlive/2025/texmf-dist/tex/latex/units/nicefrac.sty
Package: nicefrac 1998/08/04 v0.9b Nice fractions
\L@UnitsRaiseDisplaystyle=\skip67
\L@UnitsRaiseTextstyle=\skip68
\L@UnitsRaiseScriptstyle=\skip69
 (c:/texlive/2025/texmf-dist/tex/latex/base/ifthen.sty
Package: ifthen 2024/03/16 v1.1e Standard LaTeX ifthen package (DPC)
)) (c:/texlive/2025/texmf-dist/tex/latex/tools/bm.sty
Package: bm 2023/12/19 v1.2f Bold Symbol Support (DPC/FMi)
\symboldoperators=\mathgroup8
\symboldletters=\mathgroup9
\symboldsymbols=\mathgroup10
\symboldlargesymbols=\mathgroup11
Package bm Info: No bold for \U/msa/m/n, using \pmb.
Package bm Info: No bold for \U/msb/m/n, using \pmb.
Package bm Info: No bold for \U/rsfs/m/n, using \pmb.
LaTeX Font Info:    Redeclaring math alphabet \mathbf on input line 149.
) (c:/texlive/2025/texmf-dist/tex/latex/mwe/mwe.sty
Package: mwe 2018/03/30 v0.5 Package to support minimal working examples (MWE)
 (c:/texlive/2025/texmf-dist/tex/latex/graphics/graphicx.sty
Package: graphicx 2024/12/31 v1.2e Enhanced LaTeX Graphics (DPC,SPQR)
 (c:/texlive/2025/texmf-dist/tex/latex/graphics/graphics.sty
Package: graphics 2024/08/06 v1.4g Standard LaTeX Graphics (DPC,SPQR)
 (c:/texlive/2025/texmf-dist/tex/latex/graphics/trig.sty
Package: trig 2023/12/02 v1.11 sin cos tan (DPC)
) (c:/texlive/2025/texmf-dist/tex/latex/graphics-cfg/graphics.cfg
File: graphics.cfg 2016/06/04 v1.11 sample graphics configuration
)
Package graphics Info: Driver file: pdftex.def on input line 106.
)
\Gin@req@height=\dimen321
\Gin@req@width=\dimen322
) (c:/texlive/2025/texmf-dist/tex/latex/lipsum/lipsum.sty (c:/texlive/2025/texmf-dist/tex/latex/l3packages/l3keys2e/l3keys2e.sty
Package: l3keys2e 2024-08-16 LaTeX2e option processing using LaTeX3 keys
)
Package: lipsum 2021-09-20 v2.7 150 paragraphs of Lorem Ipsum dummy text
\g__lipsum_par_int=\count427
\l__lipsum_a_int=\count428
\l__lipsum_b_int=\count429
 (c:/texlive/2025/texmf-dist/tex/latex/lipsum/lipsum.ltd.tex)) (c:/texlive/2025/texmf-dist/tex/latex/blindtext/blindtext.sty
Package: blindtext 2012/01/06 V2.0 blindtext-Package
 (c:/texlive/2025/texmf-dist/tex/latex/tools/xspace.sty
Package: xspace 2014/10/28 v1.13 Space after command names (DPC,MH)
)
\c@blindtext=\count430
\c@Blindtext=\count431
\c@blind@countparstart=\count432
\blind@countxx=\count433
\blindtext@numBlindtext=\count434
\blind@countyy=\count435
\c@blindlist=\count436
\c@blindlistlevel=\count437
\c@blindlist@level=\count438
\blind@listitem=\count439
\c@blind@listcount=\count440
\c@blind@levelcount=\count441
\blind@mathformula=\count442
\blind@Mathformula=\count443
\c@blind@randomcount=\count444
\c@blind@randommax=\count445
\c@blind@pangramcount=\count446
\c@blind@pangrammax=\count447
)) (c:/texlive/2025/texmf-dist/tex/latex/caption/caption.sty
Package: caption 2023/08/05 v3.6o Customizing captions (AR)
 (c:/texlive/2025/texmf-dist/tex/latex/caption/caption3.sty
Package: caption3 2023/07/31 v2.4d caption3 kernel (AR)
\caption@tempdima=\dimen323
\captionmargin=\dimen324
\caption@leftmargin=\dimen325
\caption@rightmargin=\dimen326
\caption@width=\dimen327
\caption@indent=\dimen328
\caption@parindent=\dimen329
\caption@hangindent=\dimen330
Package caption Info: Standard document class detected.
Package caption Info: french babel package is loaded.
)
\c@caption@flags=\count448
\c@continuedfloat=\count449
Package caption Info: float package is loaded.
Package caption Info: longtable package is loaded.
 (c:/texlive/2025/texmf-dist/tex/latex/caption/ltcaption.sty
Package: ltcaption 2021/01/08 v1.4c longtable captions (AR)
)
Package caption Info: wrapfig package is loaded.
) (c:/texlive/2025/texmf-dist/tex/latex/caption/subcaption.sty
Package: subcaption 2023/07/28 v1.6b Sub-captions (AR)
Package caption Info: New subtype `subfigure' on input line 238.
\c@subfigure=\count450
Package caption Info: New subtype `subtable' on input line 238.
\c@subtable=\count451
) (c:/texlive/2025/texmf-dist/tex/latex/tools/dcolumn.sty
Package: dcolumn 2023/07/08 v1.06 decimal alignment package (DPC)
) (c:/texlive/2025/texmf-dist/tex/latex/geometry/geometry.sty
Package: geometry 2020/01/02 v5.9 Page Geometry
 (c:/texlive/2025/texmf-dist/tex/generic/iftex/ifvtex.sty
Package: ifvtex 2019/10/25 v1.7 ifvtex legacy package. Use iftex instead.
 (c:/texlive/2025/texmf-dist/tex/generic/iftex/iftex.sty
Package: iftex 2024/12/12 v1.0g TeX engine tests
))
\Gm@cnth=\count452
\Gm@cntv=\count453
\c@Gm@tempcnt=\count454
\Gm@bindingoffset=\dimen331
\Gm@wd@mp=\dimen332
\Gm@odd@mp=\dimen333
\Gm@even@mp=\dimen334
\Gm@layoutwidth=\dimen335
\Gm@layoutheight=\dimen336
\Gm@layouthoffset=\dimen337
\Gm@layoutvoffset=\dimen338
\Gm@dimlist=\toks36
) (c:/texlive/2025/texmf-dist/tex/latex/fancyhdr/fancyhdr.sty
Package: fancyhdr 2025/02/07 v5.2 Extensive control of page headers and footers
\f@nch@headwidth=\skip70
\f@nch@offset@elh=\skip71
\f@nch@offset@erh=\skip72
\f@nch@offset@olh=\skip73
\f@nch@offset@orh=\skip74
\f@nch@offset@elf=\skip75
\f@nch@offset@erf=\skip76
\f@nch@offset@olf=\skip77
\f@nch@offset@orf=\skip78
\f@nch@height=\skip79
\f@nch@footalignment=\skip80
\f@nch@widthL=\skip81
\f@nch@widthC=\skip82
\f@nch@widthR=\skip83
\@temptokenb=\toks37
) (c:/texlive/2025/texmf-dist/tex/latex/siunitx/siunitx.sty
Package: siunitx 2025-07-05 v3.4.13 A comprehensive (SI) units package
\l__siunitx_number_uncert_offset_int=\count455
\l__siunitx_number_exponent_fixed_int=\count456
\l__siunitx_number_min_decimal_int=\count457
\l__siunitx_number_min_integer_int=\count458
\l__siunitx_number_round_precision_int=\count459
\l__siunitx_number_lower_threshold_int=\count460
\l__siunitx_number_upper_threshold_int=\count461
\l__siunitx_number_group_first_int=\count462
\l__siunitx_number_group_size_int=\count463
\l__siunitx_number_group_minimum_int=\count464
\l__siunitx_angle_tmp_dim=\dimen339
\l__siunitx_angle_marker_box=\box143
\l__siunitx_angle_unit_box=\box144
\l__siunitx_compound_count_int=\count465
 (c:/texlive/2025/texmf-dist/tex/latex/translations/translations.sty
Package: translations 2022/02/05 v1.12 internationalization of LaTeX2e packages (CN)
 (c:/texlive/2025/texmf-dist/tex/generic/pdftexcmds/pdftexcmds.sty
Package: pdftexcmds 2020-06-27 v0.33 Utility functions of pdfTeX for LuaTeX (HO)
 (c:/texlive/2025/texmf-dist/tex/generic/infwarerr/infwarerr.sty
Package: infwarerr 2019/12/03 v1.5 Providing info/warning/error messages (HO)
)
Package pdftexcmds Info: \pdf@primitive is available.
Package pdftexcmds Info: \pdf@ifprimitive is available.
Package pdftexcmds Info: \pdfdraftmode found.
))
\l__siunitx_table_tmp_box=\box145
\l__siunitx_table_tmp_dim=\dimen340
\l__siunitx_table_column_width_dim=\dimen341
\l__siunitx_table_integer_box=\box146
\l__siunitx_table_decimal_box=\box147
\l__siunitx_table_uncert_box=\box148
\l__siunitx_table_before_box=\box149
\l__siunitx_table_after_box=\box150
\l__siunitx_table_before_dim=\dimen342
\l__siunitx_table_carry_dim=\dimen343
\l__siunitx_unit_tmp_int=\count466
\l__siunitx_unit_position_int=\count467
\l__siunitx_unit_total_int=\count468
)

Package siunitx Info: Option "detect-all" has been deprecated in this release.
(siunitx)             
(siunitx)             Use "mode = match, propagate-math-font = true,
(siunitx)             reset-math-version = false, reset-text-family = false,
(siunitx)             reset-text-series = false, reset-text-shape = false,
(siunitx)             text-family-to-math = true, text-series-to-math = true"
(siunitx)             as a replacement.

 (c:/texlive/2025/texmf-dist/tex/latex/multirow/multirow.sty
Package: multirow 2024/11/12 v2.9 Span multiple rows of a table
\multirow@colwidth=\skip84
\multirow@cntb=\count469
\multirow@dima=\skip85
\bigstrutjot=\dimen344
) (c:/texlive/2025/texmf-dist/tex/latex/etoc/etoc.sty
Package: etoc 2023/10/29 v1.2d Completely customisable TOCs (JFB)
\Etoc@toctoks=\toks38
\c@etoc@tocid=\count470
\etoc@framed@titlebox=\box151
\etoc@framed@contentsbox=\box152
) (c:/texlive/2025/texmf-dist/tex/latex/hyperref/hyperref.sty
Package: hyperref 2025-06-21 v7.01n Hypertext links for LaTeX
 (c:/texlive/2025/texmf-dist/tex/generic/kvdefinekeys/kvdefinekeys.sty
Package: kvdefinekeys 2019-12-19 v1.6 Define keys (HO)
) (c:/texlive/2025/texmf-dist/tex/generic/pdfescape/pdfescape.sty
Package: pdfescape 2019/12/09 v1.15 Implements pdfTeX's escape features (HO)
) (c:/texlive/2025/texmf-dist/tex/latex/hycolor/hycolor.sty
Package: hycolor 2020-01-27 v1.10 Color options for hyperref/bookmark (HO)
) (c:/texlive/2025/texmf-dist/tex/latex/hyperref/nameref.sty
Package: nameref 2025-06-21 v2.57 Cross-referencing by name of section
 (c:/texlive/2025/texmf-dist/tex/latex/refcount/refcount.sty
Package: refcount 2019/12/15 v3.6 Data extraction from label references (HO)
) (c:/texlive/2025/texmf-dist/tex/generic/gettitlestring/gettitlestring.sty
Package: gettitlestring 2019/12/15 v1.6 Cleanup title references (HO)
)
\c@section@level=\count471
) (c:/texlive/2025/texmf-dist/tex/generic/stringenc/stringenc.sty
Package: stringenc 2019/11/29 v1.12 Convert strings between diff. encodings (HO)
)
\@linkdim=\dimen345
\Hy@linkcounter=\count472
\Hy@pagecounter=\count473
 (c:/texlive/2025/texmf-dist/tex/latex/hyperref/pd1enc.def
File: pd1enc.def 2025-06-21 v7.01n Hyperref: PDFDocEncoding definition (HO)
Now handling font encoding PD1 ...
... no UTF-8 mapping file for font encoding PD1
) (c:/texlive/2025/texmf-dist/tex/generic/intcalc/intcalc.sty
Package: intcalc 2019/12/15 v1.3 Expandable calculations with integers (HO)
)
\Hy@SavedSpaceFactor=\count474
 (c:/texlive/2025/texmf-dist/tex/latex/hyperref/puenc.def
File: puenc.def 2025-06-21 v7.01n Hyperref: PDF Unicode definition (HO)
Now handling font encoding PU ...
... no UTF-8 mapping file for font encoding PU
)
Package hyperref Info: Hyper figures OFF on input line 4181.
Package hyperref Info: Link nesting OFF on input line 4186.
Package hyperref Info: Hyper index ON on input line 4189.
Package hyperref Info: Plain pages OFF on input line 4196.
Package hyperref Info: Backreferencing OFF on input line 4201.
Package hyperref Info: Implicit mode ON; LaTeX internals redefined.
Package hyperref Info: Bookmarks ON on input line 4448.
\c@Hy@tempcnt=\count475
 (c:/texlive/2025/texmf-dist/tex/latex/url/url.sty
\Urlmuskip=\muskip18
Package: url 2013/09/16  ver 3.4  Verb mode for urls, etc.
)
LaTeX Info: Redefining \url on input line 4787.
\XeTeXLinkMargin=\dimen346
 (c:/texlive/2025/texmf-dist/tex/generic/bitset/bitset.sty
Package: bitset 2019/12/09 v1.3 Handle bit-vector datatype (HO)
 (c:/texlive/2025/texmf-dist/tex/generic/bigintcalc/bigintcalc.sty
Package: bigintcalc 2019/12/15 v1.5 Expandable calculations on big integers (HO)
))
\Fld@menulength=\count476
\Field@Width=\dimen347
\Fld@charsize=\dimen348
Package hyperref Info: Hyper figures OFF on input line 6066.
Package hyperref Info: Link nesting OFF on input line 6071.
Package hyperref Info: Hyper index ON on input line 6074.
Package hyperref Info: backreferencing OFF on input line 6081.
Package hyperref Info: Link coloring OFF on input line 6086.
Package hyperref Info: Link coloring with OCG OFF on input line 6091.
Package hyperref Info: PDF/A mode OFF on input line 6096.
\Hy@abspage=\count477
\c@Item=\count478
\c@Hfootnote=\count479
)
Package hyperref Info: Driver (autodetected): hpdftex.
 (c:/texlive/2025/texmf-dist/tex/latex/hyperref/hpdftex.def
File: hpdftex.def 2025-06-21 v7.01n Hyperref driver for pdfTeX
\Fld@listcount=\count480
\c@bookmark@seq@number=\count481
 (c:/texlive/2025/texmf-dist/tex/latex/rerunfilecheck/rerunfilecheck.sty
Package: rerunfilecheck 2025-06-21 v1.11 Rerun checks for auxiliary files (HO)
 (c:/texlive/2025/texmf-dist/tex/generic/uniquecounter/uniquecounter.sty
Package: uniquecounter 2019/12/15 v1.4 Provide unlimited unique counter (HO)
)
Package uniquecounter Info: New unique counter `rerunfilecheck' on input line 284.
)
\Hy@SectionHShift=\skip86
)
Package hyperref Info: Option `colorlinks' set `true' on input line 214.
 (c:/texlive/2025/texmf-dist/tex/latex/titlesec/titlesec.sty
Package: titlesec 2025/01/04 v2.17 Sectioning titles
\ttl@box=\box153
\beforetitleunit=\skip87
\aftertitleunit=\skip88
\ttl@plus=\dimen349
\ttl@minus=\dimen350
\ttl@toksa=\toks39
\titlewidth=\dimen351
\titlewidthlast=\dimen352
\titlewidthfirst=\dimen353
) (c:/texlive/2025/texmf-dist/tex/latex/biblatex/biblatex.sty
Package: biblatex 2024/03/21 v3.20 programmable bibliographies (PK/MW)
 (c:/texlive/2025/texmf-dist/tex/latex/logreq/logreq.sty
Package: logreq 2010/08/04 v1.0 xml request logger
\lrq@indent=\count482
 (c:/texlive/2025/texmf-dist/tex/latex/logreq/logreq.def
File: logreq.def 2010/08/04 v1.0 logreq spec v1.0
))
\c@tabx@nest=\count483
\c@listtotal=\count484
\c@listcount=\count485
\c@liststart=\count486
\c@liststop=\count487
\c@citecount=\count488
\c@citetotal=\count489
\c@multicitecount=\count490
\c@multicitetotal=\count491
\c@instcount=\count492
\c@maxnames=\count493
\c@minnames=\count494
\c@maxitems=\count495
\c@minitems=\count496
\c@citecounter=\count497
\c@maxcitecounter=\count498
\c@savedcitecounter=\count499
\c@uniquelist=\count500
\c@uniquename=\count501
\c@refsection=\count502
\c@refsegment=\count503
\c@maxextratitle=\count504
\c@maxextratitleyear=\count505
\c@maxextraname=\count506
\c@maxextradate=\count507
\c@maxextraalpha=\count508
\c@abbrvpenalty=\count509
\c@highnamepenalty=\count510
\c@lownamepenalty=\count511
\c@maxparens=\count512
\c@parenlevel=\count513
\blx@tempcnta=\count514
\blx@tempcntb=\count515
\blx@tempcntc=\count516
\c@blx@maxsection=\count517
\blx@maxsegment@0=\count518
\blx@notetype=\count519
\blx@parenlevel@text=\count520
\blx@parenlevel@foot=\count521
\blx@sectionciteorder@0=\count522
\blx@sectionciteorderinternal@0=\count523
\blx@entrysetcounter=\count524
\blx@biblioinstance=\count525
\labelnumberwidth=\skip89
\labelalphawidth=\skip90
\biblabelsep=\skip91
\bibitemsep=\skip92
\bibnamesep=\skip93
\bibinitsep=\skip94
\bibparsep=\skip95
\bibhang=\skip96
\blx@bcfin=\read3
\blx@bcfout=\write4
\blx@langwohyphens=\language91
\c@mincomprange=\count526
\c@maxcomprange=\count527
\c@mincompwidth=\count528
Package biblatex Info: Trying to load biblatex default data model...
Package biblatex Info: ... file 'blx-dm.def' found.
 (c:/texlive/2025/texmf-dist/tex/latex/biblatex/blx-dm.def
File: blx-dm.def 2024/03/21 v3.20 biblatex datamodel (PK/MW)
)
Package biblatex Info: Trying to load biblatex style data model...
Package biblatex Info: ... file 'numeric-comp.dbx' not found.
Package biblatex Info: Trying to load biblatex custom data model...
Package biblatex Info: ... file 'biblatex-dm.cfg' not found.
\c@afterword=\count529
\c@savedafterword=\count530
\c@annotator=\count531
\c@savedannotator=\count532
\c@author=\count533
\c@savedauthor=\count534
\c@bookauthor=\count535
\c@savedbookauthor=\count536
\c@commentator=\count537
\c@savedcommentator=\count538
\c@editor=\count539
\c@savededitor=\count540
\c@editora=\count541
\c@savededitora=\count542
\c@editorb=\count543
\c@savededitorb=\count544
\c@editorc=\count545
\c@savededitorc=\count546
\c@foreword=\count547
\c@savedforeword=\count548
\c@holder=\count549
\c@savedholder=\count550
\c@introduction=\count551
\c@savedintroduction=\count552
\c@namea=\count553
\c@savednamea=\count554
\c@nameb=\count555
\c@savednameb=\count556
\c@namec=\count557
\c@savednamec=\count558
\c@translator=\count559
\c@savedtranslator=\count560
\c@shortauthor=\count561
\c@savedshortauthor=\count562
\c@shorteditor=\count563
\c@savedshorteditor=\count564
\c@labelname=\count565
\c@savedlabelname=\count566
\c@institution=\count567
\c@savedinstitution=\count568
\c@lista=\count569
\c@savedlista=\count570
\c@listb=\count571
\c@savedlistb=\count572
\c@listc=\count573
\c@savedlistc=\count574
\c@listd=\count575
\c@savedlistd=\count576
\c@liste=\count577
\c@savedliste=\count578
\c@listf=\count579
\c@savedlistf=\count580
\c@location=\count581
\c@savedlocation=\count582
\c@organization=\count583
\c@savedorganization=\count584
\c@origlocation=\count585
\c@savedoriglocation=\count586
\c@origpublisher=\count587
\c@savedorigpublisher=\count588
\c@publisher=\count589
\c@savedpublisher=\count590
\c@language=\count591
\c@savedlanguage=\count592
\c@origlanguage=\count593
\c@savedoriglanguage=\count594
\c@pageref=\count595
\c@savedpageref=\count596
\shorthandwidth=\skip97
\shortjournalwidth=\skip98
\shortserieswidth=\skip99
\shorttitlewidth=\skip100
\shortauthorwidth=\skip101
\shorteditorwidth=\skip102
\locallabelnumberwidth=\skip103
\locallabelalphawidth=\skip104
\localshorthandwidth=\skip105
\localshortjournalwidth=\skip106
\localshortserieswidth=\skip107
\localshorttitlewidth=\skip108
\localshortauthorwidth=\skip109
\localshorteditorwidth=\skip110
Package biblatex Info: Trying to load compatibility code...
Package biblatex Info: ... file 'blx-compat.def' found.
 (c:/texlive/2025/texmf-dist/tex/latex/biblatex/blx-compat.def
File: blx-compat.def 2024/03/21 v3.20 biblatex compatibility (PK/MW)
)
Package biblatex Info: Trying to load generic definitions...
Package biblatex Info: ... file 'biblatex.def' found.
 (c:/texlive/2025/texmf-dist/tex/latex/biblatex/biblatex.def
File: biblatex.def 2024/03/21 v3.20 biblatex compatibility (PK/MW)
\c@textcitecount=\count597
\c@textcitetotal=\count598
\c@textcitemaxnames=\count599
\c@biburlbigbreakpenalty=\count600
\c@biburlbreakpenalty=\count601
\c@biburlnumpenalty=\count602
\c@biburlucpenalty=\count603
\c@biburllcpenalty=\count604
\biburlbigskip=\muskip19
\biburlnumskip=\muskip20
\biburlucskip=\muskip21
\biburllcskip=\muskip22
\c@smartand=\count605
)
Package biblatex Info: Trying to load bibliography style 'numeric-comp'...
Package biblatex Info: ... file 'numeric-comp.bbx' found.
 (c:/texlive/2025/texmf-dist/tex/latex/biblatex/bbx/numeric-comp.bbx
File: numeric-comp.bbx 2024/03/21 v3.20 biblatex bibliography style (PK/MW)
Package biblatex Info: Trying to load bibliography style 'numeric'...
Package biblatex Info: ... file 'numeric.bbx' found.
 (c:/texlive/2025/texmf-dist/tex/latex/biblatex/bbx/numeric.bbx
File: numeric.bbx 2024/03/21 v3.20 biblatex bibliography style (PK/MW)
Package biblatex Info: Trying to load bibliography style 'standard'...
Package biblatex Info: ... file 'standard.bbx' found.
 (c:/texlive/2025/texmf-dist/tex/latex/biblatex/bbx/standard.bbx
File: standard.bbx 2024/03/21 v3.20 biblatex bibliography style (PK/MW)
\c@bbx:relatedcount=\count606
\c@bbx:relatedtotal=\count607
)))
Package biblatex Info: Trying to load citation style 'numeric-comp'...
Package biblatex Info: ... file 'numeric-comp.cbx' found.
 (c:/texlive/2025/texmf-dist/tex/latex/biblatex/cbx/numeric-comp.cbx
File: numeric-comp.cbx 2024/03/21 v3.20 biblatex citation style (PK/MW)
\c@cbx@tempcnta=\count608
\c@cbx@tempcntb=\count609
\c@cbx@tempcntc=\count610
\c@cbx@tempcntd=\count611
Package biblatex Info: Redefining '\cite'.
Package biblatex Info: Redefining '\parencite'.
Package biblatex Info: Redefining '\footcite'.
Package biblatex Info: Redefining '\footcitetext'.
Package biblatex Info: Redefining '\smartcite'.
Package biblatex Info: Redefining '\supercite'.
Package biblatex Info: Redefining '\textcite'.
Package biblatex Info: Redefining '\textcites'.
Package biblatex Info: Redefining '\cites'.
Package biblatex Info: Redefining '\parencites'.
Package biblatex Info: Redefining '\smartcites'.
)
Package biblatex Info: Trying to load configuration file...
Package biblatex Info: ... file 'biblatex.cfg' found.
 (c:/texlive/2025/texmf-dist/tex/latex/biblatex/biblatex.cfg
File: biblatex.cfg 
)
Package biblatex Info: Input encoding 'utf8' detected.
Package biblatex Info: Document encoding is UTF8 ....
Package biblatex Info: ... and expl3
(biblatex)             2025-06-30 L3 programming layer (loader) 
(biblatex)             is new enough (at least 2020/04/06),
(biblatex)             setting 'casechanger=expl3'.
 (c:/texlive/2025/texmf-dist/tex/latex/biblatex/blx-case-expl3.sty
Package: blx-case-expl3 2024/03/21 v3.20 expl3 case changing code for biblatex
)) (c:/texlive/2025/texmf-dist/tex/latex/pgf/frontendlayer/tikz.sty (c:/texlive/2025/texmf-dist/tex/latex/pgf/basiclayer/pgf.sty (c:/texlive/2025/texmf-dist/tex/latex/pgf/utilities/pgfrcs.sty (c:/texlive/2025/texmf-dist/tex/generic/pgf/utilities/pgfutil-common.tex
\pgfutil@everybye=\toks40
\pgfutil@tempdima=\dimen354
\pgfutil@tempdimb=\dimen355
) (c:/texlive/2025/texmf-dist/tex/generic/pgf/utilities/pgfutil-latex.def
\pgfutil@abb=\box154
) (c:/texlive/2025/texmf-dist/tex/generic/pgf/utilities/pgfrcs.code.tex (c:/texlive/2025/texmf-dist/tex/generic/pgf/pgf.revision.tex)
Package: pgfrcs 2023-01-15 v3.1.10 (3.1.10)
))
Package: pgf 2023-01-15 v3.1.10 (3.1.10)
 (c:/texlive/2025/texmf-dist/tex/latex/pgf/basiclayer/pgfcore.sty (c:/texlive/2025/texmf-dist/tex/latex/pgf/systemlayer/pgfsys.sty (c:/texlive/2025/texmf-dist/tex/generic/pgf/systemlayer/pgfsys.code.tex
Package: pgfsys 2023-01-15 v3.1.10 (3.1.10)
 (c:/texlive/2025/texmf-dist/tex/generic/pgf/utilities/pgfkeys.code.tex
\pgfkeys@pathtoks=\toks41
\pgfkeys@temptoks=\toks42
 (c:/texlive/2025/texmf-dist/tex/generic/pgf/utilities/pgfkeyslibraryfiltered.code.tex
\pgfkeys@tmptoks=\toks43
))
\pgf@x=\dimen356
\pgf@y=\dimen357
\pgf@xa=\dimen358
\pgf@ya=\dimen359
\pgf@xb=\dimen360
\pgf@yb=\dimen361
\pgf@xc=\dimen362
\pgf@yc=\dimen363
\pgf@xd=\dimen364
\pgf@yd=\dimen365
\w@pgf@writea=\write5
\r@pgf@reada=\read4
\c@pgf@counta=\count612
\c@pgf@countb=\count613
\c@pgf@countc=\count614
\c@pgf@countd=\count615
\t@pgf@toka=\toks44
\t@pgf@tokb=\toks45
\t@pgf@tokc=\toks46
\pgf@sys@id@count=\count616
 (c:/texlive/2025/texmf-dist/tex/generic/pgf/systemlayer/pgf.cfg
File: pgf.cfg 2023-01-15 v3.1.10 (3.1.10)
)
Driver file for pgf: pgfsys-pdftex.def
 (c:/texlive/2025/texmf-dist/tex/generic/pgf/systemlayer/pgfsys-pdftex.def
File: pgfsys-pdftex.def 2023-01-15 v3.1.10 (3.1.10)
 (c:/texlive/2025/texmf-dist/tex/generic/pgf/systemlayer/pgfsys-common-pdf.def
File: pgfsys-common-pdf.def 2023-01-15 v3.1.10 (3.1.10)
))) (c:/texlive/2025/texmf-dist/tex/generic/pgf/systemlayer/pgfsyssoftpath.code.tex
File: pgfsyssoftpath.code.tex 2023-01-15 v3.1.10 (3.1.10)
\pgfsyssoftpath@smallbuffer@items=\count617
\pgfsyssoftpath@bigbuffer@items=\count618
) (c:/texlive/2025/texmf-dist/tex/generic/pgf/systemlayer/pgfsysprotocol.code.tex
File: pgfsysprotocol.code.tex 2023-01-15 v3.1.10 (3.1.10)
)) (c:/texlive/2025/texmf-dist/tex/generic/pgf/basiclayer/pgfcore.code.tex
Package: pgfcore 2023-01-15 v3.1.10 (3.1.10)
 (c:/texlive/2025/texmf-dist/tex/generic/pgf/math/pgfmath.code.tex (c:/texlive/2025/texmf-dist/tex/generic/pgf/math/pgfmathutil.code.tex) (c:/texlive/2025/texmf-dist/tex/generic/pgf/math/pgfmathparser.code.tex
\pgfmath@dimen=\dimen366
\pgfmath@count=\count619
\pgfmath@box=\box155
\pgfmath@toks=\toks47
\pgfmath@stack@operand=\toks48
\pgfmath@stack@operation=\toks49
) (c:/texlive/2025/texmf-dist/tex/generic/pgf/math/pgfmathfunctions.code.tex) (c:/texlive/2025/texmf-dist/tex/generic/pgf/math/pgfmathfunctions.basic.code.tex) (c:/texlive/2025/texmf-dist/tex/generic/pgf/math/pgfmathfunctions.trigonometric.code.tex) (c:/texlive/2025/texmf-dist/tex/generic/pgf/math/pgfmathfunctions.random.code.tex) (c:/texlive/2025/texmf-dist/tex/generic/pgf/math/pgfmathfunctions.comparison.code.tex) (c:/texlive/2025/texmf-dist/tex/generic/pgf/math/pgfmathfunctions.base.code.tex) (c:/texlive/2025/texmf-dist/tex/generic/pgf/math/pgfmathfunctions.round.code.tex) (c:/texlive/2025/texmf-dist/tex/generic/pgf/math/pgfmathfunctions.misc.code.tex) (c:/texlive/2025/texmf-dist/tex/generic/pgf/math/pgfmathfunctions.integerarithmetics.code.tex) (c:/texlive/2025/texmf-dist/tex/generic/pgf/math/pgfmathcalc.code.tex) (c:/texlive/2025/texmf-dist/tex/generic/pgf/math/pgfmathfloat.code.tex
\c@pgfmathroundto@lastzeros=\count620
)) (c:/texlive/2025/texmf-dist/tex/generic/pgf/math/pgfint.code.tex) (c:/texlive/2025/texmf-dist/tex/generic/pgf/basiclayer/pgfcorepoints.code.tex
File: pgfcorepoints.code.tex 2023-01-15 v3.1.10 (3.1.10)
\pgf@picminx=\dimen367
\pgf@picmaxx=\dimen368
\pgf@picminy=\dimen369
\pgf@picmaxy=\dimen370
\pgf@pathminx=\dimen371
\pgf@pathmaxx=\dimen372
\pgf@pathminy=\dimen373
\pgf@pathmaxy=\dimen374
\pgf@xx=\dimen375
\pgf@xy=\dimen376
\pgf@yx=\dimen377
\pgf@yy=\dimen378
\pgf@zx=\dimen379
\pgf@zy=\dimen380
) (c:/texlive/2025/texmf-dist/tex/generic/pgf/basiclayer/pgfcorepathconstruct.code.tex
File: pgfcorepathconstruct.code.tex 2023-01-15 v3.1.10 (3.1.10)
\pgf@path@lastx=\dimen381
\pgf@path@lasty=\dimen382
) (c:/texlive/2025/texmf-dist/tex/generic/pgf/basiclayer/pgfcorepathusage.code.tex
File: pgfcorepathusage.code.tex 2023-01-15 v3.1.10 (3.1.10)
\pgf@shorten@end@additional=\dimen383
\pgf@shorten@start@additional=\dimen384
) (c:/texlive/2025/texmf-dist/tex/generic/pgf/basiclayer/pgfcorescopes.code.tex
File: pgfcorescopes.code.tex 2023-01-15 v3.1.10 (3.1.10)
\pgfpic=\box156
\pgf@hbox=\box157
\pgf@layerbox@main=\box158
\pgf@picture@serial@count=\count621
) (c:/texlive/2025/texmf-dist/tex/generic/pgf/basiclayer/pgfcoregraphicstate.code.tex
File: pgfcoregraphicstate.code.tex 2023-01-15 v3.1.10 (3.1.10)
\pgflinewidth=\dimen385
) (c:/texlive/2025/texmf-dist/tex/generic/pgf/basiclayer/pgfcoretransformations.code.tex
File: pgfcoretransformations.code.tex 2023-01-15 v3.1.10 (3.1.10)
\pgf@pt@x=\dimen386
\pgf@pt@y=\dimen387
\pgf@pt@temp=\dimen388
) (c:/texlive/2025/texmf-dist/tex/generic/pgf/basiclayer/pgfcorequick.code.tex
File: pgfcorequick.code.tex 2023-01-15 v3.1.10 (3.1.10)
) (c:/texlive/2025/texmf-dist/tex/generic/pgf/basiclayer/pgfcoreobjects.code.tex
File: pgfcoreobjects.code.tex 2023-01-15 v3.1.10 (3.1.10)
) (c:/texlive/2025/texmf-dist/tex/generic/pgf/basiclayer/pgfcorepathprocessing.code.tex
File: pgfcorepathprocessing.code.tex 2023-01-15 v3.1.10 (3.1.10)
) (c:/texlive/2025/texmf-dist/tex/generic/pgf/basiclayer/pgfcorearrows.code.tex
File: pgfcorearrows.code.tex 2023-01-15 v3.1.10 (3.1.10)
\pgfarrowsep=\dimen389
) (c:/texlive/2025/texmf-dist/tex/generic/pgf/basiclayer/pgfcoreshade.code.tex
File: pgfcoreshade.code.tex 2023-01-15 v3.1.10 (3.1.10)
\pgf@max=\dimen390
\pgf@sys@shading@range@num=\count622
\pgf@shadingcount=\count623
) (c:/texlive/2025/texmf-dist/tex/generic/pgf/basiclayer/pgfcoreimage.code.tex
File: pgfcoreimage.code.tex 2023-01-15 v3.1.10 (3.1.10)
) (c:/texlive/2025/texmf-dist/tex/generic/pgf/basiclayer/pgfcoreexternal.code.tex
File: pgfcoreexternal.code.tex 2023-01-15 v3.1.10 (3.1.10)
\pgfexternal@startupbox=\box159
) (c:/texlive/2025/texmf-dist/tex/generic/pgf/basiclayer/pgfcorelayers.code.tex
File: pgfcorelayers.code.tex 2023-01-15 v3.1.10 (3.1.10)
) (c:/texlive/2025/texmf-dist/tex/generic/pgf/basiclayer/pgfcoretransparency.code.tex
File: pgfcoretransparency.code.tex 2023-01-15 v3.1.10 (3.1.10)
) (c:/texlive/2025/texmf-dist/tex/generic/pgf/basiclayer/pgfcorepatterns.code.tex
File: pgfcorepatterns.code.tex 2023-01-15 v3.1.10 (3.1.10)
) (c:/texlive/2025/texmf-dist/tex/generic/pgf/basiclayer/pgfcorerdf.code.tex
File: pgfcorerdf.code.tex 2023-01-15 v3.1.10 (3.1.10)
))) (c:/texlive/2025/texmf-dist/tex/generic/pgf/modules/pgfmoduleshapes.code.tex
File: pgfmoduleshapes.code.tex 2023-01-15 v3.1.10 (3.1.10)
\pgfnodeparttextbox=\box160
) (c:/texlive/2025/texmf-dist/tex/generic/pgf/modules/pgfmoduleplot.code.tex
File: pgfmoduleplot.code.tex 2023-01-15 v3.1.10 (3.1.10)
) (c:/texlive/2025/texmf-dist/tex/latex/pgf/compatibility/pgfcomp-version-0-65.sty
Package: pgfcomp-version-0-65 2023-01-15 v3.1.10 (3.1.10)
\pgf@nodesepstart=\dimen391
\pgf@nodesepend=\dimen392
) (c:/texlive/2025/texmf-dist/tex/latex/pgf/compatibility/pgfcomp-version-1-18.sty
Package: pgfcomp-version-1-18 2023-01-15 v3.1.10 (3.1.10)
)) (c:/texlive/2025/texmf-dist/tex/latex/pgf/utilities/pgffor.sty (c:/texlive/2025/texmf-dist/tex/latex/pgf/utilities/pgfkeys.sty (c:/texlive/2025/texmf-dist/tex/generic/pgf/utilities/pgfkeys.code.tex)) (c:/texlive/2025/texmf-dist/tex/latex/pgf/math/pgfmath.sty (c:/texlive/2025/texmf-dist/tex/generic/pgf/math/pgfmath.code.tex)) (c:/texlive/2025/texmf-dist/tex/generic/pgf/utilities/pgffor.code.tex
Package: pgffor 2023-01-15 v3.1.10 (3.1.10)
\pgffor@iter=\dimen393
\pgffor@skip=\dimen394
\pgffor@stack=\toks50
\pgffor@toks=\toks51
)) (c:/texlive/2025/texmf-dist/tex/generic/pgf/frontendlayer/tikz/tikz.code.tex
Package: tikz 2023-01-15 v3.1.10 (3.1.10)
 (c:/texlive/2025/texmf-dist/tex/generic/pgf/libraries/pgflibraryplothandlers.code.tex
File: pgflibraryplothandlers.code.tex 2023-01-15 v3.1.10 (3.1.10)
\pgf@plot@mark@count=\count624
\pgfplotmarksize=\dimen395
)
\tikz@lastx=\dimen396
\tikz@lasty=\dimen397
\tikz@lastxsaved=\dimen398
\tikz@lastysaved=\dimen399
\tikz@lastmovetox=\dimen400
\tikz@lastmovetoy=\dimen401
\tikzleveldistance=\dimen402
\tikzsiblingdistance=\dimen403
\tikz@figbox=\box161
\tikz@figbox@bg=\box162
\tikz@tempbox=\box163
\tikz@tempbox@bg=\box164
\tikztreelevel=\count625
\tikznumberofchildren=\count626
\tikznumberofcurrentchild=\count627
\tikz@fig@count=\count628
 (c:/texlive/2025/texmf-dist/tex/generic/pgf/modules/pgfmodulematrix.code.tex
File: pgfmodulematrix.code.tex 2023-01-15 v3.1.10 (3.1.10)
\pgfmatrixcurrentrow=\count629
\pgfmatrixcurrentcolumn=\count630
\pgf@matrix@numberofcolumns=\count631
)
\tikz@expandcount=\count632
 (c:/texlive/2025/texmf-dist/tex/generic/pgf/frontendlayer/tikz/libraries/tikzlibrarytopaths.code.tex
File: tikzlibrarytopaths.code.tex 2023-01-15 v3.1.10 (3.1.10)
))) (c:/texlive/2025/texmf-dist/tex/generic/pgf/frontendlayer/tikz/libraries/tikzlibrarypatterns.code.tex
File: tikzlibrarypatterns.code.tex 2023-01-15 v3.1.10 (3.1.10)
 (c:/texlive/2025/texmf-dist/tex/generic/pgf/libraries/pgflibrarypatterns.code.tex
File: pgflibrarypatterns.code.tex 2023-01-15 v3.1.10 (3.1.10)
)) (c:/texlive/2025/texmf-dist/tex/generic/pgf/frontendlayer/tikz/libraries/tikzlibrarypatterns.meta.code.tex (c:/texlive/2025/texmf-dist/tex/generic/pgf/libraries/pgflibrarypatterns.meta.code.tex)) (c:/texlive/2025/texmf-dist/tex/generic/pgf/frontendlayer/tikz/libraries/tikzlibraryshapes.code.tex
File: tikzlibraryshapes.code.tex 2023-01-15 v3.1.10 (3.1.10)
 (c:/texlive/2025/texmf-dist/tex/generic/pgf/frontendlayer/tikz/libraries/tikzlibraryshapes.geometric.code.tex
File: tikzlibraryshapes.geometric.code.tex 2023-01-15 v3.1.10 (3.1.10)
 (c:/texlive/2025/texmf-dist/tex/generic/pgf/libraries/shapes/pgflibraryshapes.geometric.code.tex
File: pgflibraryshapes.geometric.code.tex 2023-01-15 v3.1.10 (3.1.10)
)) (c:/texlive/2025/texmf-dist/tex/generic/pgf/frontendlayer/tikz/libraries/tikzlibraryshapes.misc.code.tex
File: tikzlibraryshapes.misc.code.tex 2023-01-15 v3.1.10 (3.1.10)
 (c:/texlive/2025/texmf-dist/tex/generic/pgf/libraries/shapes/pgflibraryshapes.misc.code.tex
File: pgflibraryshapes.misc.code.tex 2023-01-15 v3.1.10 (3.1.10)
)) (c:/texlive/2025/texmf-dist/tex/generic/pgf/frontendlayer/tikz/libraries/tikzlibraryshapes.symbols.code.tex
File: tikzlibraryshapes.symbols.code.tex 2023-01-15 v3.1.10 (3.1.10)
 (c:/texlive/2025/texmf-dist/tex/generic/pgf/libraries/shapes/pgflibraryshapes.symbols.code.tex
File: pgflibraryshapes.symbols.code.tex 2023-01-15 v3.1.10 (3.1.10)
)) (c:/texlive/2025/texmf-dist/tex/generic/pgf/frontendlayer/tikz/libraries/tikzlibraryshapes.arrows.code.tex
File: tikzlibraryshapes.arrows.code.tex 2023-01-15 v3.1.10 (3.1.10)
 (c:/texlive/2025/texmf-dist/tex/generic/pgf/libraries/shapes/pgflibraryshapes.arrows.code.tex
File: pgflibraryshapes.arrows.code.tex 2023-01-15 v3.1.10 (3.1.10)
)) (c:/texlive/2025/texmf-dist/tex/generic/pgf/frontendlayer/tikz/libraries/tikzlibraryshapes.callouts.code.tex (c:/texlive/2025/texmf-dist/tex/generic/pgf/libraries/shapes/pgflibraryshapes.callouts.code.tex)) (c:/texlive/2025/texmf-dist/tex/generic/pgf/frontendlayer/tikz/libraries/tikzlibraryshapes.multipart.code.tex
File: tikzlibraryshapes.multipart.code.tex 2023-01-15 v3.1.10 (3.1.10)
 (c:/texlive/2025/texmf-dist/tex/generic/pgf/libraries/shapes/pgflibraryshapes.multipart.code.tex
File: pgflibraryshapes.multipart.code.tex 2023-01-15 v3.1.10 (3.1.10)
\pgfnodepartlowerbox=\box165
\pgfnodeparttwobox=\box166
\pgfnodepartthreebox=\box167
\pgfnodepartfourbox=\box168
\pgfnodeparttwentybox=\box169
\pgfnodepartnineteenbox=\box170
\pgfnodeparteighteenbox=\box171
\pgfnodepartseventeenbox=\box172
\pgfnodepartsixteenbox=\box173
\pgfnodepartfifteenbox=\box174
\pgfnodepartfourteenbox=\box175
\pgfnodepartthirteenbox=\box176
\pgfnodeparttwelvebox=\box177
\pgfnodepartelevenbox=\box178
\pgfnodeparttenbox=\box179
\pgfnodepartninebox=\box180
\pgfnodeparteightbox=\box181
\pgfnodepartsevenbox=\box182
\pgfnodepartsixbox=\box183
\pgfnodepartfivebox=\box184
))) (c:/texlive/2025/texmf-dist/tex/generic/pgf/libraries/pgflibraryarrows.meta.code.tex
File: pgflibraryarrows.meta.code.tex 2023-01-15 v3.1.10 (3.1.10)
\pgfarrowinset=\dimen404
\pgfarrowlength=\dimen405
\pgfarrowwidth=\dimen406
\pgfarrowlinewidth=\dimen407
) (c:/texlive/2025/texmf-dist/tex/generic/pgf/frontendlayer/tikz/libraries/tikzlibrarycalc.code.tex
File: tikzlibrarycalc.code.tex 2023-01-15 v3.1.10 (3.1.10)
) (c:/texlive/2025/texmf-dist/tex/generic/pgf/frontendlayer/tikz/libraries/tikzlibraryshadows.code.tex
File: tikzlibraryshadows.code.tex 2023-01-15 v3.1.10 (3.1.10)
 (c:/texlive/2025/texmf-dist/tex/generic/pgf/frontendlayer/tikz/libraries/tikzlibraryfadings.code.tex
File: tikzlibraryfadings.code.tex 2023-01-15 v3.1.10 (3.1.10)
 (c:/texlive/2025/texmf-dist/tex/generic/pgf/libraries/pgflibraryfadings.code.tex
File: pgflibraryfadings.code.tex 2023-01-15 v3.1.10 (3.1.10)
))) (c:/texlive/2025/texmf-dist/tex/generic/pgf/frontendlayer/tikz/libraries/tikzlibrarymatrix.code.tex
File: tikzlibrarymatrix.code.tex 2023-01-15 v3.1.10 (3.1.10)
) (c:/texlive/2025/texmf-dist/tex/generic/pgf/frontendlayer/tikz/libraries/tikzlibrarydecorations.pathreplacing.code.tex (c:/texlive/2025/texmf-dist/tex/generic/pgf/frontendlayer/tikz/libraries/tikzlibrarydecorations.code.tex (c:/texlive/2025/texmf-dist/tex/generic/pgf/modules/pgfmoduledecorations.code.tex
\pgfdecoratedcompleteddistance=\dimen408
\pgfdecoratedremainingdistance=\dimen409
\pgfdecoratedinputsegmentcompleteddistance=\dimen410
\pgfdecoratedinputsegmentremainingdistance=\dimen411
\pgf@decorate@distancetomove=\dimen412
\pgf@decorate@repeatstate=\count633
\pgfdecorationsegmentamplitude=\dimen413
\pgfdecorationsegmentlength=\dimen414
)
\tikz@lib@dec@box=\box185
) (c:/texlive/2025/texmf-dist/tex/generic/pgf/libraries/decorations/pgflibrarydecorations.pathreplacing.code.tex)) (c:/texlive/2025/texmf-dist/tex/generic/pgf/frontendlayer/tikz/libraries/tikzlibraryautomata.code.tex
File: tikzlibraryautomata.code.tex 2023-01-15 v3.1.10 (3.1.10)
) (c:/texlive/2025/texmf-dist/tex/generic/pgf/frontendlayer/tikz/libraries/tikzlibrarypositioning.code.tex
File: tikzlibrarypositioning.code.tex 2023-01-15 v3.1.10 (3.1.10)
) (c:/texlive/2025/texmf-dist/tex/generic/pgf/frontendlayer/tikz/libraries/tikzlibrarymath.code.tex (c:/texlive/2025/texmf-dist/tex/generic/pgf/frontendlayer/tikz/libraries/tikzlibraryfpu.code.tex (c:/texlive/2025/texmf-dist/tex/generic/pgf/libraries/pgflibraryfpu.code.tex))
\tikz@math@for@depth=\count634
\tikz@math@dimen=\dimen415
\tikz@math@toks=\toks52
) (c:/texlive/2025/texmf-dist/tex/generic/pgf/frontendlayer/tikz/libraries/tikzlibraryfit.code.tex
File: tikzlibraryfit.code.tex 2023-01-15 v3.1.10 (3.1.10)
) (c:/texlive/2025/texmf-dist/tex/generic/pgf/frontendlayer/tikz/libraries/tikzlibraryshadings.code.tex
File: tikzlibraryshadings.code.tex 2023-01-15 v3.1.10 (3.1.10)
 (c:/texlive/2025/texmf-dist/tex/generic/pgf/libraries/pgflibraryshadings.code.tex
File: pgflibraryshadings.code.tex 2023-01-15 v3.1.10 (3.1.10)
)) (c:/texlive/2025/texmf-dist/tex/generic/pgf/frontendlayer/tikz/libraries/tikzlibrarymindmap.code.tex
File: tikzlibrarymindmap.code.tex 2023-01-15 v3.1.10 (3.1.10)
 (c:/texlive/2025/texmf-dist/tex/generic/pgf/frontendlayer/tikz/libraries/tikzlibrarytrees.code.tex
File: tikzlibrarytrees.code.tex 2023-01-15 v3.1.10 (3.1.10)
)) (c:/texlive/2025/texmf-dist/tex/latex/circuitikz/circuitikz.sty
Package: circuitikz 2025/06/15{} The CircuiTikz circuit drawing package version 1.8.1
 (c:/texlive/2025/texmf-dist/tex/generic/pgf/frontendlayer/tikz/libraries/tikzlibrarybending.code.tex
File: tikzlibrarybending.code.tex 2023-01-15 v3.1.10 (3.1.10)
 (c:/texlive/2025/texmf-dist/tex/generic/pgf/modules/pgfmodulebending.code.tex
File: pgfmodulebending.code.tex 2023-01-15 v3.1.10 (3.1.10)
 (c:/texlive/2025/texmf-dist/tex/generic/pgf/modules/pgfmodulenonlineartransformations.code.tex
File: pgfmodulenonlineartransformations.code.tex 2023-01-15 v3.1.10 (3.1.10)
\pgftransformnonlinearflatness=\dimen416
) (c:/texlive/2025/texmf-dist/tex/generic/pgf/libraries/pgflibrarycurvilinear.code.tex
File: pgflibrarycurvilinear.code.tex 2023-01-15 v3.1.10 (3.1.10)
\pgf@curvilinear@time@a=\dimen417
\pgf@curvilinear@length@a=\dimen418
\pgf@curvilinear@length@b=\dimen419
\pgf@curvilinear@length@c=\dimen420
\pgf@curvilinear@length@d=\dimen421
)
\pgf@arrows@the@rigidity=\dimen422
)) (c:/texlive/2025/texmf-dist/tex/generic/circuitikz/pgfcirc.defines.tex
\pgf@circ@count@a=\count635
\pgf@circ@count@b=\count636
\pgf@circ@count@c=\count637
\pgf@circ@res@up=\dimen423
\pgf@circ@res@down=\dimen424
\pgf@circ@res@zero=\dimen425
\pgf@circ@res@left=\dimen426
\pgf@circ@res@right=\dimen427
\pgf@circ@res@other=\dimen428
\pgf@circ@res@step=\dimen429
\pgf@circ@res@temp=\dimen430
\pgf@circ@Rlen=\dimen431
\pgf@circ@scaled@Rlen=\dimen432
\pgfstartlinewidth=\dimen433
) (c:/texlive/2025/texmf-dist/tex/generic/circuitikz/pgfcircutils.tex
\ctikz@scratchbox=\box186
) (c:/texlive/2025/texmf-dist/tex/generic/circuitikz/pgfcircpath.tex) (c:/texlive/2025/texmf-dist/tex/generic/circuitikz/pgfcircshapes.tex) (c:/texlive/2025/texmf-dist/tex/generic/circuitikz/pgfcircmonopoles.tex) (c:/texlive/2025/texmf-dist/tex/generic/circuitikz/pgfcircbipoles.tex) (c:/texlive/2025/texmf-dist/tex/generic/circuitikz/pgfcirctripoles.tex
\pgf@circ@res@count=\count638
) (c:/texlive/2025/texmf-dist/tex/generic/circuitikz/pgfcircquadpoles.tex) (c:/texlive/2025/texmf-dist/tex/generic/circuitikz/pgfcircmultipoles.tex) (c:/texlive/2025/texmf-dist/tex/generic/circuitikz/pgfcirclabel.tex) (c:/texlive/2025/texmf-dist/tex/generic/circuitikz/pgfcircvoltage.tex
\pgfcirc@labelshift=\dimen434
) (c:/texlive/2025/texmf-dist/tex/generic/circuitikz/pgfcirccurrent.tex) (c:/texlive/2025/texmf-dist/tex/generic/circuitikz/pgfcircflow.tex)) (c:/texlive/2025/texmf-dist/tex/generic/pgf/frontendlayer/tikz/libraries/tikzlibrarybabel.code.tex
File: tikzlibrarybabel.code.tex 2023-01-15 v3.1.10 (3.1.10)
) (c:/texlive/2025/texmf-dist/tex/generic/pgf/frontendlayer/tikz/libraries/tikzlibraryarrows.code.tex
File: tikzlibraryarrows.code.tex 2023-01-15 v3.1.10 (3.1.10)
 (c:/texlive/2025/texmf-dist/tex/generic/pgf/libraries/pgflibraryarrows.code.tex
File: pgflibraryarrows.code.tex 2023-01-15 v3.1.10 (3.1.10)
\arrowsize=\dimen435
)) (c:/texlive/2025/texmf-dist/tex/generic/pgf/frontendlayer/tikz/libraries/tikzlibrarydecorations.pathmorphing.code.tex (c:/texlive/2025/texmf-dist/tex/generic/pgf/libraries/decorations/pgflibrarydecorations.pathmorphing.code.tex)) (c:/texlive/2025/texmf-dist/tex/generic/pgf/frontendlayer/tikz/libraries/tikzlibrarybackgrounds.code.tex
File: tikzlibrarybackgrounds.code.tex 2023-01-15 v3.1.10 (3.1.10)
\pgf@layerbox@background=\box187
\pgf@layerboxsaved@background=\box188
) (c:/texlive/2025/texmf-dist/tex/latex/pgfplots/pgfplots.sty (c:/texlive/2025/texmf-dist/tex/generic/pgfplots/pgfplots.revision.tex)
Package: pgfplots 2021/05/15 v1.18.1 Data Visualization (1.18.1)
 (c:/texlive/2025/texmf-dist/tex/generic/pgfplots/pgfplots.code.tex (c:/texlive/2025/texmf-dist/tex/generic/pgfplots/pgfplotscore.code.tex
\t@pgfplots@toka=\toks53
\t@pgfplots@tokb=\toks54
\t@pgfplots@tokc=\toks55
\pgfplots@tmpa=\dimen436
\c@pgfplots@coordindex=\count639
\c@pgfplots@scanlineindex=\count640
 (c:/texlive/2025/texmf-dist/tex/generic/pgfplots/sys/pgfplotssysgeneric.code.tex)) (c:/texlive/2025/texmf-dist/tex/generic/pgfplots/libs/pgfplotslibrary.code.tex) (c:/texlive/2025/texmf-dist/tex/generic/pgfplots/oldpgfcompatib/pgfplotsoldpgfsupp_loader.code.tex
Package pgfplots: loading complementary utilities for your pgf version...
\t@pgf@toka=\toks56
\t@pgf@tokb=\toks57
\t@pgf@tokc=\toks58
(c:/texlive/2025/texmf-dist/tex/generic/pgfplots/oldpgfcompatib/pgfplotsoldpgfsupp_pgfutil-common-lists.tex)) (c:/texlive/2025/texmf-dist/tex/generic/pgfplots/util/pgfplotsutil.code.tex (c:/texlive/2025/texmf-dist/tex/generic/pgfplots/liststructure/pgfplotsliststructure.code.tex) (c:/texlive/2025/texmf-dist/tex/generic/pgfplots/liststructure/pgfplotsliststructureext.code.tex) (c:/texlive/2025/texmf-dist/tex/generic/pgfplots/liststructure/pgfplotsarray.code.tex
\c@pgfplotsarray@tmp=\count641
) (c:/texlive/2025/texmf-dist/tex/generic/pgfplots/liststructure/pgfplotsmatrix.code.tex) (c:/texlive/2025/texmf-dist/tex/generic/pgfplots/numtable/pgfplotstableshared.code.tex
\c@pgfplotstable@counta=\count642
\t@pgfplotstable@a=\toks59
) (c:/texlive/2025/texmf-dist/tex/generic/pgfplots/liststructure/pgfplotsdeque.code.tex) (c:/texlive/2025/texmf-dist/tex/generic/pgfplots/util/pgfplotsbinary.code.tex (c:/texlive/2025/texmf-dist/tex/generic/pgfplots/util/pgfplotsbinary.data.code.tex)) (c:/texlive/2025/texmf-dist/tex/generic/pgfplots/util/pgfplotsutil.verb.code.tex) (c:/texlive/2025/texmf-dist/tex/generic/pgfplots/libs/pgflibrarypgfplots.surfshading.code.tex
\c@pgfplotslibrarysurf@no=\count643
 (c:/texlive/2025/texmf-dist/tex/generic/pgfplots/sys/pgflibrarypgfplots.surfshading.pgfsys-pdftex.def))) (c:/texlive/2025/texmf-dist/tex/generic/pgfplots/util/pgfplotscolormap.code.tex (c:/texlive/2025/texmf-dist/tex/generic/pgfplots/util/pgfplotscolor.code.tex)) (c:/texlive/2025/texmf-dist/tex/generic/pgfplots/pgfplotsstackedplots.code.tex) (c:/texlive/2025/texmf-dist/tex/generic/pgfplots/pgfplotsplothandlers.code.tex (c:/texlive/2025/texmf-dist/tex/generic/pgfplots/pgfplotsmeshplothandler.code.tex (c:/texlive/2025/texmf-dist/tex/generic/pgfplots/pgfplotsmeshplotimage.code.tex))) (c:/texlive/2025/texmf-dist/tex/generic/pgfplots/pgfplots.scaling.code.tex) (c:/texlive/2025/texmf-dist/tex/generic/pgfplots/pgfplotscoordprocessing.code.tex) (c:/texlive/2025/texmf-dist/tex/generic/pgfplots/pgfplots.errorbars.code.tex) (c:/texlive/2025/texmf-dist/tex/generic/pgfplots/pgfplots.markers.code.tex) (c:/texlive/2025/texmf-dist/tex/generic/pgfplots/pgfplotsticks.code.tex) (c:/texlive/2025/texmf-dist/tex/generic/pgfplots/pgfplots.paths.code.tex) (c:/texlive/2025/texmf-dist/tex/generic/pgfplots/libs/tikzlibrarypgfplots.contourlua.code.tex)
\pgfplots@numplots=\count644
\pgfplots@xmin@reg=\dimen437
\pgfplots@xmax@reg=\dimen438
\pgfplots@ymin@reg=\dimen439
\pgfplots@ymax@reg=\dimen440
\pgfplots@zmin@reg=\dimen441
\pgfplots@zmax@reg=\dimen442
) (c:/texlive/2025/texmf-dist/tex/generic/pgf/frontendlayer/tikz/libraries/tikzlibraryplotmarks.code.tex
File: tikzlibraryplotmarks.code.tex 2023-01-15 v3.1.10 (3.1.10)
 (c:/texlive/2025/texmf-dist/tex/generic/pgf/libraries/pgflibraryplotmarks.code.tex
File: pgflibraryplotmarks.code.tex 2023-01-15 v3.1.10 (3.1.10)
))) (c:/texlive/2025/texmf-dist/tex/generic/pgfplots/libs/tikzlibrarypgfplots.patchplots.code.tex) (c:/texlive/2025/texmf-dist/tex/generic/pgfplots/libs/tikzlibrarypgfplots.fillbetween.code.tex (c:/texlive/2025/texmf-dist/tex/generic/pgfplots/pgfcontrib/tikzlibraryfillbetween.code.tex (c:/texlive/2025/texmf-dist/tex/generic/pgf/frontendlayer/tikz/libraries/tikzlibraryintersections.code.tex (c:/texlive/2025/texmf-dist/tex/generic/pgf/libraries/pgflibraryintersections.code.tex
\pgf@intersect@solutions=\count645
)) (c:/texlive/2025/texmf-dist/tex/generic/pgfplots/pgfcontrib/tikzlibrarydecorations.softclip.code.tex (c:/texlive/2025/texmf-dist/tex/generic/pgfplots/pgfcontrib/pgflibraryfillbetween.code.tex))) (c:/texlive/2025/texmf-dist/tex/generic/pgfplots/libs/tikzlibrarypgfplots.decorations.softclip.code.tex)) (c:/texlive/2025/texmf-dist/tex/generic/pgfplots/libs/tikzlibrarypgfplots.polar.code.tex) (c:/texlive/2025/texmf-dist/tex/generic/pgfplots/libs/tikzlibrarypgfplots.polar.code.tex) (./pgfplotsset_colormap_plasma.tex) (c:/texlive/2025/texmf-dist/tex/generic/pgfplots/libs/tikzlibrarypgfplots.external.code.tex (c:/texlive/2025/texmf-dist/tex/latex/pgf/frontendlayer/libraries/tikzlibraryexternal.code.tex (c:/texlive/2025/texmf-dist/tex/latex/base/atveryend-ltx.sty
Package: atveryend-ltx 2020/08/19 v1.0a Emulation of the original atveryend package
with kernel methods
) (c:/texlive/2025/texmf-dist/tex/generic/pgf/frontendlayer/tikz/libraries/tikzexternalshared.code.tex)))
\openout5 = `_main_.auxlock'.

Package french3.ldf Info: Setting StandardItemizeEnv=true for
(french3.ldf)             compatibility with enumitem package,
(french3.ldf)             reported on input line 419.
Package french3.ldf Info: Setting StandardEnumerateEnv=true for
(french3.ldf)             compatibility with enumitem package,
(french3.ldf)             reported on input line 419.
Package csquotes Info: Checking for multilingual support...
Package csquotes Info: ... found 'babel' package.
Package csquotes Info: Adjusting default style.
Package csquotes Info: Redefining alias 'default' -> 'french'.
 (./_main_.aux
Package babel Info: 'french' activates 'french' shorthands.
(babel)             Reported  on input line 13.
)
\openout1 = `_main_.aux'.

LaTeX Font Info:    Checking defaults for OML/cmm/m/it on input line 419.
LaTeX Font Info:    ... okay on input line 419.
LaTeX Font Info:    Checking defaults for OMS/cmsy/m/n on input line 419.
LaTeX Font Info:    ... okay on input line 419.
LaTeX Font Info:    Checking defaults for OT1/cmr/m/n on input line 419.
LaTeX Font Info:    ... okay on input line 419.
LaTeX Font Info:    Checking defaults for T1/cmr/m/n on input line 419.
LaTeX Font Info:    ... okay on input line 419.
LaTeX Font Info:    Checking defaults for TS1/cmr/m/n on input line 419.
LaTeX Font Info:    ... okay on input line 419.
LaTeX Font Info:    Checking defaults for OMX/cmex/m/n on input line 419.
LaTeX Font Info:    ... okay on input line 419.
LaTeX Font Info:    Checking defaults for U/cmr/m/n on input line 419.
LaTeX Font Info:    ... okay on input line 419.
LaTeX Font Info:    Checking defaults for PD1/pdf/m/n on input line 419.
LaTeX Font Info:    ... okay on input line 419.
LaTeX Font Info:    Checking defaults for PU/pdf/m/n on input line 419.
LaTeX Font Info:    ... okay on input line 419.
LaTeX Info: Redefining \degres on input line 419.
 (c:/texlive/2025/texmf-dist/tex/context/base/mkii/supp-pdf.mkii
[Loading MPS to PDF converter (version 2006.09.02).]
\scratchcounter=\count646
\scratchdimen=\dimen443
\scratchbox=\box189
\nofMPsegments=\count647
\nofMParguments=\count648
\everyMPshowfont=\toks60
\MPscratchCnt=\count649
\MPscratchDim=\dimen444
\MPnumerator=\count650
\makeMPintoPDFobject=\count651
\everyMPtoPDFconversion=\toks61
) (c:/texlive/2025/texmf-dist/tex/latex/epstopdf-pkg/epstopdf-base.sty
Package: epstopdf-base 2020-01-24 v2.11 Base part for package epstopdf
Package epstopdf-base Info: Redefining graphics rule for `.eps' on input line 485.
 (c:/texlive/2025/texmf-dist/tex/latex/latexconfig/epstopdf-sys.cfg
File: epstopdf-sys.cfg 2010/07/13 v1.3 Configuration of (r)epstopdf for TeX Live
))
Package caption Info: Begin \AtBeginDocument code.
Package caption Info: hyperref package is loaded.
Package caption Info: End \AtBeginDocument code.

*geometry* driver: auto-detecting
*geometry* detected driver: pdftex
*geometry* verbose mode - [ preamble ] result:
* driver: pdftex
* paper: a4paper
* layout: <same size as paper>
* layoutoffset:(h,v)=(0.0pt,0.0pt)
* modes: twoside 
* h-part:(L,W,R)=(85.35826pt, 483.69684pt, 28.45277pt)
* v-part:(T,H,B)=(56.9055pt, 738.34903pt, 49.79231pt)
* \paperwidth=597.50787pt
* \paperheight=845.04684pt
* \textwidth=483.69684pt
* \textheight=738.34903pt
* \oddsidemargin=13.08827pt
* \evensidemargin=-43.81721pt
* \topmargin=-47.23828pt
* \headheight=12.0pt
* \headsep=19.8738pt
* \topskip=11.0pt
* \footskip=27.46295pt
* \marginparwidth=106.0pt
* \marginparsep=7.0pt
* \columnsep=10.0pt
* \skip\footins=10.0pt plus 4.0pt minus 2.0pt
* \hoffset=0.0pt
* \voffset=0.0pt
* \mag=1000
* \@twocolumnfalse
* \@twosidetrue
* \@mparswitchtrue
* \@reversemarginfalse
* (1in=72.27pt=25.4mm, 1cm=28.453pt)

(c:/texlive/2025/texmf-dist/tex/latex/translations/translations-basic-dictionary-french.trsl
File: translations-basic-dictionary-french.trsl (french translation file `translations-basic-dictionary')
)
Package translations Info: loading dictionary `translations-basic-dictionary' for `french'. on input line 419.
\Etoc@tf=\read5
Package hyperref Info: Link coloring ON on input line 419.
 (./_main_.out) (./_main_.out)
\@outlinefile=\write6
\openout6 = `_main_.out'.

Package biblatex Info: Trying to load language 'french'...
Package biblatex Info: ... file 'french.lbx' found.
 (c:/texlive/2025/texmf-dist/tex/latex/biblatex/lbx/french.lbx
File: french.lbx 2024/03/21 v3.20 biblatex localization (PK/MW)
)
Package biblatex Info: Input encoding 'utf8' detected.
Package biblatex Info: Automatic encoding selection.
(biblatex)             Assuming data encoding 'utf8'.
\openout4 = `_main_.bcf'.

Package biblatex Info: Trying to load bibliographic data...
Package biblatex Info: ... file '_main_.bbl' found.
 (./_main_.bbl)
Package biblatex Info: Reference section=0 on input line 419.
Package biblatex Info: Reference segment=0 on input line 419.

Package pgfplots notification 'compat/show suggested version=true': document has been generated with the most recent feature set (\pgfplotsset{compat=1.18}).

LaTeX Font Info:    Trying to load font information for OT1+iwonalm on input line 423.
(c:/texlive/2025/texmf-dist/tex/latex/iwona/ot1iwonalm.fd
File: ot1iwonalm.fd 2005/10/05 v1.2 font definition file for OT1/iwonalm (MW)
)
LaTeX Font Info:    Trying to load font information for OML+iwonal on input line 423.
 (c:/texlive/2025/texmf-dist/tex/latex/iwona/omliwonal.fd
File: omliwonal.fd 2008/07/22 v0.995 font definition file for OML/iwonal (MW)
)
LaTeX Font Info:    Trying to load font information for OMS+iwonal on input line 423.
 (c:/texlive/2025/texmf-dist/tex/latex/iwona/omsiwonal.fd
File: omsiwonal.fd 2008/07/22 v0.995 font definition file for OMS/iwonal (MW)
)
LaTeX Font Info:    Trying to load font information for OMX+iwonal on input line 423.
 (c:/texlive/2025/texmf-dist/tex/latex/iwona/omxiwonal.fd
File: omxiwonal.fd 2008/07/22 v0.995 font definition file for OMX/iwonal (MW)
)
LaTeX Font Info:    Trying to load font information for U+msa on input line 423.
 (c:/texlive/2025/texmf-dist/tex/latex/amsfonts/umsa.fd
File: umsa.fd 2013/01/14 v3.01 AMS symbols A
)
LaTeX Font Info:    Trying to load font information for U+msb on input line 423.
 (c:/texlive/2025/texmf-dist/tex/latex/amsfonts/umsb.fd
File: umsb.fd 2013/01/14 v3.01 AMS symbols B
)
LaTeX Font Info:    Trying to load font information for U+rsfs on input line 423.
 (c:/texlive/2025/texmf-dist/tex/latex/jknapltx/ursfs.fd
File: ursfs.fd 1998/03/24 rsfs font definition file (jk)
)
LaTeX Font Info:    Trying to load font information for U+stmry on input line 423.
 (c:/texlive/2025/texmf-dist/tex/latex/stmaryrd/Ustmry.fd)

[1


{c:/texlive/2025/texmf-var/fonts/map/pdftex/updmap/pdftex.map}{c:/texlive/2025/texmf-dist/fonts/enc/dvips/iwona/ec-iwona.enc}{c:/texlive/2025/texmf-dist/fonts/enc/dvips/iwona/ec-iwona-sc.enc}]
<../fig/fig_PhotosDuTacot/TacotH1.jpg, id=458, 4047.12pt x 3035.34pt>
File: ../fig/fig_PhotosDuTacot/TacotH1.jpg Graphic file (type jpg)
<use ../fig/fig_PhotosDuTacot/TacotH1.jpg>
Package pdftex.def Info: ../fig/fig_PhotosDuTacot/TacotH1.jpg  used on input line 426.
(pdftex.def)             Requested size: 483.69684pt x 362.743pt.


[2 <../fig/fig_PhotosDuTacot/TacotH1.jpg>] (./Citations.tex) (./Remerciements.tex

[3


]

[4

]
LaTeX Font Info:    Trying to load font information for TS1+iwonal on input line 20.
 (c:/texlive/2025/texmf-dist/tex/latex/iwona/ts1iwonal.fd
File: ts1iwonal.fd 2008/07/22 v0.995 font definition file for TS1/iwonal (MW)
))

[5{c:/texlive/2025/texmf-dist/fonts/enc/dvips/iwona/mi-iwona.enc}{c:/texlive/2025/texmf-dist/fonts/enc/dvips/iwona/ts1-iwona.enc}]
\tf@toc=\write7
\openout7 = `_main_.toc'.



Package babel Info: 'french' activates 'french' shorthands.
(babel)             Reported  on input line 440.
[6

]

[7]

[8]

[9]

[10

] (./IndexNotations.tex
LaTeX Info: Symbol \textminus not provided by
            font family iwonal in TS1 encoding.
            Default family used instead on input line 14.
LaTeX Info: Symbol \textminus not provided by
            font family iwonal in TS1 encoding.
            Default family used instead on input line 15.
LaTeX Info: Symbol \textminus not provided by
            font family iwonal in TS1 encoding.
            Default family used instead on input line 16.
LaTeX Info: Symbol \textminus not provided by
            font family iwonal in TS1 encoding.
            Default family used instead on input line 17.
LaTeX Font Info:    Trying to load font information for OT1+iwonal on input line 19.
 (c:/texlive/2025/texmf-dist/tex/latex/iwona/ot1iwonal.fd
File: ot1iwonal.fd 2008/07/22 v0.995 font definition file for OT1/iwonal (MW)
)
LaTeX Info: Symbol \textminus not provided by
            font family iwonal in TS1 encoding.
            Default family used instead on input line 22.
LaTeX Info: Symbol \textminus not provided by
            font family iwonal in TS1 encoding.
            Default family used instead on input line 25.
LaTeX Info: Symbol \textminus not provided by
            font family iwonal in TS1 encoding.
            Default family used instead on input line 26.
LaTeX Info: Symbol \textminus not provided by
            font family iwonal in TS1 encoding.
            Default family used instead on input line 26.
LaTeX Info: Symbol \textminus not provided by
            font family iwonal in TS1 encoding.
            Default family used instead on input line 42.
LaTeX Info: Symbol \textminus not provided by
            font family iwonal in TS1 encoding.
            Default family used instead on input line 43.
 [1

{c:/texlive/2025/texmf-dist/fonts/enc/dvips/iwona/rm-iwona.enc}{c:/texlive/2025/texmf-dist/fonts/enc/dvips/cm-super/cm-super-ts1.enc}{c:/texlive/2025/texmf-dist/fonts/enc/dvips/iwona/sy-iwona.enc}]
LaTeX Info: Symbol \textminus not provided by
            font family iwonal in TS1 encoding.
            Default family used instead on input line 61.
LaTeX Info: Symbol \textminus not provided by
            font family iwonal in TS1 encoding.
            Default family used instead on input line 64.
LaTeX Info: Symbol \textminus not provided by
            font family iwonal in TS1 encoding.
            Default family used instead on input line 68.
LaTeX Info: Symbol \textminus not provided by
            font family iwonal in TS1 encoding.
            Default family used instead on input line 69.
LaTeX Info: Symbol \textminus not provided by
            font family iwonal in TS1 encoding.
            Default family used instead on input line 74.
) (./Introduction.tex

[2]
Chapitre I.


[3

] (../fig/fig_PrincipeTA/tex/MoteurTA.tex
===== Image 'external/fig_MoteurTA0' is up-to-date. ======
) (../fig/fig_PrincipeTA/tex/PaCTA.tex
===== Image 'external/fig_FrigoTA0' is up-to-date. ======
) (../fig/fig_CycleBrayton/tex/DepCompAdiab.tex
===== Image 'external/fig_1_BraytonDepComp0' is up-to-date. ======
) (../fig/fig_CycleBrayton/tex/QFluideToPlaque.tex
===== Image 'external/fig_2_BraytonQfluidePlaque0' is up-to-date. ======
) (../fig/fig_CycleBrayton/tex/DepDetAdiab.tex
===== Image 'external/fig_3_BraytonDepDet0' is up-to-date. ======
) (../fig/fig_CycleBrayton/tex/QPlaqueToFluide.tex
===== Image 'external/fig_4_BraytonQPlaqueFluide0' is up-to-date. ======
) (../fig/fig_Cycle_Stirling/tex/CompIsoT.tex
===== Image 'external/fig_1_StirlingComp0' is up-to-date. ======
) (../fig/fig_Cycle_Stirling/tex/DepAllerIsoV.tex
===== Image 'external/fig_2_StirlingDep10' is up-to-date. ======
) (../fig/fig_Cycle_Stirling/tex/DetIsoT.tex
===== Image 'external/fig_3_StirlingDet0' is up-to-date. ======
) (../fig/fig_Cycle_Stirling/tex/DepRetourIsoV.tex
===== Image 'external/fig_4_StirlingDep20' is up-to-date. ======
)

[4

]

[5{c:/texlive/2025/texmf-dist/fonts/enc/dvips/iwona/ex-iwona.enc} <./external/fig_MoteurTA0.pdf> <./external/fig_FrigoTA0.pdf> <./external/fig_1_BraytonDepComp0.pdf> <./external/fig_2_BraytonQfluidePlaque0.pdf> <./external/fig_3_BraytonDepDet0.pdf> <./external/fig_4_BraytonQPlaqueFluide0.pdf>]

[6 <./external/fig_1_StirlingComp0.pdf> <./external/fig_2_StirlingDep10.pdf> <./external/fig_3_StirlingDet0.pdf> <./external/fig_4_StirlingDep20.pdf>]
LaTeX Font Info:    Trying to load font information for U+euf on input line 231.
 (c:/texlive/2025/texmf-dist/tex/latex/amsfonts/ueuf.fd
File: ueuf.fd 2013/01/14 v3.01 Euler Fraktur
)







[7]

[8] (../fig/fig_WavesInDuctPiece/tex/fig_WavesInDuctPiece.tex
===== Image 'external/fig_WavesInDuctPiece0' is up-to-date. ======
) (../fig/fig_WavesInStack/tex/fig_WavesInStack.tex
===== Image 'external/fig_WavesInDuctPiece1' is up-to-date. ======
)

[9 <./external/fig_WavesInDuctPiece0.pdf>]
LaTeX Info: Symbol \textohm not provided by
            font family iwonal in TS1 encoding.
            Default family used instead on input line 626.


[10 <./external/fig_WavesInDuctPiece1.pdf>] (../fig/fig_CaractMachineATE/tex/fig_CaractMachineATE.tex
===== Image 'external/fig_CaractMachineATE0' is up-to-date. ======
)
===== Image 'external/fig_ATE_ProfilsAX_5mm0' is up-to-date. ======
===== Image 'external/fig_ATE_ProfilsCHX_5mm0' is up-to-date. ======


[11{c:/texlive/2025/texmf-dist/fonts/enc/dvips/cm-super/cm-super-t1.enc} <./external/fig_CaractMachineATE0.pdf> <./external/fig_ATE_ProfilsAX_5mm0.pdf> <./external/fig_ATE_ProfilsCHX_5mm0.pdf

pdfTeX warning: pdflatex.exe (file ./external/fig_ATE_ProfilsCHX_5mm0.pdf): PDF inclusion: multiple pdfs with page group included in a single page
>]) (./DispositifExpe.tex

[12]
Chapitre II.


[13

] (../fig/fig_TACOTSchematics/tex/fig_TACOTSchematics.tex
===== Image 'external/fig_SchemaGeneralTACOT0' is up-to-date. ======
)

[14

 <./external/fig_SchemaGeneralTACOT0.pdf>]
===== Image 'external/fig_TacotPhotosNoyau_AHX0' is up-to-date. ======
===== Image 'external/fig_TacotPhotosNoyau_Regenerateur0' is up-to-date. ======
===== Image 'external/fig_TacotPhotosNoyau_CHX0' is up-to-date. ======
===== Image 'external/fig_PhotoNoyau0' is up-to-date. ======
(../fig/fig_SchemaNoyau/tex/fig_SchemaNoyau.tex
===== Image 'external/fig_SchemaNoyau0' is up-to-date. ======
)

[15 <./external/fig_TacotPhotosNoyau_AHX0.pdf> <./external/fig_TacotPhotosNoyau_Regenerateur0.pdf> <./external/fig_TacotPhotosNoyau_CHX0.pdf> <./external/fig_PhotoNoyau0.pdf> <./external/fig_SchemaNoyau0.pdf>]

[16] (../fig/fig_dKdV/tex/fig_dKdV.tex
===== Image 'external/fig_dKdV0' is up-to-date. ======
) Excluding 'comment' comment.
===== Image 'external/fig_RegenOnly_DeltaEC_Schematics0' is up-to-date. ======
LaTeX Info: Symbol \textminus not provided by
            font family iwonal in TS1 encoding.
            Default family used instead on input line 223.
LaTeX Info: Symbol \textminus not provided by
            font family iwonal in TS1 encoding.
            Default family used instead on input line 223.
LaTeX Info: Symbol \textminus not provided by
            font family iwonal in TS1 encoding.
            Default family used instead on input line 223.
LaTeX Info: Symbol \textminus not provided by
            font family iwonal in TS1 encoding.
            Default family used instead on input line 223.
LaTeX Info: Symbol \textminus not provided by
            font family iwonal in TS1 encoding.
            Default family used instead on input line 223.
LaTeX Info: Symbol \textminus not provided by
            font family iwonal in TS1 encoding.
            Default family used instead on input line 223.
LaTeX Info: Symbol \textminus not provided by
            font family iwonal in TS1 encoding.
            Default family used instead on input line 223.
LaTeX Info: Symbol \textminus not provided by
            font family iwonal in TS1 encoding.
            Default family used instead on input line 223.
LaTeX Info: Symbol \textminus not provided by
            font family iwonal in TS1 encoding.
            Default family used instead on input line 223.
LaTeX Info: Symbol \textminus not provided by
            font family iwonal in TS1 encoding.
            Default family used instead on input line 223.
LaTeX Info: Symbol \textminus not provided by
            font family iwonal in TS1 encoding.
            Default family used instead on input line 223.
LaTeX Info: Symbol \textminus not provided by
            font family iwonal in TS1 encoding.
            Default family used instead on input line 223.
LaTeX Info: Symbol \textminus not provided by
            font family iwonal in TS1 encoding.
            Default family used instead on input line 223.
LaTeX Info: Symbol \textminus not provided by
            font family iwonal in TS1 encoding.
            Default family used instead on input line 223.
LaTeX Info: Symbol \textminus not provided by
            font family iwonal in TS1 encoding.
            Default family used instead on input line 223.
LaTeX Info: Symbol \textminus not provided by
            font family iwonal in TS1 encoding.
            Default family used instead on input line 223.
LaTeX Info: Symbol \textminus not provided by
            font family iwonal in TS1 encoding.
            Default family used instead on input line 223.
LaTeX Info: Symbol \textminus not provided by
            font family iwonal in TS1 encoding.
            Default family used instead on input line 223.
LaTeX Info: Symbol \textminus not provided by
            font family iwonal in TS1 encoding.
            Default family used instead on input line 223.
LaTeX Info: Symbol \textminus not provided by
            font family iwonal in TS1 encoding.
            Default family used instead on input line 223.
LaTeX Info: Symbol \textminus not provided by
            font family iwonal in TS1 encoding.
            Default family used instead on input line 223.
LaTeX Info: Symbol \textminus not provided by
            font family iwonal in TS1 encoding.
            Default family used instead on input line 223.
LaTeX Info: Symbol \textminus not provided by
            font family iwonal in TS1 encoding.
            Default family used instead on input line 223.
LaTeX Info: Symbol \textminus not provided by
            font family iwonal in TS1 encoding.
            Default family used instead on input line 223.
LaTeX Info: Symbol \textminus not provided by
            font family iwonal in TS1 encoding.
            Default family used instead on input line 223.
LaTeX Info: Symbol \textminus not provided by
            font family iwonal in TS1 encoding.
            Default family used instead on input line 223.
LaTeX Info: Symbol \textminus not provided by
            font family iwonal in TS1 encoding.
            Default family used instead on input line 223.
LaTeX Info: Symbol \textminus not provided by
            font family iwonal in TS1 encoding.
            Default family used instead on input line 223.
LaTeX Info: Symbol \textminus not provided by
            font family iwonal in TS1 encoding.
            Default family used instead on input line 223.
LaTeX Info: Symbol \textminus not provided by
            font family iwonal in TS1 encoding.
            Default family used instead on input line 223.
LaTeX Info: Symbol \textminus not provided by
            font family iwonal in TS1 encoding.
            Default family used instead on input line 223.
LaTeX Info: Symbol \textminus not provided by
            font family iwonal in TS1 encoding.
            Default family used instead on input line 223.
LaTeX Info: Symbol \textminus not provided by
            font family iwonal in TS1 encoding.
            Default family used instead on input line 223.
LaTeX Info: Symbol \textminus not provided by
            font family iwonal in TS1 encoding.
            Default family used instead on input line 223.
LaTeX Info: Symbol \textminus not provided by
            font family iwonal in TS1 encoding.
            Default family used instead on input line 223.
LaTeX Info: Symbol \textminus not provided by
            font family iwonal in TS1 encoding.
            Default family used instead on input line 223.
(../fig/fig_DeltaEC_u_opt/tex/fig_DeltaEC_u_opt_Qth.tex
===== Image 'external/fig_DeltaEC_u_opt_Qth0' is up-to-date. ======
) (../fig/fig_DeltaEC_u_opt/tex/fig_DeltaEC_u_opt_COP.tex
===== Image 'external/fig_DeltaEC_u_opt_COP0' is up-to-date. ======
)
LaTeX Info: Symbol \textminus not provided by
            font family iwonal in TS1 encoding.
            Default family used instead on input line 276.
LaTeX Info: Symbol \textminus not provided by
            font family iwonal in TS1 encoding.
            Default family used instead on input line 276.
LaTeX Info: Symbol \textminus not provided by
            font family iwonal in TS1 encoding.
            Default family used instead on input line 276.
LaTeX Info: Symbol \textminus not provided by
            font family iwonal in TS1 encoding.
            Default family used instead on input line 276.
LaTeX Info: Symbol \textminus not provided by
            font family iwonal in TS1 encoding.
            Default family used instead on input line 276.
LaTeX Info: Symbol \textminus not provided by
            font family iwonal in TS1 encoding.
            Default family used instead on input line 276.
LaTeX Info: Symbol \textminus not provided by
            font family iwonal in TS1 encoding.
            Default family used instead on input line 276.
LaTeX Info: Symbol \textminus not provided by
            font family iwonal in TS1 encoding.
            Default family used instead on input line 276.
LaTeX Info: Symbol \textminus not provided by
            font family iwonal in TS1 encoding.
            Default family used instead on input line 276.
LaTeX Info: Symbol \textminus not provided by
            font family iwonal in TS1 encoding.
            Default family used instead on input line 276.
LaTeX Info: Symbol \textminus not provided by
            font family iwonal in TS1 encoding.
            Default family used instead on input line 276.
LaTeX Info: Symbol \textminus not provided by
            font family iwonal in TS1 encoding.
            Default family used instead on input line 276.
LaTeX Info: Symbol \textminus not provided by
            font family iwonal in TS1 encoding.
            Default family used instead on input line 276.
LaTeX Info: Symbol \textminus not provided by
            font family iwonal in TS1 encoding.
            Default family used instead on input line 276.
LaTeX Info: Symbol \textminus not provided by
            font family iwonal in TS1 encoding.
            Default family used instead on input line 276.
LaTeX Info: Symbol \textminus not provided by
            font family iwonal in TS1 encoding.
            Default family used instead on input line 276.
LaTeX Info: Symbol \textminus not provided by
            font family iwonal in TS1 encoding.
            Default family used instead on input line 276.
LaTeX Info: Symbol \textminus not provided by
            font family iwonal in TS1 encoding.
            Default family used instead on input line 276.
LaTeX Info: Symbol \textminus not provided by
            font family iwonal in TS1 encoding.
            Default family used instead on input line 276.
LaTeX Info: Symbol \textminus not provided by
            font family iwonal in TS1 encoding.
            Default family used instead on input line 276.
LaTeX Info: Symbol \textminus not provided by
            font family iwonal in TS1 encoding.
            Default family used instead on input line 276.
LaTeX Info: Symbol \textminus not provided by
            font family iwonal in TS1 encoding.
            Default family used instead on input line 276.
LaTeX Info: Symbol \textminus not provided by
            font family iwonal in TS1 encoding.
            Default family used instead on input line 276.
LaTeX Info: Symbol \textminus not provided by
            font family iwonal in TS1 encoding.
            Default family used instead on input line 276.
LaTeX Info: Symbol \textminus not provided by
            font family iwonal in TS1 encoding.
            Default family used instead on input line 276.
LaTeX Info: Symbol \textminus not provided by
            font family iwonal in TS1 encoding.
            Default family used instead on input line 276.
LaTeX Info: Symbol \textminus not provided by
            font family iwonal in TS1 encoding.
            Default family used instead on input line 276.
LaTeX Info: Symbol \textminus not provided by
            font family iwonal in TS1 encoding.
            Default family used instead on input line 276.
LaTeX Info: Symbol \textminus not provided by
            font family iwonal in TS1 encoding.
            Default family used instead on input line 276.
LaTeX Info: Symbol \textminus not provided by
            font family iwonal in TS1 encoding.
            Default family used instead on input line 276.
LaTeX Info: Symbol \textminus not provided by
            font family iwonal in TS1 encoding.
            Default family used instead on input line 276.
LaTeX Info: Symbol \textminus not provided by
            font family iwonal in TS1 encoding.
            Default family used instead on input line 276.
LaTeX Info: Symbol \textminus not provided by
            font family iwonal in TS1 encoding.
            Default family used instead on input line 276.
LaTeX Info: Symbol \textminus not provided by
            font family iwonal in TS1 encoding.
            Default family used instead on input line 276.
LaTeX Info: Symbol \textminus not provided by
            font family iwonal in TS1 encoding.
            Default family used instead on input line 276.
LaTeX Info: Symbol \textminus not provided by
            font family iwonal in TS1 encoding.
            Default family used instead on input line 276.
LaTeX Info: Symbol \textminus not provided by
            font family iwonal in TS1 encoding.
            Default family used instead on input line 276.
LaTeX Info: Symbol \textminus not provided by
            font family iwonal in TS1 encoding.
            Default family used instead on input line 276.
LaTeX Info: Symbol \textminus not provided by
            font family iwonal in TS1 encoding.
            Default family used instead on input line 276.
LaTeX Info: Symbol \textminus not provided by
            font family iwonal in TS1 encoding.
            Default family used instead on input line 276.
LaTeX Info: Symbol \textminus not provided by
            font family iwonal in TS1 encoding.
            Default family used instead on input line 276.
LaTeX Info: Symbol \textminus not provided by
            font family iwonal in TS1 encoding.
            Default family used instead on input line 276.
LaTeX Info: Symbol \textminus not provided by
            font family iwonal in TS1 encoding.
            Default family used instead on input line 276.
LaTeX Info: Symbol \textminus not provided by
            font family iwonal in TS1 encoding.
            Default family used instead on input line 276.
LaTeX Info: Symbol \textminus not provided by
            font family iwonal in TS1 encoding.
            Default family used instead on input line 276.
LaTeX Info: Symbol \textminus not provided by
            font family iwonal in TS1 encoding.
            Default family used instead on input line 276.
LaTeX Info: Symbol \textminus not provided by
            font family iwonal in TS1 encoding.
            Default family used instead on input line 276.
LaTeX Info: Symbol \textminus not provided by
            font family iwonal in TS1 encoding.
            Default family used instead on input line 276.
LaTeX Info: Symbol \textminus not provided by
            font family iwonal in TS1 encoding.
            Default family used instead on input line 276.
LaTeX Info: Symbol \textminus not provided by
            font family iwonal in TS1 encoding.
            Default family used instead on input line 276.
LaTeX Info: Symbol \textminus not provided by
            font family iwonal in TS1 encoding.
            Default family used instead on input line 276.
LaTeX Info: Symbol \textminus not provided by
            font family iwonal in TS1 encoding.
            Default family used instead on input line 276.
LaTeX Info: Symbol \textminus not provided by
            font family iwonal in TS1 encoding.
            Default family used instead on input line 276.
LaTeX Info: Symbol \textminus not provided by
            font family iwonal in TS1 encoding.
            Default family used instead on input line 276.
LaTeX Info: Symbol \textminus not provided by
            font family iwonal in TS1 encoding.
            Default family used instead on input line 276.
LaTeX Info: Symbol \textminus not provided by
            font family iwonal in TS1 encoding.
            Default family used instead on input line 276.
LaTeX Info: Symbol \textminus not provided by
            font family iwonal in TS1 encoding.
            Default family used instead on input line 276.
LaTeX Info: Symbol \textminus not provided by
            font family iwonal in TS1 encoding.
            Default family used instead on input line 276.
LaTeX Info: Symbol \textminus not provided by
            font family iwonal in TS1 encoding.
            Default family used instead on input line 276.
LaTeX Info: Symbol \textminus not provided by
            font family iwonal in TS1 encoding.
            Default family used instead on input line 276.

===== Image 'external/fig_AHXSchema0' is up-to-date. ======
===== Image 'external/fig_CHXSchema0' is up-to-date. ======


[17 <./external/fig_dKdV0.pdf>]

[18 <./external/fig_RegenOnly_DeltaEC_Schematics0.pdf>] (../fig/fig_TemperatureAHX_InOut/tex/fig_TemperatureAHX_InOut.tex
===== Image 'external/fig_TemperatureAHX_InOut0' is up-to-date. ======
)

[19 <./external/fig_DeltaEC_u_opt_Qth0.pdf> <./external/fig_DeltaEC_u_opt_COP0.pdf>]

[20 <./external/fig_AHXSchema0.pdf> <./external/fig_CHXSchema0.pdf

pdfTeX warning: pdflatex.exe (file ./external/fig_CHXSchema0.pdf): PDF inclusion: multiple pdfs with page group included in a single page
> <./external/fig_TemperatureAHX_InOut0.pdf>]
LaTeX Info: Symbol \textohm not provided by
            font family iwonal in TS1 encoding.
            Default family used instead on input line 335.
<../fig/fig_Capteurs/Sensors_updated2.pdf, id=1574, 1172.12906pt x 478.03593pt>
File: ../fig/fig_Capteurs/Sensors_updated2.pdf Graphic file (type pdf)
<use ../fig/fig_Capteurs/Sensors_updated2.pdf>
Package pdftex.def Info: ../fig/fig_Capteurs/Sensors_updated2.pdf  used on input line 353.
(pdftex.def)             Requested size: 469.18652pt x 191.34956pt.


[21 <../fig/fig_Capteurs/Sensors_updated2.pdf>] (../fig/fig_BancEssaisComplet/tex/BancEssaisComplet.tex
===== Image 'external/fig_BancEssaisComplet0' is up-to-date. ======
)

[22 <./external/fig_BancEssaisComplet0.pdf>] (../fig/fig_TCdansNoyau/tex/fig_TCdansNoyau.tex
===== Image 'external/fig_TCdansNoyau0' is up-to-date. ======
) (../fig/fig_PhotosPressionStatDyn/tex/fig_PhotosPressionStatDyn.tex
===== Image 'external/fig_PhotosPressionStatDyn0' is up-to-date. ======
)

[23 <./external/fig_TCdansNoyau0.pdf>]
===== Image 'external/fig_SystemeAccroche_Machine0' is up-to-date. ======
===== Image 'external/fig_SystemeAccroche_Palan0' is up-to-date. ======


[24 <./external/fig_PhotosPressionStatDyn0.pdf>] (../fig/fig_OrientationCore/tex/subfig_OrientationCoreH1.tex
===== Image 'external/fig_OrientationCore_H10' is up-to-date. ======
) (../fig/fig_OrientationCore/tex/subfig_OrientationCoreH2.tex
===== Image 'external/fig_OrientationCore_H20' is up-to-date. ======
) (../fig/fig_OrientationCore/tex/subfig_OrientationCoreV1.tex
===== Image 'external/fig_OrientationCore_V10' is up-to-date. ======
) (../fig/fig_OrientationCore/tex/subfig_OrientationCoreV2.tex
===== Image 'external/fig_OrientationCore_V20' is up-to-date. ======
)

[25 <./external/fig_SystemeAccroche_Machine0.pdf> <./external/fig_SystemeAccroche_Palan0.pdf>]

[26 <./external/fig_OrientationCore_H10.pdf> <./external/fig_OrientationCore_H20.pdf> <./external/fig_OrientationCore_V10.pdf> <./external/fig_OrientationCore_V20.pdf>] (../fig/fig_TenuePressionStatique/tex/fig_TenuePressionStatique.tex
===== Image 'external/fig_TenuePressionStatique0' is up-to-date. ======
) (../fig/fig_PerformancePressStatique/tex/fig_Qc_PressStatique.tex
===== Image 'external/fig_Qc_PressStatique0' is up-to-date. ======
) (../fig/fig_PerformancePressStatique/tex/fig_COP_PressStatique.tex
===== Image 'external/fig_COP_PressStatique0' is up-to-date. ======
)

[27 <./external/fig_TenuePressionStatique0.pdf>] (../fig/fig_WaterOnlyExample/tex/fig_WaterOnly_TC.tex
===== Image 'external/fig_WaterOnly_TC0' is up-to-date. ======
) (../fig/fig_WaterOnlyExample/tex/fig_WaterOnly_PT.tex
===== Image 'external/fig_WaterOnly_PT0' is up-to-date. ======
)

[28 <./external/fig_Qc_PressStatique0.pdf> <./external/fig_COP_PressStatique0.pdf>]

[29 <./external/fig_WaterOnly_TC0.pdf> <./external/fig_WaterOnly_PT0.pdf>] (../fig/fig_AcouExample/tex/fig_AcouExample.tex
===== Image 'external/fig_AcouExample0' is up-to-date. ======
) (../fig/fig_Repetabilite_V1/tex/fig_Repetabilite_V1.tex
===== Image 'external/fig_Repetabilite_V10' is up-to-date. ======
)

[30 <./external/fig_AcouExample0.pdf> <./external/fig_Repetabilite_V10.pdf>] Excluding 'comment' comment.

[31] (../fig/fig_ConclusionChap2/tex/fig_ConclusionChap2.tex
===== Image 'external/fig_ConclusionChap20' is up-to-date. ======
)) (./EnsembleSimus.tex

[32 <./external/fig_ConclusionChap20.pdf>]
Chapitre III.


[33

]

[34

] (../fig/fig_ConvNat2D/tex/fig_ConvNat2D_HorizDeltaT.tex
===== Image 'external/fig_ConvNat2D_HorizDeltaT0' is up-to-date. ======
) (../fig/fig_ConvNat2D/tex/fig_ConvNat2D_VertiDeltaT.tex
===== Image 'external/fig_ConvNat2D_VertiDeltaT0' is up-to-date. ======
)

[35 <./external/fig_ConvNat2D_HorizDeltaT0.pdf> <./external/fig_ConvNat2D_VertiDeltaT0.pdf>]
LaTeX Info: Symbol \textminus not provided by
            font family iwonal in TS1 encoding.
            Default family used instead on input line 138.
LaTeX Info: Symbol \textminus not provided by
            font family iwonal in TS1 encoding.
            Default family used instead on input line 138.
LaTeX Info: Symbol \textminus not provided by
            font family iwonal in TS1 encoding.
            Default family used instead on input line 138.
LaTeX Info: Symbol \textminus not provided by
            font family iwonal in TS1 encoding.
            Default family used instead on input line 138.
LaTeX Info: Symbol \textminus not provided by
            font family iwonal in TS1 encoding.
            Default family used instead on input line 138.
LaTeX Info: Symbol \textminus not provided by
            font family iwonal in TS1 encoding.
            Default family used instead on input line 138.
LaTeX Info: Symbol \textminus not provided by
            font family iwonal in TS1 encoding.
            Default family used instead on input line 138.
LaTeX Info: Symbol \textminus not provided by
            font family iwonal in TS1 encoding.
            Default family used instead on input line 138.
LaTeX Info: Symbol \textminus not provided by
            font family iwonal in TS1 encoding.
            Default family used instead on input line 138.
LaTeX Info: Symbol \textminus not provided by
            font family iwonal in TS1 encoding.
            Default family used instead on input line 138.
LaTeX Info: Symbol \textminus not provided by
            font family iwonal in TS1 encoding.
            Default family used instead on input line 138.
LaTeX Info: Symbol \textminus not provided by
            font family iwonal in TS1 encoding.
            Default family used instead on input line 138.
LaTeX Info: Symbol \textminus not provided by
            font family iwonal in TS1 encoding.
            Default family used instead on input line 138.
LaTeX Info: Symbol \textminus not provided by
            font family iwonal in TS1 encoding.
            Default family used instead on input line 138.
LaTeX Info: Symbol \textminus not provided by
            font family iwonal in TS1 encoding.
            Default family used instead on input line 138.
LaTeX Info: Symbol \textminus not provided by
            font family iwonal in TS1 encoding.
            Default family used instead on input line 138.
LaTeX Info: Symbol \textminus not provided by
            font family iwonal in TS1 encoding.
            Default family used instead on input line 138.
LaTeX Info: Symbol \textminus not provided by
            font family iwonal in TS1 encoding.
            Default family used instead on input line 138.
LaTeX Info: Symbol \textminus not provided by
            font family iwonal in TS1 encoding.
            Default family used instead on input line 138.
LaTeX Info: Symbol \textminus not provided by
            font family iwonal in TS1 encoding.
            Default family used instead on input line 138.
LaTeX Info: Symbol \textminus not provided by
            font family iwonal in TS1 encoding.
            Default family used instead on input line 138.
LaTeX Info: Symbol \textminus not provided by
            font family iwonal in TS1 encoding.
            Default family used instead on input line 138.
LaTeX Info: Symbol \textminus not provided by
            font family iwonal in TS1 encoding.
            Default family used instead on input line 138.
LaTeX Info: Symbol \textminus not provided by
            font family iwonal in TS1 encoding.
            Default family used instead on input line 138.


[36]
LaTeX Info: Symbol \textminus not provided by
            font family iwonal in TS1 encoding.
            Default family used instead on input line 199.
LaTeX Info: Symbol \textminus not provided by
            font family iwonal in TS1 encoding.
            Default family used instead on input line 199.
LaTeX Info: Symbol \textminus not provided by
            font family iwonal in TS1 encoding.
            Default family used instead on input line 199.
LaTeX Info: Symbol \textminus not provided by
            font family iwonal in TS1 encoding.
            Default family used instead on input line 199.
LaTeX Info: Symbol \textminus not provided by
            font family iwonal in TS1 encoding.
            Default family used instead on input line 199.
LaTeX Info: Symbol \textminus not provided by
            font family iwonal in TS1 encoding.
            Default family used instead on input line 199.
LaTeX Info: Symbol \textminus not provided by
            font family iwonal in TS1 encoding.
            Default family used instead on input line 199.
LaTeX Info: Symbol \textminus not provided by
            font family iwonal in TS1 encoding.
            Default family used instead on input line 199.
LaTeX Info: Symbol \textminus not provided by
            font family iwonal in TS1 encoding.
            Default family used instead on input line 199.
LaTeX Info: Symbol \textminus not provided by
            font family iwonal in TS1 encoding.
            Default family used instead on input line 199.
LaTeX Info: Symbol \textminus not provided by
            font family iwonal in TS1 encoding.
            Default family used instead on input line 199.
LaTeX Info: Symbol \textminus not provided by
            font family iwonal in TS1 encoding.
            Default family used instead on input line 199.
LaTeX Info: Symbol \textminus not provided by
            font family iwonal in TS1 encoding.
            Default family used instead on input line 199.
LaTeX Info: Symbol \textminus not provided by
            font family iwonal in TS1 encoding.
            Default family used instead on input line 199.
LaTeX Info: Symbol \textminus not provided by
            font family iwonal in TS1 encoding.
            Default family used instead on input line 199.
LaTeX Info: Symbol \textminus not provided by
            font family iwonal in TS1 encoding.
            Default family used instead on input line 199.
LaTeX Info: Symbol \textminus not provided by
            font family iwonal in TS1 encoding.
            Default family used instead on input line 199.
LaTeX Info: Symbol \textminus not provided by
            font family iwonal in TS1 encoding.
            Default family used instead on input line 199.
LaTeX Info: Symbol \textminus not provided by
            font family iwonal in TS1 encoding.
            Default family used instead on input line 199.
LaTeX Info: Symbol \textminus not provided by
            font family iwonal in TS1 encoding.
            Default family used instead on input line 199.
LaTeX Info: Symbol \textminus not provided by
            font family iwonal in TS1 encoding.
            Default family used instead on input line 210.
LaTeX Info: Symbol \textminus not provided by
            font family iwonal in TS1 encoding.
            Default family used instead on input line 210.

Package siunitx Info: Option "retain-zero-exponent" has been deprecated in
(siunitx)             this release.
(siunitx)             
(siunitx)             Use "print-zero-exponent" as a replacement.

LaTeX Info: Symbol \textminus not provided by
            font family iwonal in TS1 encoding.
            Default family used instead on input line 210.
LaTeX Info: Symbol \textminus not provided by
            font family iwonal in TS1 encoding.
            Default family used instead on input line 210.
LaTeX Info: Symbol \textminus not provided by
            font family iwonal in TS1 encoding.
            Default family used instead on input line 210.
LaTeX Info: Symbol \textminus not provided by
            font family iwonal in TS1 encoding.
            Default family used instead on input line 210.
LaTeX Info: Symbol \textminus not provided by
            font family iwonal in TS1 encoding.
            Default family used instead on input line 210.
LaTeX Info: Symbol \textminus not provided by
            font family iwonal in TS1 encoding.
            Default family used instead on input line 210.
LaTeX Info: Symbol \textminus not provided by
            font family iwonal in TS1 encoding.
            Default family used instead on input line 210.
LaTeX Info: Symbol \textminus not provided by
            font family iwonal in TS1 encoding.
            Default family used instead on input line 210.
LaTeX Info: Symbol \textminus not provided by
            font family iwonal in TS1 encoding.
            Default family used instead on input line 210.
LaTeX Info: Symbol \textminus not provided by
            font family iwonal in TS1 encoding.
            Default family used instead on input line 210.


[37]
<../fig/fig_ConvNatComsol_Resultats/ConeSeul/Geometrie.png, id=2228, 216.68954pt x 216.68954pt>
File: ../fig/fig_ConvNatComsol_Resultats/ConeSeul/Geometrie.png Graphic file (type png)
<use ../fig/fig_ConvNatComsol_Resultats/ConeSeul/Geometrie.png>
Package pdftex.def Info: ../fig/fig_ConvNatComsol_Resultats/ConeSeul/Geometrie.png  used on input line 260.
(pdftex.def)             Requested size: 216.68901pt x 216.68901pt.


[38 <../fig/fig_ConvNatComsol_Resultats/ConeSeul/Geometrie.png>]
<../fig/fig_ConvNatComsol_Resultats/ConeSeul/SmallBase_THBelow2.png, id=2239, 449.5194pt x 65.40434pt>
File: ../fig/fig_ConvNatComsol_Resultats/ConeSeul/SmallBase_THBelow2.png Graphic file (type png)
<use ../fig/fig_ConvNatComsol_Resultats/ConeSeul/SmallBase_THBelow2.png>
Package pdftex.def Info: ../fig/fig_ConvNatComsol_Resultats/ConeSeul/SmallBase_THBelow2.png  used on input line 282.
(pdftex.def)             Requested size: 449.51828pt x 65.40416pt.
<../fig/fig_ConvNatComsol_Resultats/ConeSeul/Cylinder_THBelow2.png, id=2240, 449.5194pt x 65.7657pt>
File: ../fig/fig_ConvNatComsol_Resultats/ConeSeul/Cylinder_THBelow2.png Graphic file (type png)
<use ../fig/fig_ConvNatComsol_Resultats/ConeSeul/Cylinder_THBelow2.png>
Package pdftex.def Info: ../fig/fig_ConvNatComsol_Resultats/ConeSeul/Cylinder_THBelow2.png  used on input line 292.
(pdftex.def)             Requested size: 449.51828pt x 65.76553pt.
<../fig/fig_ConvNatComsol_Resultats/ConeSeul/LargeBase_THBelow2.png, id=2241, 449.5194pt x 65.5248pt>
File: ../fig/fig_ConvNatComsol_Resultats/ConeSeul/LargeBase_THBelow2.png Graphic file (type png)
<use ../fig/fig_ConvNatComsol_Resultats/ConeSeul/LargeBase_THBelow2.png>
Package pdftex.def Info: ../fig/fig_ConvNatComsol_Resultats/ConeSeul/LargeBase_THBelow2.png  used on input line 302.
(pdftex.def)             Requested size: 449.51828pt x 65.52463pt.

===== Image 'external/_main_-figure0' is up-to-date. ======
LaTeX Info: Symbol \textminus not provided by
            font family iwonal in TS1 encoding.
            Default family used instead on input line 336.
LaTeX Info: Symbol \textminus not provided by
            font family iwonal in TS1 encoding.
            Default family used instead on input line 336.


[39 <../fig/fig_ConvNatComsol_Resultats/ConeSeul/SmallBase_THBelow2.png> <../fig/fig_ConvNatComsol_Resultats/ConeSeul/Cylinder_THBelow2.png> <../fig/fig_ConvNatComsol_Resultats/ConeSeul/LargeBase_THBelow2.png> <./external/_main_-figure0.pdf>]
<../fig/fig_ConvNatComsol_Resultats/ConeSeul/SmallBase_THAbove2.png, id=2291, 449.5194pt x 69.1383pt>
File: ../fig/fig_ConvNatComsol_Resultats/ConeSeul/SmallBase_THAbove2.png Graphic file (type png)
<use ../fig/fig_ConvNatComsol_Resultats/ConeSeul/SmallBase_THAbove2.png>
Package pdftex.def Info: ../fig/fig_ConvNatComsol_Resultats/ConeSeul/SmallBase_THAbove2.png  used on input line 354.
(pdftex.def)             Requested size: 449.51828pt x 69.13812pt.
<../fig/fig_ConvNatComsol_Resultats/ConeSeul/Cylinder_THAbove2.png, id=2292, 449.5194pt x 68.53606pt>
File: ../fig/fig_ConvNatComsol_Resultats/ConeSeul/Cylinder_THAbove2.png Graphic file (type png)
<use ../fig/fig_ConvNatComsol_Resultats/ConeSeul/Cylinder_THAbove2.png>
Package pdftex.def Info: ../fig/fig_ConvNatComsol_Resultats/ConeSeul/Cylinder_THAbove2.png  used on input line 363.
(pdftex.def)             Requested size: 449.51828pt x 68.53587pt.
<../fig/fig_ConvNatComsol_Resultats/ConeSeul/LargeBase_THAbove2.png, id=2293, 449.5194pt x 67.81335pt>
File: ../fig/fig_ConvNatComsol_Resultats/ConeSeul/LargeBase_THAbove2.png Graphic file (type png)
<use ../fig/fig_ConvNatComsol_Resultats/ConeSeul/LargeBase_THAbove2.png>
Package pdftex.def Info: ../fig/fig_ConvNatComsol_Resultats/ConeSeul/LargeBase_THAbove2.png  used on input line 372.
(pdftex.def)             Requested size: 449.51828pt x 67.81317pt.

===== Image 'external/_main_-figure1' is up-to-date. ======
LaTeX Info: Symbol \textminus not provided by
            font family iwonal in TS1 encoding.
            Default family used instead on input line 405.
LaTeX Info: Symbol \textminus not provided by
            font family iwonal in TS1 encoding.
            Default family used instead on input line 405.


[40 <../fig/fig_ConvNatComsol_Resultats/ConeSeul/SmallBase_THAbove2.png> <../fig/fig_ConvNatComsol_Resultats/ConeSeul/Cylinder_THAbove2.png> <../fig/fig_ConvNatComsol_Resultats/ConeSeul/LargeBase_THAbove2.png> <./external/_main_-figure1.pdf>]
LaTeX Info: Symbol \textminus not provided by
            font family iwonal in TS1 encoding.
            Default family used instead on input line 411.
LaTeX Info: Symbol \textminus not provided by
            font family iwonal in TS1 encoding.
            Default family used instead on input line 411.
LaTeX Info: Symbol \textminus not provided by
            font family iwonal in TS1 encoding.
            Default family used instead on input line 411.
LaTeX Info: Symbol \textminus not provided by
            font family iwonal in TS1 encoding.
            Default family used instead on input line 411.

===== Image 'external/fig_Comsol_ModeleSimplifie_Geometrie0' is up-to-date. ======
Excluding 'comment' comment.

[41 <./external/fig_Comsol_ModeleSimplifie_Geometrie0.pdf>]

[42] (../fig/fig_SuperpositionComsol/tex/fig_SuperpositionComsol.tex
===== Image 'external/fig_SuperpositionComsol0' is up-to-date. ======
) (../fig/fig_ComsolThermalCondFront/tex/Rix_Ambiant.tex
===== Image 'external/fig_Comsol_TambiantRix0' is up-to-date. ======
)
<../fig/fig_ConvNatComsol_Resultats/Cmap_T_Fleche_vNorme/H1_RIXTa.png, id=2389, 224.7597pt x 224.7597pt>
File: ../fig/fig_ConvNatComsol_Resultats/Cmap_T_Fleche_vNorme/H1_RIXTa.png Graphic file (type png)
<use ../fig/fig_ConvNatComsol_Resultats/Cmap_T_Fleche_vNorme/H1_RIXTa.png>
Package pdftex.def Info: ../fig/fig_ConvNatComsol_Resultats/Cmap_T_Fleche_vNorme/H1_RIXTa.png  used on input line 601.
(pdftex.def)             Requested size: 204.6029pt x 204.61052pt.
<../fig/fig_ConvNatComsol_Resultats/Cmap_T_Fleche_vNorme/H2_RIXTa.png, id=2390, 224.7597pt x 224.7597pt>
File: ../fig/fig_ConvNatComsol_Resultats/Cmap_T_Fleche_vNorme/H2_RIXTa.png Graphic file (type png)
<use ../fig/fig_ConvNatComsol_Resultats/Cmap_T_Fleche_vNorme/H2_RIXTa.png>
Package pdftex.def Info: ../fig/fig_ConvNatComsol_Resultats/Cmap_T_Fleche_vNorme/H2_RIXTa.png  used on input line 605.
(pdftex.def)             Requested size: 204.6029pt x 204.61052pt.

===== Image 'external/_main_-figure2' is up-to-date. ======
===== Image 'external/_main_-figure3' is up-to-date. ======
<../fig/fig_ConvNatComsol_Resultats/Cmap_T_Fleche_vNorme/V1_RIXTa.png, id=2393, 224.7597pt x 224.7597pt>
File: ../fig/fig_ConvNatComsol_Resultats/Cmap_T_Fleche_vNorme/V1_RIXTa.png Graphic file (type png)
<use ../fig/fig_ConvNatComsol_Resultats/Cmap_T_Fleche_vNorme/V1_RIXTa.png>
Package pdftex.def Info: ../fig/fig_ConvNatComsol_Resultats/Cmap_T_Fleche_vNorme/V1_RIXTa.png  used on input line 667.
(pdftex.def)             Requested size: 204.6029pt x 204.61052pt.
<../fig/fig_ConvNatComsol_Resultats/Cmap_T_Fleche_vNorme/V2_RIXTa.png, id=2394, 224.7597pt x 224.7597pt>
File: ../fig/fig_ConvNatComsol_Resultats/Cmap_T_Fleche_vNorme/V2_RIXTa.png Graphic file (type png)
<use ../fig/fig_ConvNatComsol_Resultats/Cmap_T_Fleche_vNorme/V2_RIXTa.png>
Package pdftex.def Info: ../fig/fig_ConvNatComsol_Resultats/Cmap_T_Fleche_vNorme/V2_RIXTa.png  used on input line 671.
(pdftex.def)             Requested size: 204.6029pt x 204.61052pt.
===== Image 'external/_main_-figure4' is up-to-date. ======
===== Image 'external/_main_-figure5' is up-to-date. ======


[43 <./external/fig_SuperpositionComsol0.pdf>]

[44 <./external/fig_Comsol_TambiantRix0.pdf>]

[45 <../fig/fig_ConvNatComsol_Resultats/Cmap_T_Fleche_vNorme/H1_RIXTa.png> <../fig/fig_ConvNatComsol_Resultats/Cmap_T_Fleche_vNorme/H2_RIXTa.png> <./external/_main_-figure2.pdf> <./external/_main_-figure3.pdf> <../fig/fig_ConvNatComsol_Resultats/Cmap_T_Fleche_vNorme/V1_RIXTa.png> <../fig/fig_ConvNatComsol_Resultats/Cmap_T_Fleche_vNorme/V2_RIXTa.png> <./external/_main_-figure4.pdf> <./external/_main_-figure5.pdf>] (../fig/fig_Schema_FluxThermiquesNoyau_Gaelle/tex/fig_Schema_FluxThermiquesNoyau_Gaelle.tex
===== Image 'external/fig_Schema_FluxThermiquesNoyau_Gaelle0' is up-to-date. ======
)

[46]







[47 <./external/fig_Schema_FluxThermiquesNoyau_Gaelle0.pdf>]

[48] (../fig/fig_TemperatureCanisterConditionLimite/tex/fig_TemperatureCanisterConditionLimite.tex
===== Image 'external/fig_TemperatureCanisterConditionLimite0' is up-to-date. ======
) (../fig/fig_TransitoireFit/tex/fig_TransitoireFit.tex
===== Image 'external/fig_TransitoireFit0' is up-to-date. ======
)

[49 <./external/fig_TemperatureCanisterConditionLimite0.pdf>]

[50 <./external/fig_TransitoireFit0.pdf>]







[51]

[52]

[53] (../fig/fig_ExempleTransitoire/tex/fig_ExempleTransitoireH2_Low.tex
===== Image 'external/fig_ExempleTransitoireH2_Low0' is up-to-date. ======
) (../fig/fig_ExempleTransitoire/tex/fig_ExempleTransitoireH2_Mid.tex
===== Image 'external/fig_ExempleTransitoireH2_Mid0' is up-to-date. ======
) (../fig/fig_ExempleTransitoire/tex/fig_ExempleTransitoireH2_High.tex
===== Image 'external/fig_ExempleTransitoireH2_High0' is up-to-date. ======
)) (./EtudeExperimentale.tex

[54]

[55 <./external/fig_ExempleTransitoireH2_Low0.pdf> <./external/fig_ExempleTransitoireH2_Mid0.pdf> <./external/fig_ExempleTransitoireH2_High0.pdf>]

[56

]
Chapitre IV.


[57]
LaTeX Info: Symbol \textminus not provided by
            font family iwonal in TS1 encoding.
            Default family used instead on input line 33.
LaTeX Info: Symbol \textminus not provided by
            font family iwonal in TS1 encoding.
            Default family used instead on input line 33.
LaTeX Info: Symbol \textminus not provided by
            font family iwonal in TS1 encoding.
            Default family used instead on input line 34.
LaTeX Info: Symbol \textminus not provided by
            font family iwonal in TS1 encoding.
            Default family used instead on input line 34.
LaTeX Info: Symbol \textminus not provided by
            font family iwonal in TS1 encoding.
            Default family used instead on input line 35.
LaTeX Info: Symbol \textminus not provided by
            font family iwonal in TS1 encoding.
            Default family used instead on input line 35.
LaTeX Info: Symbol \textminus not provided by
            font family iwonal in TS1 encoding.
            Default family used instead on input line 36.
LaTeX Info: Symbol \textminus not provided by
            font family iwonal in TS1 encoding.
            Default family used instead on input line 37.
LaTeX Info: Symbol \textminus not provided by
            font family iwonal in TS1 encoding.
            Default family used instead on input line 37.
LaTeX Info: Symbol \textminus not provided by
            font family iwonal in TS1 encoding.
            Default family used instead on input line 38.
LaTeX Info: Symbol \textminus not provided by
            font family iwonal in TS1 encoding.
            Default family used instead on input line 38.
LaTeX Info: Symbol \textminus not provided by
            font family iwonal in TS1 encoding.
            Default family used instead on input line 39.
LaTeX Info: Symbol \textminus not provided by
            font family iwonal in TS1 encoding.
            Default family used instead on input line 39.
LaTeX Info: Symbol \textminus not provided by
            font family iwonal in TS1 encoding.
            Default family used instead on input line 43.
LaTeX Info: Symbol \textminus not provided by
            font family iwonal in TS1 encoding.
            Default family used instead on input line 43.
LaTeX Info: Symbol \textminus not provided by
            font family iwonal in TS1 encoding.
            Default family used instead on input line 44.
LaTeX Info: Symbol \textminus not provided by
            font family iwonal in TS1 encoding.
            Default family used instead on input line 44.
LaTeX Info: Symbol \textminus not provided by
            font family iwonal in TS1 encoding.
            Default family used instead on input line 45.
LaTeX Info: Symbol \textminus not provided by
            font family iwonal in TS1 encoding.
            Default family used instead on input line 45.
LaTeX Info: Symbol \textminus not provided by
            font family iwonal in TS1 encoding.
            Default family used instead on input line 46.
LaTeX Info: Symbol \textminus not provided by
            font family iwonal in TS1 encoding.
            Default family used instead on input line 47.
LaTeX Info: Symbol \textminus not provided by
            font family iwonal in TS1 encoding.
            Default family used instead on input line 47.
LaTeX Info: Symbol \textminus not provided by
            font family iwonal in TS1 encoding.
            Default family used instead on input line 48.
LaTeX Info: Symbol \textminus not provided by
            font family iwonal in TS1 encoding.
            Default family used instead on input line 48.
LaTeX Info: Symbol \textminus not provided by
            font family iwonal in TS1 encoding.
            Default family used instead on input line 49.
LaTeX Info: Symbol \textminus not provided by
            font family iwonal in TS1 encoding.
            Default family used instead on input line 49.
LaTeX Info: Symbol \textminus not provided by
            font family iwonal in TS1 encoding.
            Default family used instead on input line 53.
LaTeX Info: Symbol \textminus not provided by
            font family iwonal in TS1 encoding.
            Default family used instead on input line 53.
LaTeX Info: Symbol \textminus not provided by
            font family iwonal in TS1 encoding.
            Default family used instead on input line 54.
LaTeX Info: Symbol \textminus not provided by
            font family iwonal in TS1 encoding.
            Default family used instead on input line 54.
LaTeX Info: Symbol \textminus not provided by
            font family iwonal in TS1 encoding.
            Default family used instead on input line 55.
LaTeX Info: Symbol \textminus not provided by
            font family iwonal in TS1 encoding.
            Default family used instead on input line 55.
LaTeX Info: Symbol \textminus not provided by
            font family iwonal in TS1 encoding.
            Default family used instead on input line 57.
LaTeX Info: Symbol \textminus not provided by
            font family iwonal in TS1 encoding.
            Default family used instead on input line 57.
LaTeX Info: Symbol \textminus not provided by
            font family iwonal in TS1 encoding.
            Default family used instead on input line 58.
LaTeX Info: Symbol \textminus not provided by
            font family iwonal in TS1 encoding.
            Default family used instead on input line 58.
LaTeX Info: Symbol \textminus not provided by
            font family iwonal in TS1 encoding.
            Default family used instead on input line 59.
LaTeX Info: Symbol \textminus not provided by
            font family iwonal in TS1 encoding.
            Default family used instead on input line 59.
LaTeX Info: Symbol \textminus not provided by
            font family iwonal in TS1 encoding.
            Default family used instead on input line 63.
LaTeX Info: Symbol \textminus not provided by
            font family iwonal in TS1 encoding.
            Default family used instead on input line 63.
LaTeX Info: Symbol \textminus not provided by
            font family iwonal in TS1 encoding.
            Default family used instead on input line 64.
LaTeX Info: Symbol \textminus not provided by
            font family iwonal in TS1 encoding.
            Default family used instead on input line 64.
LaTeX Info: Symbol \textminus not provided by
            font family iwonal in TS1 encoding.
            Default family used instead on input line 65.
LaTeX Info: Symbol \textminus not provided by
            font family iwonal in TS1 encoding.
            Default family used instead on input line 65.
LaTeX Info: Symbol \textminus not provided by
            font family iwonal in TS1 encoding.
            Default family used instead on input line 66.
LaTeX Info: Symbol \textminus not provided by
            font family iwonal in TS1 encoding.
            Default family used instead on input line 67.
LaTeX Info: Symbol \textminus not provided by
            font family iwonal in TS1 encoding.
            Default family used instead on input line 67.
LaTeX Info: Symbol \textminus not provided by
            font family iwonal in TS1 encoding.
            Default family used instead on input line 68.
LaTeX Info: Symbol \textminus not provided by
            font family iwonal in TS1 encoding.
            Default family used instead on input line 68.
LaTeX Info: Symbol \textminus not provided by
            font family iwonal in TS1 encoding.
            Default family used instead on input line 69.
LaTeX Info: Symbol \textminus not provided by
            font family iwonal in TS1 encoding.
            Default family used instead on input line 69.
 [58

]
Overfull \vbox (13.46484pt too high) has occurred while \output is active []



[59] (../fig/fig_ConvNat_HeatOnly/tex/fig_HeatOnly_CHXout_H1H2.tex
===== Image 'external/fig_HeatOnly_CHXout_H1H20' is up-to-date. ======
)
<./external/fig_OrientationCore_H10.pdf, id=2912, 123.73225pt x 196.82033pt>
File: ./external/fig_OrientationCore_H10.pdf Graphic file (type pdf)
<use ./external/fig_OrientationCore_H10.pdf>
Package pdftex.def Info: ./external/fig_OrientationCore_H10.pdf  used on input line 94.
(pdftex.def)             Requested size: 61.86597pt x 98.40991pt.
<./external/fig_OrientationCore_H20.pdf, id=2913, 156.56793pt x 188.30249pt>
File: ./external/fig_OrientationCore_H20.pdf Graphic file (type pdf)
<use ./external/fig_OrientationCore_H20.pdf>
Package pdftex.def Info: ./external/fig_OrientationCore_H20.pdf  used on input line 98.
(pdftex.def)             Requested size: 78.28377pt x 94.151pt.


[60 <./external/fig_HeatOnly_CHXout_H1H20.pdf> <./external/fig_OrientationCore_H10.pdf> <./external/fig_OrientationCore_H20.pdf>] (../fig/fig_ConvNat_HeatOnly/tex/fig_HeatOnly_CHXout_V1V2.tex
===== Image 'external/fig_HeatOnly_CHXout_V1V20' is up-to-date. ======
)
<./external/fig_OrientationCore_V10.pdf, id=3011, 151.00816pt x 188.30249pt>
File: ./external/fig_OrientationCore_V10.pdf Graphic file (type pdf)
<use ./external/fig_OrientationCore_V10.pdf>
Package pdftex.def Info: ./external/fig_OrientationCore_V10.pdf  used on input line 126.
(pdftex.def)             Requested size: 75.50389pt x 94.151pt.
<./external/fig_OrientationCore_V20.pdf, id=3012, 151.00816pt x 188.30249pt>
File: ./external/fig_OrientationCore_V20.pdf Graphic file (type pdf)
<use ./external/fig_OrientationCore_V20.pdf>
Package pdftex.def Info: ./external/fig_OrientationCore_V20.pdf  used on input line 130.
(pdftex.def)             Requested size: 75.50389pt x 94.151pt.


[61 <./external/fig_HeatOnly_CHXout_V1V20.pdf> <./external/fig_OrientationCore_V10.pdf> <./external/fig_OrientationCore_V20.pdf>] (../fig/fig_ConvNat_HeatOnly/tex/fig_HeatOnly_CHXin_H1H2.tex
===== Image 'external/fig_HeatOnly_CHXin_H1H20' is up-to-date. ======
) (../fig/fig_ConvNat_HeatOnly/tex/fig_HeatOnly_Regmid_H1H2.tex
===== Image 'external/fig_HeatOnly_Regmid_H1H20' is up-to-date. ======
) (../fig/fig_ConvNat_HeatOnly/tex/fig_HeatOnly_AHXIn_H1H2.tex
===== Image 'external/fig_HeatOnly_AHXin_H1H20' is up-to-date. ======
)
File: ./external/fig_OrientationCore_H10.pdf Graphic file (type pdf)
<use ./external/fig_OrientationCore_H10.pdf>
Package pdftex.def Info: ./external/fig_OrientationCore_H10.pdf  used on input line 182.
(pdftex.def)             Requested size: 61.86597pt x 98.40991pt.
File: ./external/fig_OrientationCore_H20.pdf Graphic file (type pdf)
<use ./external/fig_OrientationCore_H20.pdf>
Package pdftex.def Info: ./external/fig_OrientationCore_H20.pdf  used on input line 186.
(pdftex.def)             Requested size: 78.28377pt x 94.151pt.


[62]

[63 <./external/fig_HeatOnly_CHXin_H1H20.pdf> <./external/fig_HeatOnly_Regmid_H1H20.pdf> <./external/fig_HeatOnly_AHXin_H1H20.pdf>] (../fig/fig_ConvNat_HeatOnly/tex/fig_HeatOnly_CHXin_V1V2.tex
===== Image 'external/fig_HeatOnly_CHXin_V1V20' is up-to-date. ======
) (../fig/fig_ConvNat_HeatOnly/tex/fig_HeatOnly_Regmid_V1V2.tex
===== Image 'external/fig_HeatOnly_Regmid_V1V20' is up-to-date. ======
) (../fig/fig_ConvNat_HeatOnly/tex/fig_HeatOnly_AHXIn_V1V2.tex
===== Image 'external/fig_HeatOnly_AHXin_V1V20' is up-to-date. ======
)
File: ./external/fig_OrientationCore_V10.pdf Graphic file (type pdf)
<use ./external/fig_OrientationCore_V10.pdf>
Package pdftex.def Info: ./external/fig_OrientationCore_V10.pdf  used on input line 250.
(pdftex.def)             Requested size: 75.50389pt x 94.151pt.
File: ./external/fig_OrientationCore_V20.pdf Graphic file (type pdf)
<use ./external/fig_OrientationCore_V20.pdf>
Package pdftex.def Info: ./external/fig_OrientationCore_V20.pdf  used on input line 254.
(pdftex.def)             Requested size: 75.50389pt x 94.151pt.


[64]

[65 <./external/fig_HeatOnly_CHXin_V1V20.pdf> <./external/fig_HeatOnly_Regmid_V1V20.pdf> <./external/fig_HeatOnly_AHXin_V1V20.pdf>]

[66] (../fig/fig_ConvNat_Acou/tex/fig_Acou_CHXout_H1H2_Low.tex
===== Image 'external/fig_Acou_CHXout_H1H2_Low0' is up-to-date. ======
) (../fig/fig_ConvNat_Acou/tex/fig_Acou_CHXout_H1H2_Mid.tex
===== Image 'external/fig_Acou_CHXout_H1H2_Mid0' is up-to-date. ======
) (../fig/fig_ConvNat_Acou/tex/fig_Acou_CHXout_H1H2_High.tex
===== Image 'external/fig_Acou_CHXout_H1H2_High0' is up-to-date. ======
)

[67 <./external/fig_Acou_CHXout_H1H2_Low0.pdf> <./external/fig_Acou_CHXout_H1H2_Mid0.pdf> <./external/fig_Acou_CHXout_H1H2_High0.pdf>] (../fig/fig_ConvNatComsol_Resultats/tex/fig_Comsol_CHXout_H1H2_Low.tex
===== Image 'external/fig_Comsol_CHXout_H1H2_Low0' is up-to-date. ======
)

[68 <./external/fig_Comsol_CHXout_H1H2_Low0.pdf>]
LaTeX Info: Symbol \textminus not provided by
            font family iwonal in TS1 encoding.
            Default family used instead on input line 374.
LaTeX Info: Symbol \textminus not provided by
            font family iwonal in TS1 encoding.
            Default family used instead on input line 374.
 (../fig/fig_ConvNat_Acou/tex/fig_Acou_CHXout_V1V2_Low.tex
===== Image 'external/fig_Acou_CHXout_V1V2_Low0' is up-to-date. ======
) (../fig/fig_ConvNat_Acou/tex/fig_Acou_CHXout_V1V2_Mid.tex
===== Image 'external/fig_Acou_CHXout_V1V2_Mid0' is up-to-date. ======
) (../fig/fig_ConvNat_Acou/tex/fig_Acou_CHXout_V1V2_High.tex
===== Image 'external/fig_Acou_CHXout_V1V2_High0' is up-to-date. ======
)
LaTeX Info: Symbol \textminus not provided by
            font family iwonal in TS1 encoding.
            Default family used instead on input line 423.
LaTeX Info: Symbol \textminus not provided by
            font family iwonal in TS1 encoding.
            Default family used instead on input line 423.


[69]

[70 <./external/fig_Acou_CHXout_V1V2_Low0.pdf> <./external/fig_Acou_CHXout_V1V2_Mid0.pdf> <./external/fig_Acou_CHXout_V1V2_High0.pdf>]
LaTeX Info: Symbol \textminus not provided by
            font family iwonal in TS1 encoding.
            Default family used instead on input line 425.
LaTeX Info: Symbol \textminus not provided by
            font family iwonal in TS1 encoding.
            Default family used instead on input line 425.
LaTeX Info: Symbol \textminus not provided by
            font family iwonal in TS1 encoding.
            Default family used instead on input line 425.
LaTeX Info: Symbol \textminus not provided by
            font family iwonal in TS1 encoding.
            Default family used instead on input line 425.
 (../fig/fig_ConvNatComsol_Resultats/tex/fig_Comsol_CHXout_V1V2_Low.tex
===== Image 'external/fig_Comsol_CHXout_V1V2_Low0' is up-to-date. ======
)

[71 <./external/fig_Comsol_CHXout_V1V2_Low0.pdf>]
LaTeX Info: Symbol \textminus not provided by
            font family iwonal in TS1 encoding.
            Default family used instead on input line 451.
LaTeX Info: Symbol \textminus not provided by
            font family iwonal in TS1 encoding.
            Default family used instead on input line 451.
LaTeX Info: Symbol \textminus not provided by
            font family iwonal in TS1 encoding.
            Default family used instead on input line 451.
LaTeX Info: Symbol \textminus not provided by
            font family iwonal in TS1 encoding.
            Default family used instead on input line 451.
LaTeX Info: Symbol \textminus not provided by
            font family iwonal in TS1 encoding.
            Default family used instead on input line 451.
LaTeX Info: Symbol \textminus not provided by
            font family iwonal in TS1 encoding.
            Default family used instead on input line 451.
LaTeX Info: Symbol \textminus not provided by
            font family iwonal in TS1 encoding.
            Default family used instead on input line 460.
LaTeX Info: Symbol \textminus not provided by
            font family iwonal in TS1 encoding.
            Default family used instead on input line 460.
LaTeX Info: Symbol \textminus not provided by
            font family iwonal in TS1 encoding.
            Default family used instead on input line 460.
LaTeX Info: Symbol \textminus not provided by
            font family iwonal in TS1 encoding.
            Default family used instead on input line 460.
LaTeX Info: Symbol \textminus not provided by
            font family iwonal in TS1 encoding.
            Default family used instead on input line 460.
LaTeX Info: Symbol \textminus not provided by
            font family iwonal in TS1 encoding.
            Default family used instead on input line 460.
LaTeX Info: Symbol \textminus not provided by
            font family iwonal in TS1 encoding.
            Default family used instead on input line 460.
LaTeX Info: Symbol \textminus not provided by
            font family iwonal in TS1 encoding.
            Default family used instead on input line 460.
LaTeX Info: Symbol \textminus not provided by
            font family iwonal in TS1 encoding.
            Default family used instead on input line 464.
LaTeX Info: Symbol \textminus not provided by
            font family iwonal in TS1 encoding.
            Default family used instead on input line 464.


[72] (../fig/fig_ConvNat_Acou/tex/fig_Acou_CHXin_H1H2_Low.tex
===== Image 'external/fig_Acou_CHXin_H1H2_Low0' is up-to-date. ======
) (../fig/fig_ConvNat_Acou/tex/fig_Acou_Regmid_H1H2_Low.tex
===== Image 'external/fig_Acou_Regmid_H1H2_Low0' is up-to-date. ======
) (../fig/fig_ConvNat_Acou/tex/fig_Acou_AHXin_H1H2_Low.tex
===== Image 'external/fig_Acou_AHXin_H1H2_Low0' is up-to-date. ======
)
File: ./external/fig_OrientationCore_H10.pdf Graphic file (type pdf)
<use ./external/fig_OrientationCore_H10.pdf>
Package pdftex.def Info: ./external/fig_OrientationCore_H10.pdf  used on input line 518.
(pdftex.def)             Requested size: 61.86597pt x 98.40991pt.
File: ./external/fig_OrientationCore_H20.pdf Graphic file (type pdf)
<use ./external/fig_OrientationCore_H20.pdf>
Package pdftex.def Info: ./external/fig_OrientationCore_H20.pdf  used on input line 522.
(pdftex.def)             Requested size: 78.28377pt x 94.151pt.
LaTeX Info: Symbol \textminus not provided by
            font family iwonal in TS1 encoding.
            Default family used instead on input line 535.


[73]

[74 <./external/fig_Acou_CHXin_H1H2_Low0.pdf> <./external/fig_Acou_Regmid_H1H2_Low0.pdf> <./external/fig_Acou_AHXin_H1H2_Low0.pdf>] (../fig/fig_ConvNat_Acou/tex/fig_Acou_CHXin_V1V2_Low.tex
===== Image 'external/fig_Acou_CHXin_V1V2_Low0' is up-to-date. ======
) (../fig/fig_ConvNat_Acou/tex/fig_Acou_Regmid_V1V2_Low.tex
===== Image 'external/fig_Acou_Regmid_V1V2_Low0' is up-to-date. ======
) (../fig/fig_ConvNat_Acou/tex/fig_Acou_AHXin_V1V2_Low.tex
===== Image 'external/fig_Acou_AHXin_V1V2_Low0' is up-to-date. ======
)
File: ./external/fig_OrientationCore_V10.pdf Graphic file (type pdf)
<use ./external/fig_OrientationCore_V10.pdf>
Package pdftex.def Info: ./external/fig_OrientationCore_V10.pdf  used on input line 578.
(pdftex.def)             Requested size: 75.50389pt x 94.151pt.
File: ./external/fig_OrientationCore_V20.pdf Graphic file (type pdf)
<use ./external/fig_OrientationCore_V20.pdf>
Package pdftex.def Info: ./external/fig_OrientationCore_V20.pdf  used on input line 582.
(pdftex.def)             Requested size: 75.50389pt x 94.151pt.
LaTeX Info: Symbol \textminus not provided by
            font family iwonal in TS1 encoding.
            Default family used instead on input line 591.
LaTeX Info: Symbol \textminus not provided by
            font family iwonal in TS1 encoding.
            Default family used instead on input line 591.
LaTeX Info: Symbol \textminus not provided by
            font family iwonal in TS1 encoding.
            Default family used instead on input line 591.
 (../fig/fig_ConvNat_Acou/tex/fig_Acou_axProfile_V1V2_Low.tex
===== Image 'external/fig_Acou_axProfile_V1V2_Low0' is up-to-date. ======
)

[75]

[76 <./external/fig_Acou_CHXin_V1V2_Low0.pdf> <./external/fig_Acou_Regmid_V1V2_Low0.pdf> <./external/fig_Acou_AHXin_V1V2_Low0.pdf>] (../fig/fig_ConvNat_Acou/tex/fig_Acou_CHXin_H1H2_Mid.tex
===== Image 'external/fig_Acou_CHXin_H1H2_Mid0' is up-to-date. ======
) (../fig/fig_ConvNat_Acou/tex/fig_Acou_Regmid_H1H2_Mid.tex
===== Image 'external/fig_Acou_Regmid_H1H2_Mid0' is up-to-date. ======
) (../fig/fig_ConvNat_Acou/tex/fig_Acou_AHXin_H1H2_Mid.tex
===== Image 'external/fig_Acou_AHXin_H1H2_Mid0' is up-to-date. ======
)
File: ./external/fig_OrientationCore_H10.pdf Graphic file (type pdf)
<use ./external/fig_OrientationCore_H10.pdf>
Package pdftex.def Info: ./external/fig_OrientationCore_H10.pdf  used on input line 662.
(pdftex.def)             Requested size: 61.86597pt x 98.40991pt.
File: ./external/fig_OrientationCore_H20.pdf Graphic file (type pdf)
<use ./external/fig_OrientationCore_H20.pdf>
Package pdftex.def Info: ./external/fig_OrientationCore_H20.pdf  used on input line 666.
(pdftex.def)             Requested size: 78.28377pt x 94.151pt.


[77 <./external/fig_Acou_axProfile_V1V2_Low0.pdf>]

[78 <./external/fig_Acou_CHXin_H1H2_Mid0.pdf> <./external/fig_Acou_Regmid_H1H2_Mid0.pdf> <./external/fig_Acou_AHXin_H1H2_Mid0.pdf>] (../fig/fig_ConvNat_Acou/tex/fig_Acou_CHXin_V1V2_Mid.tex
===== Image 'external/fig_Acou_CHXin_V1V2_Mid0' is up-to-date. ======
)
File: ./external/fig_OrientationCore_V10.pdf Graphic file (type pdf)
<use ./external/fig_OrientationCore_V10.pdf>
Package pdftex.def Info: ./external/fig_OrientationCore_V10.pdf  used on input line 707.
(pdftex.def)             Requested size: 75.50389pt x 94.151pt.
File: ./external/fig_OrientationCore_V20.pdf Graphic file (type pdf)
<use ./external/fig_OrientationCore_V20.pdf>
Package pdftex.def Info: ./external/fig_OrientationCore_V20.pdf  used on input line 711.
(pdftex.def)             Requested size: 75.50389pt x 94.151pt.
 (../fig/fig_ConvNat_Acou/tex/fig_Acou_Regmid_V1V2_Mid.tex
===== Image 'external/fig_Acou_Regmid_V1V2_Mid0' is up-to-date. ======
) (../fig/fig_ConvNat_Acou/tex/fig_Acou_AHXin_V1V2_Mid.tex
===== Image 'external/fig_Acou_AHXin_V1V2_Mid0' is up-to-date. ======
)
LaTeX Info: Symbol \textminus not provided by
            font family iwonal in TS1 encoding.
            Default family used instead on input line 740.


[79]

[80 <./external/fig_Acou_CHXin_V1V2_Mid0.pdf> <./external/fig_Acou_Regmid_V1V2_Mid0.pdf> <./external/fig_Acou_AHXin_V1V2_Mid0.pdf>]
LaTeX Info: Symbol \textminus not provided by
            font family iwonal in TS1 encoding.
            Default family used instead on input line 746.
LaTeX Info: Symbol \textminus not provided by
            font family iwonal in TS1 encoding.
            Default family used instead on input line 746.
LaTeX Info: Symbol \textminus not provided by
            font family iwonal in TS1 encoding.
            Default family used instead on input line 746.
LaTeX Info: Symbol \textminus not provided by
            font family iwonal in TS1 encoding.
            Default family used instead on input line 746.
 (../fig/fig_ConvNat_Acou/tex/fig_Acou_CHXin_H1H2_High.tex
===== Image 'external/fig_Acou_CHXin_H1H2_High0' is up-to-date. ======
) (../fig/fig_ConvNat_Acou/tex/fig_Acou_Regmid_H1H2_High.tex
===== Image 'external/fig_Acou_Regmid_H1H2_High0' is up-to-date. ======
) (../fig/fig_ConvNat_Acou/tex/fig_Acou_AHXin_H1H2_High.tex
===== Image 'external/fig_Acou_AHXin_H1H2_High0' is up-to-date. ======
)
File: ./external/fig_OrientationCore_H10.pdf Graphic file (type pdf)
<use ./external/fig_OrientationCore_H10.pdf>
Package pdftex.def Info: ./external/fig_OrientationCore_H10.pdf  used on input line 793.
(pdftex.def)             Requested size: 61.86597pt x 98.40991pt.
File: ./external/fig_OrientationCore_H20.pdf Graphic file (type pdf)
<use ./external/fig_OrientationCore_H20.pdf>
Package pdftex.def Info: ./external/fig_OrientationCore_H20.pdf  used on input line 797.
(pdftex.def)             Requested size: 78.28377pt x 94.151pt.
LaTeX Info: Symbol \textminus not provided by
            font family iwonal in TS1 encoding.
            Default family used instead on input line 805.
LaTeX Info: Symbol \textminus not provided by
            font family iwonal in TS1 encoding.
            Default family used instead on input line 805.
LaTeX Info: Symbol \textminus not provided by
            font family iwonal in TS1 encoding.
            Default family used instead on input line 809.
LaTeX Info: Symbol \textminus not provided by
            font family iwonal in TS1 encoding.
            Default family used instead on input line 809.
LaTeX Info: Symbol \textminus not provided by
            font family iwonal in TS1 encoding.
            Default family used instead on input line 809.


[81]

[82 <./external/fig_Acou_CHXin_H1H2_High0.pdf> <./external/fig_Acou_Regmid_H1H2_High0.pdf> <./external/fig_Acou_AHXin_H1H2_High0.pdf>] (../fig/fig_ConvNat_Acou/tex/fig_Acou_CHXin_V1V2_High.tex
===== Image 'external/fig_Acou_CHXin_V1V2_High0' is up-to-date. ======
)
File: ./external/fig_OrientationCore_V10.pdf Graphic file (type pdf)
<use ./external/fig_OrientationCore_V10.pdf>
Package pdftex.def Info: ./external/fig_OrientationCore_V10.pdf  used on input line 833.
(pdftex.def)             Requested size: 75.50389pt x 94.151pt.
File: ./external/fig_OrientationCore_V20.pdf Graphic file (type pdf)
<use ./external/fig_OrientationCore_V20.pdf>
Package pdftex.def Info: ./external/fig_OrientationCore_V20.pdf  used on input line 837.
(pdftex.def)             Requested size: 75.50389pt x 94.151pt.
 (../fig/fig_ConvNat_Acou/tex/fig_Acou_Regmid_V1V2_High.tex
===== Image 'external/fig_Acou_Regmid_V1V2_High0' is up-to-date. ======
) (../fig/fig_ConvNat_Acou/tex/fig_Acou_AHXin_V1V2_High.tex
===== Image 'external/fig_Acou_AHXin_V1V2_High0' is up-to-date. ======
)
LaTeX Info: Symbol \textminus not provided by
            font family iwonal in TS1 encoding.
            Default family used instead on input line 863.
LaTeX Info: Symbol \textminus not provided by
            font family iwonal in TS1 encoding.
            Default family used instead on input line 867.
LaTeX Info: Symbol \textminus not provided by
            font family iwonal in TS1 encoding.
            Default family used instead on input line 867.
LaTeX Info: Symbol \textminus not provided by
            font family iwonal in TS1 encoding.
            Default family used instead on input line 867.


[83]

[84 <./external/fig_Acou_CHXin_V1V2_High0.pdf> <./external/fig_Acou_Regmid_V1V2_High0.pdf> <./external/fig_Acou_AHXin_V1V2_High0.pdf>] (../fig/fig_PerfConvNat/tex/fig_PerfConvNat_TaTf_DR2.tex
===== Image 'external/fig_PerfConvNat_TaTf_DR20' is up-to-date. ======
) (../fig/fig_PerfConvNat/tex/fig_PerfConvNat_TaTf_DR35.tex
===== Image 'external/fig_PerfConvNat_TaTf_DR350' is up-to-date. ======
)
File: ./external/fig_OrientationCore_V10.pdf Graphic file (type pdf)
<use ./external/fig_OrientationCore_V10.pdf>
Package pdftex.def Info: ./external/fig_OrientationCore_V10.pdf  used on input line 941.
(pdftex.def)             Requested size: 95.13564pt x 118.63118pt.
File: ./external/fig_OrientationCore_V20.pdf Graphic file (type pdf)
<use ./external/fig_OrientationCore_V20.pdf>
Package pdftex.def Info: ./external/fig_OrientationCore_V20.pdf  used on input line 944.
(pdftex.def)             Requested size: 95.13564pt x 118.63118pt.
File: ./external/fig_OrientationCore_H10.pdf Graphic file (type pdf)
<use ./external/fig_OrientationCore_H10.pdf>
Package pdftex.def Info: ./external/fig_OrientationCore_H10.pdf  used on input line 947.
(pdftex.def)             Requested size: 77.95172pt x 123.99745pt.
File: ./external/fig_OrientationCore_H20.pdf Graphic file (type pdf)
<use ./external/fig_OrientationCore_H20.pdf>
Package pdftex.def Info: ./external/fig_OrientationCore_H20.pdf  used on input line 950.
(pdftex.def)             Requested size: 98.6383pt x 118.63118pt.
 (../fig/fig_PerfConvNat/tex/fig_PerfConvNat_Qa_DR2.tex
===== Image 'external/fig_PerfConvNat_Qa_DR20' is up-to-date. ======
) (../fig/fig_PerfConvNat/tex/fig_PerfConvNat_Qa_DR35.tex
===== Image 'external/fig_PerfConvNat_Qa_DR350' is up-to-date. ======
)
File: ./external/fig_OrientationCore_V10.pdf Graphic file (type pdf)
<use ./external/fig_OrientationCore_V10.pdf>
Package pdftex.def Info: ./external/fig_OrientationCore_V10.pdf  used on input line 1067.
(pdftex.def)             Requested size: 98.15413pt x 122.39516pt.
File: ./external/fig_OrientationCore_V20.pdf Graphic file (type pdf)
<use ./external/fig_OrientationCore_V20.pdf>
Package pdftex.def Info: ./external/fig_OrientationCore_V20.pdf  used on input line 1070.
(pdftex.def)             Requested size: 98.15413pt x 122.39516pt.
File: ./external/fig_OrientationCore_H10.pdf Graphic file (type pdf)
<use ./external/fig_OrientationCore_H10.pdf>
Package pdftex.def Info: ./external/fig_OrientationCore_H10.pdf  used on input line 1073.
(pdftex.def)             Requested size: 80.42499pt x 127.93169pt.
File: ./external/fig_OrientationCore_H20.pdf Graphic file (type pdf)
<use ./external/fig_OrientationCore_H20.pdf>
Package pdftex.def Info: ./external/fig_OrientationCore_H20.pdf  used on input line 1076.
(pdftex.def)             Requested size: 101.76793pt x 122.39516pt.


[85]

[86 <./external/fig_PerfConvNat_TaTf_DR20.pdf> <./external/fig_PerfConvNat_TaTf_DR350.pdf>] Excluding 'comment' comment. (../fig/fig_PerfConvNat/tex/fig_PerfConvNat_COP_DR2.tex
===== Image 'external/fig_PerfConvNat_COP_DR20' is up-to-date. ======
) (../fig/fig_PerfConvNat/tex/fig_PerfConvNat_COP_DR35.tex
===== Image 'external/fig_PerfConvNat_COP_DR350' is up-to-date. ======
)
File: ./external/fig_OrientationCore_V10.pdf Graphic file (type pdf)
<use ./external/fig_OrientationCore_V10.pdf>
Package pdftex.def Info: ./external/fig_OrientationCore_V10.pdf  used on input line 1299.
(pdftex.def)             Requested size: 98.15413pt x 122.39516pt.
File: ./external/fig_OrientationCore_V20.pdf Graphic file (type pdf)
<use ./external/fig_OrientationCore_V20.pdf>
Package pdftex.def Info: ./external/fig_OrientationCore_V20.pdf  used on input line 1302.
(pdftex.def)             Requested size: 98.15413pt x 122.39516pt.
File: ./external/fig_OrientationCore_H10.pdf Graphic file (type pdf)
<use ./external/fig_OrientationCore_H10.pdf>
Package pdftex.def Info: ./external/fig_OrientationCore_H10.pdf  used on input line 1305.
(pdftex.def)             Requested size: 80.42499pt x 127.93169pt.
File: ./external/fig_OrientationCore_H20.pdf Graphic file (type pdf)
<use ./external/fig_OrientationCore_H20.pdf>
Package pdftex.def Info: ./external/fig_OrientationCore_H20.pdf  used on input line 1308.
(pdftex.def)             Requested size: 101.76793pt x 122.39516pt.


[87 <./external/fig_PerfConvNat_Qa_DR20.pdf> <./external/fig_PerfConvNat_Qa_DR350.pdf>]

[88 <./external/fig_PerfConvNat_COP_DR20.pdf> <./external/fig_PerfConvNat_COP_DR350.pdf>])

[89] (./Conclusion.tex

[90]
Chapitre V.


[91

]

[92]
<../fig/fig_CanisterPlastique/fig_CanisterPlastique.pdf, id=4496, 2810.21107pt x 1378.27618pt>
File: ../fig/fig_CanisterPlastique/fig_CanisterPlastique.pdf Graphic file (type pdf)
<use ../fig/fig_CanisterPlastique/fig_CanisterPlastique.pdf>
Package pdftex.def Info: ../fig/fig_CanisterPlastique/fig_CanisterPlastique.pdf  used on input line 69.
(pdftex.def)             Requested size: 338.5863pt x 166.05899pt.


[93 <../fig/fig_CanisterPlastique/fig_CanisterPlastique.pdf>]
===== Image 'external/fig_ActiveControl_ADAU17010' is up-to-date. ======
===== Image 'external/fig_ActiveControl_Teensy410' is up-to-date. ======
LaTeX Info: Symbol \textmu not provided by
            font family iwonal in TS1 encoding.
            Default family used instead on input line 117.
<../fig/fig_CiareCSW7012EVO/CSW7012EVO.jpg, id=4528, 501.875pt x 501.875pt>
File: ../fig/fig_CiareCSW7012EVO/CSW7012EVO.jpg Graphic file (type jpg)
<use ../fig/fig_CiareCSW7012EVO/CSW7012EVO.jpg>
Package pdftex.def Info: ../fig/fig_CiareCSW7012EVO/CSW7012EVO.jpg  used on input line 125.
(pdftex.def)             Requested size: 142.26239pt x 142.26378pt.


[94 <./external/fig_ActiveControl_ADAU17010.pdf> <./external/fig_ActiveControl_Teensy410.pdf

pdfTeX warning: pdflatex.exe (file ./external/fig_ActiveControl_Teensy410.pdf): PDF inclusion: multiple pdfs with page group included in a single page
> <../fig/fig_CiareCSW7012EVO/CSW7012EVO.jpg>] (../fig/fig_ConvNatComsol/tex/fig_Geometrie_FeedbackLoop.tex
===== Image 'external/fig_Geometrie_FeedbackLoop0' is up-to-date. ======
)

[95 <./external/fig_Geometrie_FeedbackLoop0.pdf>])

[96] (./CoeffH_Transitoire.tex
Annexe A.
LaTeX Info: Symbol \textminus not provided by
            font family iwonal in TS1 encoding.
            Default family used instead on input line 7.
LaTeX Info: Symbol \textminus not provided by
            font family iwonal in TS1 encoding.
            Default family used instead on input line 7.
LaTeX Info: Symbol \textminus not provided by
            font family iwonal in TS1 encoding.
            Default family used instead on input line 7.
LaTeX Info: Symbol \textminus not provided by
            font family iwonal in TS1 encoding.
            Default family used instead on input line 7.
) (./InstrumHP.tex

[1

]

[2

]
Annexe B.
===== Image 'external/fig_HPPeerless_WithAcc0' is up-to-date. ======
) (./RecapCondExpe.tex

[3]

[4 <./external/fig_HPPeerless_WithAcc0.pdf>]
Annexe C.
LaTeX Info: Symbol \textminus not provided by
            font family iwonal in TS1 encoding.
            Default family used instead on input line 14.
LaTeX Info: Symbol \textminus not provided by
            font family iwonal in TS1 encoding.
            Default family used instead on input line 19.
LaTeX Info: Symbol \textminus not provided by
            font family iwonal in TS1 encoding.
            Default family used instead on input line 26.
LaTeX Info: Symbol \textminus not provided by
            font family iwonal in TS1 encoding.
            Default family used instead on input line 27.
LaTeX Info: Symbol \textminus not provided by
            font family iwonal in TS1 encoding.
            Default family used instead on input line 28.
LaTeX Info: Symbol \textminus not provided by
            font family iwonal in TS1 encoding.
            Default family used instead on input line 29.
LaTeX Info: Symbol \textminus not provided by
            font family iwonal in TS1 encoding.
            Default family used instead on input line 30.
LaTeX Info: Symbol \textminus not provided by
            font family iwonal in TS1 encoding.
            Default family used instead on input line 31.
LaTeX Info: Symbol \textminus not provided by
            font family iwonal in TS1 encoding.
            Default family used instead on input line 32.
LaTeX Info: Symbol \textminus not provided by
            font family iwonal in TS1 encoding.
            Default family used instead on input line 36.
LaTeX Info: Symbol \textminus not provided by
            font family iwonal in TS1 encoding.
            Default family used instead on input line 37.
LaTeX Info: Symbol \textminus not provided by
            font family iwonal in TS1 encoding.
            Default family used instead on input line 38.
LaTeX Info: Symbol \textminus not provided by
            font family iwonal in TS1 encoding.
            Default family used instead on input line 39.
LaTeX Info: Symbol \textminus not provided by
            font family iwonal in TS1 encoding.
            Default family used instead on input line 40.
LaTeX Info: Symbol \textminus not provided by
            font family iwonal in TS1 encoding.
            Default family used instead on input line 41.
LaTeX Info: Symbol \textminus not provided by
            font family iwonal in TS1 encoding.
            Default family used instead on input line 42.
LaTeX Info: Symbol \textminus not provided by
            font family iwonal in TS1 encoding.
            Default family used instead on input line 46.
LaTeX Info: Symbol \textminus not provided by
            font family iwonal in TS1 encoding.
            Default family used instead on input line 47.
LaTeX Info: Symbol \textminus not provided by
            font family iwonal in TS1 encoding.
            Default family used instead on input line 48.
LaTeX Info: Symbol \textminus not provided by
            font family iwonal in TS1 encoding.
            Default family used instead on input line 49.
LaTeX Info: Symbol \textminus not provided by
            font family iwonal in TS1 encoding.
            Default family used instead on input line 50.
LaTeX Info: Symbol \textminus not provided by
            font family iwonal in TS1 encoding.
            Default family used instead on input line 51.
LaTeX Info: Symbol \textminus not provided by
            font family iwonal in TS1 encoding.
            Default family used instead on input line 52.
LaTeX Info: Symbol \textminus not provided by
            font family iwonal in TS1 encoding.
            Default family used instead on input line 56.
LaTeX Info: Symbol \textminus not provided by
            font family iwonal in TS1 encoding.
            Default family used instead on input line 57.
LaTeX Info: Symbol \textminus not provided by
            font family iwonal in TS1 encoding.
            Default family used instead on input line 58.
LaTeX Info: Symbol \textminus not provided by
            font family iwonal in TS1 encoding.
            Default family used instead on input line 59.
LaTeX Info: Symbol \textminus not provided by
            font family iwonal in TS1 encoding.
            Default family used instead on input line 60.
LaTeX Info: Symbol \textminus not provided by
            font family iwonal in TS1 encoding.
            Default family used instead on input line 61.
LaTeX Info: Symbol \textminus not provided by
            font family iwonal in TS1 encoding.
            Default family used instead on input line 62.
[5

]) (./DeltaECProgrammeComplet.tex

[6]
Annexe D.


[7

]

[8]


pdfTeX warning (ext4): destination with the same identifier (name{page.i}) has been already used, duplicate ignored
<to be read again> 
                   \relax 
l.411 \end{verbatim}
                     [9]

[10]

[11]

[12]

[13])

[14]

[1


]

[2]

[3]

[4] (./Abstract.tex











)

[5

] (./_main_.aux)
 ***********
LaTeX2e <2025-06-01> patch level 1
L3 programming layer <2025-06-30>
 ***********
Package rerunfilecheck Info: File `_main_.out' has not changed.
(rerunfilecheck)             Checksum: 35218F355404212CC8385768E1C3280C;22895.
Package logreq Info: Writing requests to '_main_.run.xml'.
\openout1 = `_main_.run.xml'.

 ) 
Here is how much of TeX's memory you used:
 79681 strings out of 467821
 2011068 string characters out of 5436562
 3286475 words of memory out of 5000000
 106360 multiletter control sequences out of 15000+600000
 815076 words of font info for 206 fonts, out of 8000000 for 9000
 1141 hyphenation exceptions out of 8191
 84i,16n,159p,3040b,2942s stack positions out of 10000i,1000n,20000p,200000b,200000s

pdfTeX warning (dest): name{table.C.1} has been referenced but does not exist, replaced by a fixed one


pdfTeX warning (dest): name{table.4.1} has been referenced but does not exist, replaced by a fixed one

<c:/texlive/2025/texmf-dist/fonts/type1/public/amsfonts/euler/eufm10.pfb><c:/texlive/2025/texmf-dist/fonts/type1/nowacki/iwona/iwonal.pfb><c:/texlive/2025/texmf-dist/fonts/type1/nowacki/iwona/iwonali.pfb><c:/texlive/2025/texmf-dist/fonts/type1/nowacki/iwona/iwonam.pfb><c:/texlive/2025/texmf-dist/fonts/type1/nowacki/iwona/iwonami.pfb><c:/texlive/2025/texmf-dist/fonts/type1/public/amsfonts/symbols/msam10.pfb><c:/texlive/2025/texmf-dist/fonts/type1/public/cm-super/sfrm0700.pfb><c:/texlive/2025/texmf-dist/fonts/type1/public/cm-super/sfrm0800.pfb><c:/texlive/2025/texmf-dist/fonts/type1/public/cm-super/sfrm1095.pfb><c:/texlive/2025/texmf-dist/fonts/type1/public/cm-super/sfss0800.pfb><c:/texlive/2025/texmf-dist/fonts/type1/public/cm-super/sftt0900.pfb><c:/texlive/2025/texmf-dist/fonts/type1/public/cm-super/sftt1000.pfb><c:/texlive/2025/texmf-dist/fonts/type1/public/cm-super/sftt1095.pfb>
Output written on _main_.pdf (125 pages, 46450756 bytes).
PDF statistics:
 4951 PDF objects out of 5155 (max. 8388607)
 3571 compressed objects within 36 object streams
 524 named destinations out of 1000 (max. 500000)
 1571 words of extra memory for PDF output out of 10000 (max. 10000000)

