This is pdfTeX, Version 3.141592653-2.6-1.40.27 (MiKTeX 25.3) (preloaded format=pdflatex 2025.4.12)  6 MAY 2025 12:29
entering extended mode
 \write18 enabled.
 %&-line parsing enabled.
**\def\tikzexternalrealjob{_main_}\input{_main_}
(_main_.tex
(C:\Users\juliette utilisateur\AppData\Local\Programs\MiKTeX\tex/latex/base\boo
k.cls
Document Class: book 2024/06/29 v1.4n Standard LaTeX document class

(C:\Users\juliette utilisateur\AppData\Local\Programs\MiKTeX\tex/latex/base\bk1
1.clo
File: bk11.clo 2024/06/29 v1.4n Standard LaTeX file (size option)
)
\c@part=\count196
\c@chapter=\count197
\c@section=\count198
\c@subsection=\count199
\c@subsubsection=\count266
\c@paragraph=\count267
\c@subparagraph=\count268
\c@figure=\count269
\c@table=\count270
\abovecaptionskip=\skip49
\belowcaptionskip=\skip50
\bibindent=\dimen141
)
(C:\Users\juliette utilisateur\AppData\Local\Programs\MiKTeX\tex/latex/iwona\iw
ona.sty
Package: iwona 2005/10/03 v.1.2 Iwona package (MW)
\c@mv@iwona=\count271
\c@mv@iwonabold=\count272
LaTeX Font Info:    Overwriting symbol font `operators' in version `iwona'
(Font)                  OT1/cmr/m/n --> OT1/iwonalm/m/n on input line 58.
LaTeX Font Info:    Overwriting symbol font `letters' in version `iwona'
(Font)                  OML/cmm/m/it --> OML/iwonal/m/it on input line 59.
LaTeX Font Info:    Overwriting symbol font `symbols' in version `iwona'
(Font)                  OMS/cmsy/m/n --> OMS/iwonal/m/n on input line 60.
LaTeX Font Info:    Overwriting symbol font `largesymbols' in version `iwona'
(Font)                  OMX/cmex/m/n --> OMX/iwonal/m/n on input line 61.
LaTeX Font Info:    Overwriting symbol font `operators' in version `iwonabold'
(Font)                  OT1/cmr/m/n --> OT1/iwonalm/b/n on input line 62.
LaTeX Font Info:    Overwriting symbol font `letters' in version `iwonabold'
(Font)                  OML/cmm/m/it --> OML/iwonal/b/it on input line 63.
LaTeX Font Info:    Overwriting symbol font `symbols' in version `iwonabold'
(Font)                  OMS/cmsy/m/n --> OMS/iwonal/b/n on input line 64.
LaTeX Font Info:    Overwriting symbol font `largesymbols' in version `iwonabol
d'
(Font)                  OMX/cmex/m/n --> OMX/iwonal/b/n on input line 65.
LaTeX Font Info:    Overwriting math alphabet `\mathbf' in version `iwona'
(Font)                  OT1/cmr/bx/n --> OT1/iwonal/bx/n on input line 67.
LaTeX Font Info:    Overwriting math alphabet `\mathsf' in version `iwona'
(Font)                  OT1/cmss/m/n --> OT1/iwonal/m/n on input line 68.
LaTeX Font Info:    Overwriting math alphabet `\mathit' in version `iwona'
(Font)                  OT1/cmr/m/it --> OT1/iwonal/m/it on input line 69.
LaTeX Font Info:    Overwriting math alphabet `\mathtt' in version `iwona'
(Font)                  OT1/cmtt/m/n --> OT1/iwonal/m/n on input line 70.
LaTeX Font Info:    Overwriting math alphabet `\mathsf' in version `iwonabold'
(Font)                  OT1/cmss/m/n --> OT1/iwonal/bx/n on input line 71.
LaTeX Font Info:    Overwriting math alphabet `\mathit' in version `iwonabold'
(Font)                  OT1/cmr/m/it --> OT1/iwonal/bx/it on input line 72.
)
(C:\Users\juliette utilisateur\AppData\Local\Programs\MiKTeX\tex/latex/base\inp
utenc.sty
Package: inputenc 2024/02/08 v1.3d Input encoding file
\inpenc@prehook=\toks17
\inpenc@posthook=\toks18
)
(C:\Users\juliette utilisateur\AppData\Local\Programs\MiKTeX\tex/latex/base\fon
tenc.sty
Package: fontenc 2021/04/29 v2.0v Standard LaTeX package
LaTeX Font Info:    Trying to load font information for T1+iwonal on input line
 116.

(C:\Users\juliette utilisateur\AppData\Local\Programs\MiKTeX\tex/latex/iwona\t1
iwonal.fd
File: t1iwonal.fd 2008/07/22 v0.995 font definition file for T1/iwonal (MW)
))
(C:\Users\juliette utilisateur\AppData\Local\Programs\MiKTeX\tex/latex/tools\la
yout.sty
Package: layout 2023-08-20 v1.2e Show layout parameters
\oneinch=\count273
\cnt@paperwidth=\count274
\cnt@paperheight=\count275
\cnt@hoffset=\count276
\cnt@voffset=\count277
\cnt@textheight=\count278
\cnt@textwidth=\count279
\cnt@topmargin=\count280
\cnt@oddsidemargin=\count281
\cnt@evensidemargin=\count282
\cnt@headheight=\count283
\cnt@headsep=\count284
\cnt@marginparsep=\count285
\cnt@marginparwidth=\count286
\cnt@marginparpush=\count287
\cnt@footskip=\count288
\fheight=\count289
\ref@top=\count290
\ref@hoffset=\count291
\ref@voffset=\count292
\ref@head=\count293
\ref@body=\count294
\ref@foot=\count295
\ref@margin=\count296
\ref@marginwidth=\count297
\ref@marginpar=\count298
\Interval=\count299
\ExtraYPos=\count300
\PositionX=\count301
\PositionY=\count302
\ArrowLength=\count303
)
(C:\Users\juliette utilisateur\AppData\Local\Programs\MiKTeX\tex/generic/babel\
babel.sty
Package: babel 2025/03/27 v25.6 The multilingual framework for pdfLaTeX, LuaLaT
eX and XeLaTeX
\babel@savecnt=\count304
\U@D=\dimen142
\l@unhyphenated=\language79

(C:\Users\juliette utilisateur\AppData\Local\Programs\MiKTeX\tex/generic/babel\
txtbabel.def)
\bbl@readstream=\read2
\bbl@dirlevel=\count305
*************************************
* Local config file bblopts.cfg used
*

(C:\Users\juliette utilisateur\AppData\Local\Programs\MiKTeX\tex/latex/arabi\bb
lopts.cfg
File: bblopts.cfg 2005/09/08 v0.1 add Arabic and Farsi to "declared" options of
 babel
)
(C:\Users\juliette utilisateur\AppData\Local\Programs\MiKTeX\tex/generic/babel-
french\french.ldf
Language: french 2024-07-25 v3.6c French support from the babel system
Package babel Info: Hyphen rules for 'acadian' set to \l@french
(babel)             (\language22). Reported on input line 91.
Package babel Info: Hyphen rules for 'canadien' set to \l@french
(babel)             (\language22). Reported on input line 92.
\FB@stdchar=\count306
Package babel Info: Making : an active character on input line 421.
Package babel Info: Making ; an active character on input line 422.
Package babel Info: Making ! an active character on input line 423.
Package babel Info: Making ? an active character on input line 424.
\FBguill@level=\count307
\FBold@everypar=\toks19
\FB@Mht=\dimen143
\mc@charclass=\count308
\mc@charfam=\count309
\mc@charslot=\count310
\std@mcc=\count311
\dec@mcc=\count312
\FB@parskip=\dimen144
\listindentFB=\dimen145
\descindentFB=\dimen146
\labelindentFB=\dimen147
\labelwidthFB=\dimen148
\leftmarginFB=\dimen149
\parindentFFN=\dimen150
\FBfnindent=\dimen151
))
(C:\Users\juliette utilisateur\AppData\Local\Programs\MiKTeX\tex/generic/babel/
locale/fr\babel-french.tex
Package babel Info: Importing font and identification data for french
(babel)             from babel-fr.ini. Reported on input line 11.
)
(C:\Users\juliette utilisateur\AppData\Local\Programs\MiKTeX\tex/latex/carlisle
\scalefnt.sty)
(C:\Users\juliette utilisateur\AppData\Local\Programs\MiKTeX\tex/latex/csquotes
\csquotes.sty
Package: csquotes 2024-04-04 v5.2o context-sensitive quotations (JAW)

(C:\Users\juliette utilisateur\AppData\Local\Programs\MiKTeX\tex/latex/etoolbox
\etoolbox.sty
Package: etoolbox 2025/02/11 v2.5l e-TeX tools for LaTeX (JAW)
\etb@tempcnta=\count313
)
(C:\Users\juliette utilisateur\AppData\Local\Programs\MiKTeX\tex/latex/graphics
\keyval.sty
Package: keyval 2022/05/29 v1.15 key=value parser (DPC)
\KV@toks@=\toks20
)
\csq@reset=\count314
\csq@gtype=\count315
\csq@glevel=\count316
\csq@qlevel=\count317
\csq@maxlvl=\count318
\csq@tshold=\count319
\csq@ltx@everypar=\toks21

(C:\Users\juliette utilisateur\AppData\Local\Programs\MiKTeX\tex/latex/csquotes
\csquotes.def
File: csquotes.def 2024-04-04 v5.2o csquotes generic definitions (JAW)
)
Package csquotes Info: Trying to load configuration file 'csquotes.cfg'...
Package csquotes Info: ... configuration file loaded successfully.

(C:\Users\juliette utilisateur\AppData\Local\Programs\MiKTeX\tex/latex/csquotes
\csquotes.cfg
File: csquotes.cfg 
))
(C:\Users\juliette utilisateur\AppData\Local\Programs\MiKTeX\tex/latex/wrapfig\
wrapfig.sty
\wrapoverhang=\dimen152
\WF@size=\dimen153
\c@WF@wrappedlines=\count320
\WF@box=\box52
\WF@everypar=\toks22
Package: wrapfig 2003/01/31  v 3.6
)
(C:\Users\juliette utilisateur\AppData\Local\Programs\MiKTeX\tex/latex/comment\
comment.sty
\CommentStream=\write3
Excluding comment 'comment')
(C:\Users\juliette utilisateur\AppData\Local\Programs\MiKTeX\tex/latex/tools\mu
lticol.sty
Package: multicol 2024/09/14 v1.9i multicolumn formatting (FMi)
\c@tracingmulticols=\count321
\mult@box=\box53
\multicol@leftmargin=\dimen154
\c@unbalance=\count322
\c@collectmore=\count323
\doublecol@number=\count324
\multicoltolerance=\count325
\multicolpretolerance=\count326
\full@width=\dimen155
\page@free=\dimen156
\premulticols=\dimen157
\postmulticols=\dimen158
\multicolsep=\skip51
\multicolbaselineskip=\skip52
\partial@page=\box54
\last@line=\box55
\mc@boxedresult=\box56
\maxbalancingoverflow=\dimen159
\mult@rightbox=\box57
\mult@grightbox=\box58
\mult@firstbox=\box59
\mult@gfirstbox=\box60
\@tempa=\box61
\@tempa=\box62
\@tempa=\box63
\@tempa=\box64
\@tempa=\box65
\@tempa=\box66
\@tempa=\box67
\@tempa=\box68
\@tempa=\box69
\@tempa=\box70
\@tempa=\box71
\@tempa=\box72
\@tempa=\box73
\@tempa=\box74
\@tempa=\box75
\@tempa=\box76
\@tempa=\box77
\@tempa=\box78
\@tempa=\box79
\@tempa=\box80
\@tempa=\box81
\@tempa=\box82
\@tempa=\box83
\@tempa=\box84
\@tempa=\box85
\@tempa=\box86
\@tempa=\box87
\@tempa=\box88
\@tempa=\box89
\@tempa=\box90
\@tempa=\box91
\@tempa=\box92
\@tempa=\box93
\@tempa=\box94
\@tempa=\box95
\@tempa=\box96
\c@minrows=\count327
\c@columnbadness=\count328
\c@finalcolumnbadness=\count329
\last@try=\dimen160
\multicolovershoot=\dimen161
\multicolundershoot=\dimen162
\mult@nat@firstbox=\box97
\colbreak@box=\box98
\mc@col@check@num=\count330
)
(C:\Users\juliette utilisateur\AppData\Local\Programs\MiKTeX\tex/latex/tools\ar
ray.sty
Package: array 2024/10/17 v2.6g Tabular extension package (FMi)
\col@sep=\dimen163
\ar@mcellbox=\box99
\extrarowheight=\dimen164
\NC@list=\toks23
\extratabsurround=\skip53
\backup@length=\skip54
\ar@cellbox=\box100
)
(C:\Users\juliette utilisateur\AppData\Local\Programs\MiKTeX\tex/latex/tools\lo
ngtable.sty
Package: longtable 2024-10-27 v4.22 Multi-page Table package (DPC)
\LTleft=\skip55
\LTright=\skip56
\LTpre=\skip57
\LTpost=\skip58
\LTchunksize=\count331
\LTcapwidth=\dimen165
\LT@head=\box101
\LT@firsthead=\box102
\LT@foot=\box103
\LT@lastfoot=\box104
\LT@gbox=\box105
\LT@cols=\count332
\LT@rows=\count333
\c@LT@tables=\count334
\c@LT@chunks=\count335
\LT@p@ftn=\toks24
)
(C:\Users\juliette utilisateur\AppData\Local\Programs\MiKTeX\tex/latex/arydshln
\arydshln.sty
Package: arydshln 2019/02/21 v1.76 
\dashlinedash=\dimen166
\dashlinegap=\dimen167
\adl@box=\box106
\adl@height=\dimen168
\adl@heightsave=\dimen169
\adl@depth=\dimen170
\adl@depthsave=\dimen171
\adl@finaldepth=\dimen172
\adl@columns=\count336
\adl@ncol=\count337
\adl@currentcolumn=\count338
\adl@currentcolumnsave=\count339
\adl@totalheight=\count340
\adl@totalheightsave=\count341
\adl@dash=\count342
\adl@gap=\count343
\adl@cla=\count344
\adl@clb=\count345
\adl@everyvbox=\toks25
\adl@LTpagetotal=\dimen173
)
(C:\Users\juliette utilisateur\AppData\Local\Programs\MiKTeX\tex/latex/tabularr
ay\tabularray.sty
Package: tabularray 2025-03-11 v2025A Typeset tabulars and arrays with LaTeX3
\l__tblr_a_int=\count346
\l__tblr_c_int=\count347
\l__tblr_r_int=\count348
\l__tblr_d_dim=\dimen174
\l__tblr_h_dim=\dimen175
\l__tblr_o_dim=\dimen176
\l__tblr_p_dim=\dimen177
\l__tblr_q_dim=\dimen178
\l__tblr_r_dim=\dimen179
\l__tblr_s_dim=\dimen180
\l__tblr_t_dim=\dimen181
\l__tblr_v_dim=\dimen182
\l__tblr_w_dim=\dimen183
\l__tblr_a_box=\box107
\l__tblr_b_box=\box108
\l__tblr_c_box=\box109
\l__tblr_d_box=\box110
\c@tblrcount=\count349
\c@rownum=\count350
\c@colnum=\count351
\c@rowcount=\count352
\c@colcount=\count353
\abovesep=\dimen184
\belowsep=\dimen185
\leftsep=\dimen186
\rightsep=\dimen187
\gTblrLevelInt=\count354
\g__tblr_data_row_key_count_int=\count355
\g__tblr_data_column_key_count_int=\count356
\g__tblr_data_cell_key_count_int=\count357
\g__tblr_array_int=\count358
\l__tblr_key_count_int=\count359
\l__tblr_key_quotient_int=\count360
\l__tblr_key_quotient_two_int=\count361
\l__tblr_key_remainder_int=\count362
\g__tblr_data_str_value_count_int=\count363
\lTblrChildTotalInt=\count364
\lTblrChildHtotalInt=\count365
\lTblrChildVtotalInt=\count366
\l__child_diff_h_int=\count367
\l__child_diff_v_int=\count368
\l__child_sign_h_int=\count369
\l__child_sign_v_int=\count370
\l__child_step_int=\count371
\lTblrDefaultHruleWidthDim=\dimen188
\lTblrDefaultVruleWidthDim=\dimen189
\l__tblr_split_balance_int=\count372
\l__tblr_strut_dp_dim=\dimen190
\l__tblr_strut_ht_dim=\dimen191
\g__tblr_cell_wd_dim=\dimen192
\g__tblr_cell_ht_dim=\dimen193
\g__tblr_cell_head_dim=\dimen194
\g__tblr_cell_foot_dim=\dimen195
\l__tblr_measured_cell_box=\box111
\g__tblr_last_box=\box112
\l__tblr_temp_box=\box113
\l__tblr_column_target_dim=\dimen196
\l__tblr_hfuzz_dim=\dimen197
\l__tblr_caption_box=\box114
\l__tblr_caption_left_box=\box115
\lTblrRowHeadInt=\count373
\lTblrRowFootInt=\count374
\l__tblr_row_head_box=\box116
\l__tblr_row_foot_box=\box117
\l__tblr_row_head_foot_dim=\dimen198
\lTblrTableWidthDim=\dimen199
\l__tblr_table_firsthead_box=\box118
\l__tblr_table_middlehead_box=\box119
\l__tblr_table_lasthead_box=\box120
\l__tblr_table_firstfoot_box=\box121
\l__tblr_table_middlefoot_box=\box122
\l__tblr_table_lastfoot_box=\box123
\l__tblr_remain_height_dim=\dimen256
\l__tblr_long_from_int=\count375
\l__tblr_long_to_int=\count376
\l__tblr_curr_i_int=\count377
\l__tblr_prev_i_int=\count378
\lTblrTablePageInt=\count379
\l__tblr_table_head_box=\box124
\l__tblr_table_foot_box=\box125
\l__tblr_table_head_foot_dim=\dimen257
\l__tblr_table_head_body_foot_dim=\dimen258
\l__tblr_table_box=\box126
\lTblrRowFirstInt=\count380
\lTblrRowLastInt=\count381
\l__tblr_table_hlines_box=\box127
\l__tblr_hline_box=\box128
\l__tblr_row_box=\box129
\l__tblr_col_o_wd_dim=\dimen259
\l__tblr_col_b_wd_dim=\dimen260
\l__tblr_hline_leftskip_dim=\dimen261
\l__tblr_hline_rightskip_dim=\dimen262
\l__tblr_row_ht_dim=\dimen263
\l__tblr_row_dp_dim=\dimen264
\l__tblr_row_abovesep_dim=\dimen265
\l__tblr_row_belowsep_dim=\dimen266
\l__tblr_row_vlines_box=\box130
\l__tblr_vline_box=\box131
\l__tblr_cell_box=\box132
\l__tblr_row_upper_dim=\dimen267
\l__tblr_row_lower_dim=\dimen268
\l__tblr_row_vpace_dim=\dimen269
\l__tblr_vline_aboveskip_dim=\dimen270
\l__tblr_vline_belowskip_dim=\dimen271
\lTblrCellRowSpanInt=\count382
\lTblrCellColSpanInt=\count383
\l__tblr_cell_wd_dim=\dimen272
\l__tblr_cell_ht_dim=\dimen273
\lTblrCellAboveBorderWidthDim=\dimen274
\lTblrCellBelowBorderWidthDim=\dimen275
\lTblrCellLeftBorderWidthDim=\dimen276
\lTblrCellRightBorderWidthDim=\dimen277
\l__tblr_diag_box=\box133
\l__tblr_cell_inner_wd_dim=\dimen278
\l__tblr_cell_inner_dp_dim=\dimen279
\l__tblr_cell_hanchor_dim=\dimen280
\l__tblr_last_cell_table_ht_dim=\dimen281
\l__tblr_last_cell_table_dp_dim=\dimen282
\l__tblr_last_vline_wd_dim=\dimen283
\l__tblr_tikz_node_box=\box134
)
(C:\Users\juliette utilisateur\AppData\Local\Programs\MiKTeX\tex/latex/float\fl
oat.sty
Package: float 2001/11/08 v1.3d Float enhancements (AL)
\c@float@type=\count384
\float@exts=\toks26
\float@box=\box135
\@float@everytoks=\toks27
\@floatcapt=\box136
)
(C:\Users\juliette utilisateur\AppData\Local\Programs\MiKTeX\tex/latex/xcolor\x
color.sty
Package: xcolor 2024/09/29 v3.02 LaTeX color extensions (UK)

(C:\Users\juliette utilisateur\AppData\Local\Programs\MiKTeX\tex/latex/graphics
-cfg\color.cfg
File: color.cfg 2016/01/02 v1.6 sample color configuration
)
Package xcolor Info: Driver file: pdftex.def on input line 274.

(C:\Users\juliette utilisateur\AppData\Local\Programs\MiKTeX\tex/latex/graphics
-def\pdftex.def
File: pdftex.def 2024/04/13 v1.2c Graphics/color driver for pdftex
)
(C:\Users\juliette utilisateur\AppData\Local\Programs\MiKTeX\tex/latex/graphics
\mathcolor.ltx)
Package xcolor Info: Model `cmy' substituted by `cmy0' on input line 1349.
Package xcolor Info: Model `hsb' substituted by `rgb' on input line 1353.
Package xcolor Info: Model `RGB' extended on input line 1365.
Package xcolor Info: Model `HTML' substituted by `rgb' on input line 1367.
Package xcolor Info: Model `Hsb' substituted by `hsb' on input line 1368.
Package xcolor Info: Model `tHsb' substituted by `hsb' on input line 1369.
Package xcolor Info: Model `HSB' substituted by `hsb' on input line 1370.
Package xcolor Info: Model `Gray' substituted by `gray' on input line 1371.
Package xcolor Info: Model `wave' substituted by `hsb' on input line 1372.
)
(C:\Users\juliette utilisateur\AppData\Local\Programs\MiKTeX\tex/latex/graphics
\dvipsnam.def
File: dvipsnam.def 2016/06/17 v3.0m Driver-dependent file (DPC,SPQR)
)
(C:\Users\juliette utilisateur\AppData\Local\Programs\MiKTeX\tex/latex/ninecolo
rs\ninecolors.sty
Package: ninecolors 2022-02-13 v2022D Select colors with proper color contrast

(C:\Users\juliette utilisateur\AppData\Local\Programs\MiKTeX\tex/latex/l3packag
es/xparse\xparse.sty
(C:\Users\juliette utilisateur\AppData\Local\Programs\MiKTeX\tex/latex/l3kernel
\expl3.sty
Package: expl3 2025-01-18 L3 programming layer (loader) 

(C:\Users\juliette utilisateur\AppData\Local\Programs\MiKTeX\tex/latex/l3backen
d\l3backend-pdftex.def
File: l3backend-pdftex.def 2024-05-08 L3 backend support: PDF output (pdfTeX)
\l__color_backend_stack_int=\count385
\l__pdf_internal_box=\box137
))
Package: xparse 2024-08-16 L3 Experimental document command parser
)) (Plasma.tex) (Inferno.tex)
(C:\Users\juliette utilisateur\AppData\Local\Programs\MiKTeX\tex/latex/amsmath\
amsmath.sty
Package: amsmath 2024/11/05 v2.17t AMS math features
\@mathmargin=\skip59
For additional information on amsmath, use the `?' option.

(C:\Users\juliette utilisateur\AppData\Local\Programs\MiKTeX\tex/latex/amsmath\
amstext.sty
Package: amstext 2021/08/26 v2.01 AMS text

(C:\Users\juliette utilisateur\AppData\Local\Programs\MiKTeX\tex/latex/amsmath\
amsgen.sty
File: amsgen.sty 1999/11/30 v2.0 generic functions
\@emptytoks=\toks28
\ex@=\dimen284
))
(C:\Users\juliette utilisateur\AppData\Local\Programs\MiKTeX\tex/latex/amsmath\
amsbsy.sty
Package: amsbsy 1999/11/29 v1.2d Bold Symbols
\pmbraise@=\dimen285
)
(C:\Users\juliette utilisateur\AppData\Local\Programs\MiKTeX\tex/latex/amsmath\
amsopn.sty
Package: amsopn 2022/04/08 v2.04 operator names
)
\inf@bad=\count386
LaTeX Info: Redefining \frac on input line 233.
\uproot@=\count387
\leftroot@=\count388
LaTeX Info: Redefining \overline on input line 398.
LaTeX Info: Redefining \colon on input line 409.
\classnum@=\count389
\DOTSCASE@=\count390
LaTeX Info: Redefining \ldots on input line 495.
LaTeX Info: Redefining \dots on input line 498.
LaTeX Info: Redefining \cdots on input line 619.
\Mathstrutbox@=\box138
\strutbox@=\box139
LaTeX Info: Redefining \big on input line 721.
LaTeX Info: Redefining \Big on input line 722.
LaTeX Info: Redefining \bigg on input line 723.
LaTeX Info: Redefining \Bigg on input line 724.
\big@size=\dimen286
LaTeX Font Info:    Redeclaring font encoding OML on input line 742.
LaTeX Font Info:    Redeclaring font encoding OMS on input line 743.
\macc@depth=\count391
LaTeX Info: Redefining \bmod on input line 904.
LaTeX Info: Redefining \pmod on input line 909.
LaTeX Info: Redefining \smash on input line 939.
LaTeX Info: Redefining \relbar on input line 969.
LaTeX Info: Redefining \Relbar on input line 970.
\c@MaxMatrixCols=\count392
\dotsspace@=\muskip17
\c@parentequation=\count393
\dspbrk@lvl=\count394
\tag@help=\toks29
\row@=\count395
\column@=\count396
\maxfields@=\count397
\andhelp@=\toks30
\eqnshift@=\dimen287
\alignsep@=\dimen288
\tagshift@=\dimen289
\tagwidth@=\dimen290
\totwidth@=\dimen291
\lineht@=\dimen292
\@envbody=\toks31
\multlinegap=\skip60
\multlinetaggap=\skip61
\mathdisplay@stack=\toks32
LaTeX Info: Redefining \[ on input line 2953.
LaTeX Info: Redefining \] on input line 2954.
)
(C:\Users\juliette utilisateur\AppData\Local\Programs\MiKTeX\tex/latex/amsfonts
\amssymb.sty
Package: amssymb 2013/01/14 v3.01 AMS font symbols

(C:\Users\juliette utilisateur\AppData\Local\Programs\MiKTeX\tex/latex/amsfonts
\amsfonts.sty
Package: amsfonts 2013/01/14 v3.01 Basic AMSFonts support
\symAMSa=\mathgroup4
\symAMSb=\mathgroup5
LaTeX Font Info:    Redeclaring math symbol \hbar on input line 98.
LaTeX Font Info:    Overwriting math alphabet `\mathfrak' in version `bold'
(Font)                  U/euf/m/n --> U/euf/b/n on input line 106.
))
(C:\Users\juliette utilisateur\AppData\Local\Programs\MiKTeX\tex/latex/jknappen
\mathrsfs.sty
Package: mathrsfs 1996/01/01 Math RSFS package v1.0 (jk)
\symrsfs=\mathgroup6
)
(C:\Users\juliette utilisateur\AppData\Local\Programs\MiKTeX\tex/latex/base\mak
eidx.sty
Package: makeidx 2021/10/04 v1.0m Standard LaTeX package
)
(C:\Users\juliette utilisateur\AppData\Local\Programs\MiKTeX\tex/latex/enumitem
\enumitem.sty
Package: enumitem 2025/02/06 v3.11 Customized lists
\labelindent=\skip62
\enit@outerparindent=\dimen293
\enit@toks=\toks33
\enit@inbox=\box140
\enit@count@id=\count398
\enitdp@description=\count399
)
(C:\Users\juliette utilisateur\AppData\Local\Programs\MiKTeX\tex/latex/tools\ta
bularx.sty
Package: tabularx 2023/12/11 v2.12a `tabularx' package (DPC)
\TX@col@width=\dimen294
\TX@old@table=\dimen295
\TX@old@col=\dimen296
\TX@target=\dimen297
\TX@delta=\dimen298
\TX@cols=\count400
\TX@ftn=\toks34
)
(C:\Users\juliette utilisateur\AppData\Local\Programs\MiKTeX\tex/latex/stmaryrd
\stmaryrd.sty
Package: stmaryrd 1994/03/03 St Mary's Road symbol package
\symstmry=\mathgroup7
LaTeX Font Info:    Overwriting symbol font `stmry' in version `bold'
(Font)                  U/stmry/m/n --> U/stmry/b/n on input line 89.
)
(C:\Users\juliette utilisateur\AppData\Local\Programs\MiKTeX\tex/latex/mathtool
s\mathtools.sty
Package: mathtools 2024/10/04 v1.31 mathematical typesetting tools

(C:\Users\juliette utilisateur\AppData\Local\Programs\MiKTeX\tex/latex/tools\ca
lc.sty
Package: calc 2023/07/08 v4.3 Infix arithmetic (KKT,FJ)
\calc@Acount=\count401
\calc@Bcount=\count402
\calc@Adimen=\dimen299
\calc@Bdimen=\dimen300
\calc@Askip=\skip63
\calc@Bskip=\skip64
LaTeX Info: Redefining \setlength on input line 80.
LaTeX Info: Redefining \addtolength on input line 81.
\calc@Ccount=\count403
\calc@Cskip=\skip65
)
(C:\Users\juliette utilisateur\AppData\Local\Programs\MiKTeX\tex/latex/mathtool
s\mhsetup.sty
Package: mhsetup 2021/03/18 v1.4 programming setup (MH)
)
\g_MT_multlinerow_int=\count404
\l_MT_multwidth_dim=\dimen301
\origjot=\skip66
\l_MT_shortvdotswithinadjustabove_dim=\dimen302
\l_MT_shortvdotswithinadjustbelow_dim=\dimen303
\l_MT_above_intertext_sep=\dimen304
\l_MT_below_intertext_sep=\dimen305
\l_MT_above_shortintertext_sep=\dimen306
\l_MT_below_shortintertext_sep=\dimen307
\xmathstrut@box=\box141
\xmathstrut@dim=\dimen308
)
(C:\Users\juliette utilisateur\AppData\Local\Programs\MiKTeX\tex/latex/units\ni
cefrac.sty
Package: nicefrac 1998/08/04 v0.9b Nice fractions
\L@UnitsRaiseDisplaystyle=\skip67
\L@UnitsRaiseTextstyle=\skip68
\L@UnitsRaiseScriptstyle=\skip69

(C:\Users\juliette utilisateur\AppData\Local\Programs\MiKTeX\tex/latex/base\ift
hen.sty
Package: ifthen 2024/03/16 v1.1e Standard LaTeX ifthen package (DPC)
))
(C:\Users\juliette utilisateur\AppData\Local\Programs\MiKTeX\tex/latex/tools\bm
.sty
Package: bm 2023/12/19 v1.2f Bold Symbol Support (DPC/FMi)
\symboldoperators=\mathgroup8
\symboldletters=\mathgroup9
\symboldsymbols=\mathgroup10
\symboldlargesymbols=\mathgroup11
Package bm Info: No bold for \U/msa/m/n, using \pmb.
Package bm Info: No bold for \U/msb/m/n, using \pmb.
Package bm Info: No bold for \U/rsfs/m/n, using \pmb.
LaTeX Font Info:    Redeclaring math alphabet \mathbf on input line 149.
)
(C:\Users\juliette utilisateur\AppData\Local\Programs\MiKTeX\tex/latex/mwe\mwe.
sty
Package: mwe 2018/03/30 v0.5 Package to support minimal working examples (MWE)

(C:\Users\juliette utilisateur\AppData\Local\Programs\MiKTeX\tex/latex/graphics
\graphicx.sty
Package: graphicx 2021/09/16 v1.2d Enhanced LaTeX Graphics (DPC,SPQR)

(C:\Users\juliette utilisateur\AppData\Local\Programs\MiKTeX\tex/latex/graphics
\graphics.sty
Package: graphics 2024/08/06 v1.4g Standard LaTeX Graphics (DPC,SPQR)

(C:\Users\juliette utilisateur\AppData\Local\Programs\MiKTeX\tex/latex/graphics
\trig.sty
Package: trig 2023/12/02 v1.11 sin cos tan (DPC)
)
(C:\Users\juliette utilisateur\AppData\Local\Programs\MiKTeX\tex/latex/graphics
-cfg\graphics.cfg
File: graphics.cfg 2016/06/04 v1.11 sample graphics configuration
)
Package graphics Info: Driver file: pdftex.def on input line 106.
)
\Gin@req@height=\dimen309
\Gin@req@width=\dimen310
)
(C:\Users\juliette utilisateur\AppData\Local\Programs\MiKTeX\tex/latex/lipsum\l
ipsum.sty
(C:\Users\juliette utilisateur\AppData\Local\Programs\MiKTeX\tex/latex/l3packag
es/l3keys2e\l3keys2e.sty
Package: l3keys2e 2024-08-16 LaTeX2e option processing using LaTeX3 keys
)
Package: lipsum 2021-09-20 v2.7 150 paragraphs of Lorem Ipsum dummy text
\g__lipsum_par_int=\count405
\l__lipsum_a_int=\count406
\l__lipsum_b_int=\count407

(C:\Users\juliette utilisateur\AppData\Local\Programs\MiKTeX\tex/latex/lipsum\l
ipsum.ltd.tex))
(C:\Users\juliette utilisateur\AppData\Local\Programs\MiKTeX\tex/latex/blindtex
t\blindtext.sty
Package: blindtext 2012/01/06 V2.0 blindtext-Package

(C:\Users\juliette utilisateur\AppData\Local\Programs\MiKTeX\tex/latex/tools\xs
pace.sty
Package: xspace 2014/10/28 v1.13 Space after command names (DPC,MH)
)
\c@blindtext=\count408
\c@Blindtext=\count409
\c@blind@countparstart=\count410
\blind@countxx=\count411
\blindtext@numBlindtext=\count412
\blind@countyy=\count413
\c@blindlist=\count414
\c@blindlistlevel=\count415
\c@blindlist@level=\count416
\blind@listitem=\count417
\c@blind@listcount=\count418
\c@blind@levelcount=\count419
\blind@mathformula=\count420
\blind@Mathformula=\count421
\c@blind@randomcount=\count422
\c@blind@randommax=\count423
\c@blind@pangramcount=\count424
\c@blind@pangrammax=\count425
))
(C:\Users\juliette utilisateur\AppData\Local\Programs\MiKTeX\tex/latex/caption\
caption.sty
Package: caption 2023/08/05 v3.6o Customizing captions (AR)

(C:\Users\juliette utilisateur\AppData\Local\Programs\MiKTeX\tex/latex/caption\
caption3.sty
Package: caption3 2023/07/31 v2.4d caption3 kernel (AR)
\caption@tempdima=\dimen311
\captionmargin=\dimen312
\caption@leftmargin=\dimen313
\caption@rightmargin=\dimen314
\caption@width=\dimen315
\caption@indent=\dimen316
\caption@parindent=\dimen317
\caption@hangindent=\dimen318
Package caption Info: Standard document class detected.
Package caption Info: french babel package is loaded.
)
\c@caption@flags=\count426
\c@continuedfloat=\count427
Package caption Info: float package is loaded.
Package caption Info: longtable package is loaded.

(C:\Users\juliette utilisateur\AppData\Local\Programs\MiKTeX\tex/latex/caption\
ltcaption.sty
Package: ltcaption 2021/01/08 v1.4c longtable captions (AR)
)
Package caption Info: wrapfig package is loaded.
)
(C:\Users\juliette utilisateur\AppData\Local\Programs\MiKTeX\tex/latex/caption\
subcaption.sty
Package: subcaption 2023/07/28 v1.6b Sub-captions (AR)
Package caption Info: New subtype `subfigure' on input line 238.
\c@subfigure=\count428
Package caption Info: New subtype `subtable' on input line 238.
\c@subtable=\count429
)
(C:\Users\juliette utilisateur\AppData\Local\Programs\MiKTeX\tex/latex/tools\dc
olumn.sty
Package: dcolumn 2023/07/08 v1.06 decimal alignment package (DPC)
)
(C:\Users\juliette utilisateur\AppData\Local\Programs\MiKTeX\tex/latex/geometry
\geometry.sty
Package: geometry 2020/01/02 v5.9 Page Geometry

(C:\Users\juliette utilisateur\AppData\Local\Programs\MiKTeX\tex/generic/iftex\
ifvtex.sty
Package: ifvtex 2019/10/25 v1.7 ifvtex legacy package. Use iftex instead.

(C:\Users\juliette utilisateur\AppData\Local\Programs\MiKTeX\tex/generic/iftex\
iftex.sty
Package: iftex 2024/12/12 v1.0g TeX engine tests
))
\Gm@cnth=\count430
\Gm@cntv=\count431
\c@Gm@tempcnt=\count432
\Gm@bindingoffset=\dimen319
\Gm@wd@mp=\dimen320
\Gm@odd@mp=\dimen321
\Gm@even@mp=\dimen322
\Gm@layoutwidth=\dimen323
\Gm@layoutheight=\dimen324
\Gm@layouthoffset=\dimen325
\Gm@layoutvoffset=\dimen326
\Gm@dimlist=\toks35

(C:\Users\juliette utilisateur\AppData\Local\Programs\MiKTeX\tex/latex/geometry
\geometry.cfg))
(C:\Users\juliette utilisateur\AppData\Local\Programs\MiKTeX\tex/latex/fancyhdr
\fancyhdr.sty
Package: fancyhdr 2025/02/07 v5.2 Extensive control of page headers and footers

\f@nch@headwidth=\skip70
\f@nch@offset@elh=\skip71
\f@nch@offset@erh=\skip72
\f@nch@offset@olh=\skip73
\f@nch@offset@orh=\skip74
\f@nch@offset@elf=\skip75
\f@nch@offset@erf=\skip76
\f@nch@offset@olf=\skip77
\f@nch@offset@orf=\skip78
\f@nch@height=\skip79
\f@nch@footalignment=\skip80
\f@nch@widthL=\skip81
\f@nch@widthC=\skip82
\f@nch@widthR=\skip83
\@temptokenb=\toks36
)
(C:\Users\juliette utilisateur\AppData\Local\Programs\MiKTeX\tex/latex/siunitx\
siunitx.sty
Package: siunitx 2025-03-26 v3.4.8 A comprehensive (SI) units package
\l__siunitx_number_uncert_offset_int=\count433
\l__siunitx_number_exponent_fixed_int=\count434
\l__siunitx_number_min_decimal_int=\count435
\l__siunitx_number_min_integer_int=\count436
\l__siunitx_number_round_precision_int=\count437
\l__siunitx_number_lower_threshold_int=\count438
\l__siunitx_number_upper_threshold_int=\count439
\l__siunitx_number_group_first_int=\count440
\l__siunitx_number_group_size_int=\count441
\l__siunitx_number_group_minimum_int=\count442
\l__siunitx_angle_tmp_dim=\dimen327
\l__siunitx_angle_marker_box=\box142
\l__siunitx_angle_unit_box=\box143
\l__siunitx_compound_count_int=\count443

(C:\Users\juliette utilisateur\AppData\Local\Programs\MiKTeX\tex/latex/translat
ions\translations.sty
Package: translations 2022/02/05 v1.12 internationalization of LaTeX2e packages
 (CN)

(C:\Users\juliette utilisateur\AppData\Local\Programs\MiKTeX\tex/generic/pdftex
cmds\pdftexcmds.sty
Package: pdftexcmds 2020-06-27 v0.33 Utility functions of pdfTeX for LuaTeX (HO
)

(C:\Users\juliette utilisateur\AppData\Local\Programs\MiKTeX\tex/generic/infwar
err\infwarerr.sty
Package: infwarerr 2019/12/03 v1.5 Providing info/warning/error messages (HO)
)
(C:\Users\juliette utilisateur\AppData\Local\Programs\MiKTeX\tex/generic/ltxcmd
s\ltxcmds.sty
Package: ltxcmds 2023-12-04 v1.26 LaTeX kernel commands for general use (HO)
)
Package pdftexcmds Info: \pdf@primitive is available.
Package pdftexcmds Info: \pdf@ifprimitive is available.
Package pdftexcmds Info: \pdfdraftmode found.
))
\l__siunitx_table_tmp_box=\box144
\l__siunitx_table_tmp_dim=\dimen328
\l__siunitx_table_column_width_dim=\dimen329
\l__siunitx_table_integer_box=\box145
\l__siunitx_table_decimal_box=\box146
\l__siunitx_table_uncert_box=\box147
\l__siunitx_table_before_box=\box148
\l__siunitx_table_after_box=\box149
\l__siunitx_table_before_dim=\dimen330
\l__siunitx_table_carry_dim=\dimen331
\l__siunitx_unit_tmp_int=\count444
\l__siunitx_unit_position_int=\count445
\l__siunitx_unit_total_int=\count446
)

Package siunitx Info: Option "detect-all" has been deprecated in this release.
(siunitx)             
(siunitx)             Use "mode = match, propagate-math-font = true,
(siunitx)             reset-math-version = false, reset-text-family = false,
(siunitx)             reset-text-series = false, reset-text-shape = false,
(siunitx)             text-family-to-math = true, text-series-to-math = true"
(siunitx)             as a replacement.


(C:\Users\juliette utilisateur\AppData\Local\Programs\MiKTeX\tex/latex/multirow
\multirow.sty
Package: multirow 2024/11/12 v2.9 Span multiple rows of a table
\multirow@colwidth=\skip84
\multirow@cntb=\count447
\multirow@dima=\skip85
\bigstrutjot=\dimen332
)
(C:\Users\juliette utilisateur\AppData\Local\Programs\MiKTeX\tex/latex/etoc\eto
c.sty
Package: etoc 2023/10/29 v1.2d Completely customisable TOCs (JFB)

(C:\Users\juliette utilisateur\AppData\Local\Programs\MiKTeX\tex/latex/kvoption
s\kvoptions.sty
Package: kvoptions 2022-06-15 v3.15 Key value format for package options (HO)

(C:\Users\juliette utilisateur\AppData\Local\Programs\MiKTeX\tex/latex/kvsetkey
s\kvsetkeys.sty
Package: kvsetkeys 2022-10-05 v1.19 Key value parser (HO)
))
\Etoc@toctoks=\toks37
\c@etoc@tocid=\count448
\etoc@framed@titlebox=\box150
\etoc@framed@contentsbox=\box151
)
(C:\Users\juliette utilisateur\AppData\Local\Programs\MiKTeX\tex/latex/hyperref
\hyperref.sty
Package: hyperref 2024-11-05 v7.01l Hypertext links for LaTeX

(C:\Users\juliette utilisateur\AppData\Local\Programs\MiKTeX\tex/generic/kvdefi
nekeys\kvdefinekeys.sty
Package: kvdefinekeys 2019-12-19 v1.6 Define keys (HO)
)
(C:\Users\juliette utilisateur\AppData\Local\Programs\MiKTeX\tex/generic/pdfesc
ape\pdfescape.sty
Package: pdfescape 2019/12/09 v1.15 Implements pdfTeX's escape features (HO)
)
(C:\Users\juliette utilisateur\AppData\Local\Programs\MiKTeX\tex/latex/hycolor\
hycolor.sty
Package: hycolor 2020-01-27 v1.10 Color options for hyperref/bookmark (HO)
)
(C:\Users\juliette utilisateur\AppData\Local\Programs\MiKTeX\tex/latex/hyperref
\nameref.sty
Package: nameref 2023-11-26 v2.56 Cross-referencing by name of section

(C:\Users\juliette utilisateur\AppData\Local\Programs\MiKTeX\tex/latex/refcount
\refcount.sty
Package: refcount 2019/12/15 v3.6 Data extraction from label references (HO)
)
(C:\Users\juliette utilisateur\AppData\Local\Programs\MiKTeX\tex/generic/gettit
lestring\gettitlestring.sty
Package: gettitlestring 2019/12/15 v1.6 Cleanup title references (HO)
)
\c@section@level=\count449
)
(C:\Users\juliette utilisateur\AppData\Local\Programs\MiKTeX\tex/generic/string
enc\stringenc.sty
Package: stringenc 2019/11/29 v1.12 Convert strings between diff. encodings (HO
)
)
\@linkdim=\dimen333
\Hy@linkcounter=\count450
\Hy@pagecounter=\count451

(C:\Users\juliette utilisateur\AppData\Local\Programs\MiKTeX\tex/latex/hyperref
\pd1enc.def
File: pd1enc.def 2024-11-05 v7.01l Hyperref: PDFDocEncoding definition (HO)
Now handling font encoding PD1 ...
... no UTF-8 mapping file for font encoding PD1
)
(C:\Users\juliette utilisateur\AppData\Local\Programs\MiKTeX\tex/generic/intcal
c\intcalc.sty
Package: intcalc 2019/12/15 v1.3 Expandable calculations with integers (HO)
)
\Hy@SavedSpaceFactor=\count452

(C:\Users\juliette utilisateur\AppData\Local\Programs\MiKTeX\tex/latex/hyperref
\puenc.def
File: puenc.def 2024-11-05 v7.01l Hyperref: PDF Unicode definition (HO)
Now handling font encoding PU ...
... no UTF-8 mapping file for font encoding PU
)
Package hyperref Info: Hyper figures OFF on input line 4157.
Package hyperref Info: Link nesting OFF on input line 4162.
Package hyperref Info: Hyper index ON on input line 4165.
Package hyperref Info: Plain pages OFF on input line 4172.
Package hyperref Info: Backreferencing OFF on input line 4177.
Package hyperref Info: Implicit mode ON; LaTeX internals redefined.
Package hyperref Info: Bookmarks ON on input line 4424.
\c@Hy@tempcnt=\count453

(C:\Users\juliette utilisateur\AppData\Local\Programs\MiKTeX\tex/latex/url\url.
sty
\Urlmuskip=\muskip18
Package: url 2013/09/16  ver 3.4  Verb mode for urls, etc.
)
LaTeX Info: Redefining \url on input line 4763.
\XeTeXLinkMargin=\dimen334

(C:\Users\juliette utilisateur\AppData\Local\Programs\MiKTeX\tex/generic/bitset
\bitset.sty
Package: bitset 2019/12/09 v1.3 Handle bit-vector datatype (HO)

(C:\Users\juliette utilisateur\AppData\Local\Programs\MiKTeX\tex/generic/bigint
calc\bigintcalc.sty
Package: bigintcalc 2019/12/15 v1.5 Expandable calculations on big integers (HO
)
))
\Fld@menulength=\count454
\Field@Width=\dimen335
\Fld@charsize=\dimen336
Package hyperref Info: Hyper figures OFF on input line 6042.
Package hyperref Info: Link nesting OFF on input line 6047.
Package hyperref Info: Hyper index ON on input line 6050.
Package hyperref Info: backreferencing OFF on input line 6057.
Package hyperref Info: Link coloring OFF on input line 6062.
Package hyperref Info: Link coloring with OCG OFF on input line 6067.
Package hyperref Info: PDF/A mode OFF on input line 6072.

(C:\Users\juliette utilisateur\AppData\Local\Programs\MiKTeX\tex/latex/base\atb
egshi-ltx.sty
Package: atbegshi-ltx 2021/01/10 v1.0c Emulation of the original atbegshi
package with kernel methods
)
\Hy@abspage=\count455
\c@Item=\count456
\c@Hfootnote=\count457
)
Package hyperref Info: Driver (autodetected): hpdftex.

(C:\Users\juliette utilisateur\AppData\Local\Programs\MiKTeX\tex/latex/hyperref
\hpdftex.def
File: hpdftex.def 2024-11-05 v7.01l Hyperref driver for pdfTeX

(C:\Users\juliette utilisateur\AppData\Local\Programs\MiKTeX\tex/latex/base\atv
eryend-ltx.sty
Package: atveryend-ltx 2020/08/19 v1.0a Emulation of the original atveryend pac
kage
with kernel methods
)
\Fld@listcount=\count458
\c@bookmark@seq@number=\count459

(C:\Users\juliette utilisateur\AppData\Local\Programs\MiKTeX\tex/latex/rerunfil
echeck\rerunfilecheck.sty
Package: rerunfilecheck 2022-07-10 v1.10 Rerun checks for auxiliary files (HO)

(C:\Users\juliette utilisateur\AppData\Local\Programs\MiKTeX\tex/generic/unique
counter\uniquecounter.sty
Package: uniquecounter 2019/12/15 v1.4 Provide unlimited unique counter (HO)
)
Package uniquecounter Info: New unique counter `rerunfilecheck' on input line 2
85.
)
\Hy@SectionHShift=\skip86
)
Package hyperref Info: Option `colorlinks' set `true' on input line 215.

(C:\Users\juliette utilisateur\AppData\Local\Programs\MiKTeX\tex/latex/titlesec
\titlesec.sty
Package: titlesec 2025/01/04 v2.17 Sectioning titles
\ttl@box=\box152
\beforetitleunit=\skip87
\aftertitleunit=\skip88
\ttl@plus=\dimen337
\ttl@minus=\dimen338
\ttl@toksa=\toks38
\titlewidth=\dimen339
\titlewidthlast=\dimen340
\titlewidthfirst=\dimen341
)
(C:\Users\juliette utilisateur\AppData\Local\Programs\MiKTeX\tex/latex/biblatex
\biblatex.sty
Package: biblatex 2024/03/21 v3.20 programmable bibliographies (PK/MW)

(C:\Users\juliette utilisateur\AppData\Local\Programs\MiKTeX\tex/latex/logreq\l
ogreq.sty
Package: logreq 2010/08/04 v1.0 xml request logger
\lrq@indent=\count460

(C:\Users\juliette utilisateur\AppData\Local\Programs\MiKTeX\tex/latex/logreq\l
ogreq.def
File: logreq.def 2010/08/04 v1.0 logreq spec v1.0
))
\c@tabx@nest=\count461
\c@listtotal=\count462
\c@listcount=\count463
\c@liststart=\count464
\c@liststop=\count465
\c@citecount=\count466
\c@citetotal=\count467
\c@multicitecount=\count468
\c@multicitetotal=\count469
\c@instcount=\count470
\c@maxnames=\count471
\c@minnames=\count472
\c@maxitems=\count473
\c@minitems=\count474
\c@citecounter=\count475
\c@maxcitecounter=\count476
\c@savedcitecounter=\count477
\c@uniquelist=\count478
\c@uniquename=\count479
\c@refsection=\count480
\c@refsegment=\count481
\c@maxextratitle=\count482
\c@maxextratitleyear=\count483
\c@maxextraname=\count484
\c@maxextradate=\count485
\c@maxextraalpha=\count486
\c@abbrvpenalty=\count487
\c@highnamepenalty=\count488
\c@lownamepenalty=\count489
\c@maxparens=\count490
\c@parenlevel=\count491
\blx@tempcnta=\count492
\blx@tempcntb=\count493
\blx@tempcntc=\count494
\c@blx@maxsection=\count495
\blx@maxsegment@0=\count496
\blx@notetype=\count497
\blx@parenlevel@text=\count498
\blx@parenlevel@foot=\count499
\blx@sectionciteorder@0=\count500
\blx@sectionciteorderinternal@0=\count501
\blx@entrysetcounter=\count502
\blx@biblioinstance=\count503
\labelnumberwidth=\skip89
\labelalphawidth=\skip90
\biblabelsep=\skip91
\bibitemsep=\skip92
\bibnamesep=\skip93
\bibinitsep=\skip94
\bibparsep=\skip95
\bibhang=\skip96
\blx@bcfin=\read3
\blx@bcfout=\write4
\blx@langwohyphens=\language80
\c@mincomprange=\count504
\c@maxcomprange=\count505
\c@mincompwidth=\count506
Package biblatex Info: Trying to load biblatex default data model...
Package biblatex Info: ... file 'blx-dm.def' found.

(C:\Users\juliette utilisateur\AppData\Local\Programs\MiKTeX\tex/latex/biblatex
\blx-dm.def
File: blx-dm.def 2024/03/21 v3.20 biblatex datamodel (PK/MW)
)
Package biblatex Info: Trying to load biblatex style data model...
Package biblatex Info: ... file 'numeric-comp.dbx' not found.
Package biblatex Info: Trying to load biblatex custom data model...
Package biblatex Info: ... file 'biblatex-dm.cfg' not found.
\c@afterword=\count507
\c@savedafterword=\count508
\c@annotator=\count509
\c@savedannotator=\count510
\c@author=\count511
\c@savedauthor=\count512
\c@bookauthor=\count513
\c@savedbookauthor=\count514
\c@commentator=\count515
\c@savedcommentator=\count516
\c@editor=\count517
\c@savededitor=\count518
\c@editora=\count519
\c@savededitora=\count520
\c@editorb=\count521
\c@savededitorb=\count522
\c@editorc=\count523
\c@savededitorc=\count524
\c@foreword=\count525
\c@savedforeword=\count526
\c@holder=\count527
\c@savedholder=\count528
\c@introduction=\count529
\c@savedintroduction=\count530
\c@namea=\count531
\c@savednamea=\count532
\c@nameb=\count533
\c@savednameb=\count534
\c@namec=\count535
\c@savednamec=\count536
\c@translator=\count537
\c@savedtranslator=\count538
\c@shortauthor=\count539
\c@savedshortauthor=\count540
\c@shorteditor=\count541
\c@savedshorteditor=\count542
\c@labelname=\count543
\c@savedlabelname=\count544
\c@institution=\count545
\c@savedinstitution=\count546
\c@lista=\count547
\c@savedlista=\count548
\c@listb=\count549
\c@savedlistb=\count550
\c@listc=\count551
\c@savedlistc=\count552
\c@listd=\count553
\c@savedlistd=\count554
\c@liste=\count555
\c@savedliste=\count556
\c@listf=\count557
\c@savedlistf=\count558
\c@location=\count559
\c@savedlocation=\count560
\c@organization=\count561
\c@savedorganization=\count562
\c@origlocation=\count563
\c@savedoriglocation=\count564
\c@origpublisher=\count565
\c@savedorigpublisher=\count566
\c@publisher=\count567
\c@savedpublisher=\count568
\c@language=\count569
\c@savedlanguage=\count570
\c@origlanguage=\count571
\c@savedoriglanguage=\count572
\c@pageref=\count573
\c@savedpageref=\count574
\shorthandwidth=\skip97
\shortjournalwidth=\skip98
\shortserieswidth=\skip99
\shorttitlewidth=\skip100
\shortauthorwidth=\skip101
\shorteditorwidth=\skip102
\locallabelnumberwidth=\skip103
\locallabelalphawidth=\skip104
\localshorthandwidth=\skip105
\localshortjournalwidth=\skip106
\localshortserieswidth=\skip107
\localshorttitlewidth=\skip108
\localshortauthorwidth=\skip109
\localshorteditorwidth=\skip110
Package biblatex Info: Trying to load compatibility code...
Package biblatex Info: ... file 'blx-compat.def' found.

(C:\Users\juliette utilisateur\AppData\Local\Programs\MiKTeX\tex/latex/biblatex
\blx-compat.def
File: blx-compat.def 2024/03/21 v3.20 biblatex compatibility (PK/MW)
)
Package biblatex Info: Trying to load generic definitions...
Package biblatex Info: ... file 'biblatex.def' found.

(C:\Users\juliette utilisateur\AppData\Local\Programs\MiKTeX\tex/latex/biblatex
\biblatex.def
File: biblatex.def 2024/03/21 v3.20 biblatex compatibility (PK/MW)
\c@textcitecount=\count575
\c@textcitetotal=\count576
\c@textcitemaxnames=\count577
\c@biburlbigbreakpenalty=\count578
\c@biburlbreakpenalty=\count579
\c@biburlnumpenalty=\count580
\c@biburlucpenalty=\count581
\c@biburllcpenalty=\count582
\biburlbigskip=\muskip19
\biburlnumskip=\muskip20
\biburlucskip=\muskip21
\biburllcskip=\muskip22
\c@smartand=\count583
)
Package biblatex Info: Trying to load bibliography style 'numeric-comp'...
Package biblatex Info: ... file 'numeric-comp.bbx' found.

(C:\Users\juliette utilisateur\AppData\Local\Programs\MiKTeX\tex/latex/biblatex
/bbx\numeric-comp.bbx
File: numeric-comp.bbx 2024/03/21 v3.20 biblatex bibliography style (PK/MW)
Package biblatex Info: Trying to load bibliography style 'numeric'...
Package biblatex Info: ... file 'numeric.bbx' found.

(C:\Users\juliette utilisateur\AppData\Local\Programs\MiKTeX\tex/latex/biblatex
/bbx\numeric.bbx
File: numeric.bbx 2024/03/21 v3.20 biblatex bibliography style (PK/MW)
Package biblatex Info: Trying to load bibliography style 'standard'...
Package biblatex Info: ... file 'standard.bbx' found.

(C:\Users\juliette utilisateur\AppData\Local\Programs\MiKTeX\tex/latex/biblatex
/bbx\standard.bbx
File: standard.bbx 2024/03/21 v3.20 biblatex bibliography style (PK/MW)
\c@bbx:relatedcount=\count584
\c@bbx:relatedtotal=\count585
)))
Package biblatex Info: Trying to load citation style 'numeric-comp'...
Package biblatex Info: ... file 'numeric-comp.cbx' found.

(C:\Users\juliette utilisateur\AppData\Local\Programs\MiKTeX\tex/latex/biblatex
/cbx\numeric-comp.cbx
File: numeric-comp.cbx 2024/03/21 v3.20 biblatex citation style (PK/MW)
\c@cbx@tempcnta=\count586
\c@cbx@tempcntb=\count587
\c@cbx@tempcntc=\count588
\c@cbx@tempcntd=\count589
Package biblatex Info: Redefining '\cite'.
Package biblatex Info: Redefining '\parencite'.
Package biblatex Info: Redefining '\footcite'.
Package biblatex Info: Redefining '\footcitetext'.
Package biblatex Info: Redefining '\smartcite'.
Package biblatex Info: Redefining '\supercite'.
Package biblatex Info: Redefining '\textcite'.
Package biblatex Info: Redefining '\textcites'.
Package biblatex Info: Redefining '\cites'.
Package biblatex Info: Redefining '\parencites'.
Package biblatex Info: Redefining '\smartcites'.
)
Package biblatex Info: Trying to load configuration file...
Package biblatex Info: ... file 'biblatex.cfg' found.

(C:\Users\juliette utilisateur\AppData\Local\Programs\MiKTeX\tex/latex/biblatex
\biblatex.cfg
File: biblatex.cfg 
)
Package biblatex Info: Input encoding 'utf8' detected.
Package biblatex Info: Document encoding is UTF8 ....
Package biblatex Info: ... and expl3
(biblatex)             2025-01-18 L3 programming layer (loader) 
(biblatex)             is new enough (at least 2020/04/06),
(biblatex)             setting 'casechanger=expl3'.

(C:\Users\juliette utilisateur\AppData\Local\Programs\MiKTeX\tex/latex/biblatex
\blx-case-expl3.sty
Package: blx-case-expl3 2024/03/21 v3.20 expl3 case changing code for biblatex
))
(C:\Users\juliette utilisateur\AppData\Local\Programs\MiKTeX\tex/latex/pgf/fron
tendlayer\tikz.sty
(C:\Users\juliette utilisateur\AppData\Local\Programs\MiKTeX\tex/latex/pgf/basi
clayer\pgf.sty
(C:\Users\juliette utilisateur\AppData\Local\Programs\MiKTeX\tex/latex/pgf/util
ities\pgfrcs.sty
(C:\Users\juliette utilisateur\AppData\Local\Programs\MiKTeX\tex/generic/pgf/ut
ilities\pgfutil-common.tex
\pgfutil@everybye=\toks39
\pgfutil@tempdima=\dimen342
\pgfutil@tempdimb=\dimen343
)
(C:\Users\juliette utilisateur\AppData\Local\Programs\MiKTeX\tex/generic/pgf/ut
ilities\pgfutil-latex.def
\pgfutil@abb=\box153
)
(C:\Users\juliette utilisateur\AppData\Local\Programs\MiKTeX\tex/generic/pgf/ut
ilities\pgfrcs.code.tex
(C:\Users\juliette utilisateur\AppData\Local\Programs\MiKTeX\tex/generic/pgf\pg
f.revision.tex)
Package: pgfrcs 2023-01-15 v3.1.10 (3.1.10)
))
Package: pgf 2023-01-15 v3.1.10 (3.1.10)

(C:\Users\juliette utilisateur\AppData\Local\Programs\MiKTeX\tex/latex/pgf/basi
clayer\pgfcore.sty
(C:\Users\juliette utilisateur\AppData\Local\Programs\MiKTeX\tex/latex/pgf/syst
emlayer\pgfsys.sty
(C:\Users\juliette utilisateur\AppData\Local\Programs\MiKTeX\tex/generic/pgf/sy
stemlayer\pgfsys.code.tex
Package: pgfsys 2023-01-15 v3.1.10 (3.1.10)

(C:\Users\juliette utilisateur\AppData\Local\Programs\MiKTeX\tex/generic/pgf/ut
ilities\pgfkeys.code.tex
\pgfkeys@pathtoks=\toks40
\pgfkeys@temptoks=\toks41

(C:\Users\juliette utilisateur\AppData\Local\Programs\MiKTeX\tex/generic/pgf/ut
ilities\pgfkeyslibraryfiltered.code.tex
\pgfkeys@tmptoks=\toks42
))
\pgf@x=\dimen344
\pgf@y=\dimen345
\pgf@xa=\dimen346
\pgf@ya=\dimen347
\pgf@xb=\dimen348
\pgf@yb=\dimen349
\pgf@xc=\dimen350
\pgf@yc=\dimen351
\pgf@xd=\dimen352
\pgf@yd=\dimen353
\w@pgf@writea=\write5
\r@pgf@reada=\read4
\c@pgf@counta=\count590
\c@pgf@countb=\count591
\c@pgf@countc=\count592
\c@pgf@countd=\count593
\t@pgf@toka=\toks43
\t@pgf@tokb=\toks44
\t@pgf@tokc=\toks45
\pgf@sys@id@count=\count594

(C:\Users\juliette utilisateur\AppData\Local\Programs\MiKTeX\tex/generic/pgf/sy
stemlayer\pgf.cfg
File: pgf.cfg 2023-01-15 v3.1.10 (3.1.10)
)
Driver file for pgf: pgfsys-pdftex.def

(C:\Users\juliette utilisateur\AppData\Local\Programs\MiKTeX\tex/generic/pgf/sy
stemlayer\pgfsys-pdftex.def
File: pgfsys-pdftex.def 2023-01-15 v3.1.10 (3.1.10)

(C:\Users\juliette utilisateur\AppData\Local\Programs\MiKTeX\tex/generic/pgf/sy
stemlayer\pgfsys-common-pdf.def
File: pgfsys-common-pdf.def 2023-01-15 v3.1.10 (3.1.10)
)))
(C:\Users\juliette utilisateur\AppData\Local\Programs\MiKTeX\tex/generic/pgf/sy
stemlayer\pgfsyssoftpath.code.tex
File: pgfsyssoftpath.code.tex 2023-01-15 v3.1.10 (3.1.10)
\pgfsyssoftpath@smallbuffer@items=\count595
\pgfsyssoftpath@bigbuffer@items=\count596
)
(C:\Users\juliette utilisateur\AppData\Local\Programs\MiKTeX\tex/generic/pgf/sy
stemlayer\pgfsysprotocol.code.tex
File: pgfsysprotocol.code.tex 2023-01-15 v3.1.10 (3.1.10)
))
(C:\Users\juliette utilisateur\AppData\Local\Programs\MiKTeX\tex/generic/pgf/ba
siclayer\pgfcore.code.tex
Package: pgfcore 2023-01-15 v3.1.10 (3.1.10)

(C:\Users\juliette utilisateur\AppData\Local\Programs\MiKTeX\tex/generic/pgf/ma
th\pgfmath.code.tex
(C:\Users\juliette utilisateur\AppData\Local\Programs\MiKTeX\tex/generic/pgf/ma
th\pgfmathutil.code.tex)
(C:\Users\juliette utilisateur\AppData\Local\Programs\MiKTeX\tex/generic/pgf/ma
th\pgfmathparser.code.tex
\pgfmath@dimen=\dimen354
\pgfmath@count=\count597
\pgfmath@box=\box154
\pgfmath@toks=\toks46
\pgfmath@stack@operand=\toks47
\pgfmath@stack@operation=\toks48
)
(C:\Users\juliette utilisateur\AppData\Local\Programs\MiKTeX\tex/generic/pgf/ma
th\pgfmathfunctions.code.tex)
(C:\Users\juliette utilisateur\AppData\Local\Programs\MiKTeX\tex/generic/pgf/ma
th\pgfmathfunctions.basic.code.tex)
(C:\Users\juliette utilisateur\AppData\Local\Programs\MiKTeX\tex/generic/pgf/ma
th\pgfmathfunctions.trigonometric.code.tex)
(C:\Users\juliette utilisateur\AppData\Local\Programs\MiKTeX\tex/generic/pgf/ma
th\pgfmathfunctions.random.code.tex)
(C:\Users\juliette utilisateur\AppData\Local\Programs\MiKTeX\tex/generic/pgf/ma
th\pgfmathfunctions.comparison.code.tex)
(C:\Users\juliette utilisateur\AppData\Local\Programs\MiKTeX\tex/generic/pgf/ma
th\pgfmathfunctions.base.code.tex)
(C:\Users\juliette utilisateur\AppData\Local\Programs\MiKTeX\tex/generic/pgf/ma
th\pgfmathfunctions.round.code.tex)
(C:\Users\juliette utilisateur\AppData\Local\Programs\MiKTeX\tex/generic/pgf/ma
th\pgfmathfunctions.misc.code.tex)
(C:\Users\juliette utilisateur\AppData\Local\Programs\MiKTeX\tex/generic/pgf/ma
th\pgfmathfunctions.integerarithmetics.code.tex)
(C:\Users\juliette utilisateur\AppData\Local\Programs\MiKTeX\tex/generic/pgf/ma
th\pgfmathcalc.code.tex)
(C:\Users\juliette utilisateur\AppData\Local\Programs\MiKTeX\tex/generic/pgf/ma
th\pgfmathfloat.code.tex
\c@pgfmathroundto@lastzeros=\count598
))
(C:\Users\juliette utilisateur\AppData\Local\Programs\MiKTeX\tex/generic/pgf/ma
th\pgfint.code.tex)
(C:\Users\juliette utilisateur\AppData\Local\Programs\MiKTeX\tex/generic/pgf/ba
siclayer\pgfcorepoints.code.tex
File: pgfcorepoints.code.tex 2023-01-15 v3.1.10 (3.1.10)
\pgf@picminx=\dimen355
\pgf@picmaxx=\dimen356
\pgf@picminy=\dimen357
\pgf@picmaxy=\dimen358
\pgf@pathminx=\dimen359
\pgf@pathmaxx=\dimen360
\pgf@pathminy=\dimen361
\pgf@pathmaxy=\dimen362
\pgf@xx=\dimen363
\pgf@xy=\dimen364
\pgf@yx=\dimen365
\pgf@yy=\dimen366
\pgf@zx=\dimen367
\pgf@zy=\dimen368
)
(C:\Users\juliette utilisateur\AppData\Local\Programs\MiKTeX\tex/generic/pgf/ba
siclayer\pgfcorepathconstruct.code.tex
File: pgfcorepathconstruct.code.tex 2023-01-15 v3.1.10 (3.1.10)
\pgf@path@lastx=\dimen369
\pgf@path@lasty=\dimen370
)
(C:\Users\juliette utilisateur\AppData\Local\Programs\MiKTeX\tex/generic/pgf/ba
siclayer\pgfcorepathusage.code.tex
File: pgfcorepathusage.code.tex 2023-01-15 v3.1.10 (3.1.10)
\pgf@shorten@end@additional=\dimen371
\pgf@shorten@start@additional=\dimen372
)
(C:\Users\juliette utilisateur\AppData\Local\Programs\MiKTeX\tex/generic/pgf/ba
siclayer\pgfcorescopes.code.tex
File: pgfcorescopes.code.tex 2023-01-15 v3.1.10 (3.1.10)
\pgfpic=\box155
\pgf@hbox=\box156
\pgf@layerbox@main=\box157
\pgf@picture@serial@count=\count599
)
(C:\Users\juliette utilisateur\AppData\Local\Programs\MiKTeX\tex/generic/pgf/ba
siclayer\pgfcoregraphicstate.code.tex
File: pgfcoregraphicstate.code.tex 2023-01-15 v3.1.10 (3.1.10)
\pgflinewidth=\dimen373
)
(C:\Users\juliette utilisateur\AppData\Local\Programs\MiKTeX\tex/generic/pgf/ba
siclayer\pgfcoretransformations.code.tex
File: pgfcoretransformations.code.tex 2023-01-15 v3.1.10 (3.1.10)
\pgf@pt@x=\dimen374
\pgf@pt@y=\dimen375
\pgf@pt@temp=\dimen376
)
(C:\Users\juliette utilisateur\AppData\Local\Programs\MiKTeX\tex/generic/pgf/ba
siclayer\pgfcorequick.code.tex
File: pgfcorequick.code.tex 2023-01-15 v3.1.10 (3.1.10)
)
(C:\Users\juliette utilisateur\AppData\Local\Programs\MiKTeX\tex/generic/pgf/ba
siclayer\pgfcoreobjects.code.tex
File: pgfcoreobjects.code.tex 2023-01-15 v3.1.10 (3.1.10)
)
(C:\Users\juliette utilisateur\AppData\Local\Programs\MiKTeX\tex/generic/pgf/ba
siclayer\pgfcorepathprocessing.code.tex
File: pgfcorepathprocessing.code.tex 2023-01-15 v3.1.10 (3.1.10)
)
(C:\Users\juliette utilisateur\AppData\Local\Programs\MiKTeX\tex/generic/pgf/ba
siclayer\pgfcorearrows.code.tex
File: pgfcorearrows.code.tex 2023-01-15 v3.1.10 (3.1.10)
\pgfarrowsep=\dimen377
)
(C:\Users\juliette utilisateur\AppData\Local\Programs\MiKTeX\tex/generic/pgf/ba
siclayer\pgfcoreshade.code.tex
File: pgfcoreshade.code.tex 2023-01-15 v3.1.10 (3.1.10)
\pgf@max=\dimen378
\pgf@sys@shading@range@num=\count600
\pgf@shadingcount=\count601
)
(C:\Users\juliette utilisateur\AppData\Local\Programs\MiKTeX\tex/generic/pgf/ba
siclayer\pgfcoreimage.code.tex
File: pgfcoreimage.code.tex 2023-01-15 v3.1.10 (3.1.10)
)
(C:\Users\juliette utilisateur\AppData\Local\Programs\MiKTeX\tex/generic/pgf/ba
siclayer\pgfcoreexternal.code.tex
File: pgfcoreexternal.code.tex 2023-01-15 v3.1.10 (3.1.10)
\pgfexternal@startupbox=\box158
)
(C:\Users\juliette utilisateur\AppData\Local\Programs\MiKTeX\tex/generic/pgf/ba
siclayer\pgfcorelayers.code.tex
File: pgfcorelayers.code.tex 2023-01-15 v3.1.10 (3.1.10)
)
(C:\Users\juliette utilisateur\AppData\Local\Programs\MiKTeX\tex/generic/pgf/ba
siclayer\pgfcoretransparency.code.tex
File: pgfcoretransparency.code.tex 2023-01-15 v3.1.10 (3.1.10)
)
(C:\Users\juliette utilisateur\AppData\Local\Programs\MiKTeX\tex/generic/pgf/ba
siclayer\pgfcorepatterns.code.tex
File: pgfcorepatterns.code.tex 2023-01-15 v3.1.10 (3.1.10)
)
(C:\Users\juliette utilisateur\AppData\Local\Programs\MiKTeX\tex/generic/pgf/ba
siclayer\pgfcorerdf.code.tex
File: pgfcorerdf.code.tex 2023-01-15 v3.1.10 (3.1.10)
)))
(C:\Users\juliette utilisateur\AppData\Local\Programs\MiKTeX\tex/generic/pgf/mo
dules\pgfmoduleshapes.code.tex
File: pgfmoduleshapes.code.tex 2023-01-15 v3.1.10 (3.1.10)
\pgfnodeparttextbox=\box159
)
(C:\Users\juliette utilisateur\AppData\Local\Programs\MiKTeX\tex/generic/pgf/mo
dules\pgfmoduleplot.code.tex
File: pgfmoduleplot.code.tex 2023-01-15 v3.1.10 (3.1.10)
)
(C:\Users\juliette utilisateur\AppData\Local\Programs\MiKTeX\tex/latex/pgf/comp
atibility\pgfcomp-version-0-65.sty
Package: pgfcomp-version-0-65 2023-01-15 v3.1.10 (3.1.10)
\pgf@nodesepstart=\dimen379
\pgf@nodesepend=\dimen380
)
(C:\Users\juliette utilisateur\AppData\Local\Programs\MiKTeX\tex/latex/pgf/comp
atibility\pgfcomp-version-1-18.sty
Package: pgfcomp-version-1-18 2023-01-15 v3.1.10 (3.1.10)
))
(C:\Users\juliette utilisateur\AppData\Local\Programs\MiKTeX\tex/latex/pgf/util
ities\pgffor.sty
(C:\Users\juliette utilisateur\AppData\Local\Programs\MiKTeX\tex/latex/pgf/util
ities\pgfkeys.sty
(C:\Users\juliette utilisateur\AppData\Local\Programs\MiKTeX\tex/generic/pgf/ut
ilities\pgfkeys.code.tex))
(C:\Users\juliette utilisateur\AppData\Local\Programs\MiKTeX\tex/latex/pgf/math
\pgfmath.sty
(C:\Users\juliette utilisateur\AppData\Local\Programs\MiKTeX\tex/generic/pgf/ma
th\pgfmath.code.tex))
(C:\Users\juliette utilisateur\AppData\Local\Programs\MiKTeX\tex/generic/pgf/ut
ilities\pgffor.code.tex
Package: pgffor 2023-01-15 v3.1.10 (3.1.10)
\pgffor@iter=\dimen381
\pgffor@skip=\dimen382
\pgffor@stack=\toks49
\pgffor@toks=\toks50
))
(C:\Users\juliette utilisateur\AppData\Local\Programs\MiKTeX\tex/generic/pgf/fr
ontendlayer/tikz\tikz.code.tex
Package: tikz 2023-01-15 v3.1.10 (3.1.10)

(C:\Users\juliette utilisateur\AppData\Local\Programs\MiKTeX\tex/generic/pgf/li
braries\pgflibraryplothandlers.code.tex
File: pgflibraryplothandlers.code.tex 2023-01-15 v3.1.10 (3.1.10)
\pgf@plot@mark@count=\count602
\pgfplotmarksize=\dimen383
)
\tikz@lastx=\dimen384
\tikz@lasty=\dimen385
\tikz@lastxsaved=\dimen386
\tikz@lastysaved=\dimen387
\tikz@lastmovetox=\dimen388
\tikz@lastmovetoy=\dimen389
\tikzleveldistance=\dimen390
\tikzsiblingdistance=\dimen391
\tikz@figbox=\box160
\tikz@figbox@bg=\box161
\tikz@tempbox=\box162
\tikz@tempbox@bg=\box163
\tikztreelevel=\count603
\tikznumberofchildren=\count604
\tikznumberofcurrentchild=\count605
\tikz@fig@count=\count606

(C:\Users\juliette utilisateur\AppData\Local\Programs\MiKTeX\tex/generic/pgf/mo
dules\pgfmodulematrix.code.tex
File: pgfmodulematrix.code.tex 2023-01-15 v3.1.10 (3.1.10)
\pgfmatrixcurrentrow=\count607
\pgfmatrixcurrentcolumn=\count608
\pgf@matrix@numberofcolumns=\count609
)
\tikz@expandcount=\count610

(C:\Users\juliette utilisateur\AppData\Local\Programs\MiKTeX\tex/generic/pgf/fr
ontendlayer/tikz/libraries\tikzlibrarytopaths.code.tex
File: tikzlibrarytopaths.code.tex 2023-01-15 v3.1.10 (3.1.10)
)))
(C:\Users\juliette utilisateur\AppData\Local\Programs\MiKTeX\tex/generic/pgf/fr
ontendlayer/tikz/libraries\tikzlibrarypatterns.code.tex
File: tikzlibrarypatterns.code.tex 2023-01-15 v3.1.10 (3.1.10)

(C:\Users\juliette utilisateur\AppData\Local\Programs\MiKTeX\tex/generic/pgf/li
braries\pgflibrarypatterns.code.tex
File: pgflibrarypatterns.code.tex 2023-01-15 v3.1.10 (3.1.10)
))
(C:\Users\juliette utilisateur\AppData\Local\Programs\MiKTeX\tex/generic/pgf/fr
ontendlayer/tikz/libraries\tikzlibrarypatterns.meta.code.tex
(C:\Users\juliette utilisateur\AppData\Local\Programs\MiKTeX\tex/generic/pgf/li
braries\pgflibrarypatterns.meta.code.tex))
(C:\Users\juliette utilisateur\AppData\Local\Programs\MiKTeX\tex/generic/pgf/fr
ontendlayer/tikz/libraries\tikzlibraryshapes.code.tex
File: tikzlibraryshapes.code.tex 2023-01-15 v3.1.10 (3.1.10)

(C:\Users\juliette utilisateur\AppData\Local\Programs\MiKTeX\tex/generic/pgf/fr
ontendlayer/tikz/libraries\tikzlibraryshapes.geometric.code.tex
File: tikzlibraryshapes.geometric.code.tex 2023-01-15 v3.1.10 (3.1.10)

(C:\Users\juliette utilisateur\AppData\Local\Programs\MiKTeX\tex/generic/pgf/li
braries/shapes\pgflibraryshapes.geometric.code.tex
File: pgflibraryshapes.geometric.code.tex 2023-01-15 v3.1.10 (3.1.10)
))
(C:\Users\juliette utilisateur\AppData\Local\Programs\MiKTeX\tex/generic/pgf/fr
ontendlayer/tikz/libraries\tikzlibraryshapes.misc.code.tex
File: tikzlibraryshapes.misc.code.tex 2023-01-15 v3.1.10 (3.1.10)

(C:\Users\juliette utilisateur\AppData\Local\Programs\MiKTeX\tex/generic/pgf/li
braries/shapes\pgflibraryshapes.misc.code.tex
File: pgflibraryshapes.misc.code.tex 2023-01-15 v3.1.10 (3.1.10)
))
(C:\Users\juliette utilisateur\AppData\Local\Programs\MiKTeX\tex/generic/pgf/fr
ontendlayer/tikz/libraries\tikzlibraryshapes.symbols.code.tex
File: tikzlibraryshapes.symbols.code.tex 2023-01-15 v3.1.10 (3.1.10)

(C:\Users\juliette utilisateur\AppData\Local\Programs\MiKTeX\tex/generic/pgf/li
braries/shapes\pgflibraryshapes.symbols.code.tex
File: pgflibraryshapes.symbols.code.tex 2023-01-15 v3.1.10 (3.1.10)
))
(C:\Users\juliette utilisateur\AppData\Local\Programs\MiKTeX\tex/generic/pgf/fr
ontendlayer/tikz/libraries\tikzlibraryshapes.arrows.code.tex
File: tikzlibraryshapes.arrows.code.tex 2023-01-15 v3.1.10 (3.1.10)

(C:\Users\juliette utilisateur\AppData\Local\Programs\MiKTeX\tex/generic/pgf/li
braries/shapes\pgflibraryshapes.arrows.code.tex
File: pgflibraryshapes.arrows.code.tex 2023-01-15 v3.1.10 (3.1.10)
))
(C:\Users\juliette utilisateur\AppData\Local\Programs\MiKTeX\tex/generic/pgf/fr
ontendlayer/tikz/libraries\tikzlibraryshapes.callouts.code.tex
(C:\Users\juliette utilisateur\AppData\Local\Programs\MiKTeX\tex/generic/pgf/li
braries/shapes\pgflibraryshapes.callouts.code.tex))
(C:\Users\juliette utilisateur\AppData\Local\Programs\MiKTeX\tex/generic/pgf/fr
ontendlayer/tikz/libraries\tikzlibraryshapes.multipart.code.tex
File: tikzlibraryshapes.multipart.code.tex 2023-01-15 v3.1.10 (3.1.10)

(C:\Users\juliette utilisateur\AppData\Local\Programs\MiKTeX\tex/generic/pgf/li
braries/shapes\pgflibraryshapes.multipart.code.tex
File: pgflibraryshapes.multipart.code.tex 2023-01-15 v3.1.10 (3.1.10)
\pgfnodepartlowerbox=\box164
\pgfnodeparttwobox=\box165
\pgfnodepartthreebox=\box166
\pgfnodepartfourbox=\box167
\pgfnodeparttwentybox=\box168
\pgfnodepartnineteenbox=\box169
\pgfnodeparteighteenbox=\box170
\pgfnodepartseventeenbox=\box171
\pgfnodepartsixteenbox=\box172
\pgfnodepartfifteenbox=\box173
\pgfnodepartfourteenbox=\box174
\pgfnodepartthirteenbox=\box175
\pgfnodeparttwelvebox=\box176
\pgfnodepartelevenbox=\box177
\pgfnodeparttenbox=\box178
\pgfnodepartninebox=\box179
\pgfnodeparteightbox=\box180
\pgfnodepartsevenbox=\box181
\pgfnodepartsixbox=\box182
\pgfnodepartfivebox=\box183
)))
(C:\Users\juliette utilisateur\AppData\Local\Programs\MiKTeX\tex/generic/pgf/li
braries\pgflibraryarrows.meta.code.tex
File: pgflibraryarrows.meta.code.tex 2023-01-15 v3.1.10 (3.1.10)
\pgfarrowinset=\dimen392
\pgfarrowlength=\dimen393
\pgfarrowwidth=\dimen394
\pgfarrowlinewidth=\dimen395
)
(C:\Users\juliette utilisateur\AppData\Local\Programs\MiKTeX\tex/generic/pgf/fr
ontendlayer/tikz/libraries\tikzlibrarycalc.code.tex
File: tikzlibrarycalc.code.tex 2023-01-15 v3.1.10 (3.1.10)
)
(C:\Users\juliette utilisateur\AppData\Local\Programs\MiKTeX\tex/generic/pgf/fr
ontendlayer/tikz/libraries\tikzlibraryshadows.code.tex
File: tikzlibraryshadows.code.tex 2023-01-15 v3.1.10 (3.1.10)

(C:\Users\juliette utilisateur\AppData\Local\Programs\MiKTeX\tex/generic/pgf/fr
ontendlayer/tikz/libraries\tikzlibraryfadings.code.tex
File: tikzlibraryfadings.code.tex 2023-01-15 v3.1.10 (3.1.10)

(C:\Users\juliette utilisateur\AppData\Local\Programs\MiKTeX\tex/generic/pgf/li
braries\pgflibraryfadings.code.tex
File: pgflibraryfadings.code.tex 2023-01-15 v3.1.10 (3.1.10)
)))
(C:\Users\juliette utilisateur\AppData\Local\Programs\MiKTeX\tex/generic/pgf/fr
ontendlayer/tikz/libraries\tikzlibrarymatrix.code.tex
File: tikzlibrarymatrix.code.tex 2023-01-15 v3.1.10 (3.1.10)
)
(C:\Users\juliette utilisateur\AppData\Local\Programs\MiKTeX\tex/generic/pgf/fr
ontendlayer/tikz/libraries\tikzlibrarydecorations.pathreplacing.code.tex
(C:\Users\juliette utilisateur\AppData\Local\Programs\MiKTeX\tex/generic/pgf/fr
ontendlayer/tikz/libraries\tikzlibrarydecorations.code.tex
(C:\Users\juliette utilisateur\AppData\Local\Programs\MiKTeX\tex/generic/pgf/mo
dules\pgfmoduledecorations.code.tex
\pgfdecoratedcompleteddistance=\dimen396
\pgfdecoratedremainingdistance=\dimen397
\pgfdecoratedinputsegmentcompleteddistance=\dimen398
\pgfdecoratedinputsegmentremainingdistance=\dimen399
\pgf@decorate@distancetomove=\dimen400
\pgf@decorate@repeatstate=\count611
\pgfdecorationsegmentamplitude=\dimen401
\pgfdecorationsegmentlength=\dimen402
)
\tikz@lib@dec@box=\box184
)
(C:\Users\juliette utilisateur\AppData\Local\Programs\MiKTeX\tex/generic/pgf/li
braries/decorations\pgflibrarydecorations.pathreplacing.code.tex))
(C:\Users\juliette utilisateur\AppData\Local\Programs\MiKTeX\tex/generic/pgf/fr
ontendlayer/tikz/libraries\tikzlibraryautomata.code.tex
File: tikzlibraryautomata.code.tex 2023-01-15 v3.1.10 (3.1.10)
)
(C:\Users\juliette utilisateur\AppData\Local\Programs\MiKTeX\tex/generic/pgf/fr
ontendlayer/tikz/libraries\tikzlibrarypositioning.code.tex
File: tikzlibrarypositioning.code.tex 2023-01-15 v3.1.10 (3.1.10)
)
(C:\Users\juliette utilisateur\AppData\Local\Programs\MiKTeX\tex/generic/pgf/fr
ontendlayer/tikz/libraries\tikzlibrarymath.code.tex
(C:\Users\juliette utilisateur\AppData\Local\Programs\MiKTeX\tex/generic/pgf/fr
ontendlayer/tikz/libraries\tikzlibraryfpu.code.tex
(C:\Users\juliette utilisateur\AppData\Local\Programs\MiKTeX\tex/generic/pgf/li
braries\pgflibraryfpu.code.tex))
\tikz@math@for@depth=\count612
\tikz@math@dimen=\dimen403
\tikz@math@toks=\toks51
)
(C:\Users\juliette utilisateur\AppData\Local\Programs\MiKTeX\tex/generic/pgf/fr
ontendlayer/tikz/libraries\tikzlibraryfit.code.tex
File: tikzlibraryfit.code.tex 2023-01-15 v3.1.10 (3.1.10)
)
(C:\Users\juliette utilisateur\AppData\Local\Programs\MiKTeX\tex/generic/pgf/fr
ontendlayer/tikz/libraries\tikzlibraryshadings.code.tex
File: tikzlibraryshadings.code.tex 2023-01-15 v3.1.10 (3.1.10)

(C:\Users\juliette utilisateur\AppData\Local\Programs\MiKTeX\tex/generic/pgf/li
braries\pgflibraryshadings.code.tex
File: pgflibraryshadings.code.tex 2023-01-15 v3.1.10 (3.1.10)
))
(C:\Users\juliette utilisateur\AppData\Local\Programs\MiKTeX\tex/generic/pgf/fr
ontendlayer/tikz/libraries\tikzlibrarymindmap.code.tex
File: tikzlibrarymindmap.code.tex 2023-01-15 v3.1.10 (3.1.10)

(C:\Users\juliette utilisateur\AppData\Local\Programs\MiKTeX\tex/generic/pgf/fr
ontendlayer/tikz/libraries\tikzlibrarytrees.code.tex
File: tikzlibrarytrees.code.tex 2023-01-15 v3.1.10 (3.1.10)
))
(C:\Users\juliette utilisateur\AppData\Local\Programs\MiKTeX\tex/latex/circuiti
kz\circuitikz.sty
Package: circuitikz 2025/03/21{} The CircuiTikz circuit drawing package version
 1.7.2

(C:\Users\juliette utilisateur\AppData\Local\Programs\MiKTeX\tex/generic/pgf/fr
ontendlayer/tikz/libraries\tikzlibrarybending.code.tex
File: tikzlibrarybending.code.tex 2023-01-15 v3.1.10 (3.1.10)

(C:\Users\juliette utilisateur\AppData\Local\Programs\MiKTeX\tex/generic/pgf/mo
dules\pgfmodulebending.code.tex
File: pgfmodulebending.code.tex 2023-01-15 v3.1.10 (3.1.10)

(C:\Users\juliette utilisateur\AppData\Local\Programs\MiKTeX\tex/generic/pgf/mo
dules\pgfmodulenonlineartransformations.code.tex
File: pgfmodulenonlineartransformations.code.tex 2023-01-15 v3.1.10 (3.1.10)
\pgftransformnonlinearflatness=\dimen404
)
(C:\Users\juliette utilisateur\AppData\Local\Programs\MiKTeX\tex/generic/pgf/li
braries\pgflibrarycurvilinear.code.tex
File: pgflibrarycurvilinear.code.tex 2023-01-15 v3.1.10 (3.1.10)
\pgf@curvilinear@time@a=\dimen405
\pgf@curvilinear@length@a=\dimen406
\pgf@curvilinear@length@b=\dimen407
\pgf@curvilinear@length@c=\dimen408
\pgf@curvilinear@length@d=\dimen409
)
\pgf@arrows@the@rigidity=\dimen410
))
(C:\Users\juliette utilisateur\AppData\Local\Programs\MiKTeX\tex/generic/circui
tikz\pgfcirc.defines.tex
\pgf@circ@count@a=\count613
\pgf@circ@count@b=\count614
\pgf@circ@count@c=\count615
\pgf@circ@res@up=\dimen411
\pgf@circ@res@down=\dimen412
\pgf@circ@res@zero=\dimen413
\pgf@circ@res@left=\dimen414
\pgf@circ@res@right=\dimen415
\pgf@circ@res@other=\dimen416
\pgf@circ@res@step=\dimen417
\pgf@circ@res@temp=\dimen418
\pgf@circ@Rlen=\dimen419
\pgf@circ@scaled@Rlen=\dimen420
\pgfstartlinewidth=\dimen421
)
(C:\Users\juliette utilisateur\AppData\Local\Programs\MiKTeX\tex/generic/circui
tikz\pgfcircutils.tex
\ctikz@scratchbox=\box185
)
(C:\Users\juliette utilisateur\AppData\Local\Programs\MiKTeX\tex/generic/circui
tikz\pgfcircpath.tex)
(C:\Users\juliette utilisateur\AppData\Local\Programs\MiKTeX\tex/generic/circui
tikz\pgfcircshapes.tex)
(C:\Users\juliette utilisateur\AppData\Local\Programs\MiKTeX\tex/generic/circui
tikz\pgfcircmonopoles.tex)
(C:\Users\juliette utilisateur\AppData\Local\Programs\MiKTeX\tex/generic/circui
tikz\pgfcircbipoles.tex)
(C:\Users\juliette utilisateur\AppData\Local\Programs\MiKTeX\tex/generic/circui
tikz\pgfcirctripoles.tex
\pgf@circ@res@count=\count616
)
(C:\Users\juliette utilisateur\AppData\Local\Programs\MiKTeX\tex/generic/circui
tikz\pgfcircquadpoles.tex)
(C:\Users\juliette utilisateur\AppData\Local\Programs\MiKTeX\tex/generic/circui
tikz\pgfcircmultipoles.tex)
(C:\Users\juliette utilisateur\AppData\Local\Programs\MiKTeX\tex/generic/circui
tikz\pgfcirclabel.tex)
(C:\Users\juliette utilisateur\AppData\Local\Programs\MiKTeX\tex/generic/circui
tikz\pgfcircvoltage.tex
\pgfcirc@labelshift=\dimen422
)
(C:\Users\juliette utilisateur\AppData\Local\Programs\MiKTeX\tex/generic/circui
tikz\pgfcirccurrent.tex)
(C:\Users\juliette utilisateur\AppData\Local\Programs\MiKTeX\tex/generic/circui
tikz\pgfcircflow.tex))
(C:\Users\juliette utilisateur\AppData\Local\Programs\MiKTeX\tex/generic/pgf/fr
ontendlayer/tikz/libraries\tikzlibrarybabel.code.tex
File: tikzlibrarybabel.code.tex 2023-01-15 v3.1.10 (3.1.10)
)
(C:\Users\juliette utilisateur\AppData\Local\Programs\MiKTeX\tex/generic/pgf/fr
ontendlayer/tikz/libraries\tikzlibraryarrows.code.tex
File: tikzlibraryarrows.code.tex 2023-01-15 v3.1.10 (3.1.10)

(C:\Users\juliette utilisateur\AppData\Local\Programs\MiKTeX\tex/generic/pgf/li
braries\pgflibraryarrows.code.tex
File: pgflibraryarrows.code.tex 2023-01-15 v3.1.10 (3.1.10)
\arrowsize=\dimen423
))
(C:\Users\juliette utilisateur\AppData\Local\Programs\MiKTeX\tex/generic/pgf/fr
ontendlayer/tikz/libraries\tikzlibrarydecorations.pathmorphing.code.tex
(C:\Users\juliette utilisateur\AppData\Local\Programs\MiKTeX\tex/generic/pgf/li
braries/decorations\pgflibrarydecorations.pathmorphing.code.tex))
(C:\Users\juliette utilisateur\AppData\Local\Programs\MiKTeX\tex/generic/pgf/fr
ontendlayer/tikz/libraries\tikzlibrarybackgrounds.code.tex
File: tikzlibrarybackgrounds.code.tex 2023-01-15 v3.1.10 (3.1.10)
\pgf@layerbox@background=\box186
\pgf@layerboxsaved@background=\box187
)
(C:\Users\juliette utilisateur\AppData\Local\Programs\MiKTeX\tex/latex/pgfplots
\pgfplots.sty
(C:\Users\juliette utilisateur\AppData\Local\Programs\MiKTeX\tex/generic/pgfplo
ts\pgfplots.revision.tex)
Package: pgfplots 2021/05/15 v1.18.1 Data Visualization (1.18.1)

(C:\Users\juliette utilisateur\AppData\Local\Programs\MiKTeX\tex/generic/pgfplo
ts\pgfplots.code.tex
(C:\Users\juliette utilisateur\AppData\Local\Programs\MiKTeX\tex/generic/pgfplo
ts\pgfplotscore.code.tex
\t@pgfplots@toka=\toks52
\t@pgfplots@tokb=\toks53
\t@pgfplots@tokc=\toks54
\pgfplots@tmpa=\dimen424
\c@pgfplots@coordindex=\count617
\c@pgfplots@scanlineindex=\count618

(C:\Users\juliette utilisateur\AppData\Local\Programs\MiKTeX\tex/generic/pgfplo
ts/sys\pgfplotssysgeneric.code.tex))
(C:\Users\juliette utilisateur\AppData\Local\Programs\MiKTeX\tex/generic/pgfplo
ts/libs\pgfplotslibrary.code.tex)
(C:\Users\juliette utilisateur\AppData\Local\Programs\MiKTeX\tex/generic/pgfplo
ts/oldpgfcompatib\pgfplotsoldpgfsupp_loader.code.tex
Package pgfplots: loading complementary utilities for your pgf version...
\t@pgf@toka=\toks55
\t@pgf@tokb=\toks56
\t@pgf@tokc=\toks57

(C:\Users\juliette utilisateur\AppData\Local\Programs\MiKTeX\tex/generic/pgfplo
ts/oldpgfcompatib\pgfplotsoldpgfsupp_pgfutil-common-lists.tex))
(C:\Users\juliette utilisateur\AppData\Local\Programs\MiKTeX\tex/generic/pgfplo
ts/util\pgfplotsutil.code.tex
(C:\Users\juliette utilisateur\AppData\Local\Programs\MiKTeX\tex/generic/pgfplo
ts/liststructure\pgfplotsliststructure.code.tex)
(C:\Users\juliette utilisateur\AppData\Local\Programs\MiKTeX\tex/generic/pgfplo
ts/liststructure\pgfplotsliststructureext.code.tex)
(C:\Users\juliette utilisateur\AppData\Local\Programs\MiKTeX\tex/generic/pgfplo
ts/liststructure\pgfplotsarray.code.tex
\c@pgfplotsarray@tmp=\count619
)
(C:\Users\juliette utilisateur\AppData\Local\Programs\MiKTeX\tex/generic/pgfplo
ts/liststructure\pgfplotsmatrix.code.tex)
(C:\Users\juliette utilisateur\AppData\Local\Programs\MiKTeX\tex/generic/pgfplo
ts/numtable\pgfplotstableshared.code.tex
\c@pgfplotstable@counta=\count620
\t@pgfplotstable@a=\toks58
)
(C:\Users\juliette utilisateur\AppData\Local\Programs\MiKTeX\tex/generic/pgfplo
ts/liststructure\pgfplotsdeque.code.tex)
(C:\Users\juliette utilisateur\AppData\Local\Programs\MiKTeX\tex/generic/pgfplo
ts/util\pgfplotsbinary.code.tex
(C:\Users\juliette utilisateur\AppData\Local\Programs\MiKTeX\tex/generic/pgfplo
ts/util\pgfplotsbinary.data.code.tex))
(C:\Users\juliette utilisateur\AppData\Local\Programs\MiKTeX\tex/generic/pgfplo
ts/util\pgfplotsutil.verb.code.tex)
(C:\Users\juliette utilisateur\AppData\Local\Programs\MiKTeX\tex/generic/pgfplo
ts/libs\pgflibrarypgfplots.surfshading.code.tex
\c@pgfplotslibrarysurf@no=\count621

(C:\Users\juliette utilisateur\AppData\Local\Programs\MiKTeX\tex/generic/pgfplo
ts/sys\pgflibrarypgfplots.surfshading.pgfsys-pdftex.def)))
(C:\Users\juliette utilisateur\AppData\Local\Programs\MiKTeX\tex/generic/pgfplo
ts/util\pgfplotscolormap.code.tex
(C:\Users\juliette utilisateur\AppData\Local\Programs\MiKTeX\tex/generic/pgfplo
ts/util\pgfplotscolor.code.tex))
(C:\Users\juliette utilisateur\AppData\Local\Programs\MiKTeX\tex/generic/pgfplo
ts\pgfplotsstackedplots.code.tex)
(C:\Users\juliette utilisateur\AppData\Local\Programs\MiKTeX\tex/generic/pgfplo
ts\pgfplotsplothandlers.code.tex
(C:\Users\juliette utilisateur\AppData\Local\Programs\MiKTeX\tex/generic/pgfplo
ts\pgfplotsmeshplothandler.code.tex
(C:\Users\juliette utilisateur\AppData\Local\Programs\MiKTeX\tex/generic/pgfplo
ts\pgfplotsmeshplotimage.code.tex)))
(C:\Users\juliette utilisateur\AppData\Local\Programs\MiKTeX\tex/generic/pgfplo
ts\pgfplots.scaling.code.tex)
(C:\Users\juliette utilisateur\AppData\Local\Programs\MiKTeX\tex/generic/pgfplo
ts\pgfplotscoordprocessing.code.tex)
(C:\Users\juliette utilisateur\AppData\Local\Programs\MiKTeX\tex/generic/pgfplo
ts\pgfplots.errorbars.code.tex)
(C:\Users\juliette utilisateur\AppData\Local\Programs\MiKTeX\tex/generic/pgfplo
ts\pgfplots.markers.code.tex)
(C:\Users\juliette utilisateur\AppData\Local\Programs\MiKTeX\tex/generic/pgfplo
ts\pgfplotsticks.code.tex)
(C:\Users\juliette utilisateur\AppData\Local\Programs\MiKTeX\tex/generic/pgfplo
ts\pgfplots.paths.code.tex)
(C:\Users\juliette utilisateur\AppData\Local\Programs\MiKTeX\tex/generic/pgfplo
ts/libs\tikzlibrarypgfplots.contourlua.code.tex)
\pgfplots@numplots=\count622
\pgfplots@xmin@reg=\dimen425
\pgfplots@xmax@reg=\dimen426
\pgfplots@ymin@reg=\dimen427
\pgfplots@ymax@reg=\dimen428
\pgfplots@zmin@reg=\dimen429
\pgfplots@zmax@reg=\dimen430
)
(C:\Users\juliette utilisateur\AppData\Local\Programs\MiKTeX\tex/generic/pgf/fr
ontendlayer/tikz/libraries\tikzlibraryplotmarks.code.tex
File: tikzlibraryplotmarks.code.tex 2023-01-15 v3.1.10 (3.1.10)

(C:\Users\juliette utilisateur\AppData\Local\Programs\MiKTeX\tex/generic/pgf/li
braries\pgflibraryplotmarks.code.tex
File: pgflibraryplotmarks.code.tex 2023-01-15 v3.1.10 (3.1.10)
)))
(C:\Users\juliette utilisateur\AppData\Local\Programs\MiKTeX\tex/generic/pgfplo
ts/libs\tikzlibrarypgfplots.patchplots.code.tex)
(C:\Users\juliette utilisateur\AppData\Local\Programs\MiKTeX\tex/generic/pgfplo
ts/libs\tikzlibrarypgfplots.fillbetween.code.tex
(C:\Users\juliette utilisateur\AppData\Local\Programs\MiKTeX\tex/generic/pgfplo
ts/pgfcontrib\tikzlibraryfillbetween.code.tex
(C:\Users\juliette utilisateur\AppData\Local\Programs\MiKTeX\tex/generic/pgf/fr
ontendlayer/tikz/libraries\tikzlibraryintersections.code.tex
(C:\Users\juliette utilisateur\AppData\Local\Programs\MiKTeX\tex/generic/pgf/li
braries\pgflibraryintersections.code.tex
\pgf@intersect@solutions=\count623
))
(C:\Users\juliette utilisateur\AppData\Local\Programs\MiKTeX\tex/generic/pgfplo
ts/pgfcontrib\tikzlibrarydecorations.softclip.code.tex
(C:\Users\juliette utilisateur\AppData\Local\Programs\MiKTeX\tex/generic/pgfplo
ts/pgfcontrib\pgflibraryfillbetween.code.tex)))
(C:\Users\juliette utilisateur\AppData\Local\Programs\MiKTeX\tex/generic/pgfplo
ts/libs\tikzlibrarypgfplots.decorations.softclip.code.tex))
(C:\Users\juliette utilisateur\AppData\Local\Programs\MiKTeX\tex/generic/pgfplo
ts/libs\tikzlibrarypgfplots.polar.code.tex)
(C:\Users\juliette utilisateur\AppData\Local\Programs\MiKTeX\tex/generic/pgfplo
ts/libs\tikzlibrarypgfplots.polar.code.tex) (pgfplotsset_colormap_plasma.tex)
(C:\Users\juliette utilisateur\AppData\Local\Programs\MiKTeX\tex/generic/pgfplo
ts/libs\tikzlibrarypgfplots.external.code.tex
(C:\Users\juliette utilisateur\AppData\Local\Programs\MiKTeX\tex/latex/pgf/fron
tendlayer/libraries\tikzlibraryexternal.code.tex
(C:\Users\juliette utilisateur\AppData\Local\Programs\MiKTeX\tex/generic/pgf/fr
ontendlayer/tikz/libraries\tikzexternalshared.code.tex)))
No auxiliary output files.

\w@pgfexternal@auxout=\write6
Package TikZ externalization: calling \geometry{driver=none} during externaliza
tion.

Package csquotes Info: Checking for multilingual support...
Package csquotes Info: ... found 'babel' package.
Package csquotes Info: Adjusting default style.
Package csquotes Info: Redefining alias 'default' -> 'french'.
No file external/fig_OrientationCore_V20.aux.
LaTeX Font Info:    Checking defaults for OML/cmm/m/it on input line 390.
LaTeX Font Info:    ... okay on input line 390.
LaTeX Font Info:    Checking defaults for OMS/cmsy/m/n on input line 390.
LaTeX Font Info:    ... okay on input line 390.
LaTeX Font Info:    Checking defaults for OT1/cmr/m/n on input line 390.
LaTeX Font Info:    ... okay on input line 390.
LaTeX Font Info:    Checking defaults for T1/cmr/m/n on input line 390.
LaTeX Font Info:    ... okay on input line 390.
LaTeX Font Info:    Checking defaults for TS1/cmr/m/n on input line 390.
LaTeX Font Info:    ... okay on input line 390.
LaTeX Font Info:    Checking defaults for OMX/cmex/m/n on input line 390.
LaTeX Font Info:    ... okay on input line 390.
LaTeX Font Info:    Checking defaults for U/cmr/m/n on input line 390.
LaTeX Font Info:    ... okay on input line 390.
LaTeX Font Info:    Checking defaults for PD1/pdf/m/n on input line 390.
LaTeX Font Info:    ... okay on input line 390.
LaTeX Font Info:    Checking defaults for PU/pdf/m/n on input line 390.
LaTeX Font Info:    ... okay on input line 390.
Package babel Info: 'french' activates 'french' shorthands.
(babel)             Reported  on input line 390.
LaTeX Info: Redefining \degres on input line 390.
Package french.ldf Info: Setting StandardItemizeEnv=true for
(french.ldf)             compatibility with enumitem package,
(french.ldf)             reported on input line 390.
Package french.ldf Info: Setting StandardEnumerateEnv=true for
(french.ldf)             compatibility with enumitem package,
(french.ldf)             reported on input line 390.
LaTeX Info: Redefining \up on input line 390.

(C:\Users\juliette utilisateur\AppData\Local\Programs\MiKTeX\tex/context/base/m
kii\supp-pdf.mkii
[Loading MPS to PDF converter (version 2006.09.02).]
\scratchcounter=\count624
\scratchdimen=\dimen431
\scratchbox=\box188
\nofMPsegments=\count625
\nofMParguments=\count626
\everyMPshowfont=\toks59
\MPscratchCnt=\count627
\MPscratchDim=\dimen432
\MPnumerator=\count628
\makeMPintoPDFobject=\count629
\everyMPtoPDFconversion=\toks60
)
(C:\Users\juliette utilisateur\AppData\Local\Programs\MiKTeX\tex/latex/epstopdf
-pkg\epstopdf-base.sty
Package: epstopdf-base 2020-01-24 v2.11 Base part for package epstopdf
Package epstopdf-base Info: Redefining graphics rule for `.eps' on input line 4
85.

(C:\Users\juliette utilisateur\AppData\Local\Programs\MiKTeX\tex/latex/00miktex
\epstopdf-sys.cfg
File: epstopdf-sys.cfg 2021/03/18 v2.0 Configuration of epstopdf for MiKTeX
))
Package caption Info: Begin \AtBeginDocument code.
Package caption Info: hyperref package is loaded.
Package caption Info: End \AtBeginDocument code.
*geometry* detected driver: <none>
*geometry* verbose mode - [ preamble ] result:
* driver: \Gm@driver 
* paper: a4paper
* layout: <same size as paper>
* layoutoffset:(h,v)=(0.0pt,0.0pt)
* modes: twoside 
* h-part:(L,W,R)=(85.35826pt, 483.69684pt, 28.45277pt)
* v-part:(T,H,B)=(56.9055pt, 738.34903pt, 49.79231pt)
* \paperwidth=597.50787pt
* \paperheight=845.04684pt
* \textwidth=483.69684pt
* \textheight=738.34903pt
* \oddsidemargin=13.08827pt
* \evensidemargin=-43.81721pt
* \topmargin=-47.23828pt
* \headheight=12.0pt
* \headsep=19.8738pt
* \topskip=11.0pt
* \footskip=27.46295pt
* \marginparwidth=106.0pt
* \marginparsep=7.0pt
* \columnsep=10.0pt
* \skip\footins=10.0pt plus 4.0pt minus 2.0pt
* \hoffset=0.0pt
* \voffset=0.0pt
* \mag=1000
* \@twocolumnfalse
* \@twosidetrue
* \@mparswitchtrue
* \@reversemarginfalse
* (1in=72.27pt=25.4mm, 1cm=28.453pt)


(C:\Users\juliette utilisateur\AppData\Local\Programs\MiKTeX\tex/latex/translat
ions/dicts\translations-basic-dictionary-french.trsl
File: translations-basic-dictionary-french.trsl (french translation file `trans
lations-basic-dictionary')
)
Package translations Info: loading dictionary `translations-basic-dictionary' f
or `french'. on input line 390.
No file external/fig_OrientationCore_V20.toc.
\providecommand\hyper@newdestlabel[2]{}
Package hyperref Info: Link coloring ON on input line 390.
Package biblatex Info: Trying to load language 'french'...
Package biblatex Info: ... file 'french.lbx' found.

(C:\Users\juliette utilisateur\AppData\Local\Programs\MiKTeX\tex/latex/biblatex
/lbx\french.lbx
File: french.lbx 2024/03/21 v3.20 biblatex localization (PK/MW)
)
Package biblatex Info: Input encoding 'utf8' detected.
Package biblatex Info: Automatic encoding selection.
(biblatex)             Assuming data encoding 'utf8'.
Package biblatex Info: Trying to load bibliographic data...
Package biblatex Info: ... file 'external/fig_OrientationCore_V20.bbl' not foun
d.
No file external/fig_OrientationCore_V20.bbl.
Package biblatex Info: Reference section=0 on input line 390.
Package biblatex Info: Reference segment=0 on input line 390.
Package pgfplots notification 'compat/show suggested version=true': document ha
s been generated with the most recent feature set (\pgfplotsset{compat=1.18}).

LaTeX Font Info:    Trying to load font information for OT1+iwonalm on input li
ne 394.

(C:\Users\juliette utilisateur\AppData\Local\Programs\MiKTeX\tex/latex/iwona\ot
1iwonalm.fd
File: ot1iwonalm.fd 2005/10/05 v1.2 font definition file for OT1/iwonalm (MW)
)
LaTeX Font Info:    Trying to load font information for OML+iwonal on input lin
e 394.

(C:\Users\juliette utilisateur\AppData\Local\Programs\MiKTeX\tex/latex/iwona\om
liwonal.fd
File: omliwonal.fd 2008/07/22 v0.995 font definition file for OML/iwonal (MW)
)
LaTeX Font Info:    Trying to load font information for OMS+iwonal on input lin
e 394.

(C:\Users\juliette utilisateur\AppData\Local\Programs\MiKTeX\tex/latex/iwona\om
siwonal.fd
File: omsiwonal.fd 2008/07/22 v0.995 font definition file for OMS/iwonal (MW)
)
LaTeX Font Info:    Trying to load font information for OMX+iwonal on input lin
e 394.

(C:\Users\juliette utilisateur\AppData\Local\Programs\MiKTeX\tex/latex/iwona\om
xiwonal.fd
File: omxiwonal.fd 2008/07/22 v0.995 font definition file for OMX/iwonal (MW)
)
LaTeX Font Info:    Trying to load font information for U+msa on input line 394
.

(C:\Users\juliette utilisateur\AppData\Local\Programs\MiKTeX\tex/latex/amsfonts
\umsa.fd
File: umsa.fd 2013/01/14 v3.01 AMS symbols A
)
LaTeX Font Info:    Trying to load font information for U+msb on input line 394
.

(C:\Users\juliette utilisateur\AppData\Local\Programs\MiKTeX\tex/latex/amsfonts
\umsb.fd
File: umsb.fd 2013/01/14 v3.01 AMS symbols B
)
LaTeX Font Info:    Trying to load font information for U+rsfs on input line 39
4.

(C:\Users\juliette utilisateur\AppData\Local\Programs\MiKTeX\tex/latex/jknappen
\ursfs.fd
File: ursfs.fd 1998/03/24 rsfs font definition file (jk)
)
LaTeX Font Info:    Trying to load font information for U+stmry on input line 3
94.

(C:\Users\juliette utilisateur\AppData\Local\Programs\MiKTeX\tex/latex/stmaryrd
\ustmry.fd)



(Citations.tex)







Package babel Info: 'french' activates 'french' shorthands.
(babel)             Reported  on input line 417.
(IndexNotations.tex
LaTeX Info: Symbol \textminus not provided by
            font family iwonal in TS1 encoding.
            Default family used instead on input line 14.
LaTeX Info: Symbol \textminus not provided by
            font family iwonal in TS1 encoding.
            Default family used instead on input line 15.
LaTeX Info: Symbol \textminus not provided by
            font family iwonal in TS1 encoding.
            Default family used instead on input line 16.
LaTeX Info: Symbol \textminus not provided by
            font family iwonal in TS1 encoding.
            Default family used instead on input line 17.
LaTeX Font Info:    Trying to load font information for OT1+iwonal on input lin
e 19.

(C:\Users\juliette utilisateur\AppData\Local\Programs\MiKTeX\tex/latex/iwona\ot
1iwonal.fd
File: ot1iwonal.fd 2008/07/22 v0.995 font definition file for OT1/iwonal (MW)
)
LaTeX Info: Symbol \textminus not provided by
            font family iwonal in TS1 encoding.
            Default family used instead on input line 22.
LaTeX Info: Symbol \textminus not provided by
            font family iwonal in TS1 encoding.
            Default family used instead on input line 25.
LaTeX Info: Symbol \textminus not provided by
            font family iwonal in TS1 encoding.
            Default family used instead on input line 26.
LaTeX Info: Symbol \textminus not provided by
            font family iwonal in TS1 encoding.
            Default family used instead on input line 26.
LaTeX Info: Symbol \textminus not provided by
            font family iwonal in TS1 encoding.
            Default family used instead on input line 42.
LaTeX Info: Symbol \textminus not provided by
            font family iwonal in TS1 encoding.
            Default family used instead on input line 43.
LaTeX Font Info:    Trying to load font information for TS1+iwonal on input lin
e 59.

(C:\Users\juliette utilisateur\AppData\Local\Programs\MiKTeX\tex/latex/iwona\ts
1iwonal.fd
File: ts1iwonal.fd 2008/07/22 v0.995 font definition file for TS1/iwonal (MW)
)
LaTeX Info: Symbol \textminus not provided by
            font family iwonal in TS1 encoding.
            Default family used instead on input line 61.
LaTeX Info: Symbol \textminus not provided by
            font family iwonal in TS1 encoding.
            Default family used instead on input line 62.
LaTeX Info: Symbol \textminus not provided by
            font family iwonal in TS1 encoding.
            Default family used instead on input line 66.
LaTeX Info: Symbol \textminus not provided by
            font family iwonal in TS1 encoding.
            Default family used instead on input line 67.
) (Introduction.tex



Chapitre I.



LaTeX Warning: Citation 'johnson_theory_1987' on page 6 undefined on input line
 10.


LaTeX Warning: Citation 'drummond_laminar_1984' on page 6 undefined on input li
ne 10.


LaTeX Warning: Citation 'duffourd_refrigerateur_2001' on page 6 undefined on in
put line 12.


LaTeX Warning: Citation 'penelet_etude_2004' on page 6 undefined on input line 
12.


LaTeX Warning: Citation 'penelet_etude_2004' on page 6 undefined on input line 
13.


LaTeX Warning: Citation 'ross_influence_2003' on page 6 undefined on input line
 17.


LaTeX Warning: Citation 'hireche_numerical_2019' on page 6 undefined on input l
ine 17.


LaTeX Warning: Citation 'pan_visualization_2012' on page 6 undefined on input l
ine 17.


LaTeX Warning: Citation 'bianchi_transferts_2004' on page 6 undefined on input 
line 17.


LaTeX Warning: Citation 'babaei_investigation_2010' on page 6 undefined on inpu
t line 17.


LaTeX Warning: Citation 'gardner_cascade_2003' on page 6 undefined on input lin
e 17.


Underfull \hbox (badness 1132) in paragraph at lines 17--18
[]\T1/iwonal/m/n/10.95 Convection na-tu-relle : [[], [], [],
 []


LaTeX Warning: Citation 'shiina_critical_2010' on page 6 undefined on input lin
e 18.


LaTeX Warning: Citation 'richard_critere_1981' on page 6 undefined on input lin
e 18.


LaTeX Warning: Citation 'horton_convection_1945' on page 6 undefined on input l
ine 18.


Overfull \hbox (29.58377pt too wide) in paragraph at lines 18--20
[]\T1/iwonal/m/n/10.95 Convection na-tu-relle dans les po-reux : [[], [], []] 
 []


LaTeX Warning: Citation 'wakeland_use_2000' on page 6 undefined on input line 2
0.


LaTeX Warning: Citation 'backhaus_thermoacoustic-stirling_2000' on page 6 undef
ined on input line 20.


LaTeX Warning: Citation 'poignand_analysis_2013' on page 6 undefined on input l
ine 20.


Overfull \hbox (73.25845pt too wide) in paragraph at lines 20--23
[]\T1/iwonal/m/n/10.95 Analogies élec-troac en TA : [[], [], []] 
 []


LaTeX Warning: Citation 'penelet_etude_2004' on page 6 undefined on input line 
23.


LaTeX Warning: Citation 'ANR_thermo-acoustic_2019' on page 6 undefined on input
 line 30.


LaTeX Warning: Citation 'rott_damped_1969' on page 6 undefined on input line 34
.


LaTeX Warning: Citation 'rott_thermally_1973' on page 6 undefined on input line
 34.


LaTeX Warning: Citation 'rott_thermally_1975' on page 6 undefined on input line
 34.


LaTeX Warning: Citation 'rott_thermally_1976' on page 6 undefined on input line
 34.


LaTeX Warning: Citation 'zouzoulas_thermally_1976' on page 6 undefined on input
 line 34.


LaTeX Warning: Citation 'rott_thermoacoustics_1980' on page 6 undefined on inpu
t line 34.


LaTeX Warning: Citation 'muller_thermally_1983' on page 6 undefined on input li
ne 34.


Overfull \hbox (80.51593pt too wide) in paragraph at lines 34--35
[]\T1/iwonal/m/n/10.95 , [], [], [], []] 
 []


LaTeX Warning: Reference `fig:MoteurVSFrigoTA' on page 6 undefined on input lin
e 36.


LaTeX Warning: Reference `fig:MoteurTA' on page 6 undefined on input line 36.


LaTeX Warning: Reference `fig:FrigoTA' on page 6 undefined on input line 36.

(../fig/fig_PrincipeTA/tex/MoteurTA.tex) (../fig/fig_PrincipeTA/tex/PaCTA.tex)

LaTeX Warning: Citation 'swift_thermoacoustics_2017' on page 6 undefined on inp
ut line 61.


LaTeX Warning: Citation 'swift_thermoacoustics_2017' on page 6 undefined on inp
ut line 61.


LaTeX Warning: Reference `fig:CycleBrayton' on page 6 undefined on input line 9
2.


LaTeX Warning: Reference `fig:CycleStirling' on page 6 undefined on input line 
92.



(../fig/fig_CycleBrayton/tex/DepCompAdiab.tex) (../fig/fig_CycleBrayton/tex/QFl
uideToPlaque.tex) (../fig/fig_CycleBrayton/tex/DepDetAdiab.tex) (../fig/fig_Cyc
leBrayton/tex/QPlaqueToFluide.tex) (../fig/fig_Cycle_Stirling/tex/CompIsoT.tex)
(../fig/fig_Cycle_Stirling/tex/DepAllerIsoV.tex) (../fig/fig_Cycle_Stirling/tex
/DetIsoT.tex) (../fig/fig_Cycle_Stirling/tex/DepRetourIsoV.tex)




LaTeX Warning: Citation 'belcher_working_1999' on page 9 undefined on input lin
e 203.

LaTeX Font Info:    Trying to load font information for U+euf on input line 227
.

(C:\Users\juliette utilisateur\AppData\Local\Programs\MiKTeX\tex/latex/amsfonts
\ueuf.fd
File: ueuf.fd 2013/01/14 v3.01 Euler Fraktur
)

LaTeX Warning: Citation 'swift_thermoacoustics_2017' on page 9 undefined on inp
ut line 243.


LaTeX Warning: Citation 'swift_thermoacoustics_2017' on page 9 undefined on inp
ut line 250.


LaTeX Warning: Citation 'di_giulio_wire_2023' on page 9 undefined on input line
 250.




LaTeX Warning: Citation 'allard_propagation_2009' on page 10 undefined on input
 line 281.


LaTeX Warning: Citation 'pierens_development_2012' on page 10 undefined on inpu
t line 291.


LaTeX Warning: Citation 'adeff_measurement_1991' on page 10 undefined on input 
line 294.


LaTeX Warning: Citation 'ceperley_pistonless_1979' on page 10 undefined on inpu
t line 296.


LaTeX Warning: Citation 'hofler_thermoacoustic_1986' on page 10 undefined on in
put line 296.


LaTeX Warning: Citation 'swift_thermoacoustics_2002' on page 10 undefined on in
put line 299.


LaTeX Warning: Citation 'wollan_development_2002' on page 10 undefined on input
 line 299.


LaTeX Warning: Citation 'adeff_measurement_1991' on page 10 undefined on input 
line 299.


LaTeX Warning: Citation 'garrett_thermoacoustic_1993' on page 10 undefined on i
nput line 299.


Overfull \hbox (57.63936pt too wide) in paragraph at lines 299--300
\T1/iwonal/m/n/10.95 fac-tion de gaz + TNO/BlueHeart ?}[][[], [], [],
 []


LaTeX Warning: Citation 'Electroac_Grains' on page 10 undefined on input line 3
22.




LaTeX Warning: Reference `fig:CircEquivTAC' on page 11 undefined on input line 
373.

(../fig/fig_CircEquivTAC/tex/fig_CircEquivTAC.tex)

LaTeX Warning: Citation 'swift_thermoacoustics_2017' on page 11 undefined on in
put line 380.


LaTeX Warning: Citation 'swift_thermoacoustics_2017' on page 11 undefined on in
put line 380.


Underfull \hbox (badness 1924) in paragraph at lines 380--380
[]\T1/iwonal/b/sc/10 Figure I.4 \T1/iwonal/b/n/10 ^^U |\T1/iwonal/m/n/10 Cir-cu
it équi-valent à un noyau ther-moa-cous-tique. Ex-trait de
 []


LaTeX Warning: Citation 'swift_thermoacoustics_2017' on page 11 undefined on in
put line 390.


LaTeX Warning: Citation 'rott_thermoacoustics_1980' on page 11 undefined on inp
ut line 396.


LaTeX Warning: Citation 'swift_thermoacoustics_2017' on page 11 undefined on in
put line 396.




LaTeX Warning: Reference `fig:WavesInDuctPiece' on page 12 undefined on input l
ine 414.


LaTeX Warning: Reference `eq:TMatrix_TppTuu' on page 12 undefined on input line
 414.

(../fig/fig_WavesInDuctPiece/tex/fig_WavesInDuctPiece.tex
Missing character: There is no ; in font nullfont!
Missing character: There is no ; in font nullfont!
Missing character: There is no ; in font nullfont!
Missing character: There is no ; in font nullfont!
Missing character: There is no ; in font nullfont!
Missing character: There is no ; in font nullfont!
)

LaTeX Warning: Reference `fig:CircEquivTAC' on page 12 undefined on input line 
489.




LaTeX Warning: Citation 'DeltaEC' on page 13 undefined on input line 545.


LaTeX Warning: Citation 'so_internal_2006' on page 13 undefined on input line 5
45.


LaTeX Warning: Citation 'bailliet_acoustic_2001' on page 13 undefined on input 
line 545.


LaTeX Warning: Citation 'ramadan_experimental_2018' on page 13 undefined on inp
ut line 545.


LaTeX Warning: Citation 'ross_influence_2003' on page 13 undefined on input lin
e 545.


LaTeX Warning: Citation 'ramadan_experimental_2018' on page 13 undefined on inp
ut line 545.


LaTeX Warning: Citation 'hireche_numerical_2019' on page 13 undefined on input 
line 545.


LaTeX Warning: Citation 'zhang_novel_2011' on page 13 undefined on input line 5
45.


LaTeX Warning: Citation 'babaei_investigation_2010' on page 13 undefined on inp
ut line 545.


LaTeX Warning: Citation 'ANR_thermo-acoustic_2019' on page 13 undefined on inpu
t line 551.


LaTeX Warning: Citation 'ramadan_design_2021' on page 13 undefined on input lin
e 551.


LaTeX Warning: Citation 'ramadan_experimental_2018' on page 13 undefined on inp
ut line 551.


LaTeX Warning: Citation 'ramadan_experimental_2021' on page 13 undefined on inp
ut line 551.


LaTeX Warning: Citation 'poignand_test-bench_2022' on page 13 undefined on inpu
t line 551.


LaTeX Warning: Citation 'hireche_experimental_2020' on page 13 undefined on inp
ut line 551.


LaTeX Warning: Citation 'baltean_gravity_2025' on page 13 undefined on input li
ne 551.


LaTeX Warning: Citation 'belcher_working_1999' on page 13 undefined on input li
ne 553.

LaTeX Info: Symbol \textohm not provided by
            font family iwonal in TS1 encoding.
            Default family used instead on input line 553.

LaTeX Warning: Citation 'ramadan_design_2021' on page 13 undefined on input lin
e 555.


LaTeX Warning: Reference `fig:CaractMachineATE' on page 13 undefined on input l
ine 555.



(../fig/fig_CaractMachineATE/tex/fig_CaractMachineATE.tex)

LaTeX Warning: Reference `fig:ATE_ProfilsAX_5mm' on page 14 undefined on input 
line 566.


LaTeX Warning: Reference `fig:ATE_ProfilsCHX_5mm' on page 14 undefined on input
 line 566.

<../fig/fig_Litterature/ATE_ProfilsAX_5mm.png, id=42, 461.47406pt x 213.79875pt
>
File: ../fig/fig_Litterature/ATE_ProfilsAX_5mm.png Graphic file (type png)
<use ../fig/fig_Litterature/ATE_ProfilsAX_5mm.png>
Package pdftex.def Info: ../fig/fig_Litterature/ATE_ProfilsAX_5mm.png  used on 
input line 574.
(pdftex.def)             Requested size: 215.9705pt x 100.05806pt.
<../fig/fig_Litterature/ATE_ProfilsCHX_5mm.png, id=44, 472.01344pt x 224.33812p
t>
File: ../fig/fig_Litterature/ATE_ProfilsCHX_5mm.png Graphic file (type png)
<use ../fig/fig_Litterature/ATE_ProfilsCHX_5mm.png>
Package pdftex.def Info: ../fig/fig_Litterature/ATE_ProfilsCHX_5mm.png  used on
 input line 582.
(pdftex.def)             Requested size: 215.9705pt x 102.64566pt.

LaTeX Warning: Citation 'ramadan_design_2021' on page 14 undefined on input lin
e 586.


LaTeX Warning: Hyper reference `fig:ATE_ProfilsAX_5mm' on page 14 undefined on 
input line 586.


LaTeX Warning: Reference `sub@fig:ATE_ProfilsAX_5mm' on page 14 undefined on in
put line 586.


LaTeX Warning: Hyper reference `fig:ATE_ProfilsCHX_5mm' on page 14 undefined on
 input line 586.


LaTeX Warning: Reference `sub@fig:ATE_ProfilsCHX_5mm' on page 14 undefined on i
nput line 586.


LaTeX Warning: Citation 'ramadan_design_2021' on page 14 undefined on input lin
e 586.


LaTeX Warning: Hyper reference `fig:ATE_ProfilsAX_5mm' on page 14 undefined on 
input line 586.


LaTeX Warning: Reference `sub@fig:ATE_ProfilsAX_5mm' on page 14 undefined on in
put line 586.


LaTeX Warning: Hyper reference `fig:ATE_ProfilsCHX_5mm' on page 14 undefined on
 input line 586.


LaTeX Warning: Reference `sub@fig:ATE_ProfilsCHX_5mm' on page 14 undefined on i
nput line 586.


LaTeX Warning: Reference `chap:DispositifExpe' on page 14 undefined on input li
ne 593.


LaTeX Warning: Reference `chap:SimusRealisees' on page 14 undefined on input li
ne 595.




LaTeX Warning: Reference `chap:EtudeExpe' on page 15 undefined on input line 59
7.


LaTeX Warning: Citation 'DeltaEC' on page 15 undefined on input line 597.


LaTeX Warning: Reference `chap:Conc' on page 15 undefined on input line 599.


LaTeX Warning: Reference `chap:Conc' on page 15 undefined on input line 599.


LaTeX Warning: Reference `chap:Persp' on page 15 undefined on input line 601.


LaTeX Warning: Reference `chap:Persp' on page 15 undefined on input line 601.

) (DispositifExpe.tex



Chapitre II.



LaTeX Warning: Reference `chap:PresentationTacot' on page 18 undefined on input
 line 6.


LaTeX Warning: Reference `chap:PresentationTacot' on page 18 undefined on input
 line 6.


LaTeX Warning: Reference `chap:ProtocolExpe' on page 18 undefined on input line
 6.


LaTeX Warning: Reference `chap:ProtocolExpe' on page 18 undefined on input line
 6.


LaTeX Warning: Reference `chap:PostTraitement' on page 18 undefined on input li
ne 6.


LaTeX Warning: Reference `chap:PostTraitement' on page 18 undefined on input li
ne 6.


LaTeX Warning: Citation 'swift_thermoacoustics_2002' on page 18 undefined on in
put line 17.


LaTeX Warning: Citation 'wollan_development_2002' on page 18 undefined on input
 line 17.


LaTeX Warning: Citation 'adeff_measurement_1991' on page 18 undefined on input 
line 17.


LaTeX Warning: Citation 'garrett_thermoacoustic_1993' on page 18 undefined on i
nput line 17.


Overfull \hbox (53.8512pt too wide) in paragraph at lines 17--18
[]\T1/iwonal/m/n/10.95 ], ou le ré-fri-gé-ra-teur cryo-gé-nique ther-moa-cous-t
ique spa-tial (STAR) [[],
 []

(../fig/fig_TACOTSchematics/tex/fig_TACOTSchematics.tex
<../fig/fig_TACOTSchematics/TACOT.png, id=45, 1304.875pt x 776.9025pt>
File: ../fig/fig_TACOTSchematics/TACOT.png Graphic file (type png)
<use ../fig/fig_TACOTSchematics/TACOT.png>
Package pdftex.def Info: ../fig/fig_TACOTSchematics/TACOT.png  used on input li
ne 2.
(pdftex.def)             Requested size: 1304.87183pt x 776.90059pt.
<../fig/fig_TACOTSchematics/TACOT_Cropped_Feedback.png, id=46, 669.2503pt x 410
.2828pt>
File: ../fig/fig_TACOTSchematics/TACOT_Cropped_Feedback.png Graphic file (type 
png)
<use ../fig/fig_TACOTSchematics/TACOT_Cropped_Feedback.png>
Package pdftex.def Info: ../fig/fig_TACOTSchematics/TACOT_Cropped_Feedback.png 
 used on input line 4.
(pdftex.def)             Requested size: 669.24867pt x 410.2818pt.
)

LaTeX Warning: Citation 'ramadan_design_2021' on page 18 undefined on input lin
e 24.


LaTeX Warning: Citation 'ramadan_design_2021' on page 18 undefined on input lin
e 24.


Underfull \hbox (badness 10000) in paragraph at lines 24--24
[]\T1/iwonal/b/sc/10 Figure II.1 \T1/iwonal/b/n/10 ^^U |\T1/iwonal/m/n/10 Schém
a gé-né-ral du ré-fri-gé-ra-teur \T1/iwonal/m/sc/10 Ta-cot \T1/iwonal/m/n/10 ad
apté de
 []


Underfull \hbox (badness 4595) in paragraph at lines 24--24
\T1/iwonal/m/n/10 [[]]. \T1/iwonal/b/n/10 (a) \T1/iwonal/m/n/10 agran-dis-se-me
nt sur la boucle de ré-tro-ac-tion
 []


LaTeX Warning: Citation 'tijani_study_2008' on page 18 undefined on input line 
29.


LaTeX Warning: Citation 'poignand_thermoacoustic_2011' on page 18 undefined on 
input line 29.


LaTeX Warning: Citation 'poignand_analysis_2013' on page 18 undefined on input 
line 29.


LaTeX Warning: Reference `fig:SchemaGeneralTACOT' on page 18 undefined on input
 line 29.


LaTeX Warning: Reference `fig:SchemaGeneralTACOT' on page 18 undefined on input
 line 29.


LaTeX Warning: Citation 'poese_thermoacoustic_2004' on page 18 undefined on inp
ut line 29.


LaTeX Warning: Citation 'poignand_thermoacoustic_2011' on page 18 undefined on 
input line 29.


LaTeX Warning: Citation 'poignand_analysis_2013' on page 18 undefined on input 
line 29.


LaTeX Warning: Citation 'poignand_thermoacoustic_2011' on page 18 undefined on 
input line 29.


LaTeX Warning: Citation 'poignand_analysis_2013' on page 18 undefined on input 
line 29.




LaTeX Warning: Reference `fig:TacotPhotosNoyau_Regen' on page 19 undefined on i
nput line 33.


LaTeX Warning: Reference `fig:TacotPhotosNoyau_AHX' on page 19 undefined on inp
ut line 33.


LaTeX Warning: Hyper reference `fig:TacotPhotosNoyau_CHX' on page 19 undefined 
on input line 33.


LaTeX Warning: Reference `sub@fig:TacotPhotosNoyau_CHX' on page 19 undefined on
 input line 33.


LaTeX Warning: Reference `chap:DispExpe_AHX' on page 19 undefined on input line
 33.


LaTeX Warning: Reference `chap:DispExpe_CHX' on page 19 undefined on input line
 33.

<../fig/fig_TacotPhotos/AHX.JPG, id=47, 1281.588pt x 961.191pt>
File: ../fig/fig_TacotPhotos/AHX.JPG Graphic file (type jpg)
<use ../fig/fig_TacotPhotos/AHX.JPG>
Package pdftex.def Info: ../fig/fig_TacotPhotos/AHX.JPG  used on input line 41.

(pdftex.def)             Requested size: 147.04672pt x 110.27797pt.
<../fig/fig_TacotPhotos/Regenerateur.JPG, id=48, 1606.0pt x 1204.5pt>
File: ../fig/fig_TacotPhotos/Regenerateur.JPG Graphic file (type jpg)
<use ../fig/fig_TacotPhotos/Regenerateur.JPG>
Package pdftex.def Info: ../fig/fig_TacotPhotos/Regenerateur.JPG  used on input
 line 49.
(pdftex.def)             Requested size: 147.04672pt x 110.275pt.
<../fig/fig_TacotPhotos/CHX.JPG, id=49, 1606.0pt x 1204.5pt>
File: ../fig/fig_TacotPhotos/CHX.JPG Graphic file (type jpg)
<use ../fig/fig_TacotPhotos/CHX.JPG>
Package pdftex.def Info: ../fig/fig_TacotPhotos/CHX.JPG  used on input line 57.

(pdftex.def)             Requested size: 147.04672pt x 110.275pt.

LaTeX Warning: Hyper reference `fig:TacotPhotosNoyau_AHX' on page 19 undefined 
on input line 61.


LaTeX Warning: Reference `sub@fig:TacotPhotosNoyau_AHX' on page 19 undefined on
 input line 61.


LaTeX Warning: Hyper reference `fig:TacotPhotosNoyau_Regen' on page 19 undefine
d on input line 61.


LaTeX Warning: Reference `sub@fig:TacotPhotosNoyau_Regen' on page 19 undefined 
on input line 61.


LaTeX Warning: Hyper reference `fig:TacotPhotosNoyau_CHX' on page 19 undefined 
on input line 61.


LaTeX Warning: Reference `sub@fig:TacotPhotosNoyau_CHX' on page 19 undefined on
 input line 61.


LaTeX Warning: Hyper reference `fig:TacotPhotosNoyau_AHX' on page 19 undefined 
on input line 61.


LaTeX Warning: Reference `sub@fig:TacotPhotosNoyau_AHX' on page 19 undefined on
 input line 61.


LaTeX Warning: Hyper reference `fig:TacotPhotosNoyau_Regen' on page 19 undefine
d on input line 61.


LaTeX Warning: Reference `sub@fig:TacotPhotosNoyau_Regen' on page 19 undefined 
on input line 61.


LaTeX Warning: Hyper reference `fig:TacotPhotosNoyau_CHX' on page 19 undefined 
on input line 61.


LaTeX Warning: Reference `sub@fig:TacotPhotosNoyau_CHX' on page 19 undefined on
 input line 61.


LaTeX Warning: Reference `fig:PhotoSchemaNoyau' on page 19 undefined on input l
ine 65.

<../fig/fig_TacotPhotos/NoyauMonte.JPG, id=50, 1606.0pt x 1204.5pt>
File: ../fig/fig_TacotPhotos/NoyauMonte.JPG Graphic file (type jpg)
<use ../fig/fig_TacotPhotos/NoyauMonte.JPG>
Package pdftex.def Info: ../fig/fig_TacotPhotos/NoyauMonte.JPG  used on input l
ine 73.
(pdftex.def)             Requested size: 229.90396pt x 172.41496pt.
(../fig/fig_SchemaNoyau/tex/fig_SchemaNoyau.tex
Missing character: There is no ; in font nullfont!
Missing character: There is no ; in font nullfont!
Missing character: There is no ; in font nullfont!
Missing character: There is no ; in font nullfont!
Missing character: There is no ; in font nullfont!
Missing character: There is no ; in font nullfont!
Missing character: There is no ; in font nullfont!
Missing character: There is no ; in font nullfont!
)

LaTeX Warning: Hyper reference `fig:PhotoNoyau' on page 19 undefined on input l
ine 85.


LaTeX Warning: Reference `sub@fig:PhotoNoyau' on page 19 undefined on input lin
e 85.


LaTeX Warning: Hyper reference `fig:SchemaNoyau' on page 19 undefined on input 
line 85.


LaTeX Warning: Reference `sub@fig:SchemaNoyau' on page 19 undefined on input li
ne 85.


LaTeX Warning: Reference `fig:SchemaGeneralTACOT' on page 19 undefined on input
 line 85.


LaTeX Warning: Hyper reference `fig:PhotoNoyau' on page 19 undefined on input l
ine 85.


LaTeX Warning: Reference `sub@fig:PhotoNoyau' on page 19 undefined on input lin
e 85.


LaTeX Warning: Hyper reference `fig:SchemaNoyau' on page 19 undefined on input 
line 85.


LaTeX Warning: Reference `sub@fig:SchemaNoyau' on page 19 undefined on input li
ne 85.


LaTeX Warning: Reference `fig:SchemaGeneralTACOT' on page 19 undefined on input
 line 85.


LaTeX Warning: Reference `fig:TacotPhotosNoyau_Regen' on page 19 undefined on i
nput line 93.




LaTeX Warning: Citation 'ramadan_design_2021' on page 20 undefined on input lin
e 100.


LaTeX Warning: Reference `eq:Porosite_Volume' on page 20 undefined on input lin
e 102.


LaTeX Warning: Reference `eq:Porosite_Volume_Simplif' on page 20 undefined on i
nput line 114.


LaTeX Warning: Citation 'swift_thermoacoustics_2017' on page 20 undefined on in
put line 135.


LaTeX Warning: Citation 'rott_damped_1969' on page 20 undefined on input line 1
35.


LaTeX Warning: Citation 'swift_thermoacoustics_2017' on page 20 undefined on in
put line 135.


LaTeX Warning: Citation 'di_meglio_novel_2022' on page 20 undefined on input li
ne 135.


LaTeX Warning: Citation 'di_meglio_cfd_2022' on page 20 undefined on input line
 135.


Overfull \hbox (0.63573pt too wide) in paragraph at lines 134--136
\T1/iwonal/m/n/10.95 avec $\OML/iwonal/m/it/10.95 d[]$ \T1/iwonal/m/n/10.95 le 
dia-mètre du fil [[]]. Dans la théo-rie li-néaire de Rott [[],
 []


LaTeX Warning: Citation 'nield_convection_2013' on page 20 undefined on input l
ine 142.


LaTeX Warning: Citation 'dullien_porous_1992' on page 20 undefined on input lin
e 142.


LaTeX Warning: Citation 'dullien_porous_1992' on page 20 undefined on input lin
e 142.


LaTeX Warning: Citation 'hireche_experimental_2020' on page 20 undefined on inp
ut line 148.


LaTeX Warning: Citation 'baltean_gravity_2025' on page 20 undefined on input li
ne 148.




LaTeX Warning: Reference `fig:dKdV' on page 21 undefined on input line 158.

(../fig/fig_dKdV/tex/fig_dKdV.tex
Missing character: There is no ; in font nullfont!
Missing character: There is no ; in font nullfont!
Missing character: There is no ; in font nullfont!
Missing character: There is no ; in font nullfont!
Missing character: There is no ; in font nullfont!
Missing character: There is no ; in font nullfont!
Missing character: There is no ; in font nullfont!
Missing character: There is no ; in font nullfont!
Missing character: There is no ; in font nullfont!
Missing character: There is no ; in font nullfont!
Missing character: There is no ; in font nullfont!
PGFPlots: reading {../fig/fig_dKdV/data/data_dK.txt}
PGFPlots: reading {../fig/fig_dKdV/data/data_dV.txt}
Missing character: There is no ; in font nullfont!
LaTeX Info: Symbol \textminus not provided by
            font family iwonal in TS1 encoding.
            Default family used instead on input line 54.
)

LaTeX Warning: Reference `eq:CouchesLimites' on page 21 undefined on input line
 165.


LaTeX Warning: Reference `eq:CouchesLimites' on page 21 undefined on input line
 165.


LaTeX Warning: Citation 'poignand_analysis_2013' on page 21 undefined on input 
line 169.


LaTeX Warning: Citation 'poignand_etude_2006' on page 21 undefined on input lin
e 169.


LaTeX Warning: Citation 'poignand_optimal_2007' on page 21 undefined on input l
ine 169.


LaTeX Warning: Citation 'poignand_thermoacoustic_2011' on page 21 undefined on 
input line 169.

Excluding 'comment' comment.

LaTeX Warning: Reference `fig:RegenOnly_DeltaEC_Schematics' on page 21 undefine
d on input line 195.


LaTeX Warning: Reference `tab:GeometrieTAC' on page 21 undefined on input line 
195.


LaTeX Warning: Reference `fig:DeltaEC_u_opt' on page 21 undefined on input line
 195.

<../fig/fig_DeltaEC_u_opt/RegenOnly_DeltaEC_Schematics.png, id=52, 431.36156pt 
x 243.91125pt>
File: ../fig/fig_DeltaEC_u_opt/RegenOnly_DeltaEC_Schematics.png Graphic file (t
ype png)
<use ../fig/fig_DeltaEC_u_opt/RegenOnly_DeltaEC_Schematics.png>
Package pdftex.def Info: ../fig/fig_DeltaEC_u_opt/RegenOnly_DeltaEC_Schematics.
png  used on input line 202.
(pdftex.def)             Requested size: 431.3605pt x 243.91064pt.
LaTeX Info: Symbol \textminus not provided by
            font family iwonal in TS1 encoding.
            Default family used instead on input line 223.
LaTeX Info: Symbol \textminus not provided by
            font family iwonal in TS1 encoding.
            Default family used instead on input line 223.
LaTeX Info: Symbol \textminus not provided by
            font family iwonal in TS1 encoding.
            Default family used instead on input line 223.
LaTeX Info: Symbol \textminus not provided by
            font family iwonal in TS1 encoding.
            Default family used instead on input line 223.
LaTeX Info: Symbol \textminus not provided by
            font family iwonal in TS1 encoding.
            Default family used instead on input line 223.
LaTeX Info: Symbol \textminus not provided by
            font family iwonal in TS1 encoding.
            Default family used instead on input line 223.
LaTeX Info: Symbol \textminus not provided by
            font family iwonal in TS1 encoding.
            Default family used instead on input line 223.
LaTeX Info: Symbol \textminus not provided by
            font family iwonal in TS1 encoding.
            Default family used instead on input line 223.
LaTeX Info: Symbol \textminus not provided by
            font family iwonal in TS1 encoding.
            Default family used instead on input line 223.
LaTeX Info: Symbol \textminus not provided by
            font family iwonal in TS1 encoding.
            Default family used instead on input line 223.
LaTeX Info: Symbol \textminus not provided by
            font family iwonal in TS1 encoding.
            Default family used instead on input line 223.
LaTeX Info: Symbol \textminus not provided by
            font family iwonal in TS1 encoding.
            Default family used instead on input line 223.
LaTeX Info: Symbol \textminus not provided by
            font family iwonal in TS1 encoding.
            Default family used instead on input line 223.
LaTeX Info: Symbol \textminus not provided by
            font family iwonal in TS1 encoding.
            Default family used instead on input line 223.
LaTeX Info: Symbol \textminus not provided by
            font family iwonal in TS1 encoding.
            Default family used instead on input line 223.
LaTeX Info: Symbol \textminus not provided by
            font family iwonal in TS1 encoding.
            Default family used instead on input line 223.
LaTeX Info: Symbol \textminus not provided by
            font family iwonal in TS1 encoding.
            Default family used instead on input line 223.
LaTeX Info: Symbol \textminus not provided by
            font family iwonal in TS1 encoding.
            Default family used instead on input line 223.
LaTeX Info: Symbol \textminus not provided by
            font family iwonal in TS1 encoding.
            Default family used instead on input line 223.
LaTeX Info: Symbol \textminus not provided by
            font family iwonal in TS1 encoding.
            Default family used instead on input line 223.
LaTeX Info: Symbol \textminus not provided by
            font family iwonal in TS1 encoding.
            Default family used instead on input line 223.
LaTeX Info: Symbol \textminus not provided by
            font family iwonal in TS1 encoding.
            Default family used instead on input line 223.
LaTeX Info: Symbol \textminus not provided by
            font family iwonal in TS1 encoding.
            Default family used instead on input line 223.
LaTeX Info: Symbol \textminus not provided by
            font family iwonal in TS1 encoding.
            Default family used instead on input line 223.
LaTeX Info: Symbol \textminus not provided by
            font family iwonal in TS1 encoding.
            Default family used instead on input line 223.
LaTeX Info: Symbol \textminus not provided by
            font family iwonal in TS1 encoding.
            Default family used instead on input line 223.
LaTeX Info: Symbol \textminus not provided by
            font family iwonal in TS1 encoding.
            Default family used instead on input line 223.
LaTeX Info: Symbol \textminus not provided by
            font family iwonal in TS1 encoding.
            Default family used instead on input line 223.
LaTeX Info: Symbol \textminus not provided by
            font family iwonal in TS1 encoding.
            Default family used instead on input line 223.
LaTeX Info: Symbol \textminus not provided by
            font family iwonal in TS1 encoding.
            Default family used instead on input line 223.
LaTeX Info: Symbol \textminus not provided by
            font family iwonal in TS1 encoding.
            Default family used instead on input line 223.
LaTeX Info: Symbol \textminus not provided by
            font family iwonal in TS1 encoding.
            Default family used instead on input line 223.
LaTeX Info: Symbol \textminus not provided by
            font family iwonal in TS1 encoding.
            Default family used instead on input line 223.
LaTeX Info: Symbol \textminus not provided by
            font family iwonal in TS1 encoding.
            Default family used instead on input line 223.
LaTeX Info: Symbol \textminus not provided by
            font family iwonal in TS1 encoding.
            Default family used instead on input line 223.
LaTeX Info: Symbol \textminus not provided by
            font family iwonal in TS1 encoding.
            Default family used instead on input line 223.
(../fig/fig_DeltaEC_u_opt/tex/fig_DeltaEC_u_opt_Qth.tex
Missing character: There is no ; in font nullfont!
Missing character: There is no ; in font nullfont!
Missing character: There is no ; in font nullfont!
Missing character: There is no ; in font nullfont!
Missing character: There is no ; in font nullfont!
Missing character: There is no ; in font nullfont!
Missing character: There is no ; in font nullfont!
PGFPlots: reading {../fig/fig_DeltaEC_u_opt/data/data_DeltaEC_u_opt_Qth.txt}
LaTeX Info: Symbol \textminus not provided by
            font family iwonal in TS1 encoding.
            Default family used instead on input line 31.
) (../fig/fig_DeltaEC_u_opt/tex/fig_DeltaEC_u_opt_COP.tex
Missing character: There is no ; in font nullfont!
Missing character: There is no ; in font nullfont!
Missing character: There is no ; in font nullfont!
Missing character: There is no ; in font nullfont!
Missing character: There is no ; in font nullfont!
Missing character: There is no ; in font nullfont!
Missing character: There is no ; in font nullfont!
PGFPlots: reading {../fig/fig_DeltaEC_u_opt/data/data_DeltaEC_u_opt_COP.txt}
LaTeX Info: Symbol \textminus not provided by
            font family iwonal in TS1 encoding.
            Default family used instead on input line 33.
)

LaTeX Warning: Hyper reference `fig:DeltaEC_u_opt_Qth' on page 21 undefined on 
input line 245.


LaTeX Warning: Reference `sub@fig:DeltaEC_u_opt_Qth' on page 21 undefined on in
put line 245.


LaTeX Warning: Hyper reference `fig:DeltaEC_u_opt_COP' on page 21 undefined on 
input line 245.


LaTeX Warning: Reference `sub@fig:DeltaEC_u_opt_COP' on page 21 undefined on in
put line 245.


LaTeX Warning: Hyper reference `fig:DeltaEC_u_opt_Qth' on page 21 undefined on 
input line 245.


LaTeX Warning: Reference `sub@fig:DeltaEC_u_opt_Qth' on page 21 undefined on in
put line 245.


LaTeX Warning: Hyper reference `fig:DeltaEC_u_opt_COP' on page 21 undefined on 
input line 245.


LaTeX Warning: Reference `sub@fig:DeltaEC_u_opt_COP' on page 21 undefined on in
put line 245.


LaTeX Warning: Reference `fig:DeltaEC_u_opt_Qth' on page 21 undefined on input 
line 251.


LaTeX Warning: Reference `tab:ParamHydrauTAC' on page 21 undefined on input lin
e 251.

LaTeX Info: Symbol \textminus not provided by
            font family iwonal in TS1 encoding.
            Default family used instead on input line 276.
LaTeX Info: Symbol \textminus not provided by
            font family iwonal in TS1 encoding.
            Default family used instead on input line 276.
LaTeX Info: Symbol \textminus not provided by
            font family iwonal in TS1 encoding.
            Default family used instead on input line 276.
LaTeX Info: Symbol \textminus not provided by
            font family iwonal in TS1 encoding.
            Default family used instead on input line 276.
LaTeX Info: Symbol \textminus not provided by
            font family iwonal in TS1 encoding.
            Default family used instead on input line 276.
LaTeX Info: Symbol \textminus not provided by
            font family iwonal in TS1 encoding.
            Default family used instead on input line 276.
LaTeX Info: Symbol \textminus not provided by
            font family iwonal in TS1 encoding.
            Default family used instead on input line 276.
LaTeX Info: Symbol \textminus not provided by
            font family iwonal in TS1 encoding.
            Default family used instead on input line 276.
LaTeX Info: Symbol \textminus not provided by
            font family iwonal in TS1 encoding.
            Default family used instead on input line 276.
LaTeX Info: Symbol \textminus not provided by
            font family iwonal in TS1 encoding.
            Default family used instead on input line 276.
LaTeX Info: Symbol \textminus not provided by
            font family iwonal in TS1 encoding.
            Default family used instead on input line 276.
LaTeX Info: Symbol \textminus not provided by
            font family iwonal in TS1 encoding.
            Default family used instead on input line 276.
LaTeX Info: Symbol \textminus not provided by
            font family iwonal in TS1 encoding.
            Default family used instead on input line 276.
LaTeX Info: Symbol \textminus not provided by
            font family iwonal in TS1 encoding.
            Default family used instead on input line 276.
LaTeX Info: Symbol \textminus not provided by
            font family iwonal in TS1 encoding.
            Default family used instead on input line 276.
LaTeX Info: Symbol \textminus not provided by
            font family iwonal in TS1 encoding.
            Default family used instead on input line 276.
LaTeX Info: Symbol \textminus not provided by
            font family iwonal in TS1 encoding.
            Default family used instead on input line 276.
LaTeX Info: Symbol \textminus not provided by
            font family iwonal in TS1 encoding.
            Default family used instead on input line 276.
LaTeX Info: Symbol \textminus not provided by
            font family iwonal in TS1 encoding.
            Default family used instead on input line 276.
LaTeX Info: Symbol \textminus not provided by
            font family iwonal in TS1 encoding.
            Default family used instead on input line 276.
LaTeX Info: Symbol \textminus not provided by
            font family iwonal in TS1 encoding.
            Default family used instead on input line 276.
LaTeX Info: Symbol \textminus not provided by
            font family iwonal in TS1 encoding.
            Default family used instead on input line 276.
LaTeX Info: Symbol \textminus not provided by
            font family iwonal in TS1 encoding.
            Default family used instead on input line 276.
LaTeX Info: Symbol \textminus not provided by
            font family iwonal in TS1 encoding.
            Default family used instead on input line 276.
LaTeX Info: Symbol \textminus not provided by
            font family iwonal in TS1 encoding.
            Default family used instead on input line 276.
LaTeX Info: Symbol \textminus not provided by
            font family iwonal in TS1 encoding.
            Default family used instead on input line 276.
LaTeX Info: Symbol \textminus not provided by
            font family iwonal in TS1 encoding.
            Default family used instead on input line 276.
LaTeX Info: Symbol \textminus not provided by
            font family iwonal in TS1 encoding.
            Default family used instead on input line 276.
LaTeX Info: Symbol \textminus not provided by
            font family iwonal in TS1 encoding.
            Default family used instead on input line 276.
LaTeX Info: Symbol \textminus not provided by
            font family iwonal in TS1 encoding.
            Default family used instead on input line 276.
LaTeX Info: Symbol \textminus not provided by
            font family iwonal in TS1 encoding.
            Default family used instead on input line 276.
LaTeX Info: Symbol \textminus not provided by
            font family iwonal in TS1 encoding.
            Default family used instead on input line 276.
LaTeX Info: Symbol \textminus not provided by
            font family iwonal in TS1 encoding.
            Default family used instead on input line 276.
LaTeX Info: Symbol \textminus not provided by
            font family iwonal in TS1 encoding.
            Default family used instead on input line 276.
LaTeX Info: Symbol \textminus not provided by
            font family iwonal in TS1 encoding.
            Default family used instead on input line 276.
LaTeX Info: Symbol \textminus not provided by
            font family iwonal in TS1 encoding.
            Default family used instead on input line 276.
LaTeX Info: Symbol \textminus not provided by
            font family iwonal in TS1 encoding.
            Default family used instead on input line 276.
LaTeX Info: Symbol \textminus not provided by
            font family iwonal in TS1 encoding.
            Default family used instead on input line 276.
LaTeX Info: Symbol \textminus not provided by
            font family iwonal in TS1 encoding.
            Default family used instead on input line 276.
LaTeX Info: Symbol \textminus not provided by
            font family iwonal in TS1 encoding.
            Default family used instead on input line 276.
LaTeX Info: Symbol \textminus not provided by
            font family iwonal in TS1 encoding.
            Default family used instead on input line 276.
LaTeX Info: Symbol \textminus not provided by
            font family iwonal in TS1 encoding.
            Default family used instead on input line 276.
LaTeX Info: Symbol \textminus not provided by
            font family iwonal in TS1 encoding.
            Default family used instead on input line 276.
LaTeX Info: Symbol \textminus not provided by
            font family iwonal in TS1 encoding.
            Default family used instead on input line 276.
LaTeX Info: Symbol \textminus not provided by
            font family iwonal in TS1 encoding.
            Default family used instead on input line 276.
LaTeX Info: Symbol \textminus not provided by
            font family iwonal in TS1 encoding.
            Default family used instead on input line 276.
LaTeX Info: Symbol \textminus not provided by
            font family iwonal in TS1 encoding.
            Default family used instead on input line 276.
LaTeX Info: Symbol \textminus not provided by
            font family iwonal in TS1 encoding.
            Default family used instead on input line 276.
LaTeX Info: Symbol \textminus not provided by
            font family iwonal in TS1 encoding.
            Default family used instead on input line 276.
LaTeX Info: Symbol \textminus not provided by
            font family iwonal in TS1 encoding.
            Default family used instead on input line 276.
LaTeX Info: Symbol \textminus not provided by
            font family iwonal in TS1 encoding.
            Default family used instead on input line 276.
LaTeX Info: Symbol \textminus not provided by
            font family iwonal in TS1 encoding.
            Default family used instead on input line 276.
LaTeX Info: Symbol \textminus not provided by
            font family iwonal in TS1 encoding.
            Default family used instead on input line 276.
LaTeX Info: Symbol \textminus not provided by
            font family iwonal in TS1 encoding.
            Default family used instead on input line 276.
LaTeX Info: Symbol \textminus not provided by
            font family iwonal in TS1 encoding.
            Default family used instead on input line 276.
LaTeX Info: Symbol \textminus not provided by
            font family iwonal in TS1 encoding.
            Default family used instead on input line 276.
LaTeX Info: Symbol \textminus not provided by
            font family iwonal in TS1 encoding.
            Default family used instead on input line 276.
LaTeX Info: Symbol \textminus not provided by
            font family iwonal in TS1 encoding.
            Default family used instead on input line 276.
LaTeX Info: Symbol \textminus not provided by
            font family iwonal in TS1 encoding.
            Default family used instead on input line 276.
LaTeX Info: Symbol \textminus not provided by
            font family iwonal in TS1 encoding.
            Default family used instead on input line 276.
<../fig/fig_AHXfromATE/AHXfromATE.png, id=65, 383.93437pt x 535.2497pt>
File: ../fig/fig_AHXfromATE/AHXfromATE.png Graphic file (type png)
<use ../fig/fig_AHXfromATE/AHXfromATE.png>
Package pdftex.def Info: ../fig/fig_AHXfromATE/AHXfromATE.png  used on input li
ne 287.
(pdftex.def)             Requested size: 215.9705pt x 301.09354pt.
<../fig/fig_CHXfromATE/SchemaCHX.png, id=66, 643.6547pt x 493.0922pt>
File: ../fig/fig_CHXfromATE/SchemaCHX.png Graphic file (type png)
<use ../fig/fig_CHXfromATE/SchemaCHX.png>
Package pdftex.def Info: ../fig/fig_CHXfromATE/SchemaCHX.png  used on input lin
e 295.
(pdftex.def)             Requested size: 215.9705pt x 165.45212pt.

LaTeX Warning: Citation 'ramadan_design_2021' on page 21 undefined on input lin
e 299.


LaTeX Warning: Hyper reference `fig:AHXschema' on page 21 undefined on input li
ne 299.


LaTeX Warning: Reference `sub@fig:AHXschema' on page 21 undefined on input line
 299.


LaTeX Warning: Hyper reference `fig:CHXschema' on page 21 undefined on input li
ne 299.


LaTeX Warning: Reference `sub@fig:CHXschema' on page 21 undefined on input line
 299.


LaTeX Warning: Citation 'ramadan_design_2021' on page 21 undefined on input lin
e 299.


LaTeX Warning: Hyper reference `fig:AHXschema' on page 21 undefined on input li
ne 299.


LaTeX Warning: Reference `sub@fig:AHXschema' on page 21 undefined on input line
 299.


LaTeX Warning: Hyper reference `fig:CHXschema' on page 21 undefined on input li
ne 299.


LaTeX Warning: Reference `sub@fig:CHXschema' on page 21 undefined on input line
 299.


LaTeX Warning: Citation 'ramadan_design_2021' on page 21 undefined on input lin
e 303.




LaTeX Warning: Reference `fig:TacotPhotosNoyau_AHX' on page 22 undefined on inp
ut line 306.




LaTeX Warning: Citation 'ramadan_design_2021' on page 23 undefined on input lin
e 308.


LaTeX Warning: Reference `fig:AHXschema' on page 23 undefined on input line 310
.



(../fig/fig_TemperatureAHX_InOut/tex/fig_TemperatureAHX_InOut.tex
Missing character: There is no ; in font nullfont!
Missing character: There is no ; in font nullfont!
Missing character: There is no ; in font nullfont!
Missing character: There is no ; in font nullfont!
Missing character: There is no ; in font nullfont!
Missing character: There is no ; in font nullfont!
Missing character: There is no ; in font nullfont!
PGFPlots: reading {{../fig/fig_AcouExample/data/data_TC10_0beg.txt}}
PGFPlots: reading {{../fig/fig_AcouExample/data/data_TC11_0beg.txt}}
PGFPlots: reading {{../fig/fig_AcouExample/data/data_TC12_0beg.txt}}
PGFPlots: reading {{../fig/fig_AcouExample/data/data_TC13_0beg.txt}}
PGFPlots: reading {{../fig/fig_AcouExample/data/data_TC14_0beg.txt}}
PGFPlots: reading {{../fig/fig_AcouExample/data/data_TC15_0beg.txt}}
)


LaTeX Warning: Reference `fig:AcouExample' on page 25 undefined on input line 3
30.


LaTeX Warning: Reference `fig:TCdansNoyau' on page 25 undefined on input line 3
30.


LaTeX Warning: Reference `fig:TacotPhotosNoyau_CHX' on page 25 undefined on inp
ut line 333.


LaTeX Warning: Reference `fig:CHXschema' on page 25 undefined on input line 335
.

LaTeX Info: Symbol \textohm not provided by
            font family iwonal in TS1 encoding.
            Default family used instead on input line 335.

LaTeX Warning: Citation 'ramadan_design_2021' on page 25 undefined on input lin
e 349.


LaTeX Warning: Reference `fig:Capteurs' on page 25 undefined on input line 349.


<../fig/fig_Capteurs/Sensors_updated2.pdf, id=67, 1172.12906pt x 478.03593pt>
File: ../fig/fig_Capteurs/Sensors_updated2.pdf Graphic file (type pdf)
<use ../fig/fig_Capteurs/Sensors_updated2.pdf>
Package pdftex.def Info: ../fig/fig_Capteurs/Sensors_updated2.pdf  used on inpu
t line 353.
(pdftex.def)             Requested size: 469.18652pt x 191.34956pt.

LaTeX Warning: Citation 'ramadan_design_2021' on page 25 undefined on input lin
e 354.


LaTeX Warning: Citation 'ramadan_design_2021' on page 25 undefined on input lin
e 354.


LaTeX Warning: Reference `fig:BancEssaisComplet' on page 25 undefined on input 
line 361.


LaTeX Warning: Reference `fig:OrientationCore' on page 25 undefined on input li
ne 363.

(../fig/fig_BancEssaisComplet/tex/BancEssaisComplet.tex
<../fig/fig_BancEssaisComplet/BancEssaisComplet.png, id=68, 338.76563pt x 338.7
6563pt>
File: ../fig/fig_BancEssaisComplet/BancEssaisComplet.png Graphic file (type png
)
<use ../fig/fig_BancEssaisComplet/BancEssaisComplet.png>
Package pdftex.def Info: ../fig/fig_BancEssaisComplet/BancEssaisComplet.png  us
ed on input line 2.
(pdftex.def)             Requested size: 338.76479pt x 338.76479pt.
)




LaTeX Warning: Reference `fig:TCdansNoyau' on page 27 undefined on input line 3
84.

(../fig/fig_TCdansNoyau/tex/fig_TCdansNoyau.tex
Missing character: There is no ; in font nullfont!
Missing character: There is no ; in font nullfont!
Missing character: There is no ; in font nullfont!
Missing character: There is no ; in font nullfont!
Missing character: There is no ; in font nullfont!
Missing character: There is no ; in font nullfont!
Missing character: There is no ; in font nullfont!
Missing character: There is no ; in font nullfont!
)

LaTeX Warning: Reference `fig:SchemaGeneralTACOT' on page 27 undefined on input
 line 391.


LaTeX Warning: Reference `fig:SchemaGeneralTACOT' on page 27 undefined on input
 line 391.


LaTeX Warning: Reference `fig:PhotosPressionStatDyn' on page 27 undefined on in
put line 395.


LaTeX Warning: Reference `fig:PhotosPressionStatDyn' on page 27 undefined on in
put line 398.

(../fig/fig_PhotosPressionStatDyn/tex/fig_PhotosPressionStatDyn.tex
<../fig/fig_TacotPhotos/TacotSeul_RIXGauche.jpg, id=69, 189.68504pt x 126.42508
pt>
File: ../fig/fig_TacotPhotos/TacotSeul_RIXGauche.jpg Graphic file (type jpg)
<use ../fig/fig_TacotPhotos/TacotSeul_RIXGauche.jpg>
Package pdftex.def Info: ../fig/fig_TacotPhotos/TacotSeul_RIXGauche.jpg  used o
n input line 2.
(pdftex.def)             Requested size: 338.5863pt x 225.70145pt.
)


LaTeX Warning: Reference `chap:InstrumHP' on page 28 undefined on input line 41
1.


LaTeX Warning: Reference `fig:TACOTSuspendu_Frigo' on page 28 undefined on inpu
t line 462.


LaTeX Warning: Reference `fig:TACOTSuspendu_Palans' on page 28 undefined on inp
ut line 462.

<../fig/fig_SystemeAccroche/Machine_horizBetter_cropped.jpg, id=70, 126.42508pt
 x 94.84251pt>
File: ../fig/fig_SystemeAccroche/Machine_horizBetter_cropped.jpg Graphic file (
type jpg)
<use ../fig/fig_SystemeAccroche/Machine_horizBetter_cropped.jpg>
Package pdftex.def Info: ../fig/fig_SystemeAccroche/Machine_horizBetter_cropped
.jpg  used on input line 469.
(pdftex.def)             Requested size: 195.89455pt x 146.96094pt.
<../fig/fig_SystemeAccroche/Palans.jpg, id=71, 4047.12pt x 3035.34pt>
File: ../fig/fig_SystemeAccroche/Palans.jpg Graphic file (type jpg)
<use ../fig/fig_SystemeAccroche/Palans.jpg>
Package pdftex.def Info: ../fig/fig_SystemeAccroche/Palans.jpg  used on input l
ine 476.
(pdftex.def)             Requested size: 195.89455pt x 146.91277pt.

LaTeX Warning: Hyper reference `fig:TACOTSuspendu_Frigo' on page 28 undefined o
n input line 480.


LaTeX Warning: Reference `sub@fig:TACOTSuspendu_Frigo' on page 28 undefined on 
input line 480.


LaTeX Warning: Hyper reference `fig:TACOTSuspendu_Palans' on page 28 undefined 
on input line 480.


LaTeX Warning: Reference `sub@fig:TACOTSuspendu_Palans' on page 28 undefined on
 input line 480.


LaTeX Warning: Hyper reference `fig:TACOTSuspendu_Frigo' on page 28 undefined o
n input line 480.


LaTeX Warning: Reference `sub@fig:TACOTSuspendu_Frigo' on page 28 undefined on 
input line 480.


LaTeX Warning: Hyper reference `fig:TACOTSuspendu_Palans' on page 28 undefined 
on input line 480.


LaTeX Warning: Reference `sub@fig:TACOTSuspendu_Palans' on page 28 undefined on
 input line 480.




LaTeX Warning: Reference `fig:OrientationCore' on page 29 undefined on input li
ne 493.


LaTeX Warning: Reference `fig:TCdansNoyau' on page 29 undefined on input line 4
93.

(../fig/fig_OrientationCore/tex/subfig_OrientationCoreH1.tex
Missing character: There is no ; in font nullfont!
Missing character: There is no ; in font nullfont!
Missing character: There is no ; in font nullfont!
Missing character: There is no ; in font nullfont!
Missing character: There is no ; in font nullfont!
Missing character: There is no ; in font nullfont!
Missing character: There is no ; in font nullfont!
) (../fig/fig_OrientationCore/tex/subfig_OrientationCoreH2.tex
Missing character: There is no ; in font nullfont!
Missing character: There is no ; in font nullfont!
Missing character: There is no ; in font nullfont!
Missing character: There is no ; in font nullfont!
Missing character: There is no ; in font nullfont!
Missing character: There is no ; in font nullfont!
Missing character: There is no ; in font nullfont!
) (../fig/fig_OrientationCore/tex/subfig_OrientationCoreV1.tex
Missing character: There is no ; in font nullfont!
Missing character: There is no ; in font nullfont!
Missing character: There is no ; in font nullfont!
Missing character: There is no ; in font nullfont!
Missing character: There is no ; in font nullfont!
Missing character: There is no ; in font nullfont!
Missing character: There is no ; in font nullfont!
) (../fig/fig_OrientationCore/tex/subfig_OrientationCoreV2.tex
\openout6 = `external/fig_OrientationCore_V20.dpth'.

Missing character: There is no ; in font nullfont!
Missing character: There is no ; in font nullfont!
Missing character: There is no ; in font nullfont!
Missing character: There is no ; in font nullfont!
Missing character: There is no ; in font nullfont!
Missing character: There is no ; in font nullfont!
Missing character: There is no ; in font nullfont!
[29

\@writefile{toc}{\@ifundefined {etoctocstyle}{\let \etoc@startlocaltoc \@gobble
 \let \etoc@settocdepth \@gobble \let \etoc@depthtag \@gobble \let \etoc@setloc
altop \@gobble }{}}
{C:/Users/juliette utilisateur/AppData/Local/MiKTeX/fonts/map/pdftex/pdftex.map
}{C:/Users/juliette utilisateur/AppData/Local/Programs/MiKTeX/fonts/enc/dvips/i
wona/rm-iwona.enc}{C:/Users/juliette utilisateur/AppData/Local/Programs/MiKTeX/
fonts/enc/dvips/iwona/mi-iwona.enc}{C:/Users/juliette utilisateur/AppData/Local
/Programs/MiKTeX/fonts/enc/dvips/iwona/ec-iwona.enc}])

LaTeX Warning: Reference `fig:BancEssaisComplet' on page 29 undefined on input 
line 532.


LaTeX Warning: Hyper reference `fig:OrientationCore_H1' on page 29 undefined on
 input line 532.


LaTeX Warning: Reference `sub@fig:OrientationCore_H1' on page 29 undefined on i
nput line 532.


LaTeX Warning: Hyper reference `fig:OrientationCore_H2' on page 29 undefined on
 input line 532.


LaTeX Warning: Reference `sub@fig:OrientationCore_H2' on page 29 undefined on i
nput line 532.


LaTeX Warning: Hyper reference `fig:OrientationCore_V1' on page 29 undefined on
 input line 532.


LaTeX Warning: Reference `sub@fig:OrientationCore_V1' on page 29 undefined on i
nput line 532.


LaTeX Warning: Hyper reference `fig:OrientationCore_V2' on page 29 undefined on
 input line 532.


LaTeX Warning: Reference `sub@fig:OrientationCore_V2' on page 29 undefined on i
nput line 532.


LaTeX Warning: Reference `fig:BancEssaisComplet' on page 29 undefined on input 
line 532.


LaTeX Warning: Hyper reference `fig:OrientationCore_H1' on page 29 undefined on
 input line 532.


LaTeX Warning: Reference `sub@fig:OrientationCore_H1' on page 29 undefined on i
nput line 532.


LaTeX Warning: Hyper reference `fig:OrientationCore_H2' on page 29 undefined on
 input line 532.


LaTeX Warning: Reference `sub@fig:OrientationCore_H2' on page 29 undefined on i
nput line 532.


LaTeX Warning: Hyper reference `fig:OrientationCore_V1' on page 29 undefined on
 input line 532.


LaTeX Warning: Reference `sub@fig:OrientationCore_V1' on page 29 undefined on i
nput line 532.


LaTeX Warning: Hyper reference `fig:OrientationCore_V2' on page 29 undefined on
 input line 532.


LaTeX Warning: Reference `sub@fig:OrientationCore_V2' on page 29 undefined on i
nput line 532.


LaTeX Warning: Reference `fig:OrientationCore_H1' on page 29 undefined on input
 line 537.


LaTeX Warning: Citation 'ramadan_design_2021' on page 29 undefined on input lin
e 537.


LaTeX Warning: Reference `fig:TACOTSuspendu_Frigo' on page 29 undefined on inpu
t line 537.


LaTeX Warning: Reference `fig:OrientationCore_H2' on page 29 undefined on input
 line 539.


LaTeX Warning: Reference `fig:OrientationCore_V1' on page 29 undefined on input
 line 541.


LaTeX Warning: Reference `fig:OrientationCore_V2' on page 29 undefined on input
 line 543.


LaTeX Warning: Citation 'baltean_gravity_2025' on page 29 undefined on input li
ne 545.






LaTeX Warning: Reference `fig:TenuePressionStatique' on page 31 undefined on in
put line 559.

(../fig/fig_TenuePressionStatique/tex/fig_TenuePressionStatique.tex
Missing character: There is no ; in font nullfont!
Missing character: There is no ; in font nullfont!
Missing character: There is no ; in font nullfont!
Missing character: There is no ; in font nullfont!
Missing character: There is no ; in font nullfont!
Missing character: There is no ; in font nullfont!
Missing character: There is no ; in font nullfont!
)

LaTeX Warning: Reference `fig:PressStatique' on page 31 undefined on input line
 570.


LaTeX Warning: Reference `fig:Qc_PressStatique' on page 31 undefined on input l
ine 570.


LaTeX Warning: Reference `fig:COP_PressStatique' on page 31 undefined on input 
line 570.

(../fig/fig_PerformancePressStatique/tex/fig_Qc_PressStatique.tex
Missing character: There is no ; in font nullfont!
Missing character: There is no ; in font nullfont!
Missing character: There is no ; in font nullfont!
Missing character: There is no ; in font nullfont!
Missing character: There is no ; in font nullfont!
Missing character: There is no ; in font nullfont!
Missing character: There is no ; in font nullfont!
) (../fig/fig_PerformancePressStatique/tex/fig_COP_PressStatique.tex
Missing character: There is no ; in font nullfont!
Missing character: There is no ; in font nullfont!
Missing character: There is no ; in font nullfont!
Missing character: There is no ; in font nullfont!
Missing character: There is no ; in font nullfont!
Missing character: There is no ; in font nullfont!
Missing character: There is no ; in font nullfont!
)

LaTeX Warning: Hyper reference `fig:Qc_PressStatique' on page 31 undefined on i
nput line 593.


LaTeX Warning: Reference `sub@fig:Qc_PressStatique' on page 31 undefined on inp
ut line 593.


LaTeX Warning: Hyper reference `fig:COP_PressStatique' on page 31 undefined on 
input line 593.


LaTeX Warning: Reference `sub@fig:COP_PressStatique' on page 31 undefined on in
put line 593.


LaTeX Warning: Hyper reference `fig:Qc_PressStatique' on page 31 undefined on i
nput line 593.


LaTeX Warning: Reference `sub@fig:Qc_PressStatique' on page 31 undefined on inp
ut line 593.


LaTeX Warning: Hyper reference `fig:COP_PressStatique' on page 31 undefined on 
input line 593.


LaTeX Warning: Reference `sub@fig:COP_PressStatique' on page 31 undefined on in
put line 593.


LaTeX Warning: Reference `chap:AHX' on page 31 undefined on input line 601.


LaTeX Warning: Reference `fig:WaterOnly' on page 31 undefined on input line 601
.



(../fig/fig_WaterOnlyExample/tex/fig_WaterOnly_TC.tex
Missing character: There is no ; in font nullfont!
Missing character: There is no ; in font nullfont!
Missing character: There is no ; in font nullfont!
Missing character: There is no ; in font nullfont!
PGFPlots: reading {{../fig/fig_WaterOnlyExample/data/v2/Water_TC2.txt}}
PGFPlots: reading {{../fig/fig_WaterOnlyExample/data/v2/Water_TC5.txt}}
PGFPlots: reading {{../fig/fig_WaterOnlyExample/data/v2/Water_TC8.txt}}
PGFPlots: reading {{../fig/fig_WaterOnlyExample/data/v2/Water_TC11.txt}}
PGFPlots: reading {{../fig/fig_WaterOnlyExample/data/v2/Water_TC14.txt}}
) (../fig/fig_WaterOnlyExample/tex/fig_WaterOnly_PT.tex
Missing character: There is no ; in font nullfont!
Missing character: There is no ; in font nullfont!
Missing character: There is no ; in font nullfont!
Missing character: There is no ; in font nullfont!
PGFPlots: reading {{../fig/fig_WaterOnlyExample/data/v2/Water_PT1.txt}}
PGFPlots: reading {{../fig/fig_WaterOnlyExample/data/v2/Water_PT2.txt}}
PGFPlots: reading {{../fig/fig_WaterOnlyExample/data/v2/Water_PT1.txt}}
PGFPlots: reading {{../fig/fig_WaterOnlyExample/data/v2/Water_PT2.txt}}
LaTeX Info: Symbol \textminus not provided by
            font family iwonal in TS1 encoding.
            Default family used instead on input line 48.
)

LaTeX Warning: Hyper reference `fig:WaterOnly_TC' on page 32 undefined on input
 line 635.


LaTeX Warning: Reference `sub@fig:WaterOnly_TC' on page 32 undefined on input l
ine 635.


LaTeX Warning: Hyper reference `fig:WaterOnly_PT' on page 32 undefined on input
 line 635.


LaTeX Warning: Reference `sub@fig:WaterOnly_PT' on page 32 undefined on input l
ine 635.


LaTeX Warning: Hyper reference `fig:WaterOnly_TC' on page 32 undefined on input
 line 635.


LaTeX Warning: Reference `sub@fig:WaterOnly_TC' on page 32 undefined on input l
ine 635.


LaTeX Warning: Hyper reference `fig:WaterOnly_PT' on page 32 undefined on input
 line 635.


LaTeX Warning: Reference `sub@fig:WaterOnly_PT' on page 32 undefined on input l
ine 635.


LaTeX Warning: Reference `eq:Qf_Definition' on page 32 undefined on input line 
644.




LaTeX Warning: Citation 'ramadan_design_2021' on page 33 undefined on input lin
e 654.


LaTeX Warning: Citation 'ramadan_design_2021' on page 33 undefined on input lin
e 656.




LaTeX Warning: Reference `fig:AcouExample' on page 34 undefined on input line 6
66.


LaTeX Warning: Reference `fig:WaterOnly_TC' on page 34 undefined on input line 
666.

(../fig/fig_AcouExample/tex/fig_AcouExample.tex
Missing character: There is no ; in font nullfont!
Missing character: There is no ; in font nullfont!
Missing character: There is no ; in font nullfont!
Missing character: There is no ; in font nullfont!
PGFPlots: reading {{../fig/fig_AcouExample/data/data_TC1_0beg.txt}}
PGFPlots: reading {{../fig/fig_AcouExample/data/data_TC2_0beg.txt}}
PGFPlots: reading {{../fig/fig_AcouExample/data/data_TC3_0beg.txt}}
PGFPlots: reading {{../fig/fig_AcouExample/data/data_TC4_0beg.txt}}
PGFPlots: reading {{../fig/fig_AcouExample/data/data_TC5_0beg.txt}}
PGFPlots: reading {{../fig/fig_AcouExample/data/data_TC6_0beg.txt}}
PGFPlots: reading {{../fig/fig_AcouExample/data/data_TC7_0beg.txt}}
PGFPlots: reading {{../fig/fig_AcouExample/data/data_TC8_0beg.txt}}
PGFPlots: reading {{../fig/fig_AcouExample/data/data_TC9_0beg.txt}}
PGFPlots: reading {{../fig/fig_AcouExample/data/data_TC10_0beg.txt}}
PGFPlots: reading {{../fig/fig_AcouExample/data/data_TC11_0beg.txt}}
PGFPlots: reading {{../fig/fig_AcouExample/data/data_TC12_0beg.txt}}
PGFPlots: reading {{../fig/fig_AcouExample/data/data_TC13_0beg.txt}}
PGFPlots: reading {{../fig/fig_AcouExample/data/data_TC14_0beg.txt}}
PGFPlots: reading {{../fig/fig_AcouExample/data/data_TC15_0beg.txt}}
)

LaTeX Warning: Reference `fig:AcouExample' on page 34 undefined on input line 6
78.


LaTeX Warning: Reference `fig:Repetabilite_V1' on page 34 undefined on input li
ne 678.

(../fig/fig_Repetabilite_V1/tex/fig_Repetabilite_V1.tex
Missing character: There is no ; in font nullfont!
Missing character: There is no ; in font nullfont!
Missing character: There is no ; in font nullfont!
Missing character: There is no ; in font nullfont!
PGFPlots: reading {{../fig/fig_Repetabilite_V1/data/data_TC7_RixHi_PhaseRIXHP-6
0Â°_OrientationV1_Qc0W_Serie2.txt}}
PGFPlots: reading {{../fig/fig_Repetabilite_V1/data/data_TC8_RixHi_PhaseRIXHP-6
0Â°_OrientationV1_Qc0W_Serie2.txt}}
)

LaTeX Warning: Citation 'fontbonne_postprocessing_2025' on page 34 undefined on
 input line 693.


LaTeX Warning: Reference `chap:Acquisitions' on page 34 undefined on input line
 696.




LaTeX Warning: Reference `fig:WaterOnly_PT' on page 35 undefined on input line 
704.

Excluding 'comment' comment.

(../fig/fig_ConclusionChap2/tex/fig_ConclusionChap2.tex)) (EnsembleSimus.tex

Chapitre III.



LaTeX Warning: Reference `fig:ATE_ProfilsCHX_5mm' on page 38 undefined on input
 line 5.


LaTeX Warning: Citation 'rott_thermoacoustics_1980' on page 38 undefined on inp
ut line 5.


LaTeX Warning: Reference `chap:NbrAdim' on page 38 undefined on input line 7.


LaTeX Warning: Reference `chap:NbrAdim' on page 38 undefined on input line 7.


LaTeX Warning: Reference `chap:FEM' on page 38 undefined on input line 9.


LaTeX Warning: Reference `chap:FEM' on page 38 undefined on input line 9.


LaTeX Warning: Reference `chap:ModeleTemporel' on page 38 undefined on input li
ne 11.


LaTeX Warning: Reference `chap:ModeleTemporel' on page 38 undefined on input li
ne 11.


LaTeX Warning: Reference `fig:ATE_ProfilsCHX_5mm' on page 38 undefined on input
 line 14.


LaTeX Warning: Reference `fig:ConvNat2D' on page 38 undefined on input line 28.



LaTeX Warning: Citation 'batchelor_heat_1954' on page 38 undefined on input lin
e 28.


LaTeX Warning: Citation 'menard_convection_2005' on page 38 undefined on input 
line 28.


LaTeX Warning: Citation 'chorin_modification_2018' on page 38 undefined on inpu
t line 28.


LaTeX Warning: Reference `fig:ConvNat2D_HorizDeltaT' on page 38 undefined on in
put line 30.


LaTeX Warning: Reference `fig:ConvNat2D_VertiDeltaT' on page 38 undefined on in
put line 32.


LaTeX Warning: Citation 'getling_rayleigh-benard_1998' on page 38 undefined on 
input line 32.


LaTeX Warning: Reference `fig:ConvNat2D_VertiDeltaT' on page 38 undefined on in
put line 32.



(../fig/fig_ConvNat2D/tex/fig_ConvNat2D_HorizDeltaT.tex
Missing character: There is no ; in font nullfont!
Missing character: There is no ; in font nullfont!
Missing character: There is no ; in font nullfont!
Missing character: There is no ; in font nullfont!
Missing character: There is no ; in font nullfont!
) (../fig/fig_ConvNat2D/tex/fig_ConvNat2D_VertiDeltaT.tex
Missing character: There is no ; in font nullfont!
Missing character: There is no ; in font nullfont!
Missing character: There is no ; in font nullfont!
Missing character: There is no ; in font nullfont!
Missing character: There is no ; in font nullfont!
)

LaTeX Warning: Hyper reference `fig:ConvNat2D_HorizDeltaT' on page 39 undefined
 on input line 67.


LaTeX Warning: Reference `sub@fig:ConvNat2D_HorizDeltaT' on page 39 undefined o
n input line 67.


LaTeX Warning: Hyper reference `fig:ConvNat2D_VertiDeltaT' on page 39 undefined
 on input line 67.


LaTeX Warning: Reference `sub@fig:ConvNat2D_VertiDeltaT' on page 39 undefined o
n input line 67.


LaTeX Warning: Hyper reference `fig:ConvNat2D_HorizDeltaT' on page 39 undefined
 on input line 67.


LaTeX Warning: Reference `sub@fig:ConvNat2D_HorizDeltaT' on page 39 undefined o
n input line 67.


LaTeX Warning: Hyper reference `fig:ConvNat2D_VertiDeltaT' on page 39 undefined
 on input line 67.


LaTeX Warning: Reference `sub@fig:ConvNat2D_VertiDeltaT' on page 39 undefined o
n input line 67.


LaTeX Warning: Reference `eq:NavierStokes_Boussinesq_QtMvt' on page 39 undefine
d on input line 96.


LaTeX Warning: Reference `eq:Prandtl' on page 39 undefined on input line 106.




LaTeX Warning: Citation 'belleoud_etude_2016' on page 40 undefined on input lin
e 126.


LaTeX Warning: Reference `fig:ConvNat2D_HorizDeltaT' on page 40 undefined on in
put line 126.


LaTeX Warning: Reference `tab:NbrRayleigh_Vitesse' on page 40 undefined on inpu
t line 128.


LaTeX Warning: Reference `fig:ConvNat2D' on page 40 undefined on input line 131
.


LaTeX Warning: Reference `fig:ConvNat2D' on page 40 undefined on input line 131
.

LaTeX Info: Symbol \textminus not provided by
            font family iwonal in TS1 encoding.
            Default family used instead on input line 138.
LaTeX Info: Symbol \textminus not provided by
            font family iwonal in TS1 encoding.
            Default family used instead on input line 138.
LaTeX Info: Symbol \textminus not provided by
            font family iwonal in TS1 encoding.
            Default family used instead on input line 138.
LaTeX Info: Symbol \textminus not provided by
            font family iwonal in TS1 encoding.
            Default family used instead on input line 138.

LaTeX Warning: Reference `fig:ConvNat2D_HorizDeltaT' on page 40 undefined on in
put line 138.


LaTeX Warning: Reference `fig:ConvNat2D_HorizDeltaT' on page 40 undefined on in
put line 138.

LaTeX Info: Symbol \textminus not provided by
            font family iwonal in TS1 encoding.
            Default family used instead on input line 138.
LaTeX Info: Symbol \textminus not provided by
            font family iwonal in TS1 encoding.
            Default family used instead on input line 138.
LaTeX Info: Symbol \textminus not provided by
            font family iwonal in TS1 encoding.
            Default family used instead on input line 138.
LaTeX Info: Symbol \textminus not provided by
            font family iwonal in TS1 encoding.
            Default family used instead on input line 138.

LaTeX Warning: Reference `fig:ConvNat2D_VertiDeltaT' on page 40 undefined on in
put line 138.


LaTeX Warning: Reference `fig:ConvNat2D_VertiDeltaT' on page 40 undefined on in
put line 138.

LaTeX Info: Symbol \textminus not provided by
            font family iwonal in TS1 encoding.
            Default family used instead on input line 138.
LaTeX Info: Symbol \textminus not provided by
            font family iwonal in TS1 encoding.
            Default family used instead on input line 138.
LaTeX Info: Symbol \textminus not provided by
            font family iwonal in TS1 encoding.
            Default family used instead on input line 138.
LaTeX Info: Symbol \textminus not provided by
            font family iwonal in TS1 encoding.
            Default family used instead on input line 138.
LaTeX Info: Symbol \textminus not provided by
            font family iwonal in TS1 encoding.
            Default family used instead on input line 138.
LaTeX Info: Symbol \textminus not provided by
            font family iwonal in TS1 encoding.
            Default family used instead on input line 138.
LaTeX Info: Symbol \textminus not provided by
            font family iwonal in TS1 encoding.
            Default family used instead on input line 138.
LaTeX Info: Symbol \textminus not provided by
            font family iwonal in TS1 encoding.
            Default family used instead on input line 138.

LaTeX Warning: Reference `fig:ConvNat2D_HorizDeltaT' on page 40 undefined on in
put line 138.


LaTeX Warning: Reference `fig:ConvNat2D_HorizDeltaT' on page 40 undefined on in
put line 138.

LaTeX Info: Symbol \textminus not provided by
            font family iwonal in TS1 encoding.
            Default family used instead on input line 138.
LaTeX Info: Symbol \textminus not provided by
            font family iwonal in TS1 encoding.
            Default family used instead on input line 138.
LaTeX Info: Symbol \textminus not provided by
            font family iwonal in TS1 encoding.
            Default family used instead on input line 138.
LaTeX Info: Symbol \textminus not provided by
            font family iwonal in TS1 encoding.
            Default family used instead on input line 138.

LaTeX Warning: Reference `fig:ConvNat2D_VertiDeltaT' on page 40 undefined on in
put line 138.


LaTeX Warning: Reference `fig:ConvNat2D_VertiDeltaT' on page 40 undefined on in
put line 138.

LaTeX Info: Symbol \textminus not provided by
            font family iwonal in TS1 encoding.
            Default family used instead on input line 138.
LaTeX Info: Symbol \textminus not provided by
            font family iwonal in TS1 encoding.
            Default family used instead on input line 138.
LaTeX Info: Symbol \textminus not provided by
            font family iwonal in TS1 encoding.
            Default family used instead on input line 138.
LaTeX Info: Symbol \textminus not provided by
            font family iwonal in TS1 encoding.
            Default family used instead on input line 138.

LaTeX Warning: Reference `eq:NavierStokes_Boussinesq_QtMvt' on page 40 undefine
d on input line 166.


LaTeX Warning: Citation 'walch_convection_1980' on page 40 undefined on input l
ine 172.


LaTeX Warning: Reference `eq:NavierStokes_Boussinesq_QtMvt_Poreux' on page 40 u
ndefined on input line 174.


LaTeX Warning: Citation 'nield_convection_2013' on page 40 undefined on input l
ine 174.




LaTeX Warning: Reference `fig:ConvNat2D_HorizDeltaT' on page 41 undefined on in
put line 187.


LaTeX Warning: Reference `fig:ConvNat2D_VertiDeltaT' on page 41 undefined on in
put line 187.


LaTeX Warning: Reference `fig:ConvNat2D_VertiDeltaT' on page 41 undefined on in
put line 187.


LaTeX Warning: Citation 'elder_steady_1967' on page 41 undefined on input line 
187.


LaTeX Warning: Citation 'kvernvold_nonlinear_1979' on page 41 undefined on inpu
t line 187.


LaTeX Warning: Reference `fig:ConvNat2D' on page 41 undefined on input line 189
.


LaTeX Warning: Reference `tab:NbrRayleigh_Vitesse' on page 41 undefined on inpu
t line 189.


LaTeX Warning: Reference `fig:ConvNat2D' on page 41 undefined on input line 193
.


LaTeX Warning: Reference `fig:ConvNat2D' on page 41 undefined on input line 193
.

LaTeX Info: Symbol \textminus not provided by
            font family iwonal in TS1 encoding.
            Default family used instead on input line 199.
LaTeX Info: Symbol \textminus not provided by
            font family iwonal in TS1 encoding.
            Default family used instead on input line 199.

LaTeX Warning: Reference `fig:ConvNat2D_HorizDeltaT' on page 41 undefined on in
put line 199.


LaTeX Warning: Reference `fig:ConvNat2D_HorizDeltaT' on page 41 undefined on in
put line 199.

LaTeX Info: Symbol \textminus not provided by
            font family iwonal in TS1 encoding.
            Default family used instead on input line 199.
LaTeX Info: Symbol \textminus not provided by
            font family iwonal in TS1 encoding.
            Default family used instead on input line 199.
LaTeX Info: Symbol \textminus not provided by
            font family iwonal in TS1 encoding.
            Default family used instead on input line 199.
LaTeX Info: Symbol \textminus not provided by
            font family iwonal in TS1 encoding.
            Default family used instead on input line 199.

LaTeX Warning: Reference `fig:ConvNat2D_VertiDeltaT' on page 41 undefined on in
put line 199.


LaTeX Warning: Reference `fig:ConvNat2D_VertiDeltaT' on page 41 undefined on in
put line 199.

LaTeX Info: Symbol \textminus not provided by
            font family iwonal in TS1 encoding.
            Default family used instead on input line 199.
LaTeX Info: Symbol \textminus not provided by
            font family iwonal in TS1 encoding.
            Default family used instead on input line 199.
LaTeX Info: Symbol \textminus not provided by
            font family iwonal in TS1 encoding.
            Default family used instead on input line 199.
LaTeX Info: Symbol \textminus not provided by
            font family iwonal in TS1 encoding.
            Default family used instead on input line 199.
LaTeX Info: Symbol \textminus not provided by
            font family iwonal in TS1 encoding.
            Default family used instead on input line 199.
LaTeX Info: Symbol \textminus not provided by
            font family iwonal in TS1 encoding.
            Default family used instead on input line 199.

LaTeX Warning: Reference `fig:ConvNat2D_HorizDeltaT' on page 41 undefined on in
put line 199.


LaTeX Warning: Reference `fig:ConvNat2D_HorizDeltaT' on page 41 undefined on in
put line 199.

LaTeX Info: Symbol \textminus not provided by
            font family iwonal in TS1 encoding.
            Default family used instead on input line 199.
LaTeX Info: Symbol \textminus not provided by
            font family iwonal in TS1 encoding.
            Default family used instead on input line 199.
LaTeX Info: Symbol \textminus not provided by
            font family iwonal in TS1 encoding.
            Default family used instead on input line 199.
LaTeX Info: Symbol \textminus not provided by
            font family iwonal in TS1 encoding.
            Default family used instead on input line 199.

LaTeX Warning: Reference `fig:ConvNat2D_VertiDeltaT' on page 41 undefined on in
put line 199.


LaTeX Warning: Reference `fig:ConvNat2D_VertiDeltaT' on page 41 undefined on in
put line 199.

LaTeX Info: Symbol \textminus not provided by
            font family iwonal in TS1 encoding.
            Default family used instead on input line 199.
LaTeX Info: Symbol \textminus not provided by
            font family iwonal in TS1 encoding.
            Default family used instead on input line 199.
LaTeX Info: Symbol \textminus not provided by
            font family iwonal in TS1 encoding.
            Default family used instead on input line 199.
LaTeX Info: Symbol \textminus not provided by
            font family iwonal in TS1 encoding.
            Default family used instead on input line 199.

LaTeX Warning: Reference `fig:ConvNat2D' on page 41 undefined on input line 232
.


LaTeX Warning: Citation 'schneider_laminar_1992' on page 41 undefined on input 
line 241.


LaTeX Warning: Citation 'basak_heat_2009' on page 41 undefined on input line 24
1.




LaTeX Warning: Reference `fig:SchemaGeneralTACOT' on page 42 undefined on input
 line 244.


LaTeX Warning: Reference `fig:Comsol_Geometrie_ConeSeul' on page 42 undefined o
n input line 246.

<../fig/fig_ConvNatComsol_Resultats/ConeSeul/Geometrie.png, id=89, 216.68954pt 
x 216.68954pt>
File: ../fig/fig_ConvNatComsol_Resultats/ConeSeul/Geometrie.png Graphic file (t
ype png)
<use ../fig/fig_ConvNatComsol_Resultats/ConeSeul/Geometrie.png>
Package pdftex.def Info: ../fig/fig_ConvNatComsol_Resultats/ConeSeul/Geometrie.
png  used on input line 250.
(pdftex.def)             Requested size: 216.68901pt x 216.68901pt.



LaTeX Warning: Reference `fig:ConvNatComsol_V1_ConeParamRix' on page 43 undefin
ed on input line 266.

<../fig/fig_ConvNatComsol_Resultats/ConeSeul/SmallBase_THBelow.png, id=90, 449.
5194pt x 88.04895pt>
File: ../fig/fig_ConvNatComsol_Resultats/ConeSeul/SmallBase_THBelow.png Graphic
 file (type png)
<use ../fig/fig_ConvNatComsol_Resultats/ConeSeul/SmallBase_THBelow.png>
Package pdftex.def Info: ../fig/fig_ConvNatComsol_Resultats/ConeSeul/SmallBase_
THBelow.png  used on input line 272.
(pdftex.def)             Requested size: 449.51828pt x 88.04874pt.
<../fig/fig_ConvNatComsol_Resultats/ConeSeul/Cylinder_THBelow.png, id=91, 449.5
194pt x 87.6876pt>
File: ../fig/fig_ConvNatComsol_Resultats/ConeSeul/Cylinder_THBelow.png Graphic 
file (type png)
<use ../fig/fig_ConvNatComsol_Resultats/ConeSeul/Cylinder_THBelow.png>
Package pdftex.def Info: ../fig/fig_ConvNatComsol_Resultats/ConeSeul/Cylinder_T
HBelow.png  used on input line 282.
(pdftex.def)             Requested size: 449.51828pt x 87.68738pt.
<../fig/fig_ConvNatComsol_Resultats/ConeSeul/LargeBase_THBelow.png, id=92, 449.
5194pt x 89.01254pt>
File: ../fig/fig_ConvNatComsol_Resultats/ConeSeul/LargeBase_THBelow.png Graphic
 file (type png)
<use ../fig/fig_ConvNatComsol_Resultats/ConeSeul/LargeBase_THBelow.png>
Package pdftex.def Info: ../fig/fig_ConvNatComsol_Resultats/ConeSeul/LargeBase_
THBelow.png  used on input line 292.
(pdftex.def)             Requested size: 449.51828pt x 89.0123pt.

LaTeX Warning: Reference `fig:ConvNatComsol_V1_ConeParamRix_SmallBase' on page 
43 undefined on input line 325.

LaTeX Info: Symbol \textminus not provided by
            font family iwonal in TS1 encoding.
            Default family used instead on input line 325.
LaTeX Info: Symbol \textminus not provided by
            font family iwonal in TS1 encoding.
            Default family used instead on input line 325.

LaTeX Warning: Reference `fig:ConvNatComsol_V1_ConeParamRix_Cylinder' on page 4
3 undefined on input line 327.


LaTeX Warning: Reference `fig:ConvNatComsol_V1_ConeParamRix_LargeBase' on page 
43 undefined on input line 329.


LaTeX Warning: Reference `fig:ConvNatComsol_V1_ConeParamRix_SmallBase' on page 
43 undefined on input line 331.


LaTeX Warning: Citation 'basak_heat_2009' on page 43 undefined on input line 33
1.


LaTeX Warning: Reference `fig:ConvNatComsol_V1_ConeParamRix_LargeBase' on page 
43 undefined on input line 331.




LaTeX Warning: Citation 'schneider_laminar_1992' on page 44 undefined on input 
line 333.


LaTeX Warning: Reference `fig:ConvNatComsol_V2_ConeParamRix' on page 44 undefin
ed on input line 337.

<../fig/fig_ConvNatComsol_Resultats/ConeSeul/SmallBase_THAbove.png, id=95, 449.
5194pt x 78.41295pt>
File: ../fig/fig_ConvNatComsol_Resultats/ConeSeul/SmallBase_THAbove.png Graphic
 file (type png)
<use ../fig/fig_ConvNatComsol_Resultats/ConeSeul/SmallBase_THAbove.png>
Package pdftex.def Info: ../fig/fig_ConvNatComsol_Resultats/ConeSeul/SmallBase_
THAbove.png  used on input line 343.
(pdftex.def)             Requested size: 449.51828pt x 78.41273pt.
<../fig/fig_ConvNatComsol_Resultats/ConeSeul/Cylinder_THAbove.png, id=96, 449.5
194pt x 78.41295pt>
File: ../fig/fig_ConvNatComsol_Resultats/ConeSeul/Cylinder_THAbove.png Graphic 
file (type png)
<use ../fig/fig_ConvNatComsol_Resultats/ConeSeul/Cylinder_THAbove.png>
Package pdftex.def Info: ../fig/fig_ConvNatComsol_Resultats/ConeSeul/Cylinder_T
HAbove.png  used on input line 352.
(pdftex.def)             Requested size: 449.51828pt x 78.41273pt.
<../fig/fig_ConvNatComsol_Resultats/ConeSeul/LargeBase_THAbove.png, id=97, 449.
5194pt x 78.7743pt>
File: ../fig/fig_ConvNatComsol_Resultats/ConeSeul/LargeBase_THAbove.png Graphic
 file (type png)
<use ../fig/fig_ConvNatComsol_Resultats/ConeSeul/LargeBase_THAbove.png>
Package pdftex.def Info: ../fig/fig_ConvNatComsol_Resultats/ConeSeul/LargeBase_
THAbove.png  used on input line 361.
(pdftex.def)             Requested size: 449.51828pt x 78.77411pt.

LaTeX Warning: Reference `fig:ConvNatComsol_V2_ConeParamRix_SmallBase' on page 
44 undefined on input line 393.

LaTeX Info: Symbol \textminus not provided by
            font family iwonal in TS1 encoding.
            Default family used instead on input line 393.
LaTeX Info: Symbol \textminus not provided by
            font family iwonal in TS1 encoding.
            Default family used instead on input line 393.

LaTeX Warning: Reference `fig:ConvNatComsol_V2_ConeParamRix_Cylinder' on page 4
4 undefined on input line 395.


LaTeX Warning: Reference `fig:ConvNatComsol_V2_ConeParamRix_LargeBase' on page 
44 undefined on input line 397.


LaTeX Warning: Reference `fig:ConvNatComsol_V2_ConeParamRix_SmallBase' on page 
44 undefined on input line 397.


LaTeX Warning: Reference `fig:ConvNatComsol_V2_ConeParamRix' on page 44 undefin
ed on input line 399.


LaTeX Warning: Reference `fig:ConvNatComsol_V1_ConeParamRix' on page 44 undefin
ed on input line 399.

LaTeX Info: Symbol \textminus not provided by
            font family iwonal in TS1 encoding.
            Default family used instead on input line 399.
LaTeX Info: Symbol \textminus not provided by
            font family iwonal in TS1 encoding.
            Default family used instead on input line 399.
LaTeX Info: Symbol \textminus not provided by
            font family iwonal in TS1 encoding.
            Default family used instead on input line 399.
LaTeX Info: Symbol \textminus not provided by
            font family iwonal in TS1 encoding.
            Default family used instead on input line 399.



LaTeX Warning: Reference `fig:Comsol_ModeleSimplifie_Geometrie' on page 45 unde
fined on input line 406.

<../fig/fig_ConvNatComsol/Comsol_SimplifiedModel_Geometry62.png, id=100, 338.70
54pt x 301.6068pt>
File: ../fig/fig_ConvNatComsol/Comsol_SimplifiedModel_Geometry62.png Graphic fi
le (type png)
<use ../fig/fig_ConvNatComsol/Comsol_SimplifiedModel_Geometry62.png>
Package pdftex.def Info: ../fig/fig_ConvNatComsol/Comsol_SimplifiedModel_Geomet
ry62.png  used on input line 411.
(pdftex.def)             Requested size: 237.09216pt x 211.1233pt.

LaTeX Warning: Reference `tab:DimModeleComsol' on page 45 undefined on input li
ne 416.


LaTeX Warning: Reference `fig:SchemaGeneralTACOT' on page 45 undefined on input
 line 433.


LaTeX Warning: Reference `chap:FEM_CondFront' on page 45 undefined on input lin
e 433.



Excluding 'comment' comment.

LaTeX Warning: Citation 'lewis_measurement_1998' on page 46 undefined on input 
line 471.


LaTeX Warning: Citation 'swift_thermoacoustics_2017' on page 46 undefined on in
put line 471.


LaTeX Warning: Citation 'li_effective_2006' on page 46 undefined on input line 
471.


LaTeX Warning: Citation 'hsu_effective_1996' on page 46 undefined on input line
 471.


LaTeX Warning: Reference `fig:SuperpositionComsol' on page 46 undefined on inpu
t line 495.


LaTeX Warning: Reference `fig:SuperpositionComsol' on page 46 undefined on inpu
t line 495.


LaTeX Warning: Reference `eq:ConductiviteTensiorielle' on page 46 undefined on 
input line 495.


LaTeX Warning: Reference `fig:SuperpositionComsol' on page 46 undefined on inpu
t line 495.


LaTeX Warning: Reference `fig:SuperpositionComsol' on page 46 undefined on inpu
t line 495.


LaTeX Warning: Citation 'ramadan_design_2021' on page 46 undefined on input lin
e 495.


LaTeX Warning: Reference `fig:ATE_ProfilsCHX_5mm' on page 46 undefined on input
 line 495.



(../fig/fig_SuperpositionComsol/tex/fig_SuperpositionComsol.tex)

LaTeX Warning: Reference `fig:OrientationCore_H1' on page 47 undefined on input
 line 502.


LaTeX Warning: Reference `fig:ATE_ProfilsCHX_5mm' on page 47 undefined on input
 line 502.


LaTeX Warning: Citation 'ramadan_design_2021' on page 47 undefined on input lin
e 502.


LaTeX Warning: Reference `fig:OrientationCore_H1' on page 47 undefined on input
 line 502.


LaTeX Warning: Reference `fig:ATE_ProfilsCHX_5mm' on page 47 undefined on input
 line 502.


LaTeX Warning: Citation 'ramadan_design_2021' on page 47 undefined on input lin
e 502.


LaTeX Warning: Reference `fig:Comsol_CondFrontT' on page 47 undefined on input 
line 514.

(../fig/fig_ComsolThermalCondFront/tex/Rix_Ambiant.tex
Missing character: There is no ; in font nullfont!
Missing character: There is no ; in font nullfont!
Missing character: There is no ; in font nullfont!
Missing character: There is no ; in font nullfont!
Missing character: There is no ; in font nullfont!
Missing character: There is no ; in font nullfont!
Missing character: There is no ; in font nullfont!
Missing character: There is no ; in font nullfont!
Missing character: There is no ; in font nullfont!
)

LaTeX Warning: Reference `fig:RIXTa_Detail_Cmap_T_Fleche_vNorme' on page 47 und
efined on input line 582.

<../fig/fig_ConvNatComsol_Resultats/Cmap_T_Fleche_vNorme/H1_RIXTa.png, id=101, 
224.7597pt x 224.7597pt>
File: ../fig/fig_ConvNatComsol_Resultats/Cmap_T_Fleche_vNorme/H1_RIXTa.png Grap
hic file (type png)
<use ../fig/fig_ConvNatComsol_Resultats/Cmap_T_Fleche_vNorme/H1_RIXTa.png>
Package pdftex.def Info: ../fig/fig_ConvNatComsol_Resultats/Cmap_T_Fleche_vNorm
e/H1_RIXTa.png  used on input line 589.
(pdftex.def)             Requested size: 204.6029pt x 204.61052pt.
<../fig/fig_ConvNatComsol_Resultats/Cmap_T_Fleche_vNorme/H2_RIXTa.png, id=102, 
224.7597pt x 224.7597pt>
File: ../fig/fig_ConvNatComsol_Resultats/Cmap_T_Fleche_vNorme/H2_RIXTa.png Grap
hic file (type png)
<use ../fig/fig_ConvNatComsol_Resultats/Cmap_T_Fleche_vNorme/H2_RIXTa.png>
Package pdftex.def Info: ../fig/fig_ConvNatComsol_Resultats/Cmap_T_Fleche_vNorm
e/H2_RIXTa.png  used on input line 593.
(pdftex.def)             Requested size: 204.6029pt x 204.61052pt.
<../fig/fig_ConvNatComsol_Resultats/Cmap_T_Fleche_vNorme/V1_RIXTa.png, id=107, 
224.7597pt x 224.7597pt>
File: ../fig/fig_ConvNatComsol_Resultats/Cmap_T_Fleche_vNorme/V1_RIXTa.png Grap
hic file (type png)
<use ../fig/fig_ConvNatComsol_Resultats/Cmap_T_Fleche_vNorme/V1_RIXTa.png>
Package pdftex.def Info: ../fig/fig_ConvNatComsol_Resultats/Cmap_T_Fleche_vNorm
e/V1_RIXTa.png  used on input line 653.
(pdftex.def)             Requested size: 204.6029pt x 204.61052pt.
<../fig/fig_ConvNatComsol_Resultats/Cmap_T_Fleche_vNorme/V2_RIXTa.png, id=108, 
224.7597pt x 224.7597pt>
File: ../fig/fig_ConvNatComsol_Resultats/Cmap_T_Fleche_vNorme/V2_RIXTa.png Grap
hic file (type png)
<use ../fig/fig_ConvNatComsol_Resultats/Cmap_T_Fleche_vNorme/V2_RIXTa.png>
Package pdftex.def Info: ../fig/fig_ConvNatComsol_Resultats/Cmap_T_Fleche_vNorm
e/V2_RIXTa.png  used on input line 657.
(pdftex.def)             Requested size: 204.6029pt x 204.61052pt.

LaTeX Warning: Hyper reference `fig:H1_RIXTa_Detail_Cmap_T_Fleche_vNorme' on pa
ge 47 undefined on input line 712.


LaTeX Warning: Reference `sub@fig:H1_RIXTa_Detail_Cmap_T_Fleche_vNorme' on page
 47 undefined on input line 712.


LaTeX Warning: Hyper reference `fig:H2_RIXTa_Detail_Cmap_T_Fleche_vNorme' on pa
ge 47 undefined on input line 712.


LaTeX Warning: Reference `sub@fig:H2_RIXTa_Detail_Cmap_T_Fleche_vNorme' on page
 47 undefined on input line 712.


LaTeX Warning: Hyper reference `fig:V1_RIXTa_Detail_Cmap_T_Fleche_vNorme' on pa
ge 47 undefined on input line 712.


LaTeX Warning: Reference `sub@fig:V1_RIXTa_Detail_Cmap_T_Fleche_vNorme' on page
 47 undefined on input line 712.


LaTeX Warning: Hyper reference `fig:V2_RIXTa_Detail_Cmap_T_Fleche_vNorme' on pa
ge 47 undefined on input line 712.


LaTeX Warning: Reference `sub@fig:V2_RIXTa_Detail_Cmap_T_Fleche_vNorme' on page
 47 undefined on input line 712.


LaTeX Warning: Hyper reference `fig:H1_RIXTa_Detail_Cmap_T_Fleche_vNorme' on pa
ge 47 undefined on input line 712.


LaTeX Warning: Reference `sub@fig:H1_RIXTa_Detail_Cmap_T_Fleche_vNorme' on page
 47 undefined on input line 712.


LaTeX Warning: Hyper reference `fig:H2_RIXTa_Detail_Cmap_T_Fleche_vNorme' on pa
ge 47 undefined on input line 712.


LaTeX Warning: Reference `sub@fig:H2_RIXTa_Detail_Cmap_T_Fleche_vNorme' on page
 47 undefined on input line 712.


LaTeX Warning: Hyper reference `fig:V1_RIXTa_Detail_Cmap_T_Fleche_vNorme' on pa
ge 47 undefined on input line 712.


LaTeX Warning: Reference `sub@fig:V1_RIXTa_Detail_Cmap_T_Fleche_vNorme' on page
 47 undefined on input line 712.


LaTeX Warning: Hyper reference `fig:V2_RIXTa_Detail_Cmap_T_Fleche_vNorme' on pa
ge 47 undefined on input line 712.


LaTeX Warning: Reference `sub@fig:V2_RIXTa_Detail_Cmap_T_Fleche_vNorme' on page
 47 undefined on input line 712.


LaTeX Warning: Reference `fig:H1_RIXTa_Detail_Cmap_T_Fleche_vNorme' on page 47 
undefined on input line 716.


LaTeX Warning: Reference `fig:H2_RIXTa_Detail_Cmap_T_Fleche_vNorme' on page 47 
undefined on input line 718.


LaTeX Warning: Reference `fig:V1_RIXTa_Detail_Cmap_T_Fleche_vNorme' on page 47 
undefined on input line 720.


LaTeX Warning: Citation 'basak_heat_2009' on page 47 undefined on input line 72
0.




LaTeX Warning: Reference `fig:V2_RIXTa_Detail_Cmap_T_Fleche_vNorme' on page 48 
undefined on input line 722.


LaTeX Warning: Reference `chap:CircuFluideV2' on page 48 undefined on input lin
e 722.


LaTeX Warning: Citation 'swift_thermoacoustic_1988' on page 48 undefined on inp
ut line 767.




LaTeX Warning: Citation 'lotton_transient_2009' on page 49 undefined on input l
ine 769.


LaTeX Warning: Citation 'lotton_transient_2009' on page 49 undefined on input l
ine 769.




LaTeX Warning: Reference `eq:TMatrix_prod_TppTuu' on page 50 undefined on input
 line 779.


LaTeX Warning: Reference `eq:FonctionViqueuse_Moyenne' on page 50 undefined on 
input line 808.


LaTeX Warning: Reference `eq:FonctionThermique_Moyenne' on page 50 undefined on
 input line 808.


LaTeX Warning: Reference `fig:Schema_FluxThermiquesNoyau_Gaelle' on page 50 und
efined on input line 813.


(../fig/fig_Schema_FluxThermiquesNoyau_Gaelle/tex/fig_Schema_FluxThermiquesNoya
u_Gaelle.tex
Missing character: There is no ; in font nullfont!
Missing character: There is no ; in font nullfont!
Missing character: There is no ; in font nullfont!
Missing character: There is no ; in font nullfont!
Missing character: There is no ; in font nullfont!
Missing character: There is no ; in font nullfont!
Missing character: There is no ; in font nullfont!
)

LaTeX Warning: Reference `eq:FluxTA_swift' on page 50 undefined on input line 8
25.


LaTeX Warning: Citation 'swift_thermoacoustics_2017' on page 50 undefined on in
put line 825.




LaTeX Warning: Reference `chap:FEM' on page 51 undefined on input line 856.


LaTeX Warning: Citation 'hsu_effective_1996' on page 51 undefined on input line
 856.


LaTeX Warning: Citation 'lewis_measurement_1998' on page 51 undefined on input 
line 863.


LaTeX Warning: Reference `tab:GeometrieTAC' on page 51 undefined on input line 
863.




LaTeX Warning: Reference `eq:FluxVisq_Transitoire' on page 52 undefined on inpu
t line 876.


LaTeX Warning: Reference `eq:FonctionsVisqueuses' on page 52 undefined on input
 line 892.


LaTeX Warning: Reference `eq:FluxVisq_Transitoire_IntegralTSimplifie' on page 5
2 undefined on input line 894.


LaTeX Warning: Reference `fig:TemperatureCanisterConditionLimite' on page 52 un
defined on input line 918.


(../fig/fig_TemperatureCanisterConditionLimite/tex/fig_TemperatureCanisterCondi
tionLimite.tex
Missing character: There is no ; in font nullfont!
Missing character: There is no ; in font nullfont!
Missing character: There is no ; in font nullfont!
Missing character: There is no ; in font nullfont!
)

LaTeX Warning: Citation 'guedra_etudes_2012' on page 52 undefined on input line
 929.


LaTeX Warning: Citation 'penelet_etude_2004' on page 52 undefined on input line
 929.




LaTeX Warning: Citation 'tian_cross_2007' on page 53 undefined on input line 94
5.


LaTeX Warning: Citation 'g_correlations_2022' on page 53 undefined on input lin
e 945.


LaTeX Warning: Reference `fig:TransitoireFit' on page 53 undefined on input lin
e 945.

(../fig/fig_TransitoireFit/tex/fig_TransitoireFit.tex
Missing character: There is no ; in font nullfont!
Missing character: There is no ; in font nullfont!
Missing character: There is no ; in font nullfont!
Missing character: There is no ; in font nullfont!
Missing character: There is no ; in font nullfont!
Missing character: There is no ; in font nullfont!
Missing character: There is no ; in font nullfont!
PGFPlots: reading {../fig/fig_TransitoireFit/data/mes_temp_5.txt}
PGFPlots: reading {../fig/fig_TransitoireFit/data/mes_temp_8.txt}
PGFPlots: reading {../fig/fig_TransitoireFit/data/mes_temp_11.txt}
PGFPlots: reading {../fig/fig_TransitoireFit/data/fit_temp_5.txt}
PGFPlots: reading {../fig/fig_TransitoireFit/data/fit_temp_8.txt}
PGFPlots: reading {../fig/fig_TransitoireFit/data/fit_temp_11.txt}
)


LaTeX Warning: Reference `eq:BilanThermique_Transitoire' on page 54 undefined o
n input line 977.


LaTeX Warning: Reference `chap:Acquisitions' on page 54 undefined on input line
 995.


LaTeX Warning: Reference `fig:WaterOnly_TC' on page 54 undefined on input line 
995.


LaTeX Warning: Citation 'hahn_heat_2012' on page 54 undefined on input line 100
6.


LaTeX Warning: Reference `eq:BilanThermique_Transitoire' on page 54 undefined o
n input line 1006.


LaTeX Warning: Reference `eq:CondFront' on page 54 undefined on input line 1006
.


LaTeX Warning: Reference `eq:CondInit' on page 54 undefined on input line 1006.







LaTeX Warning: Reference `eq:ProblemeTransitoire_ChgtVariables' on page 56 unde
fined on input line 1074.




LaTeX Warning: Reference `eq:TheoremeGreen_TransfoInteg' on page 57 undefined o
n input line 1146.


LaTeX Warning: Reference `eq:TransfoInteg_Inversion_X' on page 57 undefined on 
input line 1159.


LaTeX Warning: Reference `eq:TransfoInteg_Inversion_R' on page 57 undefined on 
input line 1166.


LaTeX Warning: Reference `fig:ExempleTransitoireH2' on page 57 undefined on inp
ut line 1184.



(../fig/fig_ExempleTransitoire/tex/fig_ExempleTransitoireH2_Low.tex
Missing character: There is no ; in font nullfont!
Missing character: There is no ; in font nullfont!
Missing character: There is no ; in font nullfont!
Missing character: There is no ; in font nullfont!
PGFPlots: reading {{../fig/fig_ExempleTransitoire/data/data_TC4_H2_Low.txt}}
PGFPlots: reading {{../fig/fig_ExempleTransitoire/data/data_TC5_H2_Low.txt}}
PGFPlots: reading {{../fig/fig_ExempleTransitoire/data/data_TC6_H2_Low.txt}}
PGFPlots: reading {{../fig/fig_ExempleTransitoire/data/data_TC7_H2_Low.txt}}
PGFPlots: reading {{../fig/fig_ExempleTransitoire/data/data_TC8_H2_Low.txt}}
PGFPlots: reading {{../fig/fig_ExempleTransitoire/data/data_TC9_H2_Low.txt}}
PGFPlots: reading {{../fig/fig_ExempleTransitoire/data/data_TC10_H2_Low.txt}}
PGFPlots: reading {{../fig/fig_ExempleTransitoire/data/data_TC11_H2_Low.txt}}
PGFPlots: reading {{../fig/fig_ExempleTransitoire/data/data_TC12_H2_Low.txt}}
) (../fig/fig_ExempleTransitoire/tex/fig_ExempleTransitoireH2_Mid.tex
Missing character: There is no ; in font nullfont!
Missing character: There is no ; in font nullfont!
Missing character: There is no ; in font nullfont!
Missing character: There is no ; in font nullfont!
PGFPlots: reading {{../fig/fig_ExempleTransitoire/data/data_TC4_H2_Mid.txt}}
PGFPlots: reading {{../fig/fig_ExempleTransitoire/data/data_TC5_H2_Mid.txt}}
PGFPlots: reading {{../fig/fig_ExempleTransitoire/data/data_TC6_H2_Mid.txt}}
PGFPlots: reading {{../fig/fig_ExempleTransitoire/data/data_TC7_H2_Mid.txt}}
PGFPlots: reading {{../fig/fig_ExempleTransitoire/data/data_TC8_H2_Mid.txt}}
PGFPlots: reading {{../fig/fig_ExempleTransitoire/data/data_TC9_H2_Mid.txt}}
PGFPlots: reading {{../fig/fig_ExempleTransitoire/data/data_TC10_H2_Mid.txt}}
PGFPlots: reading {{../fig/fig_ExempleTransitoire/data/data_TC11_H2_Mid.txt}}
PGFPlots: reading {{../fig/fig_ExempleTransitoire/data/data_TC12_H2_Mid.txt}}
) (../fig/fig_ExempleTransitoire/tex/fig_ExempleTransitoireH2_High.tex
Missing character: There is no ; in font nullfont!
Missing character: There is no ; in font nullfont!
Missing character: There is no ; in font nullfont!
Missing character: There is no ; in font nullfont!
PGFPlots: reading {{../fig/fig_ExempleTransitoire/data/data_TC4_H2_High.txt}}
PGFPlots: reading {{../fig/fig_ExempleTransitoire/data/data_TC5_H2_High.txt}}
PGFPlots: reading {{../fig/fig_ExempleTransitoire/data/data_TC6_H2_High.txt}}
PGFPlots: reading {{../fig/fig_ExempleTransitoire/data/data_TC7_H2_High.txt}}
PGFPlots: reading {{../fig/fig_ExempleTransitoire/data/data_TC8_H2_High.txt}}
PGFPlots: reading {{../fig/fig_ExempleTransitoire/data/data_TC9_H2_High.txt}}
PGFPlots: reading {{../fig/fig_ExempleTransitoire/data/data_TC10_H2_High.txt}}
PGFPlots: reading {{../fig/fig_ExempleTransitoire/data/data_TC11_H2_High.txt}}
PGFPlots: reading {{../fig/fig_ExempleTransitoire/data/data_TC12_H2_High.txt}}
)

LaTeX Warning: Hyper reference `fig:ExempleTransitoireH2_Low' on page 58 undefi
ned on input line 1218.


LaTeX Warning: Reference `sub@fig:ExempleTransitoireH2_Low' on page 58 undefine
d on input line 1218.


LaTeX Warning: Hyper reference `fig:ExempleTransitoireH2_Mid' on page 58 undefi
ned on input line 1218.


LaTeX Warning: Reference `sub@fig:ExempleTransitoireH2_Mid' on page 58 undefine
d on input line 1218.


LaTeX Warning: Hyper reference `fig:ExempleTransitoireH2_High' on page 58 undef
ined on input line 1218.


LaTeX Warning: Reference `sub@fig:ExempleTransitoireH2_High' on page 58 undefin
ed on input line 1218.


LaTeX Warning: Hyper reference `fig:ExempleTransitoireH2_Low' on page 58 undefi
ned on input line 1218.


LaTeX Warning: Reference `sub@fig:ExempleTransitoireH2_Low' on page 58 undefine
d on input line 1218.


LaTeX Warning: Hyper reference `fig:ExempleTransitoireH2_Mid' on page 58 undefi
ned on input line 1218.


LaTeX Warning: Reference `sub@fig:ExempleTransitoireH2_Mid' on page 58 undefine
d on input line 1218.


LaTeX Warning: Hyper reference `fig:ExempleTransitoireH2_High' on page 58 undef
ined on input line 1218.


LaTeX Warning: Reference `sub@fig:ExempleTransitoireH2_High' on page 58 undefin
ed on input line 1218.



) (Conclusion.tex



Chapitre IV.


) (Perspectives.tex

Chapitre V.



LaTeX Warning: Reference `chap:EtudeExpe' on page 64 undefined on input line 27
.


LaTeX Warning: Citation 'mergui_convection_1996' on page 64 undefined on input 
line 27.


LaTeX Warning: Reference `fig:Comsol_CHXout_H1H2_Low' on page 64 undefined on i
nput line 34.


LaTeX Warning: Reference `fig:Comsol_CHXout_V1V2_Low' on page 64 undefined on i
nput line 34.


LaTeX Warning: Reference `eq:ConductiviteTensiorielle' on page 64 undefined on 
input line 34.


LaTeX Warning: Reference `fig:ActiveControl_ADAU1701' on page 64 undefined on i
nput line 52.


LaTeX Warning: Reference `fig:ActiveControl_Teensy41' on page 64 undefined on i
nput line 52.

<../fig/fig_ActiveControl/ADAU1701.png, id=127, 444.91219pt x 422.32782pt>
File: ../fig/fig_ActiveControl/ADAU1701.png Graphic file (type png)
<use ../fig/fig_ActiveControl/ADAU1701.png>
Package pdftex.def Info: ../fig/fig_ActiveControl/ADAU1701.png  used on input l
ine 61.
(pdftex.def)             Requested size: 149.87643pt x 142.26378pt.
<../fig/fig_ActiveControl/Teensy41.png, id=128, 807.7678pt x 589.4522pt>
File: ../fig/fig_ActiveControl/Teensy41.png Graphic file (type png)
<use ../fig/fig_ActiveControl/Teensy41.png>
Package pdftex.def Info: ../fig/fig_ActiveControl/Teensy41.png  used on input l
ine 68.
(pdftex.def)             Requested size: 194.95288pt x 142.26378pt.

LaTeX Warning: Hyper reference `fig:ActiveControl_ADAU1701' on page 64 undefine
d on input line 72.


LaTeX Warning: Reference `sub@fig:ActiveControl_ADAU1701' on page 64 undefined 
on input line 72.


LaTeX Warning: Hyper reference `fig:ActiveControl_Teensy41' on page 64 undefine
d on input line 72.


LaTeX Warning: Reference `sub@fig:ActiveControl_Teensy41' on page 64 undefined 
on input line 72.


LaTeX Warning: Hyper reference `fig:ActiveControl_ADAU1701' on page 64 undefine
d on input line 72.


LaTeX Warning: Reference `sub@fig:ActiveControl_ADAU1701' on page 64 undefined 
on input line 72.


LaTeX Warning: Hyper reference `fig:ActiveControl_Teensy41' on page 64 undefine
d on input line 72.


LaTeX Warning: Reference `sub@fig:ActiveControl_Teensy41' on page 64 undefined 
on input line 72.

LaTeX Info: Symbol \textmu not provided by
            font family iwonal in TS1 encoding.
            Default family used instead on input line 76.



LaTeX Warning: Reference `chap:FEM' on page 65 undefined on input line 87.


LaTeX Warning: Reference `fig:Geometrie_FeedbackLoop' on page 65 undefined on i
nput line 89.

(../fig/fig_ConvNatComsol/tex/fig_Geometrie_FeedbackLoop.tex
Missing character: There is no ; in font nullfont!
Missing character: There is no ; in font nullfont!
Missing character: There is no ; in font nullfont!
Missing character: There is no ; in font nullfont!
Missing character: There is no ; in font nullfont!
Missing character: There is no ; in font nullfont!
Missing character: There is no ; in font nullfont!
Missing character: There is no ; in font nullfont!
Missing character: There is no ; in font nullfont!
Missing character: There is no ; in font nullfont!
Missing character: There is no ; in font nullfont!
)

LaTeX Warning: Reference `chap:FEM' on page 65 undefined on input line 104.



)

(AHX.tex
Annexe A.

LaTeX Warning: Reference `fig:AHXschema' on page a undefined on input line 4.


LaTeX Warning: Citation 'ANR_thermo-acoustic_2019' on page 1 undefined on input
 line 4.


LaTeX Warning: Citation 'ramadan_design_2021' on page 1 undefined on input line
 4.

LaTeX Info: Symbol \textminus not provided by
            font family iwonal in TS1 encoding.
            Default family used instead on input line 26.
LaTeX Info: Symbol \textminus not provided by
            font family iwonal in TS1 encoding.
            Default family used instead on input line 26.
LaTeX Info: Symbol \textminus not provided by
            font family iwonal in TS1 encoding.
            Default family used instead on input line 26.

LaTeX Warning: Reference `fig:AHXCalib' on page a undefined on input line 26.

(../fig/fig_AHXCalib/tex/fig_AHXCalib.tex
Missing character: There is no ; in font nullfont!
Missing character: There is no ; in font nullfont!
Missing character: There is no ; in font nullfont!
Missing character: There is no ; in font nullfont!
Missing character: There is no ; in font nullfont!
Missing character: There is no ; in font nullfont!
PGFPlots: reading {../fig/fig_AHXCalib/data/data_qdotDT0Water.txt}
PGFPlots: reading {../fig/fig_AHXCalib/data/data_qdotDT1WaterAcou.txt}
PGFPlots: reading {../fig/fig_AHXCalib/data/data_qdotDT10Acou.txt}
PGFPlots: reading {../fig/fig_AHXCalib/data/data_qdotDT2WaterAcouQc.txt}
PGFPlots: reading {../fig/fig_AHXCalib/data/data_qdotDT20AcouQc.txt}
Missing character: There is no ; in font nullfont!
PGFPlots: reading {../fig/fig_AHXCalib/data/data_qdotQa1dotNoHeat.txt}
PGFPlots: reading {../fig/fig_AHXCalib/data/data_qdotQa2dotHeat.txt}
Missing character: There is no ; in font nullfont!
LaTeX Info: Symbol \textminus not provided by
            font family iwonal in TS1 encoding.
            Default family used instead on input line 53.
)

(../fig/fig_IncertitudeDebitEau/tex/IncertitudeDebitEau.tex
Missing character: There is no ; in font nullfont!
Missing character: There is no ; in font nullfont!
Missing character: There is no ; in font nullfont!
Missing character: There is no ; in font nullfont!
Missing character: There is no ; in font nullfont!
Missing character: There is no ; in font nullfont!
Missing character: There is no ; in font nullfont!
PGFPlots: reading {../fig/fig_IncertitudeDebitEau/data/data_calibTurbineVSUltra
son.txt}
LaTeX Info: Symbol \textminus not provided by
            font family iwonal in TS1 encoding.
            Default family used instead on input line 24.
LaTeX Info: Symbol \textminus not provided by
            font family iwonal in TS1 encoding.
            Default family used instead on input line 24.
PGFPlots: reading {../fig/fig_IncertitudeDebitEau/data/data_RelativeDiff.txt}
LaTeX Info: Symbol \textminus not provided by
            font family iwonal in TS1 encoding.
            Default family used instead on input line 33.
)) (CoeffH_Transitoire.tex





Annexe B.
LaTeX Info: Symbol \textminus not provided by
            font family iwonal in TS1 encoding.
            Default family used instead on input line 5.
LaTeX Info: Symbol \textminus not provided by
            font family iwonal in TS1 encoding.
            Default family used instead on input line 5.
LaTeX Info: Symbol \textminus not provided by
            font family iwonal in TS1 encoding.
            Default family used instead on input line 5.
LaTeX Info: Symbol \textminus not provided by
            font family iwonal in TS1 encoding.
            Default family used instead on input line 5.
) (InstrumHP.tex



Annexe C.

LaTeX Warning: Reference `fig:HPPeerless_WithAcc' on page g undefined on input 
line 13.

<../fig/fig_InstrumentationHP/HPPeerless_WithAcc.png, id=129, 667.0521pt x 557.
2017pt>
File: ../fig/fig_InstrumentationHP/HPPeerless_WithAcc.png Graphic file (type pn
g)
<use ../fig/fig_InstrumentationHP/HPPeerless_WithAcc.png>
Package pdftex.def Info: ../fig/fig_InstrumentationHP/HPPeerless_WithAcc.png  u
sed on input line 19.
(pdftex.def)             Requested size: 338.5863pt x 282.83426pt.

LaTeX Warning: Citation 'novak_measurement_2019' on page 7 undefined on input l
ine 26.

) (RecapCondExpe.tex



Annexe D.

LaTeX Warning: Reference `chap:EtudeExpe' on page i undefined on input line 3.


LaTeX Warning: Reference `tab:RecapCondExpe' on page i undefined on input line 
3.


LaTeX Warning: Reference `tab:RecapResultExpe' on page i undefined on input lin
e 5.

LaTeX Info: Symbol \textminus not provided by
            font family iwonal in TS1 encoding.
            Default family used instead on input line 14.

LaTeX Warning: Reference `tab:RecapCondExpe' on page i undefined on input line 
16.

LaTeX Info: Symbol \textminus not provided by
            font family iwonal in TS1 encoding.
            Default family used instead on input line 19.
LaTeX Info: Symbol \textminus not provided by
            font family iwonal in TS1 encoding.
            Default family used instead on input line 26.
LaTeX Info: Symbol \textminus not provided by
            font family iwonal in TS1 encoding.
            Default family used instead on input line 27.
LaTeX Info: Symbol \textminus not provided by
            font family iwonal in TS1 encoding.
            Default family used instead on input line 28.
LaTeX Info: Symbol \textminus not provided by
            font family iwonal in TS1 encoding.
            Default family used instead on input line 29.
LaTeX Info: Symbol \textminus not provided by
            font family iwonal in TS1 encoding.
            Default family used instead on input line 30.
LaTeX Info: Symbol \textminus not provided by
            font family iwonal in TS1 encoding.
            Default family used instead on input line 31.
LaTeX Info: Symbol \textminus not provided by
            font family iwonal in TS1 encoding.
            Default family used instead on input line 32.
LaTeX Info: Symbol \textminus not provided by
            font family iwonal in TS1 encoding.
            Default family used instead on input line 36.
LaTeX Info: Symbol \textminus not provided by
            font family iwonal in TS1 encoding.
            Default family used instead on input line 37.
LaTeX Info: Symbol \textminus not provided by
            font family iwonal in TS1 encoding.
            Default family used instead on input line 38.
LaTeX Info: Symbol \textminus not provided by
            font family iwonal in TS1 encoding.
            Default family used instead on input line 39.
LaTeX Info: Symbol \textminus not provided by
            font family iwonal in TS1 encoding.
            Default family used instead on input line 40.
LaTeX Info: Symbol \textminus not provided by
            font family iwonal in TS1 encoding.
            Default family used instead on input line 41.
LaTeX Info: Symbol \textminus not provided by
            font family iwonal in TS1 encoding.
            Default family used instead on input line 42.
LaTeX Info: Symbol \textminus not provided by
            font family iwonal in TS1 encoding.
            Default family used instead on input line 46.
LaTeX Info: Symbol \textminus not provided by
            font family iwonal in TS1 encoding.
            Default family used instead on input line 47.
LaTeX Info: Symbol \textminus not provided by
            font family iwonal in TS1 encoding.
            Default family used instead on input line 48.
LaTeX Info: Symbol \textminus not provided by
            font family iwonal in TS1 encoding.
            Default family used instead on input line 49.
LaTeX Info: Symbol \textminus not provided by
            font family iwonal in TS1 encoding.
            Default family used instead on input line 50.
LaTeX Info: Symbol \textminus not provided by
            font family iwonal in TS1 encoding.
            Default family used instead on input line 51.
LaTeX Info: Symbol \textminus not provided by
            font family iwonal in TS1 encoding.
            Default family used instead on input line 52.
LaTeX Info: Symbol \textminus not provided by
            font family iwonal in TS1 encoding.
            Default family used instead on input line 56.
LaTeX Info: Symbol \textminus not provided by
            font family iwonal in TS1 encoding.
            Default family used instead on input line 57.
LaTeX Info: Symbol \textminus not provided by
            font family iwonal in TS1 encoding.
            Default family used instead on input line 58.
LaTeX Info: Symbol \textminus not provided by
            font family iwonal in TS1 encoding.
            Default family used instead on input line 59.
LaTeX Info: Symbol \textminus not provided by
            font family iwonal in TS1 encoding.
            Default family used instead on input line 60.
LaTeX Info: Symbol \textminus not provided by
            font family iwonal in TS1 encoding.
            Default family used instead on input line 61.
LaTeX Info: Symbol \textminus not provided by
            font family iwonal in TS1 encoding.
            Default family used instead on input line 62.

Package longtable Warning: Column widths have changed
(longtable)                in table D.1 on input line 63.


LaTeX Warning: Reference `tab:RecapResultExpe' on page j undefined on input lin
e 133.

LaTeX Info: Symbol \textminus not provided by
            font family iwonal in TS1 encoding.
            Default family used instead on input line 143.
LaTeX Info: Symbol \textminus not provided by
            font family iwonal in TS1 encoding.
            Default family used instead on input line 143.
LaTeX Info: Symbol \textminus not provided by
            font family iwonal in TS1 encoding.
            Default family used instead on input line 144.
LaTeX Info: Symbol \textminus not provided by
            font family iwonal in TS1 encoding.
            Default family used instead on input line 144.
LaTeX Info: Symbol \textminus not provided by
            font family iwonal in TS1 encoding.
            Default family used instead on input line 145.
LaTeX Info: Symbol \textminus not provided by
            font family iwonal in TS1 encoding.
            Default family used instead on input line 145.
LaTeX Info: Symbol \textminus not provided by
            font family iwonal in TS1 encoding.
            Default family used instead on input line 146.
LaTeX Info: Symbol \textminus not provided by
            font family iwonal in TS1 encoding.
            Default family used instead on input line 147.
LaTeX Info: Symbol \textminus not provided by
            font family iwonal in TS1 encoding.
            Default family used instead on input line 147.
LaTeX Info: Symbol \textminus not provided by
            font family iwonal in TS1 encoding.
            Default family used instead on input line 148.
LaTeX Info: Symbol \textminus not provided by
            font family iwonal in TS1 encoding.
            Default family used instead on input line 148.
LaTeX Info: Symbol \textminus not provided by
            font family iwonal in TS1 encoding.
            Default family used instead on input line 149.
LaTeX Info: Symbol \textminus not provided by
            font family iwonal in TS1 encoding.
            Default family used instead on input line 149.
LaTeX Info: Symbol \textminus not provided by
            font family iwonal in TS1 encoding.
            Default family used instead on input line 153.
LaTeX Info: Symbol \textminus not provided by
            font family iwonal in TS1 encoding.
            Default family used instead on input line 153.
LaTeX Info: Symbol \textminus not provided by
            font family iwonal in TS1 encoding.
            Default family used instead on input line 154.
LaTeX Info: Symbol \textminus not provided by
            font family iwonal in TS1 encoding.
            Default family used instead on input line 154.
LaTeX Info: Symbol \textminus not provided by
            font family iwonal in TS1 encoding.
            Default family used instead on input line 155.
LaTeX Info: Symbol \textminus not provided by
            font family iwonal in TS1 encoding.
            Default family used instead on input line 155.
LaTeX Info: Symbol \textminus not provided by
            font family iwonal in TS1 encoding.
            Default family used instead on input line 156.
LaTeX Info: Symbol \textminus not provided by
            font family iwonal in TS1 encoding.
            Default family used instead on input line 157.
LaTeX Info: Symbol \textminus not provided by
            font family iwonal in TS1 encoding.
            Default family used instead on input line 157.
LaTeX Info: Symbol \textminus not provided by
            font family iwonal in TS1 encoding.
            Default family used instead on input line 158.
LaTeX Info: Symbol \textminus not provided by
            font family iwonal in TS1 encoding.
            Default family used instead on input line 158.
LaTeX Info: Symbol \textminus not provided by
            font family iwonal in TS1 encoding.
            Default family used instead on input line 159.
LaTeX Info: Symbol \textminus not provided by
            font family iwonal in TS1 encoding.
            Default family used instead on input line 159.
LaTeX Info: Symbol \textminus not provided by
            font family iwonal in TS1 encoding.
            Default family used instead on input line 163.
LaTeX Info: Symbol \textminus not provided by
            font family iwonal in TS1 encoding.
            Default family used instead on input line 163.
LaTeX Info: Symbol \textminus not provided by
            font family iwonal in TS1 encoding.
            Default family used instead on input line 164.
LaTeX Info: Symbol \textminus not provided by
            font family iwonal in TS1 encoding.
            Default family used instead on input line 164.
LaTeX Info: Symbol \textminus not provided by
            font family iwonal in TS1 encoding.
            Default family used instead on input line 165.
LaTeX Info: Symbol \textminus not provided by
            font family iwonal in TS1 encoding.
            Default family used instead on input line 165.
LaTeX Info: Symbol \textminus not provided by
            font family iwonal in TS1 encoding.
            Default family used instead on input line 167.
LaTeX Info: Symbol \textminus not provided by
            font family iwonal in TS1 encoding.
            Default family used instead on input line 167.
LaTeX Info: Symbol \textminus not provided by
            font family iwonal in TS1 encoding.
            Default family used instead on input line 168.
LaTeX Info: Symbol \textminus not provided by
            font family iwonal in TS1 encoding.
            Default family used instead on input line 168.
LaTeX Info: Symbol \textminus not provided by
            font family iwonal in TS1 encoding.
            Default family used instead on input line 169.
LaTeX Info: Symbol \textminus not provided by
            font family iwonal in TS1 encoding.
            Default family used instead on input line 169.
LaTeX Info: Symbol \textminus not provided by
            font family iwonal in TS1 encoding.
            Default family used instead on input line 173.
LaTeX Info: Symbol \textminus not provided by
            font family iwonal in TS1 encoding.
            Default family used instead on input line 173.
LaTeX Info: Symbol \textminus not provided by
            font family iwonal in TS1 encoding.
            Default family used instead on input line 174.
LaTeX Info: Symbol \textminus not provided by
            font family iwonal in TS1 encoding.
            Default family used instead on input line 174.
LaTeX Info: Symbol \textminus not provided by
            font family iwonal in TS1 encoding.
            Default family used instead on input line 175.
LaTeX Info: Symbol \textminus not provided by
            font family iwonal in TS1 encoding.
            Default family used instead on input line 175.
LaTeX Info: Symbol \textminus not provided by
            font family iwonal in TS1 encoding.
            Default family used instead on input line 176.
LaTeX Info: Symbol \textminus not provided by
            font family iwonal in TS1 encoding.
            Default family used instead on input line 177.
LaTeX Info: Symbol \textminus not provided by
            font family iwonal in TS1 encoding.
            Default family used instead on input line 177.
LaTeX Info: Symbol \textminus not provided by
            font family iwonal in TS1 encoding.
            Default family used instead on input line 178.
LaTeX Info: Symbol \textminus not provided by
            font family iwonal in TS1 encoding.
            Default family used instead on input line 178.
LaTeX Info: Symbol \textminus not provided by
            font family iwonal in TS1 encoding.
            Default family used instead on input line 179.
LaTeX Info: Symbol \textminus not provided by
            font family iwonal in TS1 encoding.
            Default family used instead on input line 179.

Package longtable Warning: Column widths have changed
(longtable)                in table D.2 on input line 180.

)




LaTeX Warning: Empty bibliography on input line 480.




Package longtable Warning: Table widths have changed. Rerun LaTeX.

 ***********
LaTeX2e <2024-11-01> patch level 2
L3 programming layer <2025-01-18>
 ***********

LaTeX Warning: There were undefined references.


Package biblatex Warning: Please (re)run Biber on the file:
(biblatex)                external/fig_OrientationCore_V20
(biblatex)                and rerun LaTeX afterwards.

Package logreq Info: Writing requests to 'external/fig_OrientationCore_V20.run.
xml'.
\openout1 = `external/fig_OrientationCore_V20.run.xml'.

 ) 
Here is how much of TeX's memory you used:
 81055 strings out of 473523
 2065771 string characters out of 5707334
 3316531 words of memory out of 5000000
 102945 multiletter control sequences out of 15000+600000
 739792 words of font info for 201 fonts, out of 8000000 for 9000
 1141 hyphenation exceptions out of 8191
 93i,22n,162p,2899b,3309s stack positions out of 10000i,1000n,20000p,200000b,200000s
 <C:\Users\juliette utilisateur\AppData\Local\MiKTeX\fonts/pk/ljfour/jknappen
/ec/dpi600\ectt1440.pk><C:/Users/juliette utilisateur/AppData/Local/Programs/Mi
KTeX/fonts/type1/nowacki/iwona/iwonal.pfb><C:/Users/juliette utilisateur/AppDat
a/Local/Programs/MiKTeX/fonts/type1/nowacki/iwona/iwonali.pfb><C:/Users/juliett
e utilisateur/AppData/Local/Programs/MiKTeX/fonts/type1/nowacki/iwona/iwonam.pf
b>
Output written on external/fig_OrientationCore_V20.pdf (1 page, 413047 bytes).
PDF statistics:
 155 PDF objects out of 1000 (max. 8388607)
 2 named destinations out of 1000 (max. 500000)
 452 words of extra memory for PDF output out of 10000 (max. 10000000)

