This is pdfTeX, Version 3.141592653-2.6-1.40.27 (MiKTeX 25.3) (preloaded format=pdflatex 2025.3.13)  13 MAR 2025 13:04
entering extended mode
 \write18 enabled.
 %&-line parsing enabled.
**\def\tikzexternalrealjob{_main_}\input{_main_}
(_main_.tex
(C:\Users\juliette utilisateur\AppData\Local\Programs\MiKTeX\tex/latex/base\boo
k.cls
Document Class: book 2024/06/29 v1.4n Standard LaTeX document class

(C:\Users\juliette utilisateur\AppData\Local\Programs\MiKTeX\tex/latex/base\bk1
1.clo
File: bk11.clo 2024/06/29 v1.4n Standard LaTeX file (size option)
)
\c@part=\count196
\c@chapter=\count197
\c@section=\count198
\c@subsection=\count199
\c@subsubsection=\count266
\c@paragraph=\count267
\c@subparagraph=\count268
\c@figure=\count269
\c@table=\count270
\abovecaptionskip=\skip49
\belowcaptionskip=\skip50
\bibindent=\dimen141
)
(C:\Users\juliette utilisateur\AppData\Local\Programs\MiKTeX\tex/latex/iwona\iw
ona.sty
Package: iwona 2005/10/03 v.1.2 Iwona package (MW)
\c@mv@iwona=\count271
\c@mv@iwonabold=\count272
LaTeX Font Info:    Overwriting symbol font `operators' in version `iwona'
(Font)                  OT1/cmr/m/n --> OT1/iwonalm/m/n on input line 58.
LaTeX Font Info:    Overwriting symbol font `letters' in version `iwona'
(Font)                  OML/cmm/m/it --> OML/iwonal/m/it on input line 59.
LaTeX Font Info:    Overwriting symbol font `symbols' in version `iwona'
(Font)                  OMS/cmsy/m/n --> OMS/iwonal/m/n on input line 60.
LaTeX Font Info:    Overwriting symbol font `largesymbols' in version `iwona'
(Font)                  OMX/cmex/m/n --> OMX/iwonal/m/n on input line 61.
LaTeX Font Info:    Overwriting symbol font `operators' in version `iwonabold'
(Font)                  OT1/cmr/m/n --> OT1/iwonalm/b/n on input line 62.
LaTeX Font Info:    Overwriting symbol font `letters' in version `iwonabold'
(Font)                  OML/cmm/m/it --> OML/iwonal/b/it on input line 63.
LaTeX Font Info:    Overwriting symbol font `symbols' in version `iwonabold'
(Font)                  OMS/cmsy/m/n --> OMS/iwonal/b/n on input line 64.
LaTeX Font Info:    Overwriting symbol font `largesymbols' in version `iwonabol
d'
(Font)                  OMX/cmex/m/n --> OMX/iwonal/b/n on input line 65.
LaTeX Font Info:    Overwriting math alphabet `\mathbf' in version `iwona'
(Font)                  OT1/cmr/bx/n --> OT1/iwonal/bx/n on input line 67.
LaTeX Font Info:    Overwriting math alphabet `\mathsf' in version `iwona'
(Font)                  OT1/cmss/m/n --> OT1/iwonal/m/n on input line 68.
LaTeX Font Info:    Overwriting math alphabet `\mathit' in version `iwona'
(Font)                  OT1/cmr/m/it --> OT1/iwonal/m/it on input line 69.
LaTeX Font Info:    Overwriting math alphabet `\mathtt' in version `iwona'
(Font)                  OT1/cmtt/m/n --> OT1/iwonal/m/n on input line 70.
LaTeX Font Info:    Overwriting math alphabet `\mathsf' in version `iwonabold'
(Font)                  OT1/cmss/m/n --> OT1/iwonal/bx/n on input line 71.
LaTeX Font Info:    Overwriting math alphabet `\mathit' in version `iwonabold'
(Font)                  OT1/cmr/m/it --> OT1/iwonal/bx/it on input line 72.
)
(C:\Users\juliette utilisateur\AppData\Local\Programs\MiKTeX\tex/latex/base\inp
utenc.sty
Package: inputenc 2024/02/08 v1.3d Input encoding file
\inpenc@prehook=\toks17
\inpenc@posthook=\toks18
)
(C:\Users\juliette utilisateur\AppData\Local\Programs\MiKTeX\tex/latex/base\fon
tenc.sty
Package: fontenc 2021/04/29 v2.0v Standard LaTeX package
LaTeX Font Info:    Trying to load font information for T1+iwonal on input line
 116.

(C:\Users\juliette utilisateur\AppData\Local\Programs\MiKTeX\tex/latex/iwona\t1
iwonal.fd
File: t1iwonal.fd 2008/07/22 v0.995 font definition file for T1/iwonal (MW)
))
(C:\Users\juliette utilisateur\AppData\Local\Programs\MiKTeX\tex/latex/tools\la
yout.sty
Package: layout 2023-08-20 v1.2e Show layout parameters
\oneinch=\count273
\cnt@paperwidth=\count274
\cnt@paperheight=\count275
\cnt@hoffset=\count276
\cnt@voffset=\count277
\cnt@textheight=\count278
\cnt@textwidth=\count279
\cnt@topmargin=\count280
\cnt@oddsidemargin=\count281
\cnt@evensidemargin=\count282
\cnt@headheight=\count283
\cnt@headsep=\count284
\cnt@marginparsep=\count285
\cnt@marginparwidth=\count286
\cnt@marginparpush=\count287
\cnt@footskip=\count288
\fheight=\count289
\ref@top=\count290
\ref@hoffset=\count291
\ref@voffset=\count292
\ref@head=\count293
\ref@body=\count294
\ref@foot=\count295
\ref@margin=\count296
\ref@marginwidth=\count297
\ref@marginpar=\count298
\Interval=\count299
\ExtraYPos=\count300
\PositionX=\count301
\PositionY=\count302
\ArrowLength=\count303
)
(C:\Users\juliette utilisateur\AppData\Local\Programs\MiKTeX\tex/generic/babel\
babel.sty
Package: babel 2025/02/14 v25.4 The multilingual framework for pdfLaTeX, LuaLaT
eX and XeLaTeX
\babel@savecnt=\count304
\U@D=\dimen142
\l@unhyphenated=\language79

(C:\Users\juliette utilisateur\AppData\Local\Programs\MiKTeX\tex/generic/babel\
txtbabel.def)
\bbl@readstream=\read2
\bbl@dirlevel=\count305
*************************************
* Local config file bblopts.cfg used
*

(C:\Users\juliette utilisateur\AppData\Local\Programs\MiKTeX\tex/latex/arabi\bb
lopts.cfg
File: bblopts.cfg 2005/09/08 v0.1 add Arabic and Farsi to "declared" options of
 babel
)
(C:\Users\juliette utilisateur\AppData\Local\Programs\MiKTeX\tex/generic/babel-
french\french.ldf
Language: french 2024-07-25 v3.6c French support from the babel system
Package babel Info: Hyphen rules for 'acadian' set to \l@french
(babel)             (\language22). Reported on input line 91.
Package babel Info: Hyphen rules for 'canadien' set to \l@french
(babel)             (\language22). Reported on input line 92.
\FB@stdchar=\count306
Package babel Info: Making : an active character on input line 421.
Package babel Info: Making ; an active character on input line 422.
Package babel Info: Making ! an active character on input line 423.
Package babel Info: Making ? an active character on input line 424.
\FBguill@level=\count307
\FBold@everypar=\toks19
\FB@Mht=\dimen143
\mc@charclass=\count308
\mc@charfam=\count309
\mc@charslot=\count310
\std@mcc=\count311
\dec@mcc=\count312
\FB@parskip=\dimen144
\listindentFB=\dimen145
\descindentFB=\dimen146
\labelindentFB=\dimen147
\labelwidthFB=\dimen148
\leftmarginFB=\dimen149
\parindentFFN=\dimen150
\FBfnindent=\dimen151
))
(C:\Users\juliette utilisateur\AppData\Local\Programs\MiKTeX\tex/generic/babel/
locale/fr\babel-french.tex
Package babel Info: Importing font and identification data for french
(babel)             from babel-fr.ini. Reported on input line 11.
)
(C:\Users\juliette utilisateur\AppData\Local\Programs\MiKTeX\tex/latex/carlisle
\scalefnt.sty)
(C:\Users\juliette utilisateur\AppData\Local\Programs\MiKTeX\tex/latex/csquotes
\csquotes.sty
Package: csquotes 2024-04-04 v5.2o context-sensitive quotations (JAW)

(C:\Users\juliette utilisateur\AppData\Local\Programs\MiKTeX\tex/latex/etoolbox
\etoolbox.sty
Package: etoolbox 2025/02/11 v2.5l e-TeX tools for LaTeX (JAW)
\etb@tempcnta=\count313
)
(C:\Users\juliette utilisateur\AppData\Local\Programs\MiKTeX\tex/latex/graphics
\keyval.sty
Package: keyval 2022/05/29 v1.15 key=value parser (DPC)
\KV@toks@=\toks20
)
\csq@reset=\count314
\csq@gtype=\count315
\csq@glevel=\count316
\csq@qlevel=\count317
\csq@maxlvl=\count318
\csq@tshold=\count319
\csq@ltx@everypar=\toks21

(C:\Users\juliette utilisateur\AppData\Local\Programs\MiKTeX\tex/latex/csquotes
\csquotes.def
File: csquotes.def 2024-04-04 v5.2o csquotes generic definitions (JAW)
)
Package csquotes Info: Trying to load configuration file 'csquotes.cfg'...
Package csquotes Info: ... configuration file loaded successfully.

(C:\Users\juliette utilisateur\AppData\Local\Programs\MiKTeX\tex/latex/csquotes
\csquotes.cfg
File: csquotes.cfg 
))
(C:\Users\juliette utilisateur\AppData\Local\Programs\MiKTeX\tex/latex/wrapfig\
wrapfig.sty
\wrapoverhang=\dimen152
\WF@size=\dimen153
\c@WF@wrappedlines=\count320
\WF@box=\box52
\WF@everypar=\toks22
Package: wrapfig 2003/01/31  v 3.6
)
(C:\Users\juliette utilisateur\AppData\Local\Programs\MiKTeX\tex/latex/comment\
comment.sty
\CommentStream=\write3
Excluding comment 'comment')
(C:\Users\juliette utilisateur\AppData\Local\Programs\MiKTeX\tex/latex/tools\mu
lticol.sty
Package: multicol 2024/09/14 v1.9i multicolumn formatting (FMi)
\c@tracingmulticols=\count321
\mult@box=\box53
\multicol@leftmargin=\dimen154
\c@unbalance=\count322
\c@collectmore=\count323
\doublecol@number=\count324
\multicoltolerance=\count325
\multicolpretolerance=\count326
\full@width=\dimen155
\page@free=\dimen156
\premulticols=\dimen157
\postmulticols=\dimen158
\multicolsep=\skip51
\multicolbaselineskip=\skip52
\partial@page=\box54
\last@line=\box55
\mc@boxedresult=\box56
\maxbalancingoverflow=\dimen159
\mult@rightbox=\box57
\mult@grightbox=\box58
\mult@firstbox=\box59
\mult@gfirstbox=\box60
\@tempa=\box61
\@tempa=\box62
\@tempa=\box63
\@tempa=\box64
\@tempa=\box65
\@tempa=\box66
\@tempa=\box67
\@tempa=\box68
\@tempa=\box69
\@tempa=\box70
\@tempa=\box71
\@tempa=\box72
\@tempa=\box73
\@tempa=\box74
\@tempa=\box75
\@tempa=\box76
\@tempa=\box77
\@tempa=\box78
\@tempa=\box79
\@tempa=\box80
\@tempa=\box81
\@tempa=\box82
\@tempa=\box83
\@tempa=\box84
\@tempa=\box85
\@tempa=\box86
\@tempa=\box87
\@tempa=\box88
\@tempa=\box89
\@tempa=\box90
\@tempa=\box91
\@tempa=\box92
\@tempa=\box93
\@tempa=\box94
\@tempa=\box95
\@tempa=\box96
\c@minrows=\count327
\c@columnbadness=\count328
\c@finalcolumnbadness=\count329
\last@try=\dimen160
\multicolovershoot=\dimen161
\multicolundershoot=\dimen162
\mult@nat@firstbox=\box97
\colbreak@box=\box98
\mc@col@check@num=\count330
)
(C:\Users\juliette utilisateur\AppData\Local\Programs\MiKTeX\tex/latex/tools\ar
ray.sty
Package: array 2024/10/17 v2.6g Tabular extension package (FMi)
\col@sep=\dimen163
\ar@mcellbox=\box99
\extrarowheight=\dimen164
\NC@list=\toks23
\extratabsurround=\skip53
\backup@length=\skip54
\ar@cellbox=\box100
)
(C:\Users\juliette utilisateur\AppData\Local\Programs\MiKTeX\tex/latex/tools\lo
ngtable.sty
Package: longtable 2024-10-27 v4.22 Multi-page Table package (DPC)
\LTleft=\skip55
\LTright=\skip56
\LTpre=\skip57
\LTpost=\skip58
\LTchunksize=\count331
\LTcapwidth=\dimen165
\LT@head=\box101
\LT@firsthead=\box102
\LT@foot=\box103
\LT@lastfoot=\box104
\LT@gbox=\box105
\LT@cols=\count332
\LT@rows=\count333
\c@LT@tables=\count334
\c@LT@chunks=\count335
\LT@p@ftn=\toks24
)
(C:\Users\juliette utilisateur\AppData\Local\Programs\MiKTeX\tex/latex/arydshln
\arydshln.sty
Package: arydshln 2019/02/21 v1.76 
\dashlinedash=\dimen166
\dashlinegap=\dimen167
\adl@box=\box106
\adl@height=\dimen168
\adl@heightsave=\dimen169
\adl@depth=\dimen170
\adl@depthsave=\dimen171
\adl@finaldepth=\dimen172
\adl@columns=\count336
\adl@ncol=\count337
\adl@currentcolumn=\count338
\adl@currentcolumnsave=\count339
\adl@totalheight=\count340
\adl@totalheightsave=\count341
\adl@dash=\count342
\adl@gap=\count343
\adl@cla=\count344
\adl@clb=\count345
\adl@everyvbox=\toks25
\adl@LTpagetotal=\dimen173
)
(C:\Users\juliette utilisateur\AppData\Local\Programs\MiKTeX\tex/latex/tabularr
ay\tabularray.sty
(C:\Users\juliette utilisateur\AppData\Local\Programs\MiKTeX\tex/latex/l3kernel
\expl3.sty
Package: expl3 2025-01-18 L3 programming layer (loader) 

(C:\Users\juliette utilisateur\AppData\Local\Programs\MiKTeX\tex/latex/l3backen
d\l3backend-pdftex.def
File: l3backend-pdftex.def 2024-05-08 L3 backend support: PDF output (pdfTeX)
\l__color_backend_stack_int=\count346
\l__pdf_internal_box=\box107
))
Package: tabularray 2024-02-16 v2024A Typeset tabulars and arrays with LaTeX3
\l__tblr_a_int=\count347
\l__tblr_c_int=\count348
\l__tblr_r_int=\count349
\l__tblr_d_dim=\dimen174
\l__tblr_h_dim=\dimen175
\l__tblr_o_dim=\dimen176
\l__tblr_p_dim=\dimen177
\l__tblr_q_dim=\dimen178
\l__tblr_r_dim=\dimen179
\l__tblr_s_dim=\dimen180
\l__tblr_t_dim=\dimen181
\l__tblr_v_dim=\dimen182
\l__tblr_w_dim=\dimen183
\l__tblr_a_box=\box108
\l__tblr_b_box=\box109
\l__tblr_c_box=\box110
\l__tblr_d_box=\box111
\g__tblr_table_count_int=\count350
\c@rownum=\count351
\c@colnum=\count352
\c@rowcount=\count353
\c@colcount=\count354
\abovesep=\dimen184
\belowsep=\dimen185
\leftsep=\dimen186
\rightsep=\dimen187
\g_tblr_level_int=\count355
\g__tblr_data_row_key_count_int=\count356
\g__tblr_data_column_key_count_int=\count357
\g__tblr_data_cell_key_count_int=\count358
\g__tblr_array_int=\count359
\l__tblr_key_count_int=\count360
\l__tblr_key_quotient_int=\count361
\l__tblr_key_quotient_two_int=\count362
\l__tblr_key_remainder_int=\count363
\g__tblr_data_str_value_count_int=\count364
\rulewidth=\dimen188
\l__tblr_strut_dp_dim=\dimen189
\l__tblr_strut_ht_dim=\dimen190
\g__tblr_cell_wd_dim=\dimen191
\g__tblr_cell_ht_dim=\dimen192
\g__tblr_cell_head_dim=\dimen193
\g__tblr_cell_foot_dim=\dimen194
\l__column_target_dim=\dimen195
\l__tblr_caption_box=\box112
\l__tblr_caption_left_box=\box113
\l__tblr_row_head_box=\box114
\l__tblr_row_foot_box=\box115
\l__tblr_row_head_foot_dim=\dimen196
\tablewidth=\dimen197
\l__tblr_table_firsthead_box=\box116
\l__tblr_table_middlehead_box=\box117
\l__tblr_table_lasthead_box=\box118
\l__tblr_table_firstfoot_box=\box119
\l__tblr_table_middlefoot_box=\box120
\l__tblr_table_lastfoot_box=\box121
\l__tblr_remain_height_dim=\dimen198
\l__tblr_long_from_int=\count365
\l__tblr_long_to_int=\count366
\l__tblr_curr_i_int=\count367
\l__tblr_prev_i_int=\count368
\l__tblr_table_page_int=\count369
\l__tblr_table_head_box=\box122
\l__tblr_table_foot_box=\box123
\l__tblr_table_head_foot_dim=\dimen199
\l__tblr_table_head_body_foot_dim=\dimen256
\l__tblr_table_box=\box124
\l__tblr_table_hlines_box=\box125
\l__tblr_hline_box=\box126
\l__tblr_row_box=\box127
\l__tblr_col_o_wd_dim=\dimen257
\l__tblr_col_b_wd_dim=\dimen258
\l__tblr_hline_leftskip_dim=\dimen259
\l__tblr_hline_rightskip_dim=\dimen260
\l__tblr_row_ht_dim=\dimen261
\l__tblr_row_dp_dim=\dimen262
\l__tblr_row_abovesep_dim=\dimen263
\l__tblr_row_belowsep_dim=\dimen264
\l__tblr_row_vlines_box=\box128
\l__tblr_vline_box=\box129
\l__tblr_cell_box=\box130
\l__row_upper_dim=\dimen265
\l__row_lower_dim=\dimen266
\l__row_vpace_dim=\dimen267
\l__tblr_vline_aboveskip_dim=\dimen268
\l__tblr_vline_belowskip_dim=\dimen269
\l__tblr_cell_wd_dim=\dimen270
\l__tblr_cell_ht_dim=\dimen271
\l__tblr_diag_box=\box131
)
(C:\Users\juliette utilisateur\AppData\Local\Programs\MiKTeX\tex/latex/float\fl
oat.sty
Package: float 2001/11/08 v1.3d Float enhancements (AL)
\c@float@type=\count370
\float@exts=\toks26
\float@box=\box132
\@float@everytoks=\toks27
\@floatcapt=\box133
)
(C:\Users\juliette utilisateur\AppData\Local\Programs\MiKTeX\tex/latex/xcolor\x
color.sty
Package: xcolor 2024/09/29 v3.02 LaTeX color extensions (UK)

(C:\Users\juliette utilisateur\AppData\Local\Programs\MiKTeX\tex/latex/graphics
-cfg\color.cfg
File: color.cfg 2016/01/02 v1.6 sample color configuration
)
Package xcolor Info: Driver file: pdftex.def on input line 274.

(C:\Users\juliette utilisateur\AppData\Local\Programs\MiKTeX\tex/latex/graphics
-def\pdftex.def
File: pdftex.def 2024/04/13 v1.2c Graphics/color driver for pdftex
)
(C:\Users\juliette utilisateur\AppData\Local\Programs\MiKTeX\tex/latex/graphics
\mathcolor.ltx)
Package xcolor Info: Model `cmy' substituted by `cmy0' on input line 1349.
Package xcolor Info: Model `hsb' substituted by `rgb' on input line 1353.
Package xcolor Info: Model `RGB' extended on input line 1365.
Package xcolor Info: Model `HTML' substituted by `rgb' on input line 1367.
Package xcolor Info: Model `Hsb' substituted by `hsb' on input line 1368.
Package xcolor Info: Model `tHsb' substituted by `hsb' on input line 1369.
Package xcolor Info: Model `HSB' substituted by `hsb' on input line 1370.
Package xcolor Info: Model `Gray' substituted by `gray' on input line 1371.
Package xcolor Info: Model `wave' substituted by `hsb' on input line 1372.
)
(C:\Users\juliette utilisateur\AppData\Local\Programs\MiKTeX\tex/latex/graphics
\dvipsnam.def
File: dvipsnam.def 2016/06/17 v3.0m Driver-dependent file (DPC,SPQR)
) (Plasma.tex) (Inferno.tex)
(C:\Users\juliette utilisateur\AppData\Local\Programs\MiKTeX\tex/latex/amsmath\
amsmath.sty
Package: amsmath 2024/11/05 v2.17t AMS math features
\@mathmargin=\skip59
For additional information on amsmath, use the `?' option.

(C:\Users\juliette utilisateur\AppData\Local\Programs\MiKTeX\tex/latex/amsmath\
amstext.sty
Package: amstext 2021/08/26 v2.01 AMS text

(C:\Users\juliette utilisateur\AppData\Local\Programs\MiKTeX\tex/latex/amsmath\
amsgen.sty
File: amsgen.sty 1999/11/30 v2.0 generic functions
\@emptytoks=\toks28
\ex@=\dimen272
))
(C:\Users\juliette utilisateur\AppData\Local\Programs\MiKTeX\tex/latex/amsmath\
amsbsy.sty
Package: amsbsy 1999/11/29 v1.2d Bold Symbols
\pmbraise@=\dimen273
)
(C:\Users\juliette utilisateur\AppData\Local\Programs\MiKTeX\tex/latex/amsmath\
amsopn.sty
Package: amsopn 2022/04/08 v2.04 operator names
)
\inf@bad=\count371
LaTeX Info: Redefining \frac on input line 233.
\uproot@=\count372
\leftroot@=\count373
LaTeX Info: Redefining \overline on input line 398.
LaTeX Info: Redefining \colon on input line 409.
\classnum@=\count374
\DOTSCASE@=\count375
LaTeX Info: Redefining \ldots on input line 495.
LaTeX Info: Redefining \dots on input line 498.
LaTeX Info: Redefining \cdots on input line 619.
\Mathstrutbox@=\box134
\strutbox@=\box135
LaTeX Info: Redefining \big on input line 721.
LaTeX Info: Redefining \Big on input line 722.
LaTeX Info: Redefining \bigg on input line 723.
LaTeX Info: Redefining \Bigg on input line 724.
\big@size=\dimen274
LaTeX Font Info:    Redeclaring font encoding OML on input line 742.
LaTeX Font Info:    Redeclaring font encoding OMS on input line 743.
\macc@depth=\count376
LaTeX Info: Redefining \bmod on input line 904.
LaTeX Info: Redefining \pmod on input line 909.
LaTeX Info: Redefining \smash on input line 939.
LaTeX Info: Redefining \relbar on input line 969.
LaTeX Info: Redefining \Relbar on input line 970.
\c@MaxMatrixCols=\count377
\dotsspace@=\muskip17
\c@parentequation=\count378
\dspbrk@lvl=\count379
\tag@help=\toks29
\row@=\count380
\column@=\count381
\maxfields@=\count382
\andhelp@=\toks30
\eqnshift@=\dimen275
\alignsep@=\dimen276
\tagshift@=\dimen277
\tagwidth@=\dimen278
\totwidth@=\dimen279
\lineht@=\dimen280
\@envbody=\toks31
\multlinegap=\skip60
\multlinetaggap=\skip61
\mathdisplay@stack=\toks32
LaTeX Info: Redefining \[ on input line 2953.
LaTeX Info: Redefining \] on input line 2954.
)
(C:\Users\juliette utilisateur\AppData\Local\Programs\MiKTeX\tex/latex/amsfonts
\amssymb.sty
Package: amssymb 2013/01/14 v3.01 AMS font symbols

(C:\Users\juliette utilisateur\AppData\Local\Programs\MiKTeX\tex/latex/amsfonts
\amsfonts.sty
Package: amsfonts 2013/01/14 v3.01 Basic AMSFonts support
\symAMSa=\mathgroup4
\symAMSb=\mathgroup5
LaTeX Font Info:    Redeclaring math symbol \hbar on input line 98.
LaTeX Font Info:    Overwriting math alphabet `\mathfrak' in version `bold'
(Font)                  U/euf/m/n --> U/euf/b/n on input line 106.
))
(C:\Users\juliette utilisateur\AppData\Local\Programs\MiKTeX\tex/latex/jknappen
\mathrsfs.sty
Package: mathrsfs 1996/01/01 Math RSFS package v1.0 (jk)
\symrsfs=\mathgroup6
)
(C:\Users\juliette utilisateur\AppData\Local\Programs\MiKTeX\tex/latex/base\mak
eidx.sty
Package: makeidx 2021/10/04 v1.0m Standard LaTeX package
)
(C:\Users\juliette utilisateur\AppData\Local\Programs\MiKTeX\tex/latex/enumitem
\enumitem.sty
Package: enumitem 2025/02/06 v3.11 Customized lists
\labelindent=\skip62
\enit@outerparindent=\dimen281
\enit@toks=\toks33
\enit@inbox=\box136
\enit@count@id=\count383
\enitdp@description=\count384
)
(C:\Users\juliette utilisateur\AppData\Local\Programs\MiKTeX\tex/latex/tools\ta
bularx.sty
Package: tabularx 2023/12/11 v2.12a `tabularx' package (DPC)
\TX@col@width=\dimen282
\TX@old@table=\dimen283
\TX@old@col=\dimen284
\TX@target=\dimen285
\TX@delta=\dimen286
\TX@cols=\count385
\TX@ftn=\toks34
)
(C:\Users\juliette utilisateur\AppData\Local\Programs\MiKTeX\tex/latex/stmaryrd
\stmaryrd.sty
Package: stmaryrd 1994/03/03 St Mary's Road symbol package
\symstmry=\mathgroup7
LaTeX Font Info:    Overwriting symbol font `stmry' in version `bold'
(Font)                  U/stmry/m/n --> U/stmry/b/n on input line 89.
)
(C:\Users\juliette utilisateur\AppData\Local\Programs\MiKTeX\tex/latex/mathtool
s\mathtools.sty
Package: mathtools 2024/10/04 v1.31 mathematical typesetting tools

(C:\Users\juliette utilisateur\AppData\Local\Programs\MiKTeX\tex/latex/tools\ca
lc.sty
Package: calc 2023/07/08 v4.3 Infix arithmetic (KKT,FJ)
\calc@Acount=\count386
\calc@Bcount=\count387
\calc@Adimen=\dimen287
\calc@Bdimen=\dimen288
\calc@Askip=\skip63
\calc@Bskip=\skip64
LaTeX Info: Redefining \setlength on input line 80.
LaTeX Info: Redefining \addtolength on input line 81.
\calc@Ccount=\count388
\calc@Cskip=\skip65
)
(C:\Users\juliette utilisateur\AppData\Local\Programs\MiKTeX\tex/latex/mathtool
s\mhsetup.sty
Package: mhsetup 2021/03/18 v1.4 programming setup (MH)
)
\g_MT_multlinerow_int=\count389
\l_MT_multwidth_dim=\dimen289
\origjot=\skip66
\l_MT_shortvdotswithinadjustabove_dim=\dimen290
\l_MT_shortvdotswithinadjustbelow_dim=\dimen291
\l_MT_above_intertext_sep=\dimen292
\l_MT_below_intertext_sep=\dimen293
\l_MT_above_shortintertext_sep=\dimen294
\l_MT_below_shortintertext_sep=\dimen295
\xmathstrut@box=\box137
\xmathstrut@dim=\dimen296
)
(C:\Users\juliette utilisateur\AppData\Local\Programs\MiKTeX\tex/latex/units\ni
cefrac.sty
Package: nicefrac 1998/08/04 v0.9b Nice fractions
\L@UnitsRaiseDisplaystyle=\skip67
\L@UnitsRaiseTextstyle=\skip68
\L@UnitsRaiseScriptstyle=\skip69

(C:\Users\juliette utilisateur\AppData\Local\Programs\MiKTeX\tex/latex/base\ift
hen.sty
Package: ifthen 2024/03/16 v1.1e Standard LaTeX ifthen package (DPC)
))
(C:\Users\juliette utilisateur\AppData\Local\Programs\MiKTeX\tex/latex/tools\bm
.sty
Package: bm 2023/12/19 v1.2f Bold Symbol Support (DPC/FMi)
\symboldoperators=\mathgroup8
\symboldletters=\mathgroup9
\symboldsymbols=\mathgroup10
\symboldlargesymbols=\mathgroup11
Package bm Info: No bold for \U/msa/m/n, using \pmb.
Package bm Info: No bold for \U/msb/m/n, using \pmb.
Package bm Info: No bold for \U/rsfs/m/n, using \pmb.
LaTeX Font Info:    Redeclaring math alphabet \mathbf on input line 149.
)
(C:\Users\juliette utilisateur\AppData\Local\Programs\MiKTeX\tex/latex/mwe\mwe.
sty
Package: mwe 2018/03/30 v0.5 Package to support minimal working examples (MWE)

(C:\Users\juliette utilisateur\AppData\Local\Programs\MiKTeX\tex/latex/graphics
\graphicx.sty
Package: graphicx 2021/09/16 v1.2d Enhanced LaTeX Graphics (DPC,SPQR)

(C:\Users\juliette utilisateur\AppData\Local\Programs\MiKTeX\tex/latex/graphics
\graphics.sty
Package: graphics 2024/08/06 v1.4g Standard LaTeX Graphics (DPC,SPQR)

(C:\Users\juliette utilisateur\AppData\Local\Programs\MiKTeX\tex/latex/graphics
\trig.sty
Package: trig 2023/12/02 v1.11 sin cos tan (DPC)
)
(C:\Users\juliette utilisateur\AppData\Local\Programs\MiKTeX\tex/latex/graphics
-cfg\graphics.cfg
File: graphics.cfg 2016/06/04 v1.11 sample graphics configuration
)
Package graphics Info: Driver file: pdftex.def on input line 106.
)
\Gin@req@height=\dimen297
\Gin@req@width=\dimen298
)
(C:\Users\juliette utilisateur\AppData\Local\Programs\MiKTeX\tex/latex/lipsum\l
ipsum.sty
(C:\Users\juliette utilisateur\AppData\Local\Programs\MiKTeX\tex/latex/l3packag
es/l3keys2e\l3keys2e.sty
Package: l3keys2e 2024-08-16 LaTeX2e option processing using LaTeX3 keys
)
Package: lipsum 2021-09-20 v2.7 150 paragraphs of Lorem Ipsum dummy text
\g__lipsum_par_int=\count390
\l__lipsum_a_int=\count391
\l__lipsum_b_int=\count392

(C:\Users\juliette utilisateur\AppData\Local\Programs\MiKTeX\tex/latex/lipsum\l
ipsum.ltd.tex))
(C:\Users\juliette utilisateur\AppData\Local\Programs\MiKTeX\tex/latex/blindtex
t\blindtext.sty
Package: blindtext 2012/01/06 V2.0 blindtext-Package

(C:\Users\juliette utilisateur\AppData\Local\Programs\MiKTeX\tex/latex/tools\xs
pace.sty
Package: xspace 2014/10/28 v1.13 Space after command names (DPC,MH)
)
\c@blindtext=\count393
\c@Blindtext=\count394
\c@blind@countparstart=\count395
\blind@countxx=\count396
\blindtext@numBlindtext=\count397
\blind@countyy=\count398
\c@blindlist=\count399
\c@blindlistlevel=\count400
\c@blindlist@level=\count401
\blind@listitem=\count402
\c@blind@listcount=\count403
\c@blind@levelcount=\count404
\blind@mathformula=\count405
\blind@Mathformula=\count406
\c@blind@randomcount=\count407
\c@blind@randommax=\count408
\c@blind@pangramcount=\count409
\c@blind@pangrammax=\count410
))
(C:\Users\juliette utilisateur\AppData\Local\Programs\MiKTeX\tex/latex/caption\
caption.sty
Package: caption 2023/08/05 v3.6o Customizing captions (AR)

(C:\Users\juliette utilisateur\AppData\Local\Programs\MiKTeX\tex/latex/caption\
caption3.sty
Package: caption3 2023/07/31 v2.4d caption3 kernel (AR)
\caption@tempdima=\dimen299
\captionmargin=\dimen300
\caption@leftmargin=\dimen301
\caption@rightmargin=\dimen302
\caption@width=\dimen303
\caption@indent=\dimen304
\caption@parindent=\dimen305
\caption@hangindent=\dimen306
Package caption Info: Standard document class detected.
Package caption Info: french babel package is loaded.
)
\c@caption@flags=\count411
\c@continuedfloat=\count412
Package caption Info: float package is loaded.
Package caption Info: longtable package is loaded.

(C:\Users\juliette utilisateur\AppData\Local\Programs\MiKTeX\tex/latex/caption\
ltcaption.sty
Package: ltcaption 2021/01/08 v1.4c longtable captions (AR)
)
Package caption Info: wrapfig package is loaded.
)
(C:\Users\juliette utilisateur\AppData\Local\Programs\MiKTeX\tex/latex/caption\
subcaption.sty
Package: subcaption 2023/07/28 v1.6b Sub-captions (AR)
Package caption Info: New subtype `subfigure' on input line 238.
\c@subfigure=\count413
Package caption Info: New subtype `subtable' on input line 238.
\c@subtable=\count414
)
(C:\Users\juliette utilisateur\AppData\Local\Programs\MiKTeX\tex/latex/tools\dc
olumn.sty
Package: dcolumn 2023/07/08 v1.06 decimal alignment package (DPC)
)
(C:\Users\juliette utilisateur\AppData\Local\Programs\MiKTeX\tex/latex/geometry
\geometry.sty
Package: geometry 2020/01/02 v5.9 Page Geometry

(C:\Users\juliette utilisateur\AppData\Local\Programs\MiKTeX\tex/generic/iftex\
ifvtex.sty
Package: ifvtex 2019/10/25 v1.7 ifvtex legacy package. Use iftex instead.

(C:\Users\juliette utilisateur\AppData\Local\Programs\MiKTeX\tex/generic/iftex\
iftex.sty
Package: iftex 2024/12/12 v1.0g TeX engine tests
))
\Gm@cnth=\count415
\Gm@cntv=\count416
\c@Gm@tempcnt=\count417
\Gm@bindingoffset=\dimen307
\Gm@wd@mp=\dimen308
\Gm@odd@mp=\dimen309
\Gm@even@mp=\dimen310
\Gm@layoutwidth=\dimen311
\Gm@layoutheight=\dimen312
\Gm@layouthoffset=\dimen313
\Gm@layoutvoffset=\dimen314
\Gm@dimlist=\toks35

(C:\Users\juliette utilisateur\AppData\Local\Programs\MiKTeX\tex/latex/geometry
\geometry.cfg))
(C:\Users\juliette utilisateur\AppData\Local\Programs\MiKTeX\tex/latex/hyperref
\hyperref.sty
Package: hyperref 2024-11-05 v7.01l Hypertext links for LaTeX

(C:\Users\juliette utilisateur\AppData\Local\Programs\MiKTeX\tex/latex/kvsetkey
s\kvsetkeys.sty
Package: kvsetkeys 2022-10-05 v1.19 Key value parser (HO)
)
(C:\Users\juliette utilisateur\AppData\Local\Programs\MiKTeX\tex/generic/kvdefi
nekeys\kvdefinekeys.sty
Package: kvdefinekeys 2019-12-19 v1.6 Define keys (HO)
)
(C:\Users\juliette utilisateur\AppData\Local\Programs\MiKTeX\tex/generic/pdfesc
ape\pdfescape.sty
Package: pdfescape 2019/12/09 v1.15 Implements pdfTeX's escape features (HO)

(C:\Users\juliette utilisateur\AppData\Local\Programs\MiKTeX\tex/generic/ltxcmd
s\ltxcmds.sty
Package: ltxcmds 2023-12-04 v1.26 LaTeX kernel commands for general use (HO)
)
(C:\Users\juliette utilisateur\AppData\Local\Programs\MiKTeX\tex/generic/pdftex
cmds\pdftexcmds.sty
Package: pdftexcmds 2020-06-27 v0.33 Utility functions of pdfTeX for LuaTeX (HO
)

(C:\Users\juliette utilisateur\AppData\Local\Programs\MiKTeX\tex/generic/infwar
err\infwarerr.sty
Package: infwarerr 2019/12/03 v1.5 Providing info/warning/error messages (HO)
)
Package pdftexcmds Info: \pdf@primitive is available.
Package pdftexcmds Info: \pdf@ifprimitive is available.
Package pdftexcmds Info: \pdfdraftmode found.
))
(C:\Users\juliette utilisateur\AppData\Local\Programs\MiKTeX\tex/latex/hycolor\
hycolor.sty
Package: hycolor 2020-01-27 v1.10 Color options for hyperref/bookmark (HO)
)
(C:\Users\juliette utilisateur\AppData\Local\Programs\MiKTeX\tex/latex/hyperref
\nameref.sty
Package: nameref 2023-11-26 v2.56 Cross-referencing by name of section

(C:\Users\juliette utilisateur\AppData\Local\Programs\MiKTeX\tex/latex/refcount
\refcount.sty
Package: refcount 2019/12/15 v3.6 Data extraction from label references (HO)
)
(C:\Users\juliette utilisateur\AppData\Local\Programs\MiKTeX\tex/generic/gettit
lestring\gettitlestring.sty
Package: gettitlestring 2019/12/15 v1.6 Cleanup title references (HO)

(C:\Users\juliette utilisateur\AppData\Local\Programs\MiKTeX\tex/latex/kvoption
s\kvoptions.sty
Package: kvoptions 2022-06-15 v3.15 Key value format for package options (HO)
))
\c@section@level=\count418
)
(C:\Users\juliette utilisateur\AppData\Local\Programs\MiKTeX\tex/generic/string
enc\stringenc.sty
Package: stringenc 2019/11/29 v1.12 Convert strings between diff. encodings (HO
)
)
\@linkdim=\dimen315
\Hy@linkcounter=\count419
\Hy@pagecounter=\count420

(C:\Users\juliette utilisateur\AppData\Local\Programs\MiKTeX\tex/latex/hyperref
\pd1enc.def
File: pd1enc.def 2024-11-05 v7.01l Hyperref: PDFDocEncoding definition (HO)
Now handling font encoding PD1 ...
... no UTF-8 mapping file for font encoding PD1
)
(C:\Users\juliette utilisateur\AppData\Local\Programs\MiKTeX\tex/generic/intcal
c\intcalc.sty
Package: intcalc 2019/12/15 v1.3 Expandable calculations with integers (HO)
)
\Hy@SavedSpaceFactor=\count421

(C:\Users\juliette utilisateur\AppData\Local\Programs\MiKTeX\tex/latex/hyperref
\puenc.def
File: puenc.def 2024-11-05 v7.01l Hyperref: PDF Unicode definition (HO)
Now handling font encoding PU ...
... no UTF-8 mapping file for font encoding PU
)
Package hyperref Info: Hyper figures OFF on input line 4157.
Package hyperref Info: Link nesting OFF on input line 4162.
Package hyperref Info: Hyper index ON on input line 4165.
Package hyperref Info: Plain pages OFF on input line 4172.
Package hyperref Info: Backreferencing OFF on input line 4177.
Package hyperref Info: Implicit mode ON; LaTeX internals redefined.
Package hyperref Info: Bookmarks ON on input line 4424.
\c@Hy@tempcnt=\count422

(C:\Users\juliette utilisateur\AppData\Local\Programs\MiKTeX\tex/latex/url\url.
sty
\Urlmuskip=\muskip18
Package: url 2013/09/16  ver 3.4  Verb mode for urls, etc.
)
LaTeX Info: Redefining \url on input line 4763.
\XeTeXLinkMargin=\dimen316

(C:\Users\juliette utilisateur\AppData\Local\Programs\MiKTeX\tex/generic/bitset
\bitset.sty
Package: bitset 2019/12/09 v1.3 Handle bit-vector datatype (HO)

(C:\Users\juliette utilisateur\AppData\Local\Programs\MiKTeX\tex/generic/bigint
calc\bigintcalc.sty
Package: bigintcalc 2019/12/15 v1.5 Expandable calculations on big integers (HO
)
))
\Fld@menulength=\count423
\Field@Width=\dimen317
\Fld@charsize=\dimen318
Package hyperref Info: Hyper figures OFF on input line 6042.
Package hyperref Info: Link nesting OFF on input line 6047.
Package hyperref Info: Hyper index ON on input line 6050.
Package hyperref Info: backreferencing OFF on input line 6057.
Package hyperref Info: Link coloring OFF on input line 6062.
Package hyperref Info: Link coloring with OCG OFF on input line 6067.
Package hyperref Info: PDF/A mode OFF on input line 6072.

(C:\Users\juliette utilisateur\AppData\Local\Programs\MiKTeX\tex/latex/base\atb
egshi-ltx.sty
Package: atbegshi-ltx 2021/01/10 v1.0c Emulation of the original atbegshi
package with kernel methods
)
\Hy@abspage=\count424
\c@Item=\count425
\c@Hfootnote=\count426
)
Package hyperref Info: Driver (autodetected): hpdftex.

(C:\Users\juliette utilisateur\AppData\Local\Programs\MiKTeX\tex/latex/hyperref
\hpdftex.def
File: hpdftex.def 2024-11-05 v7.01l Hyperref driver for pdfTeX

(C:\Users\juliette utilisateur\AppData\Local\Programs\MiKTeX\tex/latex/base\atv
eryend-ltx.sty
Package: atveryend-ltx 2020/08/19 v1.0a Emulation of the original atveryend pac
kage
with kernel methods
)
\Fld@listcount=\count427
\c@bookmark@seq@number=\count428

(C:\Users\juliette utilisateur\AppData\Local\Programs\MiKTeX\tex/latex/rerunfil
echeck\rerunfilecheck.sty
Package: rerunfilecheck 2022-07-10 v1.10 Rerun checks for auxiliary files (HO)

(C:\Users\juliette utilisateur\AppData\Local\Programs\MiKTeX\tex/generic/unique
counter\uniquecounter.sty
Package: uniquecounter 2019/12/15 v1.4 Provide unlimited unique counter (HO)
)
Package uniquecounter Info: New unique counter `rerunfilecheck' on input line 2
85.
)
\Hy@SectionHShift=\skip70
)
Package hyperref Info: Option `colorlinks' set `true' on input line 195.

(C:\Users\juliette utilisateur\AppData\Local\Programs\MiKTeX\tex/latex/fancyhdr
\fancyhdr.sty
Package: fancyhdr 2025/02/07 v5.2 Extensive control of page headers and footers

\f@nch@headwidth=\skip71
\f@nch@offset@elh=\skip72
\f@nch@offset@erh=\skip73
\f@nch@offset@olh=\skip74
\f@nch@offset@orh=\skip75
\f@nch@offset@elf=\skip76
\f@nch@offset@erf=\skip77
\f@nch@offset@olf=\skip78
\f@nch@offset@orf=\skip79
\f@nch@height=\skip80
\f@nch@footalignment=\skip81
\f@nch@widthL=\skip82
\f@nch@widthC=\skip83
\f@nch@widthR=\skip84
\@temptokenb=\toks36
)
(C:\Users\juliette utilisateur\AppData\Local\Programs\MiKTeX\tex/latex/siunitx\
siunitx.sty
Package: siunitx 2025-02-27 v3.4.6 A comprehensive (SI) units package
\l__siunitx_number_uncert_offset_int=\count429
\l__siunitx_number_exponent_fixed_int=\count430
\l__siunitx_number_min_decimal_int=\count431
\l__siunitx_number_min_integer_int=\count432
\l__siunitx_number_round_precision_int=\count433
\l__siunitx_number_lower_threshold_int=\count434
\l__siunitx_number_upper_threshold_int=\count435
\l__siunitx_number_group_first_int=\count436
\l__siunitx_number_group_size_int=\count437
\l__siunitx_number_group_minimum_int=\count438
\l__siunitx_angle_tmp_dim=\dimen319
\l__siunitx_angle_marker_box=\box138
\l__siunitx_angle_unit_box=\box139
\l__siunitx_compound_count_int=\count439

(C:\Users\juliette utilisateur\AppData\Local\Programs\MiKTeX\tex/latex/translat
ions\translations.sty
Package: translations 2022/02/05 v1.12 internationalization of LaTeX2e packages
 (CN)
)
\l__siunitx_table_tmp_box=\box140
\l__siunitx_table_tmp_dim=\dimen320
\l__siunitx_table_column_width_dim=\dimen321
\l__siunitx_table_integer_box=\box141
\l__siunitx_table_decimal_box=\box142
\l__siunitx_table_uncert_box=\box143
\l__siunitx_table_before_box=\box144
\l__siunitx_table_after_box=\box145
\l__siunitx_table_before_dim=\dimen322
\l__siunitx_table_carry_dim=\dimen323
\l__siunitx_unit_tmp_int=\count440
\l__siunitx_unit_position_int=\count441
\l__siunitx_unit_total_int=\count442
)

Package siunitx Info: Option "detect-all" has been deprecated in this release.
(siunitx)             
(siunitx)             Use "mode = match, propagate-math-font = true,
(siunitx)             reset-math-version = false, reset-text-family = false,
(siunitx)             reset-text-series = false, reset-text-shape = false,
(siunitx)             text-family-to-math = true, text-series-to-math = true"
(siunitx)             as a replacement.


(C:\Users\juliette utilisateur\AppData\Local\Programs\MiKTeX\tex/latex/multirow
\multirow.sty
Package: multirow 2024/11/12 v2.9 Span multiple rows of a table
\multirow@colwidth=\skip85
\multirow@cntb=\count443
\multirow@dima=\skip86
\bigstrutjot=\dimen324
)
(C:\Users\juliette utilisateur\AppData\Local\Programs\MiKTeX\tex/latex/etoc\eto
c.sty
Package: etoc 2023/10/29 v1.2d Completely customisable TOCs (JFB)
\Etoc@toctoks=\toks37
\c@etoc@tocid=\count444
\etoc@framed@titlebox=\box146
\etoc@framed@contentsbox=\box147
)
(C:\Users\juliette utilisateur\AppData\Local\Programs\MiKTeX\tex/latex/titlesec
\titlesec.sty
Package: titlesec 2025/01/04 v2.17 Sectioning titles
\ttl@box=\box148
\beforetitleunit=\skip87
\aftertitleunit=\skip88
\ttl@plus=\dimen325
\ttl@minus=\dimen326
\ttl@toksa=\toks38
\titlewidth=\dimen327
\titlewidthlast=\dimen328
\titlewidthfirst=\dimen329
)
(C:\Users\juliette utilisateur\AppData\Local\Programs\MiKTeX\tex/latex/biblatex
\biblatex.sty
Package: biblatex 2024/03/21 v3.20 programmable bibliographies (PK/MW)

(C:\Users\juliette utilisateur\AppData\Local\Programs\MiKTeX\tex/latex/logreq\l
ogreq.sty
Package: logreq 2010/08/04 v1.0 xml request logger
\lrq@indent=\count445

(C:\Users\juliette utilisateur\AppData\Local\Programs\MiKTeX\tex/latex/logreq\l
ogreq.def
File: logreq.def 2010/08/04 v1.0 logreq spec v1.0
))
\c@tabx@nest=\count446
\c@listtotal=\count447
\c@listcount=\count448
\c@liststart=\count449
\c@liststop=\count450
\c@citecount=\count451
\c@citetotal=\count452
\c@multicitecount=\count453
\c@multicitetotal=\count454
\c@instcount=\count455
\c@maxnames=\count456
\c@minnames=\count457
\c@maxitems=\count458
\c@minitems=\count459
\c@citecounter=\count460
\c@maxcitecounter=\count461
\c@savedcitecounter=\count462
\c@uniquelist=\count463
\c@uniquename=\count464
\c@refsection=\count465
\c@refsegment=\count466
\c@maxextratitle=\count467
\c@maxextratitleyear=\count468
\c@maxextraname=\count469
\c@maxextradate=\count470
\c@maxextraalpha=\count471
\c@abbrvpenalty=\count472
\c@highnamepenalty=\count473
\c@lownamepenalty=\count474
\c@maxparens=\count475
\c@parenlevel=\count476
\blx@tempcnta=\count477
\blx@tempcntb=\count478
\blx@tempcntc=\count479
\c@blx@maxsection=\count480
\blx@maxsegment@0=\count481
\blx@notetype=\count482
\blx@parenlevel@text=\count483
\blx@parenlevel@foot=\count484
\blx@sectionciteorder@0=\count485
\blx@sectionciteorderinternal@0=\count486
\blx@entrysetcounter=\count487
\blx@biblioinstance=\count488
\labelnumberwidth=\skip89
\labelalphawidth=\skip90
\biblabelsep=\skip91
\bibitemsep=\skip92
\bibnamesep=\skip93
\bibinitsep=\skip94
\bibparsep=\skip95
\bibhang=\skip96
\blx@bcfin=\read3
\blx@bcfout=\write4
\blx@langwohyphens=\language80
\c@mincomprange=\count489
\c@maxcomprange=\count490
\c@mincompwidth=\count491
Package biblatex Info: Trying to load biblatex default data model...
Package biblatex Info: ... file 'blx-dm.def' found.

(C:\Users\juliette utilisateur\AppData\Local\Programs\MiKTeX\tex/latex/biblatex
\blx-dm.def
File: blx-dm.def 2024/03/21 v3.20 biblatex datamodel (PK/MW)
)
Package biblatex Info: Trying to load biblatex style data model...
Package biblatex Info: ... file 'numeric-comp.dbx' not found.
Package biblatex Info: Trying to load biblatex custom data model...
Package biblatex Info: ... file 'biblatex-dm.cfg' not found.
\c@afterword=\count492
\c@savedafterword=\count493
\c@annotator=\count494
\c@savedannotator=\count495
\c@author=\count496
\c@savedauthor=\count497
\c@bookauthor=\count498
\c@savedbookauthor=\count499
\c@commentator=\count500
\c@savedcommentator=\count501
\c@editor=\count502
\c@savededitor=\count503
\c@editora=\count504
\c@savededitora=\count505
\c@editorb=\count506
\c@savededitorb=\count507
\c@editorc=\count508
\c@savededitorc=\count509
\c@foreword=\count510
\c@savedforeword=\count511
\c@holder=\count512
\c@savedholder=\count513
\c@introduction=\count514
\c@savedintroduction=\count515
\c@namea=\count516
\c@savednamea=\count517
\c@nameb=\count518
\c@savednameb=\count519
\c@namec=\count520
\c@savednamec=\count521
\c@translator=\count522
\c@savedtranslator=\count523
\c@shortauthor=\count524
\c@savedshortauthor=\count525
\c@shorteditor=\count526
\c@savedshorteditor=\count527
\c@labelname=\count528
\c@savedlabelname=\count529
\c@institution=\count530
\c@savedinstitution=\count531
\c@lista=\count532
\c@savedlista=\count533
\c@listb=\count534
\c@savedlistb=\count535
\c@listc=\count536
\c@savedlistc=\count537
\c@listd=\count538
\c@savedlistd=\count539
\c@liste=\count540
\c@savedliste=\count541
\c@listf=\count542
\c@savedlistf=\count543
\c@location=\count544
\c@savedlocation=\count545
\c@organization=\count546
\c@savedorganization=\count547
\c@origlocation=\count548
\c@savedoriglocation=\count549
\c@origpublisher=\count550
\c@savedorigpublisher=\count551
\c@publisher=\count552
\c@savedpublisher=\count553
\c@language=\count554
\c@savedlanguage=\count555
\c@origlanguage=\count556
\c@savedoriglanguage=\count557
\c@pageref=\count558
\c@savedpageref=\count559
\shorthandwidth=\skip97
\shortjournalwidth=\skip98
\shortserieswidth=\skip99
\shorttitlewidth=\skip100
\shortauthorwidth=\skip101
\shorteditorwidth=\skip102
\locallabelnumberwidth=\skip103
\locallabelalphawidth=\skip104
\localshorthandwidth=\skip105
\localshortjournalwidth=\skip106
\localshortserieswidth=\skip107
\localshorttitlewidth=\skip108
\localshortauthorwidth=\skip109
\localshorteditorwidth=\skip110
Package biblatex Info: Trying to load compatibility code...
Package biblatex Info: ... file 'blx-compat.def' found.

(C:\Users\juliette utilisateur\AppData\Local\Programs\MiKTeX\tex/latex/biblatex
\blx-compat.def
File: blx-compat.def 2024/03/21 v3.20 biblatex compatibility (PK/MW)
)
Package biblatex Info: Trying to load generic definitions...
Package biblatex Info: ... file 'biblatex.def' found.

(C:\Users\juliette utilisateur\AppData\Local\Programs\MiKTeX\tex/latex/biblatex
\biblatex.def
File: biblatex.def 2024/03/21 v3.20 biblatex compatibility (PK/MW)
\c@textcitecount=\count560
\c@textcitetotal=\count561
\c@textcitemaxnames=\count562
\c@biburlbigbreakpenalty=\count563
\c@biburlbreakpenalty=\count564
\c@biburlnumpenalty=\count565
\c@biburlucpenalty=\count566
\c@biburllcpenalty=\count567
\biburlbigskip=\muskip19
\biburlnumskip=\muskip20
\biburlucskip=\muskip21
\biburllcskip=\muskip22
\c@smartand=\count568
)
Package biblatex Info: Trying to load bibliography style 'numeric-comp'...
Package biblatex Info: ... file 'numeric-comp.bbx' found.

(C:\Users\juliette utilisateur\AppData\Local\Programs\MiKTeX\tex/latex/biblatex
/bbx\numeric-comp.bbx
File: numeric-comp.bbx 2024/03/21 v3.20 biblatex bibliography style (PK/MW)
Package biblatex Info: Trying to load bibliography style 'numeric'...
Package biblatex Info: ... file 'numeric.bbx' found.

(C:\Users\juliette utilisateur\AppData\Local\Programs\MiKTeX\tex/latex/biblatex
/bbx\numeric.bbx
File: numeric.bbx 2024/03/21 v3.20 biblatex bibliography style (PK/MW)
Package biblatex Info: Trying to load bibliography style 'standard'...
Package biblatex Info: ... file 'standard.bbx' found.

(C:\Users\juliette utilisateur\AppData\Local\Programs\MiKTeX\tex/latex/biblatex
/bbx\standard.bbx
File: standard.bbx 2024/03/21 v3.20 biblatex bibliography style (PK/MW)
\c@bbx:relatedcount=\count569
\c@bbx:relatedtotal=\count570
)))
Package biblatex Info: Trying to load citation style 'numeric-comp'...
Package biblatex Info: ... file 'numeric-comp.cbx' found.

(C:\Users\juliette utilisateur\AppData\Local\Programs\MiKTeX\tex/latex/biblatex
/cbx\numeric-comp.cbx
File: numeric-comp.cbx 2024/03/21 v3.20 biblatex citation style (PK/MW)
\c@cbx@tempcnta=\count571
\c@cbx@tempcntb=\count572
\c@cbx@tempcntc=\count573
\c@cbx@tempcntd=\count574
Package biblatex Info: Redefining '\cite'.
Package biblatex Info: Redefining '\parencite'.
Package biblatex Info: Redefining '\footcite'.
Package biblatex Info: Redefining '\footcitetext'.
Package biblatex Info: Redefining '\smartcite'.
Package biblatex Info: Redefining '\supercite'.
Package biblatex Info: Redefining '\textcite'.
Package biblatex Info: Redefining '\textcites'.
Package biblatex Info: Redefining '\cites'.
Package biblatex Info: Redefining '\parencites'.
Package biblatex Info: Redefining '\smartcites'.
)
Package biblatex Info: Trying to load configuration file...
Package biblatex Info: ... file 'biblatex.cfg' found.

(C:\Users\juliette utilisateur\AppData\Local\Programs\MiKTeX\tex/latex/biblatex
\biblatex.cfg
File: biblatex.cfg 
)
Package biblatex Info: Input encoding 'utf8' detected.
Package biblatex Info: Document encoding is UTF8 ....
Package biblatex Info: ... and expl3
(biblatex)             2025-01-18 L3 programming layer (loader) 
(biblatex)             is new enough (at least 2020/04/06),
(biblatex)             setting 'casechanger=expl3'.

(C:\Users\juliette utilisateur\AppData\Local\Programs\MiKTeX\tex/latex/biblatex
\blx-case-expl3.sty
(C:\Users\juliette utilisateur\AppData\Local\Programs\MiKTeX\tex/latex/l3packag
es/xparse\xparse.sty
Package: xparse 2024-08-16 L3 Experimental document command parser
)
Package: blx-case-expl3 2024/03/21 v3.20 expl3 case changing code for biblatex
))
(C:\Users\juliette utilisateur\AppData\Local\Programs\MiKTeX\tex/latex/pgf/fron
tendlayer\tikz.sty
(C:\Users\juliette utilisateur\AppData\Local\Programs\MiKTeX\tex/latex/pgf/basi
clayer\pgf.sty
(C:\Users\juliette utilisateur\AppData\Local\Programs\MiKTeX\tex/latex/pgf/util
ities\pgfrcs.sty
(C:\Users\juliette utilisateur\AppData\Local\Programs\MiKTeX\tex/generic/pgf/ut
ilities\pgfutil-common.tex
\pgfutil@everybye=\toks39
\pgfutil@tempdima=\dimen330
\pgfutil@tempdimb=\dimen331
)
(C:\Users\juliette utilisateur\AppData\Local\Programs\MiKTeX\tex/generic/pgf/ut
ilities\pgfutil-latex.def
\pgfutil@abb=\box149
)
(C:\Users\juliette utilisateur\AppData\Local\Programs\MiKTeX\tex/generic/pgf/ut
ilities\pgfrcs.code.tex
(C:\Users\juliette utilisateur\AppData\Local\Programs\MiKTeX\tex/generic/pgf\pg
f.revision.tex)
Package: pgfrcs 2023-01-15 v3.1.10 (3.1.10)
))
Package: pgf 2023-01-15 v3.1.10 (3.1.10)

(C:\Users\juliette utilisateur\AppData\Local\Programs\MiKTeX\tex/latex/pgf/basi
clayer\pgfcore.sty
(C:\Users\juliette utilisateur\AppData\Local\Programs\MiKTeX\tex/latex/pgf/syst
emlayer\pgfsys.sty
(C:\Users\juliette utilisateur\AppData\Local\Programs\MiKTeX\tex/generic/pgf/sy
stemlayer\pgfsys.code.tex
Package: pgfsys 2023-01-15 v3.1.10 (3.1.10)

(C:\Users\juliette utilisateur\AppData\Local\Programs\MiKTeX\tex/generic/pgf/ut
ilities\pgfkeys.code.tex
\pgfkeys@pathtoks=\toks40
\pgfkeys@temptoks=\toks41

(C:\Users\juliette utilisateur\AppData\Local\Programs\MiKTeX\tex/generic/pgf/ut
ilities\pgfkeyslibraryfiltered.code.tex
\pgfkeys@tmptoks=\toks42
))
\pgf@x=\dimen332
\pgf@y=\dimen333
\pgf@xa=\dimen334
\pgf@ya=\dimen335
\pgf@xb=\dimen336
\pgf@yb=\dimen337
\pgf@xc=\dimen338
\pgf@yc=\dimen339
\pgf@xd=\dimen340
\pgf@yd=\dimen341
\w@pgf@writea=\write5
\r@pgf@reada=\read4
\c@pgf@counta=\count575
\c@pgf@countb=\count576
\c@pgf@countc=\count577
\c@pgf@countd=\count578
\t@pgf@toka=\toks43
\t@pgf@tokb=\toks44
\t@pgf@tokc=\toks45
\pgf@sys@id@count=\count579

(C:\Users\juliette utilisateur\AppData\Local\Programs\MiKTeX\tex/generic/pgf/sy
stemlayer\pgf.cfg
File: pgf.cfg 2023-01-15 v3.1.10 (3.1.10)
)
Driver file for pgf: pgfsys-pdftex.def

(C:\Users\juliette utilisateur\AppData\Local\Programs\MiKTeX\tex/generic/pgf/sy
stemlayer\pgfsys-pdftex.def
File: pgfsys-pdftex.def 2023-01-15 v3.1.10 (3.1.10)

(C:\Users\juliette utilisateur\AppData\Local\Programs\MiKTeX\tex/generic/pgf/sy
stemlayer\pgfsys-common-pdf.def
File: pgfsys-common-pdf.def 2023-01-15 v3.1.10 (3.1.10)
)))
(C:\Users\juliette utilisateur\AppData\Local\Programs\MiKTeX\tex/generic/pgf/sy
stemlayer\pgfsyssoftpath.code.tex
File: pgfsyssoftpath.code.tex 2023-01-15 v3.1.10 (3.1.10)
\pgfsyssoftpath@smallbuffer@items=\count580
\pgfsyssoftpath@bigbuffer@items=\count581
)
(C:\Users\juliette utilisateur\AppData\Local\Programs\MiKTeX\tex/generic/pgf/sy
stemlayer\pgfsysprotocol.code.tex
File: pgfsysprotocol.code.tex 2023-01-15 v3.1.10 (3.1.10)
))
(C:\Users\juliette utilisateur\AppData\Local\Programs\MiKTeX\tex/generic/pgf/ba
siclayer\pgfcore.code.tex
Package: pgfcore 2023-01-15 v3.1.10 (3.1.10)

(C:\Users\juliette utilisateur\AppData\Local\Programs\MiKTeX\tex/generic/pgf/ma
th\pgfmath.code.tex
(C:\Users\juliette utilisateur\AppData\Local\Programs\MiKTeX\tex/generic/pgf/ma
th\pgfmathutil.code.tex)
(C:\Users\juliette utilisateur\AppData\Local\Programs\MiKTeX\tex/generic/pgf/ma
th\pgfmathparser.code.tex
\pgfmath@dimen=\dimen342
\pgfmath@count=\count582
\pgfmath@box=\box150
\pgfmath@toks=\toks46
\pgfmath@stack@operand=\toks47
\pgfmath@stack@operation=\toks48
)
(C:\Users\juliette utilisateur\AppData\Local\Programs\MiKTeX\tex/generic/pgf/ma
th\pgfmathfunctions.code.tex)
(C:\Users\juliette utilisateur\AppData\Local\Programs\MiKTeX\tex/generic/pgf/ma
th\pgfmathfunctions.basic.code.tex)
(C:\Users\juliette utilisateur\AppData\Local\Programs\MiKTeX\tex/generic/pgf/ma
th\pgfmathfunctions.trigonometric.code.tex)
(C:\Users\juliette utilisateur\AppData\Local\Programs\MiKTeX\tex/generic/pgf/ma
th\pgfmathfunctions.random.code.tex)
(C:\Users\juliette utilisateur\AppData\Local\Programs\MiKTeX\tex/generic/pgf/ma
th\pgfmathfunctions.comparison.code.tex)
(C:\Users\juliette utilisateur\AppData\Local\Programs\MiKTeX\tex/generic/pgf/ma
th\pgfmathfunctions.base.code.tex)
(C:\Users\juliette utilisateur\AppData\Local\Programs\MiKTeX\tex/generic/pgf/ma
th\pgfmathfunctions.round.code.tex)
(C:\Users\juliette utilisateur\AppData\Local\Programs\MiKTeX\tex/generic/pgf/ma
th\pgfmathfunctions.misc.code.tex)
(C:\Users\juliette utilisateur\AppData\Local\Programs\MiKTeX\tex/generic/pgf/ma
th\pgfmathfunctions.integerarithmetics.code.tex)
(C:\Users\juliette utilisateur\AppData\Local\Programs\MiKTeX\tex/generic/pgf/ma
th\pgfmathcalc.code.tex)
(C:\Users\juliette utilisateur\AppData\Local\Programs\MiKTeX\tex/generic/pgf/ma
th\pgfmathfloat.code.tex
\c@pgfmathroundto@lastzeros=\count583
))
(C:\Users\juliette utilisateur\AppData\Local\Programs\MiKTeX\tex/generic/pgf/ma
th\pgfint.code.tex)
(C:\Users\juliette utilisateur\AppData\Local\Programs\MiKTeX\tex/generic/pgf/ba
siclayer\pgfcorepoints.code.tex
File: pgfcorepoints.code.tex 2023-01-15 v3.1.10 (3.1.10)
\pgf@picminx=\dimen343
\pgf@picmaxx=\dimen344
\pgf@picminy=\dimen345
\pgf@picmaxy=\dimen346
\pgf@pathminx=\dimen347
\pgf@pathmaxx=\dimen348
\pgf@pathminy=\dimen349
\pgf@pathmaxy=\dimen350
\pgf@xx=\dimen351
\pgf@xy=\dimen352
\pgf@yx=\dimen353
\pgf@yy=\dimen354
\pgf@zx=\dimen355
\pgf@zy=\dimen356
)
(C:\Users\juliette utilisateur\AppData\Local\Programs\MiKTeX\tex/generic/pgf/ba
siclayer\pgfcorepathconstruct.code.tex
File: pgfcorepathconstruct.code.tex 2023-01-15 v3.1.10 (3.1.10)
\pgf@path@lastx=\dimen357
\pgf@path@lasty=\dimen358
)
(C:\Users\juliette utilisateur\AppData\Local\Programs\MiKTeX\tex/generic/pgf/ba
siclayer\pgfcorepathusage.code.tex
File: pgfcorepathusage.code.tex 2023-01-15 v3.1.10 (3.1.10)
\pgf@shorten@end@additional=\dimen359
\pgf@shorten@start@additional=\dimen360
)
(C:\Users\juliette utilisateur\AppData\Local\Programs\MiKTeX\tex/generic/pgf/ba
siclayer\pgfcorescopes.code.tex
File: pgfcorescopes.code.tex 2023-01-15 v3.1.10 (3.1.10)
\pgfpic=\box151
\pgf@hbox=\box152
\pgf@layerbox@main=\box153
\pgf@picture@serial@count=\count584
)
(C:\Users\juliette utilisateur\AppData\Local\Programs\MiKTeX\tex/generic/pgf/ba
siclayer\pgfcoregraphicstate.code.tex
File: pgfcoregraphicstate.code.tex 2023-01-15 v3.1.10 (3.1.10)
\pgflinewidth=\dimen361
)
(C:\Users\juliette utilisateur\AppData\Local\Programs\MiKTeX\tex/generic/pgf/ba
siclayer\pgfcoretransformations.code.tex
File: pgfcoretransformations.code.tex 2023-01-15 v3.1.10 (3.1.10)
\pgf@pt@x=\dimen362
\pgf@pt@y=\dimen363
\pgf@pt@temp=\dimen364
)
(C:\Users\juliette utilisateur\AppData\Local\Programs\MiKTeX\tex/generic/pgf/ba
siclayer\pgfcorequick.code.tex
File: pgfcorequick.code.tex 2023-01-15 v3.1.10 (3.1.10)
)
(C:\Users\juliette utilisateur\AppData\Local\Programs\MiKTeX\tex/generic/pgf/ba
siclayer\pgfcoreobjects.code.tex
File: pgfcoreobjects.code.tex 2023-01-15 v3.1.10 (3.1.10)
)
(C:\Users\juliette utilisateur\AppData\Local\Programs\MiKTeX\tex/generic/pgf/ba
siclayer\pgfcorepathprocessing.code.tex
File: pgfcorepathprocessing.code.tex 2023-01-15 v3.1.10 (3.1.10)
)
(C:\Users\juliette utilisateur\AppData\Local\Programs\MiKTeX\tex/generic/pgf/ba
siclayer\pgfcorearrows.code.tex
File: pgfcorearrows.code.tex 2023-01-15 v3.1.10 (3.1.10)
\pgfarrowsep=\dimen365
)
(C:\Users\juliette utilisateur\AppData\Local\Programs\MiKTeX\tex/generic/pgf/ba
siclayer\pgfcoreshade.code.tex
File: pgfcoreshade.code.tex 2023-01-15 v3.1.10 (3.1.10)
\pgf@max=\dimen366
\pgf@sys@shading@range@num=\count585
\pgf@shadingcount=\count586
)
(C:\Users\juliette utilisateur\AppData\Local\Programs\MiKTeX\tex/generic/pgf/ba
siclayer\pgfcoreimage.code.tex
File: pgfcoreimage.code.tex 2023-01-15 v3.1.10 (3.1.10)
)
(C:\Users\juliette utilisateur\AppData\Local\Programs\MiKTeX\tex/generic/pgf/ba
siclayer\pgfcoreexternal.code.tex
File: pgfcoreexternal.code.tex 2023-01-15 v3.1.10 (3.1.10)
\pgfexternal@startupbox=\box154
)
(C:\Users\juliette utilisateur\AppData\Local\Programs\MiKTeX\tex/generic/pgf/ba
siclayer\pgfcorelayers.code.tex
File: pgfcorelayers.code.tex 2023-01-15 v3.1.10 (3.1.10)
)
(C:\Users\juliette utilisateur\AppData\Local\Programs\MiKTeX\tex/generic/pgf/ba
siclayer\pgfcoretransparency.code.tex
File: pgfcoretransparency.code.tex 2023-01-15 v3.1.10 (3.1.10)
)
(C:\Users\juliette utilisateur\AppData\Local\Programs\MiKTeX\tex/generic/pgf/ba
siclayer\pgfcorepatterns.code.tex
File: pgfcorepatterns.code.tex 2023-01-15 v3.1.10 (3.1.10)
)
(C:\Users\juliette utilisateur\AppData\Local\Programs\MiKTeX\tex/generic/pgf/ba
siclayer\pgfcorerdf.code.tex
File: pgfcorerdf.code.tex 2023-01-15 v3.1.10 (3.1.10)
)))
(C:\Users\juliette utilisateur\AppData\Local\Programs\MiKTeX\tex/generic/pgf/mo
dules\pgfmoduleshapes.code.tex
File: pgfmoduleshapes.code.tex 2023-01-15 v3.1.10 (3.1.10)
\pgfnodeparttextbox=\box155
)
(C:\Users\juliette utilisateur\AppData\Local\Programs\MiKTeX\tex/generic/pgf/mo
dules\pgfmoduleplot.code.tex
File: pgfmoduleplot.code.tex 2023-01-15 v3.1.10 (3.1.10)
)
(C:\Users\juliette utilisateur\AppData\Local\Programs\MiKTeX\tex/latex/pgf/comp
atibility\pgfcomp-version-0-65.sty
Package: pgfcomp-version-0-65 2023-01-15 v3.1.10 (3.1.10)
\pgf@nodesepstart=\dimen367
\pgf@nodesepend=\dimen368
)
(C:\Users\juliette utilisateur\AppData\Local\Programs\MiKTeX\tex/latex/pgf/comp
atibility\pgfcomp-version-1-18.sty
Package: pgfcomp-version-1-18 2023-01-15 v3.1.10 (3.1.10)
))
(C:\Users\juliette utilisateur\AppData\Local\Programs\MiKTeX\tex/latex/pgf/util
ities\pgffor.sty
(C:\Users\juliette utilisateur\AppData\Local\Programs\MiKTeX\tex/latex/pgf/util
ities\pgfkeys.sty
(C:\Users\juliette utilisateur\AppData\Local\Programs\MiKTeX\tex/generic/pgf/ut
ilities\pgfkeys.code.tex))
(C:\Users\juliette utilisateur\AppData\Local\Programs\MiKTeX\tex/latex/pgf/math
\pgfmath.sty
(C:\Users\juliette utilisateur\AppData\Local\Programs\MiKTeX\tex/generic/pgf/ma
th\pgfmath.code.tex))
(C:\Users\juliette utilisateur\AppData\Local\Programs\MiKTeX\tex/generic/pgf/ut
ilities\pgffor.code.tex
Package: pgffor 2023-01-15 v3.1.10 (3.1.10)
\pgffor@iter=\dimen369
\pgffor@skip=\dimen370
\pgffor@stack=\toks49
\pgffor@toks=\toks50
))
(C:\Users\juliette utilisateur\AppData\Local\Programs\MiKTeX\tex/generic/pgf/fr
ontendlayer/tikz\tikz.code.tex
Package: tikz 2023-01-15 v3.1.10 (3.1.10)

(C:\Users\juliette utilisateur\AppData\Local\Programs\MiKTeX\tex/generic/pgf/li
braries\pgflibraryplothandlers.code.tex
File: pgflibraryplothandlers.code.tex 2023-01-15 v3.1.10 (3.1.10)
\pgf@plot@mark@count=\count587
\pgfplotmarksize=\dimen371
)
\tikz@lastx=\dimen372
\tikz@lasty=\dimen373
\tikz@lastxsaved=\dimen374
\tikz@lastysaved=\dimen375
\tikz@lastmovetox=\dimen376
\tikz@lastmovetoy=\dimen377
\tikzleveldistance=\dimen378
\tikzsiblingdistance=\dimen379
\tikz@figbox=\box156
\tikz@figbox@bg=\box157
\tikz@tempbox=\box158
\tikz@tempbox@bg=\box159
\tikztreelevel=\count588
\tikznumberofchildren=\count589
\tikznumberofcurrentchild=\count590
\tikz@fig@count=\count591

(C:\Users\juliette utilisateur\AppData\Local\Programs\MiKTeX\tex/generic/pgf/mo
dules\pgfmodulematrix.code.tex
File: pgfmodulematrix.code.tex 2023-01-15 v3.1.10 (3.1.10)
\pgfmatrixcurrentrow=\count592
\pgfmatrixcurrentcolumn=\count593
\pgf@matrix@numberofcolumns=\count594
)
\tikz@expandcount=\count595

(C:\Users\juliette utilisateur\AppData\Local\Programs\MiKTeX\tex/generic/pgf/fr
ontendlayer/tikz/libraries\tikzlibrarytopaths.code.tex
File: tikzlibrarytopaths.code.tex 2023-01-15 v3.1.10 (3.1.10)
)))
(C:\Users\juliette utilisateur\AppData\Local\Programs\MiKTeX\tex/generic/pgf/fr
ontendlayer/tikz/libraries\tikzlibrarypatterns.code.tex
File: tikzlibrarypatterns.code.tex 2023-01-15 v3.1.10 (3.1.10)

(C:\Users\juliette utilisateur\AppData\Local\Programs\MiKTeX\tex/generic/pgf/li
braries\pgflibrarypatterns.code.tex
File: pgflibrarypatterns.code.tex 2023-01-15 v3.1.10 (3.1.10)
))
(C:\Users\juliette utilisateur\AppData\Local\Programs\MiKTeX\tex/generic/pgf/fr
ontendlayer/tikz/libraries\tikzlibrarypatterns.meta.code.tex
(C:\Users\juliette utilisateur\AppData\Local\Programs\MiKTeX\tex/generic/pgf/li
braries\pgflibrarypatterns.meta.code.tex))
(C:\Users\juliette utilisateur\AppData\Local\Programs\MiKTeX\tex/generic/pgf/fr
ontendlayer/tikz/libraries\tikzlibraryshapes.code.tex
File: tikzlibraryshapes.code.tex 2023-01-15 v3.1.10 (3.1.10)

(C:\Users\juliette utilisateur\AppData\Local\Programs\MiKTeX\tex/generic/pgf/fr
ontendlayer/tikz/libraries\tikzlibraryshapes.geometric.code.tex
File: tikzlibraryshapes.geometric.code.tex 2023-01-15 v3.1.10 (3.1.10)

(C:\Users\juliette utilisateur\AppData\Local\Programs\MiKTeX\tex/generic/pgf/li
braries/shapes\pgflibraryshapes.geometric.code.tex
File: pgflibraryshapes.geometric.code.tex 2023-01-15 v3.1.10 (3.1.10)
))
(C:\Users\juliette utilisateur\AppData\Local\Programs\MiKTeX\tex/generic/pgf/fr
ontendlayer/tikz/libraries\tikzlibraryshapes.misc.code.tex
File: tikzlibraryshapes.misc.code.tex 2023-01-15 v3.1.10 (3.1.10)

(C:\Users\juliette utilisateur\AppData\Local\Programs\MiKTeX\tex/generic/pgf/li
braries/shapes\pgflibraryshapes.misc.code.tex
File: pgflibraryshapes.misc.code.tex 2023-01-15 v3.1.10 (3.1.10)
))
(C:\Users\juliette utilisateur\AppData\Local\Programs\MiKTeX\tex/generic/pgf/fr
ontendlayer/tikz/libraries\tikzlibraryshapes.symbols.code.tex
File: tikzlibraryshapes.symbols.code.tex 2023-01-15 v3.1.10 (3.1.10)

(C:\Users\juliette utilisateur\AppData\Local\Programs\MiKTeX\tex/generic/pgf/li
braries/shapes\pgflibraryshapes.symbols.code.tex
File: pgflibraryshapes.symbols.code.tex 2023-01-15 v3.1.10 (3.1.10)
))
(C:\Users\juliette utilisateur\AppData\Local\Programs\MiKTeX\tex/generic/pgf/fr
ontendlayer/tikz/libraries\tikzlibraryshapes.arrows.code.tex
File: tikzlibraryshapes.arrows.code.tex 2023-01-15 v3.1.10 (3.1.10)

(C:\Users\juliette utilisateur\AppData\Local\Programs\MiKTeX\tex/generic/pgf/li
braries/shapes\pgflibraryshapes.arrows.code.tex
File: pgflibraryshapes.arrows.code.tex 2023-01-15 v3.1.10 (3.1.10)
))
(C:\Users\juliette utilisateur\AppData\Local\Programs\MiKTeX\tex/generic/pgf/fr
ontendlayer/tikz/libraries\tikzlibraryshapes.callouts.code.tex
(C:\Users\juliette utilisateur\AppData\Local\Programs\MiKTeX\tex/generic/pgf/li
braries/shapes\pgflibraryshapes.callouts.code.tex))
(C:\Users\juliette utilisateur\AppData\Local\Programs\MiKTeX\tex/generic/pgf/fr
ontendlayer/tikz/libraries\tikzlibraryshapes.multipart.code.tex
File: tikzlibraryshapes.multipart.code.tex 2023-01-15 v3.1.10 (3.1.10)

(C:\Users\juliette utilisateur\AppData\Local\Programs\MiKTeX\tex/generic/pgf/li
braries/shapes\pgflibraryshapes.multipart.code.tex
File: pgflibraryshapes.multipart.code.tex 2023-01-15 v3.1.10 (3.1.10)
\pgfnodepartlowerbox=\box160
\pgfnodeparttwobox=\box161
\pgfnodepartthreebox=\box162
\pgfnodepartfourbox=\box163
\pgfnodeparttwentybox=\box164
\pgfnodepartnineteenbox=\box165
\pgfnodeparteighteenbox=\box166
\pgfnodepartseventeenbox=\box167
\pgfnodepartsixteenbox=\box168
\pgfnodepartfifteenbox=\box169
\pgfnodepartfourteenbox=\box170
\pgfnodepartthirteenbox=\box171
\pgfnodeparttwelvebox=\box172
\pgfnodepartelevenbox=\box173
\pgfnodeparttenbox=\box174
\pgfnodepartninebox=\box175
\pgfnodeparteightbox=\box176
\pgfnodepartsevenbox=\box177
\pgfnodepartsixbox=\box178
\pgfnodepartfivebox=\box179
)))
(C:\Users\juliette utilisateur\AppData\Local\Programs\MiKTeX\tex/generic/pgf/li
braries\pgflibraryarrows.meta.code.tex
File: pgflibraryarrows.meta.code.tex 2023-01-15 v3.1.10 (3.1.10)
\pgfarrowinset=\dimen380
\pgfarrowlength=\dimen381
\pgfarrowwidth=\dimen382
\pgfarrowlinewidth=\dimen383
)
(C:\Users\juliette utilisateur\AppData\Local\Programs\MiKTeX\tex/generic/pgf/fr
ontendlayer/tikz/libraries\tikzlibrarycalc.code.tex
File: tikzlibrarycalc.code.tex 2023-01-15 v3.1.10 (3.1.10)
)
(C:\Users\juliette utilisateur\AppData\Local\Programs\MiKTeX\tex/generic/pgf/fr
ontendlayer/tikz/libraries\tikzlibraryshadows.code.tex
File: tikzlibraryshadows.code.tex 2023-01-15 v3.1.10 (3.1.10)

(C:\Users\juliette utilisateur\AppData\Local\Programs\MiKTeX\tex/generic/pgf/fr
ontendlayer/tikz/libraries\tikzlibraryfadings.code.tex
File: tikzlibraryfadings.code.tex 2023-01-15 v3.1.10 (3.1.10)

(C:\Users\juliette utilisateur\AppData\Local\Programs\MiKTeX\tex/generic/pgf/li
braries\pgflibraryfadings.code.tex
File: pgflibraryfadings.code.tex 2023-01-15 v3.1.10 (3.1.10)
)))
(C:\Users\juliette utilisateur\AppData\Local\Programs\MiKTeX\tex/generic/pgf/fr
ontendlayer/tikz/libraries\tikzlibrarymatrix.code.tex
File: tikzlibrarymatrix.code.tex 2023-01-15 v3.1.10 (3.1.10)
)
(C:\Users\juliette utilisateur\AppData\Local\Programs\MiKTeX\tex/generic/pgf/fr
ontendlayer/tikz/libraries\tikzlibrarydecorations.pathreplacing.code.tex
(C:\Users\juliette utilisateur\AppData\Local\Programs\MiKTeX\tex/generic/pgf/fr
ontendlayer/tikz/libraries\tikzlibrarydecorations.code.tex
(C:\Users\juliette utilisateur\AppData\Local\Programs\MiKTeX\tex/generic/pgf/mo
dules\pgfmoduledecorations.code.tex
\pgfdecoratedcompleteddistance=\dimen384
\pgfdecoratedremainingdistance=\dimen385
\pgfdecoratedinputsegmentcompleteddistance=\dimen386
\pgfdecoratedinputsegmentremainingdistance=\dimen387
\pgf@decorate@distancetomove=\dimen388
\pgf@decorate@repeatstate=\count596
\pgfdecorationsegmentamplitude=\dimen389
\pgfdecorationsegmentlength=\dimen390
)
\tikz@lib@dec@box=\box180
)
(C:\Users\juliette utilisateur\AppData\Local\Programs\MiKTeX\tex/generic/pgf/li
braries/decorations\pgflibrarydecorations.pathreplacing.code.tex))
(C:\Users\juliette utilisateur\AppData\Local\Programs\MiKTeX\tex/generic/pgf/fr
ontendlayer/tikz/libraries\tikzlibraryautomata.code.tex
File: tikzlibraryautomata.code.tex 2023-01-15 v3.1.10 (3.1.10)
)
(C:\Users\juliette utilisateur\AppData\Local\Programs\MiKTeX\tex/generic/pgf/fr
ontendlayer/tikz/libraries\tikzlibrarypositioning.code.tex
File: tikzlibrarypositioning.code.tex 2023-01-15 v3.1.10 (3.1.10)
)
(C:\Users\juliette utilisateur\AppData\Local\Programs\MiKTeX\tex/generic/pgf/fr
ontendlayer/tikz/libraries\tikzlibrarymath.code.tex
(C:\Users\juliette utilisateur\AppData\Local\Programs\MiKTeX\tex/generic/pgf/fr
ontendlayer/tikz/libraries\tikzlibraryfpu.code.tex
(C:\Users\juliette utilisateur\AppData\Local\Programs\MiKTeX\tex/generic/pgf/li
braries\pgflibraryfpu.code.tex))
\tikz@math@for@depth=\count597
\tikz@math@dimen=\dimen391
\tikz@math@toks=\toks51
)
(C:\Users\juliette utilisateur\AppData\Local\Programs\MiKTeX\tex/generic/pgf/fr
ontendlayer/tikz/libraries\tikzlibraryfit.code.tex
File: tikzlibraryfit.code.tex 2023-01-15 v3.1.10 (3.1.10)
)
(C:\Users\juliette utilisateur\AppData\Local\Programs\MiKTeX\tex/generic/pgf/fr
ontendlayer/tikz/libraries\tikzlibraryshadings.code.tex
File: tikzlibraryshadings.code.tex 2023-01-15 v3.1.10 (3.1.10)

(C:\Users\juliette utilisateur\AppData\Local\Programs\MiKTeX\tex/generic/pgf/li
braries\pgflibraryshadings.code.tex
File: pgflibraryshadings.code.tex 2023-01-15 v3.1.10 (3.1.10)
))
(C:\Users\juliette utilisateur\AppData\Local\Programs\MiKTeX\tex/generic/pgf/fr
ontendlayer/tikz/libraries\tikzlibrarymindmap.code.tex
File: tikzlibrarymindmap.code.tex 2023-01-15 v3.1.10 (3.1.10)

(C:\Users\juliette utilisateur\AppData\Local\Programs\MiKTeX\tex/generic/pgf/fr
ontendlayer/tikz/libraries\tikzlibrarytrees.code.tex
File: tikzlibrarytrees.code.tex 2023-01-15 v3.1.10 (3.1.10)
))
(C:\Users\juliette utilisateur\AppData\Local\Programs\MiKTeX\tex/latex/circuiti
kz\circuitikz.sty
Package: circuitikz 2025/01/10{} The CircuiTikz circuit drawing package version
 1.7.1

(C:\Users\juliette utilisateur\AppData\Local\Programs\MiKTeX\tex/generic/pgf/fr
ontendlayer/tikz/libraries\tikzlibrarybending.code.tex
File: tikzlibrarybending.code.tex 2023-01-15 v3.1.10 (3.1.10)

(C:\Users\juliette utilisateur\AppData\Local\Programs\MiKTeX\tex/generic/pgf/mo
dules\pgfmodulebending.code.tex
File: pgfmodulebending.code.tex 2023-01-15 v3.1.10 (3.1.10)

(C:\Users\juliette utilisateur\AppData\Local\Programs\MiKTeX\tex/generic/pgf/mo
dules\pgfmodulenonlineartransformations.code.tex
File: pgfmodulenonlineartransformations.code.tex 2023-01-15 v3.1.10 (3.1.10)
\pgftransformnonlinearflatness=\dimen392
)
(C:\Users\juliette utilisateur\AppData\Local\Programs\MiKTeX\tex/generic/pgf/li
braries\pgflibrarycurvilinear.code.tex
File: pgflibrarycurvilinear.code.tex 2023-01-15 v3.1.10 (3.1.10)
\pgf@curvilinear@time@a=\dimen393
\pgf@curvilinear@length@a=\dimen394
\pgf@curvilinear@length@b=\dimen395
\pgf@curvilinear@length@c=\dimen396
\pgf@curvilinear@length@d=\dimen397
)
\pgf@arrows@the@rigidity=\dimen398
))
(C:\Users\juliette utilisateur\AppData\Local\Programs\MiKTeX\tex/generic/circui
tikz\pgfcirc.defines.tex
\pgf@circ@count@a=\count598
\pgf@circ@count@b=\count599
\pgf@circ@count@c=\count600
\pgf@circ@res@up=\dimen399
\pgf@circ@res@down=\dimen400
\pgf@circ@res@zero=\dimen401
\pgf@circ@res@left=\dimen402
\pgf@circ@res@right=\dimen403
\pgf@circ@res@other=\dimen404
\pgf@circ@res@step=\dimen405
\pgf@circ@res@temp=\dimen406
\pgf@circ@Rlen=\dimen407
\pgf@circ@scaled@Rlen=\dimen408
\pgfstartlinewidth=\dimen409
)
(C:\Users\juliette utilisateur\AppData\Local\Programs\MiKTeX\tex/generic/circui
tikz\pgfcircutils.tex
\ctikz@scratchbox=\box181
)
(C:\Users\juliette utilisateur\AppData\Local\Programs\MiKTeX\tex/generic/circui
tikz\pgfcircpath.tex)
(C:\Users\juliette utilisateur\AppData\Local\Programs\MiKTeX\tex/generic/circui
tikz\pgfcircshapes.tex)
(C:\Users\juliette utilisateur\AppData\Local\Programs\MiKTeX\tex/generic/circui
tikz\pgfcircmonopoles.tex)
(C:\Users\juliette utilisateur\AppData\Local\Programs\MiKTeX\tex/generic/circui
tikz\pgfcircbipoles.tex)
(C:\Users\juliette utilisateur\AppData\Local\Programs\MiKTeX\tex/generic/circui
tikz\pgfcirctripoles.tex
\pgf@circ@res@count=\count601
)
(C:\Users\juliette utilisateur\AppData\Local\Programs\MiKTeX\tex/generic/circui
tikz\pgfcircquadpoles.tex)
(C:\Users\juliette utilisateur\AppData\Local\Programs\MiKTeX\tex/generic/circui
tikz\pgfcircmultipoles.tex)
(C:\Users\juliette utilisateur\AppData\Local\Programs\MiKTeX\tex/generic/circui
tikz\pgfcirclabel.tex)
(C:\Users\juliette utilisateur\AppData\Local\Programs\MiKTeX\tex/generic/circui
tikz\pgfcircvoltage.tex
\pgfcirc@labelshift=\dimen410
)
(C:\Users\juliette utilisateur\AppData\Local\Programs\MiKTeX\tex/generic/circui
tikz\pgfcirccurrent.tex)
(C:\Users\juliette utilisateur\AppData\Local\Programs\MiKTeX\tex/generic/circui
tikz\pgfcircflow.tex))
(C:\Users\juliette utilisateur\AppData\Local\Programs\MiKTeX\tex/generic/pgf/fr
ontendlayer/tikz/libraries\tikzlibrarybabel.code.tex
File: tikzlibrarybabel.code.tex 2023-01-15 v3.1.10 (3.1.10)
)
(C:\Users\juliette utilisateur\AppData\Local\Programs\MiKTeX\tex/generic/pgf/fr
ontendlayer/tikz/libraries\tikzlibraryarrows.code.tex
File: tikzlibraryarrows.code.tex 2023-01-15 v3.1.10 (3.1.10)

(C:\Users\juliette utilisateur\AppData\Local\Programs\MiKTeX\tex/generic/pgf/li
braries\pgflibraryarrows.code.tex
File: pgflibraryarrows.code.tex 2023-01-15 v3.1.10 (3.1.10)
\arrowsize=\dimen411
))
(C:\Users\juliette utilisateur\AppData\Local\Programs\MiKTeX\tex/generic/pgf/fr
ontendlayer/tikz/libraries\tikzlibrarydecorations.pathmorphing.code.tex
(C:\Users\juliette utilisateur\AppData\Local\Programs\MiKTeX\tex/generic/pgf/li
braries/decorations\pgflibrarydecorations.pathmorphing.code.tex))
(C:\Users\juliette utilisateur\AppData\Local\Programs\MiKTeX\tex/generic/pgf/fr
ontendlayer/tikz/libraries\tikzlibrarybackgrounds.code.tex
File: tikzlibrarybackgrounds.code.tex 2023-01-15 v3.1.10 (3.1.10)
\pgf@layerbox@background=\box182
\pgf@layerboxsaved@background=\box183
)
(C:\Users\juliette utilisateur\AppData\Local\Programs\MiKTeX\tex/latex/pgfplots
\pgfplots.sty
(C:\Users\juliette utilisateur\AppData\Local\Programs\MiKTeX\tex/generic/pgfplo
ts\pgfplots.revision.tex)
Package: pgfplots 2021/05/15 v1.18.1 Data Visualization (1.18.1)

(C:\Users\juliette utilisateur\AppData\Local\Programs\MiKTeX\tex/generic/pgfplo
ts\pgfplots.code.tex
(C:\Users\juliette utilisateur\AppData\Local\Programs\MiKTeX\tex/generic/pgfplo
ts\pgfplotscore.code.tex
\t@pgfplots@toka=\toks52
\t@pgfplots@tokb=\toks53
\t@pgfplots@tokc=\toks54
\pgfplots@tmpa=\dimen412
\c@pgfplots@coordindex=\count602
\c@pgfplots@scanlineindex=\count603

(C:\Users\juliette utilisateur\AppData\Local\Programs\MiKTeX\tex/generic/pgfplo
ts/sys\pgfplotssysgeneric.code.tex))
(C:\Users\juliette utilisateur\AppData\Local\Programs\MiKTeX\tex/generic/pgfplo
ts/libs\pgfplotslibrary.code.tex)
(C:\Users\juliette utilisateur\AppData\Local\Programs\MiKTeX\tex/generic/pgfplo
ts/oldpgfcompatib\pgfplotsoldpgfsupp_loader.code.tex
Package pgfplots: loading complementary utilities for your pgf version...
\t@pgf@toka=\toks55
\t@pgf@tokb=\toks56
\t@pgf@tokc=\toks57

(C:\Users\juliette utilisateur\AppData\Local\Programs\MiKTeX\tex/generic/pgfplo
ts/oldpgfcompatib\pgfplotsoldpgfsupp_pgfutil-common-lists.tex))
(C:\Users\juliette utilisateur\AppData\Local\Programs\MiKTeX\tex/generic/pgfplo
ts/util\pgfplotsutil.code.tex
(C:\Users\juliette utilisateur\AppData\Local\Programs\MiKTeX\tex/generic/pgfplo
ts/liststructure\pgfplotsliststructure.code.tex)
(C:\Users\juliette utilisateur\AppData\Local\Programs\MiKTeX\tex/generic/pgfplo
ts/liststructure\pgfplotsliststructureext.code.tex)
(C:\Users\juliette utilisateur\AppData\Local\Programs\MiKTeX\tex/generic/pgfplo
ts/liststructure\pgfplotsarray.code.tex
\c@pgfplotsarray@tmp=\count604
)
(C:\Users\juliette utilisateur\AppData\Local\Programs\MiKTeX\tex/generic/pgfplo
ts/liststructure\pgfplotsmatrix.code.tex)
(C:\Users\juliette utilisateur\AppData\Local\Programs\MiKTeX\tex/generic/pgfplo
ts/numtable\pgfplotstableshared.code.tex
\c@pgfplotstable@counta=\count605
\t@pgfplotstable@a=\toks58
)
(C:\Users\juliette utilisateur\AppData\Local\Programs\MiKTeX\tex/generic/pgfplo
ts/liststructure\pgfplotsdeque.code.tex)
(C:\Users\juliette utilisateur\AppData\Local\Programs\MiKTeX\tex/generic/pgfplo
ts/util\pgfplotsbinary.code.tex
(C:\Users\juliette utilisateur\AppData\Local\Programs\MiKTeX\tex/generic/pgfplo
ts/util\pgfplotsbinary.data.code.tex))
(C:\Users\juliette utilisateur\AppData\Local\Programs\MiKTeX\tex/generic/pgfplo
ts/util\pgfplotsutil.verb.code.tex)
(C:\Users\juliette utilisateur\AppData\Local\Programs\MiKTeX\tex/generic/pgfplo
ts/libs\pgflibrarypgfplots.surfshading.code.tex
\c@pgfplotslibrarysurf@no=\count606

(C:\Users\juliette utilisateur\AppData\Local\Programs\MiKTeX\tex/generic/pgfplo
ts/sys\pgflibrarypgfplots.surfshading.pgfsys-pdftex.def)))
(C:\Users\juliette utilisateur\AppData\Local\Programs\MiKTeX\tex/generic/pgfplo
ts/util\pgfplotscolormap.code.tex
(C:\Users\juliette utilisateur\AppData\Local\Programs\MiKTeX\tex/generic/pgfplo
ts/util\pgfplotscolor.code.tex))
(C:\Users\juliette utilisateur\AppData\Local\Programs\MiKTeX\tex/generic/pgfplo
ts\pgfplotsstackedplots.code.tex)
(C:\Users\juliette utilisateur\AppData\Local\Programs\MiKTeX\tex/generic/pgfplo
ts\pgfplotsplothandlers.code.tex
(C:\Users\juliette utilisateur\AppData\Local\Programs\MiKTeX\tex/generic/pgfplo
ts\pgfplotsmeshplothandler.code.tex
(C:\Users\juliette utilisateur\AppData\Local\Programs\MiKTeX\tex/generic/pgfplo
ts\pgfplotsmeshplotimage.code.tex)))
(C:\Users\juliette utilisateur\AppData\Local\Programs\MiKTeX\tex/generic/pgfplo
ts\pgfplots.scaling.code.tex)
(C:\Users\juliette utilisateur\AppData\Local\Programs\MiKTeX\tex/generic/pgfplo
ts\pgfplotscoordprocessing.code.tex)
(C:\Users\juliette utilisateur\AppData\Local\Programs\MiKTeX\tex/generic/pgfplo
ts\pgfplots.errorbars.code.tex)
(C:\Users\juliette utilisateur\AppData\Local\Programs\MiKTeX\tex/generic/pgfplo
ts\pgfplots.markers.code.tex)
(C:\Users\juliette utilisateur\AppData\Local\Programs\MiKTeX\tex/generic/pgfplo
ts\pgfplotsticks.code.tex)
(C:\Users\juliette utilisateur\AppData\Local\Programs\MiKTeX\tex/generic/pgfplo
ts\pgfplots.paths.code.tex)
(C:\Users\juliette utilisateur\AppData\Local\Programs\MiKTeX\tex/generic/pgfplo
ts/libs\tikzlibrarypgfplots.contourlua.code.tex)
\pgfplots@numplots=\count607
\pgfplots@xmin@reg=\dimen413
\pgfplots@xmax@reg=\dimen414
\pgfplots@ymin@reg=\dimen415
\pgfplots@ymax@reg=\dimen416
\pgfplots@zmin@reg=\dimen417
\pgfplots@zmax@reg=\dimen418
)
(C:\Users\juliette utilisateur\AppData\Local\Programs\MiKTeX\tex/generic/pgf/fr
ontendlayer/tikz/libraries\tikzlibraryplotmarks.code.tex
File: tikzlibraryplotmarks.code.tex 2023-01-15 v3.1.10 (3.1.10)

(C:\Users\juliette utilisateur\AppData\Local\Programs\MiKTeX\tex/generic/pgf/li
braries\pgflibraryplotmarks.code.tex
File: pgflibraryplotmarks.code.tex 2023-01-15 v3.1.10 (3.1.10)
)))
(C:\Users\juliette utilisateur\AppData\Local\Programs\MiKTeX\tex/generic/pgfplo
ts/libs\tikzlibrarypgfplots.patchplots.code.tex)
(C:\Users\juliette utilisateur\AppData\Local\Programs\MiKTeX\tex/generic/pgfplo
ts/libs\tikzlibrarypgfplots.fillbetween.code.tex
(C:\Users\juliette utilisateur\AppData\Local\Programs\MiKTeX\tex/generic/pgfplo
ts/pgfcontrib\tikzlibraryfillbetween.code.tex
(C:\Users\juliette utilisateur\AppData\Local\Programs\MiKTeX\tex/generic/pgf/fr
ontendlayer/tikz/libraries\tikzlibraryintersections.code.tex
(C:\Users\juliette utilisateur\AppData\Local\Programs\MiKTeX\tex/generic/pgf/li
braries\pgflibraryintersections.code.tex
\pgf@intersect@solutions=\count608
))
(C:\Users\juliette utilisateur\AppData\Local\Programs\MiKTeX\tex/generic/pgfplo
ts/pgfcontrib\tikzlibrarydecorations.softclip.code.tex
(C:\Users\juliette utilisateur\AppData\Local\Programs\MiKTeX\tex/generic/pgfplo
ts/pgfcontrib\pgflibraryfillbetween.code.tex)))
(C:\Users\juliette utilisateur\AppData\Local\Programs\MiKTeX\tex/generic/pgfplo
ts/libs\tikzlibrarypgfplots.decorations.softclip.code.tex))
(C:\Users\juliette utilisateur\AppData\Local\Programs\MiKTeX\tex/generic/pgfplo
ts/libs\tikzlibrarypgfplots.polar.code.tex)
(C:\Users\juliette utilisateur\AppData\Local\Programs\MiKTeX\tex/generic/pgfplo
ts/libs\tikzlibrarypgfplots.polar.code.tex) (pgfplotsset_colormap_plasma.tex)
(C:\Users\juliette utilisateur\AppData\Local\Programs\MiKTeX\tex/generic/pgfplo
ts/libs\tikzlibrarypgfplots.external.code.tex
(C:\Users\juliette utilisateur\AppData\Local\Programs\MiKTeX\tex/latex/pgf/fron
tendlayer/libraries\tikzlibraryexternal.code.tex
(C:\Users\juliette utilisateur\AppData\Local\Programs\MiKTeX\tex/generic/pgf/fr
ontendlayer/tikz/libraries\tikzexternalshared.code.tex)))
No auxiliary output files.

\w@pgfexternal@auxout=\write6
Package TikZ externalization: calling \geometry{driver=none} during externaliza
tion.

Package csquotes Info: Checking for multilingual support...
Package csquotes Info: ... found 'babel' package.
Package csquotes Info: Adjusting default style.
Package csquotes Info: Redefining alias 'default' -> 'french'.
No file external/fig_AnalogiesElectroac10.aux.
LaTeX Font Info:    Checking defaults for OML/cmm/m/it on input line 389.
LaTeX Font Info:    ... okay on input line 389.
LaTeX Font Info:    Checking defaults for OMS/cmsy/m/n on input line 389.
LaTeX Font Info:    ... okay on input line 389.
LaTeX Font Info:    Checking defaults for OT1/cmr/m/n on input line 389.
LaTeX Font Info:    ... okay on input line 389.
LaTeX Font Info:    Checking defaults for T1/cmr/m/n on input line 389.
LaTeX Font Info:    ... okay on input line 389.
LaTeX Font Info:    Checking defaults for TS1/cmr/m/n on input line 389.
LaTeX Font Info:    ... okay on input line 389.
LaTeX Font Info:    Checking defaults for OMX/cmex/m/n on input line 389.
LaTeX Font Info:    ... okay on input line 389.
LaTeX Font Info:    Checking defaults for U/cmr/m/n on input line 389.
LaTeX Font Info:    ... okay on input line 389.
LaTeX Font Info:    Checking defaults for PD1/pdf/m/n on input line 389.
LaTeX Font Info:    ... okay on input line 389.
LaTeX Font Info:    Checking defaults for PU/pdf/m/n on input line 389.
LaTeX Font Info:    ... okay on input line 389.
LaTeX Info: Redefining \degres on input line 389.
Package french.ldf Info: Setting StandardItemizeEnv=true for
(french.ldf)             compatibility with enumitem package,
(french.ldf)             reported on input line 389.
Package french.ldf Info: Setting StandardEnumerateEnv=true for
(french.ldf)             compatibility with enumitem package,
(french.ldf)             reported on input line 389.
LaTeX Info: Redefining \up on input line 389.

(C:\Users\juliette utilisateur\AppData\Local\Programs\MiKTeX\tex/latex/ninecolo
rs\ninecolors.sty
Package: ninecolors 2022-02-13 v2022D Select colors with proper color contrast
)
(C:\Users\juliette utilisateur\AppData\Local\Programs\MiKTeX\tex/context/base/m
kii\supp-pdf.mkii
[Loading MPS to PDF converter (version 2006.09.02).]
\scratchcounter=\count609
\scratchdimen=\dimen419
\scratchbox=\box184
\nofMPsegments=\count610
\nofMParguments=\count611
\everyMPshowfont=\toks59
\MPscratchCnt=\count612
\MPscratchDim=\dimen420
\MPnumerator=\count613
\makeMPintoPDFobject=\count614
\everyMPtoPDFconversion=\toks60
)
(C:\Users\juliette utilisateur\AppData\Local\Programs\MiKTeX\tex/latex/epstopdf
-pkg\epstopdf-base.sty
Package: epstopdf-base 2020-01-24 v2.11 Base part for package epstopdf
Package epstopdf-base Info: Redefining graphics rule for `.eps' on input line 4
85.

(C:\Users\juliette utilisateur\AppData\Local\Programs\MiKTeX\tex/latex/00miktex
\epstopdf-sys.cfg
File: epstopdf-sys.cfg 2021/03/18 v2.0 Configuration of epstopdf for MiKTeX
))
Package caption Info: Begin \AtBeginDocument code.
Package caption Info: hyperref package is loaded.
Package caption Info: End \AtBeginDocument code.
*geometry* detected driver: <none>
*geometry* verbose mode - [ preamble ] result:
* driver: \Gm@driver 
* paper: a4paper
* layout: <same size as paper>
* layoutoffset:(h,v)=(0.0pt,0.0pt)
* modes: twoside 
* h-part:(L,W,R)=(85.35826pt, 483.69684pt, 28.45277pt)
* v-part:(T,H,B)=(56.9055pt, 738.34903pt, 49.79231pt)
* \paperwidth=597.50787pt
* \paperheight=845.04684pt
* \textwidth=483.69684pt
* \textheight=738.34903pt
* \oddsidemargin=13.08827pt
* \evensidemargin=-43.81721pt
* \topmargin=-47.23828pt
* \headheight=12.0pt
* \headsep=19.8738pt
* \topskip=11.0pt
* \footskip=27.46295pt
* \marginparwidth=106.0pt
* \marginparsep=7.0pt
* \columnsep=10.0pt
* \skip\footins=10.0pt plus 4.0pt minus 2.0pt
* \hoffset=0.0pt
* \voffset=0.0pt
* \mag=1000
* \@twocolumnfalse
* \@twosidetrue
* \@mparswitchtrue
* \@reversemarginfalse
* (1in=72.27pt=25.4mm, 1cm=28.453pt)

\providecommand\hyper@newdestlabel[2]{}
Package hyperref Info: Link coloring ON on input line 389.

(C:\Users\juliette utilisateur\AppData\Local\Programs\MiKTeX\tex/latex/translat
ions/dicts\translations-basic-dictionary-french.trsl
File: translations-basic-dictionary-french.trsl (french translation file `trans
lations-basic-dictionary')
)
Package translations Info: loading dictionary `translations-basic-dictionary' f
or `french'. on input line 389.
No file external/fig_AnalogiesElectroac10.toc.
Package biblatex Info: Trying to load language 'french'...
Package biblatex Info: ... file 'french.lbx' found.

(C:\Users\juliette utilisateur\AppData\Local\Programs\MiKTeX\tex/latex/biblatex
/lbx\french.lbx
File: french.lbx 2024/03/21 v3.20 biblatex localization (PK/MW)
)
Package biblatex Info: Input encoding 'utf8' detected.
Package biblatex Info: Automatic encoding selection.
(biblatex)             Assuming data encoding 'utf8'.
Package biblatex Info: Trying to load bibliographic data...
Package biblatex Info: ... file 'external/fig_AnalogiesElectroac10.bbl' not fou
nd.
No file external/fig_AnalogiesElectroac10.bbl.
Package biblatex Info: Reference section=0 on input line 389.
Package biblatex Info: Reference segment=0 on input line 389.
Package pgfplots notification 'compat/show suggested version=true': document ha
s been generated with the most recent feature set (\pgfplotsset{compat=1.18}).

> Step: init table outer spec.
> Step: parse table options.
> Step: split table.
> Step: init table inner spec.
> Step: parse table inner spec.
> Step: execute table commands.
> Step: calculate cell and line sizes.
> Step: build the whole table.
LaTeX Font Info:    Trying to load font information for OT1+iwonalm on input li
ne 393.

(C:\Users\juliette utilisateur\AppData\Local\Programs\MiKTeX\tex/latex/iwona\ot
1iwonalm.fd
File: ot1iwonalm.fd 2005/10/05 v1.2 font definition file for OT1/iwonalm (MW)
)
LaTeX Font Info:    Trying to load font information for OML+iwonal on input lin
e 393.

(C:\Users\juliette utilisateur\AppData\Local\Programs\MiKTeX\tex/latex/iwona\om
liwonal.fd
File: omliwonal.fd 2008/07/22 v0.995 font definition file for OML/iwonal (MW)
)
LaTeX Font Info:    Trying to load font information for OMS+iwonal on input lin
e 393.

(C:\Users\juliette utilisateur\AppData\Local\Programs\MiKTeX\tex/latex/iwona\om
siwonal.fd
File: omsiwonal.fd 2008/07/22 v0.995 font definition file for OMS/iwonal (MW)
)
LaTeX Font Info:    Trying to load font information for OMX+iwonal on input lin
e 393.

(C:\Users\juliette utilisateur\AppData\Local\Programs\MiKTeX\tex/latex/iwona\om
xiwonal.fd
File: omxiwonal.fd 2008/07/22 v0.995 font definition file for OMX/iwonal (MW)
)
LaTeX Font Info:    Trying to load font information for U+msa on input line 393
.

(C:\Users\juliette utilisateur\AppData\Local\Programs\MiKTeX\tex/latex/amsfonts
\umsa.fd
File: umsa.fd 2013/01/14 v3.01 AMS symbols A
)
LaTeX Font Info:    Trying to load font information for U+msb on input line 393
.

(C:\Users\juliette utilisateur\AppData\Local\Programs\MiKTeX\tex/latex/amsfonts
\umsb.fd
File: umsb.fd 2013/01/14 v3.01 AMS symbols B
)
LaTeX Font Info:    Trying to load font information for U+rsfs on input line 39
3.

(C:\Users\juliette utilisateur\AppData\Local\Programs\MiKTeX\tex/latex/jknappen
\ursfs.fd
File: ursfs.fd 1998/03/24 rsfs font definition file (jk)
)
LaTeX Font Info:    Trying to load font information for U+stmry on input line 3
93.

(C:\Users\juliette utilisateur\AppData\Local\Programs\MiKTeX\tex/latex/stmaryrd
\ustmry.fd)



(Citations.tex) (Remerciements.tex



)







(Introduction.tex
Chapitre I.



LaTeX Warning: Citation 'johnson_theory_1987' on page 2 undefined on input line
 10.


LaTeX Warning: Citation 'drummond_laminar_1984' on page 2 undefined on input li
ne 10.


LaTeX Warning: Citation 'duffourd_refrigerateur_2001' on page 2 undefined on in
put line 12.


LaTeX Warning: Citation 'penelet_etude_2004' on page 2 undefined on input line 
12.


LaTeX Warning: Citation 'penelet_etude_2004' on page 2 undefined on input line 
13.


LaTeX Warning: Citation 'poignand_analysis_2013' on page 2 undefined on input l
ine 15.


LaTeX Warning: Citation 'poignand_thermoacoustic_2011' on page 2 undefined on i
nput line 15.


LaTeX Warning: Citation 'tijani_study_2008' on page 2 undefined on input line 1
5.


LaTeX Warning: Citation 'ramadan_design_2021' on page 2 undefined on input line
 15.


LaTeX Warning: Citation 'ross_influence_2003' on page 2 undefined on input line
 17.


LaTeX Warning: Citation 'hireche_numerical_2019' on page 2 undefined on input l
ine 17.


LaTeX Warning: Citation 'pan_visualization_2012' on page 2 undefined on input l
ine 17.


LaTeX Warning: Citation 'bianchi_transferts_2004' on page 2 undefined on input 
line 17.


LaTeX Warning: Citation 'babaei_investigation_2010' on page 2 undefined on inpu
t line 17.


LaTeX Warning: Citation 'gardner_cascade_2003' on page 2 undefined on input lin
e 17.


Underfull \hbox (badness 1132) in paragraph at lines 17--18
[]\T1/iwonal/m/n/10.95 Convection na-tu-relle : [[], [], [],
 []


LaTeX Warning: Citation 'shiina_critical_2010' on page 2 undefined on input lin
e 18.


LaTeX Warning: Citation 'kvernvold_nonlinear_1979' on page 2 undefined on input
 line 18.


LaTeX Warning: Citation 'richard_critere_1981' on page 2 undefined on input lin
e 18.


LaTeX Warning: Citation 'horton_convection_1945' on page 2 undefined on input l
ine 18.


Overfull \hbox (39.13214pt too wide) in paragraph at lines 18--20
[]\T1/iwonal/m/n/10.95 Convection na-tu-relle dans les po-reux : [[], [], [],
 []


LaTeX Warning: Citation 'wakeland_use_2000' on page 2 undefined on input line 2
0.


LaTeX Warning: Citation 'backhaus_thermoacoustic-stirling_2000' on page 2 undef
ined on input line 20.


LaTeX Warning: Citation 'poignand_analysis_2013' on page 2 undefined on input l
ine 20.


Overfull \hbox (73.25845pt too wide) in paragraph at lines 20--21
[]\T1/iwonal/m/n/10.95 Analogies �lec-troac en TA : [[], [], []] 
 []


LaTeX Warning: Citation 'rossi_electroacoustique_1986' on page 2 undefined on i
nput line 21.


LaTeX Warning: Citation 'novak_measurement_2019' on page 2 undefined on input l
ine 21.


LaTeX Warning: Citation 'guedra_etudes_2012' on page 2 undefined on input line 
22.


LaTeX Warning: Citation 'penelet_etude_2004' on page 2 undefined on input line 
23.


LaTeX Warning: Citation 'hsu_effective_1996' on page 2 undefined on input line 
24.


LaTeX Warning: Citation 'li_effective_2006' on page 2 undefined on input line 2
4.


LaTeX Warning: Citation 'g_correlations_2022' on page 2 undefined on input line
 24.


LaTeX Warning: Citation 'rott_damped_1969' on page 2 undefined on input line 31
.


LaTeX Warning: Citation 'rott_thermally_1973' on page 2 undefined on input line
 31.


LaTeX Warning: Citation 'rott_thermally_1975' on page 2 undefined on input line
 31.


LaTeX Warning: Citation 'rott_thermally_1976' on page 2 undefined on input line
 31.


LaTeX Warning: Citation 'zouzoulas_thermally_1976' on page 2 undefined on input
 line 31.


LaTeX Warning: Citation 'rott_thermoacoustics_1980' on page 2 undefined on inpu
t line 31.


LaTeX Warning: Citation 'muller_thermally_1983' on page 2 undefined on input li
ne 31.


Overfull \hbox (80.51593pt too wide) in paragraph at lines 31--32
[]\T1/iwonal/m/n/10.95 , [], [], [], []] 
 []


LaTeX Warning: Reference `fig:MoteurVSFrigoTA' on page 2 undefined on input lin
e 33.


LaTeX Warning: Reference `fig:MoteurTA' on page 2 undefined on input line 33.


LaTeX Warning: Reference `fig:FrigoTA' on page 2 undefined on input line 33.

(../fig/fig_PrincipeTA/tex/MoteurTA.tex) (../fig/fig_PrincipeTA/tex/PaCTA.tex)

LaTeX Warning: Citation 'swift_thermoacoustics_2017' on page 2 undefined on inp
ut line 58.


LaTeX Warning: Citation 'swift_thermoacoustics_2017' on page 2 undefined on inp
ut line 58.

LaTeX Font Info:    Trying to load font information for TS1+iwonal on input lin
e 62.

(C:\Users\juliette utilisateur\AppData\Local\Programs\MiKTeX\tex/latex/iwona\ts
1iwonal.fd
File: ts1iwonal.fd 2008/07/22 v0.995 font definition file for TS1/iwonal (MW)
)

LaTeX Warning: Reference `fig:CycleBrayton' on page 2 undefined on input line 8
9.


LaTeX Warning: Reference `fig:CycleStirling' on page 2 undefined on input line 
89.

(../fig/fig_CycleBrayton/tex/DepCompAdiab.tex) (../fig/fig_CycleBrayton/tex/QFl
uideToPlaque.tex) (../fig/fig_CycleBrayton/tex/DepDetAdiab.tex) (../fig/fig_Cyc
leBrayton/tex/QPlaqueToFluide.tex) (../fig/fig_Cycle_Stirling/tex/CompIsoT.tex)
(../fig/fig_Cycle_Stirling/tex/DepAllerIsoV.tex) (../fig/fig_Cycle_Stirling/tex
/DetIsoT.tex) (../fig/fig_Cycle_Stirling/tex/DepRetourIsoV.tex)






LaTeX Warning: Citation 'belcher_working_1999' on page 5 undefined on input lin
e 200.

LaTeX Font Info:    Trying to load font information for U+euf on input line 224
.

(C:\Users\juliette utilisateur\AppData\Local\Programs\MiKTeX\tex/latex/amsfonts
\ueuf.fd
File: ueuf.fd 2013/01/14 v3.01 Euler Fraktur
)

LaTeX Warning: Citation 'swift_thermoacoustics_2017' on page 5 undefined on inp
ut line 240.


LaTeX Warning: Citation 'swift_thermoacoustics_2017' on page 5 undefined on inp
ut line 247.


LaTeX Warning: Citation 'di_giulio_wire_2023' on page 5 undefined on input line
 247.


LaTeX Warning: Citation 'allard_propagation_2009' on page 5 undefined on input 
line 251.




LaTeX Warning: Citation 'adeff_measurement_1991' on page 6 undefined on input l
ine 262.


LaTeX Warning: Citation 'ceperley_pistonless_1979' on page 6 undefined on input
 line 264.


LaTeX Warning: Citation 'swift_thermoacoustics_2002' on page 6 undefined on inp
ut line 267.


LaTeX Warning: Citation 'wollan_development_2002' on page 6 undefined on input 
line 267.


LaTeX Warning: Citation 'adeff_measurement_1991' on page 6 undefined on input l
ine 267.


LaTeX Warning: Citation 'garrett_thermoacoustic_1993' on page 6 undefined on in
put line 267.


Overfull \hbox (78.08296pt too wide) in paragraph at lines 267--268
\T1/iwonal/m/n/10.95 qu�-fac-tion de gaz + TNO/BlueHeart ??}[][[], [], [],
 []


LaTeX Warning: Citation 'Electroac_Grains' on page 6 undefined on input line 29
0.

> Step: init table outer spec.
> Step: parse table options.
> Step: split table.
> Step: init table inner spec.
> Step: parse table inner spec.
> Step: execute table commands.
> Step: calculate cell and line sizes.
> Step: build the whole table.
\openout6 = `external/fig_AnalogiesElectroac10.dpth'.

[6

\@writefile{toc}{\@ifundefined {etoctocstyle}{\let \etoc@startlocaltoc \@gobble
 \let \etoc@settocdepth \@gobble \let \etoc@depthtag \@gobble \let \etoc@setloc
altop \@gobble }{}}
]

LaTeX Warning: Reference `fig:CircEquivTAC' on page 6 undefined on input line 3
43.

(../fig/fig_CircEquivTAC/tex/fig_CircEquivTAC.tex)

LaTeX Warning: Citation 'swift_thermoacoustics_2017' on page 6 undefined on inp
ut line 350.


LaTeX Warning: Citation 'swift_thermoacoustics_2017' on page 6 undefined on inp
ut line 350.


Underfull \hbox (badness 10000) in paragraph at lines 350--350
[]\T1/iwonal/b/sc/9 Figure I.4 \T1/iwonal/b/n/9 ^^U |\T1/iwonal/m/n/9 Cir-cuit 
�qui-valent � un noyau ther-moa-cous-tique. Ex-trait de
 []




LaTeX Warning: Citation 'swift_thermoacoustics_2017' on page 7 undefined on inp
ut line 360.


LaTeX Warning: Citation 'rott_thermoacoustics_1980' on page 7 undefined on inpu
t line 366.


LaTeX Warning: Citation 'swift_thermoacoustics_2017' on page 7 undefined on inp
ut line 366.


LaTeX Warning: Reference `fig:WavesInDuctPiece' on page 7 undefined on input li
ne 384.


LaTeX Warning: Reference `eq:TMatrix_TppTuu' on page 7 undefined on input line 
384.



(../fig/fig_WavesInDuctPiece/tex/fig_WavesInDuctPiece.tex
Missing character: There is no ; in font nullfont!
Missing character: There is no ; in font nullfont!
Missing character: There is no ; in font nullfont!
Missing character: There is no ; in font nullfont!
Missing character: There is no ; in font nullfont!
Missing character: There is no ; in font nullfont!
)

LaTeX Warning: Reference `fig:CircEquivTAC' on page 8 undefined on input line 4
58.


LaTeX Warning: Citation 'DeltaEC' on page 8 undefined on input line 514.


LaTeX Warning: Citation 'so_internal_2006' on page 8 undefined on input line 51
4.


LaTeX Warning: Citation 'bailliet_acoustic_2001' on page 8 undefined on input l
ine 514.


LaTeX Warning: Citation 'ramadan_experimental_2018' on page 8 undefined on inpu
t line 514.


LaTeX Warning: Citation 'ross_influence_2003' on page 8 undefined on input line
 514.


LaTeX Warning: Citation 'ramadan_experimental_2018' on page 8 undefined on inpu
t line 514.


LaTeX Warning: Citation 'hireche_numerical_2019' on page 8 undefined on input l
ine 514.


LaTeX Warning: Citation 'zhang_novel_2011' on page 8 undefined on input line 51
4.


LaTeX Warning: Citation 'babaei_investigation_2010' on page 8 undefined on inpu
t line 514.




LaTeX Warning: Reference `chap:DispositifExpe' on page 9 undefined on input lin
e 519.


LaTeX Warning: Reference `chap:DispositifExpe' on page 9 undefined on input lin
e 519.


LaTeX Warning: Reference `chap:SimusRealisees' on page 9 undefined on input lin
e 521.


LaTeX Warning: Reference `chap:SimusRealisees' on page 9 undefined on input lin
e 521.


LaTeX Warning: Reference `chap:EtudeExpe' on page 9 undefined on input line 523
.


LaTeX Warning: Reference `chap:EtudeExpe' on page 9 undefined on input line 523
.


LaTeX Warning: Reference `chap:Conc' on page 9 undefined on input line 525.


LaTeX Warning: Reference `chap:Conc' on page 9 undefined on input line 525.


LaTeX Warning: Reference `chap:Persp' on page 9 undefined on input line 527.


LaTeX Warning: Reference `chap:Persp' on page 9 undefined on input line 527.

) (DispositifExpe.tex



Chapitre II.



LaTeX Warning: Reference `chap:PresentationTacot' on page 12 undefined on input
 line 6.


LaTeX Warning: Reference `chap:PresentationTacot' on page 12 undefined on input
 line 6.


LaTeX Warning: Reference `chap:ProtocolExpe' on page 12 undefined on input line
 6.


LaTeX Warning: Reference `chap:ProtocolExpe' on page 12 undefined on input line
 6.


LaTeX Warning: Reference `chap:PostTraitement' on page 12 undefined on input li
ne 6.


LaTeX Warning: Reference `chap:PostTraitement' on page 12 undefined on input li
ne 6.


LaTeX Warning: Citation 'ANR_thermo-acoustic_2019' on page 12 undefined on inpu
t line 16.


LaTeX Warning: Citation 'ramadan_design_2021' on page 12 undefined on input lin
e 16.


LaTeX Warning: Citation 'ramadan_experimental_2018' on page 12 undefined on inp
ut line 16.


LaTeX Warning: Citation 'ramadan_experimental_2021' on page 12 undefined on inp
ut line 16.


LaTeX Warning: Citation 'poignand_test-bench_2022' on page 12 undefined on inpu
t line 16.


LaTeX Warning: Citation 'hireche_numerical_2019' on page 12 undefined on input 
line 16.


LaTeX Warning: Citation 'hireche_experimental_2020' on page 12 undefined on inp
ut line 16.


LaTeX Warning: Citation 'baltean_gravity_2025' on page 12 undefined on input li
ne 16.


Overfull \hbox (24.65427pt too wide) in paragraph at lines 16--17
\T1/iwonal/m/n/10.95 Gaelle ca-rac-t�-ri-sa-tion ma-t�-riaux po-reux ??}[] et n
u-m�-riques [[], [],
 []


LaTeX Warning: Citation 'belcher_working_1999' on page 12 undefined on input li
ne 18.

LaTeX Info: Symbol \textohm not provided by
            font family iwonal in TS1 encoding.
            Default family used instead on input line 18.

LaTeX Warning: Reference `fig:ATE_ProfilsAX_5mm' on page 12 undefined on input 
line 22.


LaTeX Warning: Reference `fig:ATE_ProfilsCHX_5mm' on page 12 undefined on input
 line 22.

<../fig/fig_Litterature/ATE_ProfilsAX_5mm.png, id=47, 461.47406pt x 213.79875pt
>
File: ../fig/fig_Litterature/ATE_ProfilsAX_5mm.png Graphic file (type png)
<use ../fig/fig_Litterature/ATE_ProfilsAX_5mm.png>
Package pdftex.def Info: ../fig/fig_Litterature/ATE_ProfilsAX_5mm.png  used on 
input line 30.
(pdftex.def)             Requested size: 215.9705pt x 100.05806pt.
<../fig/fig_Litterature/ATE_ProfilsCHX_5mm.png, id=49, 472.01344pt x 224.33812p
t>
File: ../fig/fig_Litterature/ATE_ProfilsCHX_5mm.png Graphic file (type png)
<use ../fig/fig_Litterature/ATE_ProfilsCHX_5mm.png>
Package pdftex.def Info: ../fig/fig_Litterature/ATE_ProfilsCHX_5mm.png  used on
 input line 38.
(pdftex.def)             Requested size: 215.9705pt x 102.64566pt.

LaTeX Warning: Citation 'ramadan_design_2021' on page 12 undefined on input lin
e 42.


LaTeX Warning: Hyper reference `fig:ATE_ProfilsAX_5mm' on page 12 undefined on 
input line 42.


LaTeX Warning: Reference `sub@fig:ATE_ProfilsAX_5mm' on page 12 undefined on in
put line 42.


LaTeX Warning: Hyper reference `fig:ATE_ProfilsCHX_5mm' on page 12 undefined on
 input line 42.


LaTeX Warning: Reference `sub@fig:ATE_ProfilsCHX_5mm' on page 12 undefined on i
nput line 42.


LaTeX Warning: Citation 'ramadan_design_2021' on page 12 undefined on input lin
e 42.


LaTeX Warning: Hyper reference `fig:ATE_ProfilsAX_5mm' on page 12 undefined on 
input line 42.


LaTeX Warning: Reference `sub@fig:ATE_ProfilsAX_5mm' on page 12 undefined on in
put line 42.


LaTeX Warning: Hyper reference `fig:ATE_ProfilsCHX_5mm' on page 12 undefined on
 input line 42.


LaTeX Warning: Reference `sub@fig:ATE_ProfilsCHX_5mm' on page 12 undefined on i
nput line 42.


LaTeX Warning: Citation 'swift_thermoacoustics_2002' on page 12 undefined on in
put line 48.


LaTeX Warning: Citation 'wollan_development_2002' on page 12 undefined on input
 line 48.


LaTeX Warning: Citation 'adeff_measurement_1991' on page 12 undefined on input 
line 48.


LaTeX Warning: Citation 'garrett_thermoacoustic_1993' on page 12 undefined on i
nput line 48.



(../fig/fig_TACOTSchematics/tex/fig_TACOTSchematics.tex
<../fig/fig_TACOTSchematics/TACOT.png, id=50, 1304.875pt x 776.9025pt>
File: ../fig/fig_TACOTSchematics/TACOT.png Graphic file (type png)
<use ../fig/fig_TACOTSchematics/TACOT.png>
Package pdftex.def Info: ../fig/fig_TACOTSchematics/TACOT.png  used on input li
ne 2.
(pdftex.def)             Requested size: 1304.87183pt x 776.90059pt.
<../fig/fig_TACOTSchematics/TACOT_Cropped.png, id=51, 669.2503pt x 410.2828pt>
File: ../fig/fig_TACOTSchematics/TACOT_Cropped.png Graphic file (type png)
<use ../fig/fig_TACOTSchematics/TACOT_Cropped.png>
Package pdftex.def Info: ../fig/fig_TACOTSchematics/TACOT_Cropped.png  used on 
input line 4.
(pdftex.def)             Requested size: 669.24867pt x 410.2818pt.
)

LaTeX Warning: Citation 'ramadan_design_2021' on page 13 undefined on input lin
e 55.


LaTeX Warning: Citation 'ramadan_design_2021' on page 13 undefined on input lin
e 55.


LaTeX Warning: Citation 'poignand_thermoacoustic_2011' on page 13 undefined on 
input line 59.


LaTeX Warning: Citation 'poignand_analysis_2013' on page 13 undefined on input 
line 59.


LaTeX Warning: Reference `fig:SchemaGeneralTACOT' on page 13 undefined on input
 line 59.


LaTeX Warning: Reference `fig:SchemaGeneralTACOT' on page 13 undefined on input
 line 59.


Overfull \hbox (26.92278pt too wide) in paragraph at lines 59--60
\T1/iwonal/m/n/10.95 ment uti-li-s�e en sui-vant les tra-vaux de Poi-gnand \T1/
iwonal/m/it/10.95 et al. \T1/iwonal/m/n/10.95 [[], []],
 []


LaTeX Warning: Citation 'poese_thermoacoustic_2004' on page 13 undefined on inp
ut line 61.


LaTeX Warning: Citation 'poignand_thermoacoustic_2011' on page 13 undefined on 
input line 61.


LaTeX Warning: Citation 'poignand_analysis_2013' on page 13 undefined on input 
line 61.


LaTeX Warning: Citation 'poignand_thermoacoustic_2011' on page 13 undefined on 
input line 61.


LaTeX Warning: Citation 'poignand_analysis_2013' on page 13 undefined on input 
line 61.


LaTeX Warning: Reference `fig:TenuePressionStatique' on page 13 undefined on in
put line 63.



(../fig/fig_TenuePressionStatique/tex/fig_TenuePressionStatique.tex
Missing character: There is no ; in font nullfont!
Missing character: There is no ; in font nullfont!
Missing character: There is no ; in font nullfont!
Missing character: There is no ; in font nullfont!
Missing character: There is no ; in font nullfont!
Missing character: There is no ; in font nullfont!
Missing character: There is no ; in font nullfont!

Package pgfplots Warning: You have an axis with empty range (in direction y). R
eplacing it with a default range and clearing all plots. on input line 27.

 [warning /pgfplots/warning/empty range cleared axis]
)

LaTeX Warning: Reference `fig:TacotPhotosNoyau_Regen' on page 14 undefined on i
nput line 77.


LaTeX Warning: Reference `fig:TacotPhotosNoyau_AHX' on page 14 undefined on inp
ut line 77.


LaTeX Warning: Hyper reference `fig:TacotPhotosNoyau_CHX' on page 14 undefined 
on input line 77.


LaTeX Warning: Reference `sub@fig:TacotPhotosNoyau_CHX' on page 14 undefined on
 input line 77.

<../fig/fig_TacotPhotos/AHX.JPG, id=52, 1281.588pt x 961.191pt>
File: ../fig/fig_TacotPhotos/AHX.JPG Graphic file (type jpg)
<use ../fig/fig_TacotPhotos/AHX.JPG>
Package pdftex.def Info: ../fig/fig_TacotPhotos/AHX.JPG  used on input line 85.

(pdftex.def)             Requested size: 147.04672pt x 110.27797pt.
<../fig/fig_TacotPhotos/Regenerateur.JPG, id=53, 1606.0pt x 1204.5pt>
File: ../fig/fig_TacotPhotos/Regenerateur.JPG Graphic file (type jpg)
<use ../fig/fig_TacotPhotos/Regenerateur.JPG>
Package pdftex.def Info: ../fig/fig_TacotPhotos/Regenerateur.JPG  used on input
 line 93.
(pdftex.def)             Requested size: 147.04672pt x 110.275pt.
<../fig/fig_TacotPhotos/CHX.JPG, id=54, 1606.0pt x 1204.5pt>
File: ../fig/fig_TacotPhotos/CHX.JPG Graphic file (type jpg)
<use ../fig/fig_TacotPhotos/CHX.JPG>
Package pdftex.def Info: ../fig/fig_TacotPhotos/CHX.JPG  used on input line 101
.
(pdftex.def)             Requested size: 147.04672pt x 110.275pt.

LaTeX Warning: Hyper reference `fig:TacotPhotosNoyau_AHX' on page 14 undefined 
on input line 105.


LaTeX Warning: Reference `sub@fig:TacotPhotosNoyau_AHX' on page 14 undefined on
 input line 105.


LaTeX Warning: Hyper reference `fig:TacotPhotosNoyau_Regen' on page 14 undefine
d on input line 105.


LaTeX Warning: Reference `sub@fig:TacotPhotosNoyau_Regen' on page 14 undefined 
on input line 105.


LaTeX Warning: Hyper reference `fig:TacotPhotosNoyau_CHX' on page 14 undefined 
on input line 105.


LaTeX Warning: Reference `sub@fig:TacotPhotosNoyau_CHX' on page 14 undefined on
 input line 105.


LaTeX Warning: Hyper reference `fig:TacotPhotosNoyau_AHX' on page 14 undefined 
on input line 105.


LaTeX Warning: Reference `sub@fig:TacotPhotosNoyau_AHX' on page 14 undefined on
 input line 105.


LaTeX Warning: Hyper reference `fig:TacotPhotosNoyau_Regen' on page 14 undefine
d on input line 105.


LaTeX Warning: Reference `sub@fig:TacotPhotosNoyau_Regen' on page 14 undefined 
on input line 105.


LaTeX Warning: Hyper reference `fig:TacotPhotosNoyau_CHX' on page 14 undefined 
on input line 105.


LaTeX Warning: Reference `sub@fig:TacotPhotosNoyau_CHX' on page 14 undefined on
 input line 105.


LaTeX Warning: Reference `fig:PhotoSchemaNoyau' on page 14 undefined on input l
ine 109.

<../fig/fig_TacotPhotos/NoyauMonte.JPG, id=55, 1606.0pt x 1204.5pt>
File: ../fig/fig_TacotPhotos/NoyauMonte.JPG Graphic file (type jpg)
<use ../fig/fig_TacotPhotos/NoyauMonte.JPG>
Package pdftex.def Info: ../fig/fig_TacotPhotos/NoyauMonte.JPG  used on input l
ine 117.
(pdftex.def)             Requested size: 229.90396pt x 172.41496pt.
(../fig/fig_SchemaNoyau/tex/fig_SchemaNoyau.tex
Missing character: There is no ; in font nullfont!
Missing character: There is no ; in font nullfont!
Missing character: There is no ; in font nullfont!
Missing character: There is no ; in font nullfont!
Missing character: There is no ; in font nullfont!
Missing character: There is no ; in font nullfont!
Missing character: There is no ; in font nullfont!
Missing character: There is no ; in font nullfont!
)

LaTeX Warning: Hyper reference `fig:PhotoNoyau' on page 14 undefined on input l
ine 129.


LaTeX Warning: Reference `sub@fig:PhotoNoyau' on page 14 undefined on input lin
e 129.


LaTeX Warning: Hyper reference `fig:SchemaNoyau' on page 14 undefined on input 
line 129.


LaTeX Warning: Reference `sub@fig:SchemaNoyau' on page 14 undefined on input li
ne 129.


LaTeX Warning: Reference `fig:SchemaGeneralTACOT' on page 14 undefined on input
 line 129.


LaTeX Warning: Hyper reference `fig:PhotoNoyau' on page 14 undefined on input l
ine 129.


LaTeX Warning: Reference `sub@fig:PhotoNoyau' on page 14 undefined on input lin
e 129.


LaTeX Warning: Hyper reference `fig:SchemaNoyau' on page 14 undefined on input 
line 129.


LaTeX Warning: Reference `sub@fig:SchemaNoyau' on page 14 undefined on input li
ne 129.


LaTeX Warning: Reference `fig:SchemaGeneralTACOT' on page 14 undefined on input
 line 129.


LaTeX Warning: Reference `fig:BancEssaisComplet' on page 14 undefined on input 
line 134.

LaTeX Font Info:    Trying to load font information for OT1+iwonal on input lin
e 136.

(C:\Users\juliette utilisateur\AppData\Local\Programs\MiKTeX\tex/latex/iwona\ot
1iwonal.fd
File: ot1iwonal.fd 2008/07/22 v0.995 font definition file for OT1/iwonal (MW)
)


LaTeX Warning: Citation 'ramadan_design_2021' on page 15 undefined on input lin
e 143.


LaTeX Warning: Reference `eq:Porosite_Volume' on page 15 undefined on input lin
e 145.


LaTeX Warning: Citation 'swift_thermoacoustics_2017' on page 15 undefined on in
put line 160.


LaTeX Warning: Citation 'nield_convection_2013' on page 15 undefined on input l
ine 167.


LaTeX Warning: Citation 'dullien_porous_1992' on page 15 undefined on input lin
e 167.


LaTeX Warning: Citation 'dullien_porous_1992' on page 15 undefined on input lin
e 167.


LaTeX Warning: Citation 'hireche_experimental_2020' on page 15 undefined on inp
ut line 173.


LaTeX Warning: Citation 'baltean_gravity_2025' on page 15 undefined on input li
ne 173.




LaTeX Warning: Citation 'dullien_porous_1992' on page 16 undefined on input lin
e 175.


LaTeX Warning: Citation 'tan_new_2024' on page 16 undefined on input line 175.


LaTeX Warning: Reference `fig:dKdV' on page 16 undefined on input line 183.

(../fig/fig_dKdV/tex/fig_dKdV.tex
Missing character: There is no ; in font nullfont!
Missing character: There is no ; in font nullfont!
Missing character: There is no ; in font nullfont!
Missing character: There is no ; in font nullfont!
Missing character: There is no ; in font nullfont!
Missing character: There is no ; in font nullfont!
Missing character: There is no ; in font nullfont!
Missing character: There is no ; in font nullfont!
Missing character: There is no ; in font nullfont!
Missing character: There is no ; in font nullfont!
Missing character: There is no ; in font nullfont!
PGFPlots: reading {../fig/fig_dKdV/data/data_dK.txt}
PGFPlots: reading {../fig/fig_dKdV/data/data_dV.txt}
Missing character: There is no ; in font nullfont!
LaTeX Info: Symbol \textminus not provided by
            font family iwonal in TS1 encoding.
            Default family used instead on input line 54.
)

LaTeX Warning: Reference `eq:CouchesLimites' on page 16 undefined on input line
 190.


LaTeX Warning: Reference `eq:CouchesLimites' on page 16 undefined on input line
 190.


LaTeX Warning: Citation 'poignand_analysis_2013' on page 16 undefined on input 
line 194.


LaTeX Warning: Citation 'poignand_etude_2006' on page 16 undefined on input lin
e 194.


LaTeX Warning: Citation 'poignand_optimal_2007' on page 16 undefined on input l
ine 194.


LaTeX Warning: Citation 'poignand_thermoacoustic_2011' on page 16 undefined on 
input line 194.



(../fig/fig_DeltaEC_u_opt/tex/fig_DeltaEC_u_opt_Qth.tex
Missing character: There is no ; in font nullfont!
Missing character: There is no ; in font nullfont!
Missing character: There is no ; in font nullfont!
Missing character: There is no ; in font nullfont!
Missing character: There is no ; in font nullfont!
Missing character: There is no ; in font nullfont!
Missing character: There is no ; in font nullfont!
PGFPlots: reading {../fig/fig_DeltaEC_u_opt/data/data_DeltaEC_u_opt_Qth.txt}
LaTeX Info: Symbol \textminus not provided by
            font family iwonal in TS1 encoding.
            Default family used instead on input line 34.
)
Overfull \hbox (2.04909pt too wide) in paragraph at lines 1--224
 [] 
 []

(../fig/fig_DeltaEC_u_opt/tex/fig_DeltaEC_u_opt_COP.tex
Missing character: There is no ; in font nullfont!
Missing character: There is no ; in font nullfont!
Missing character: There is no ; in font nullfont!
Missing character: There is no ; in font nullfont!
Missing character: There is no ; in font nullfont!
Missing character: There is no ; in font nullfont!
Missing character: There is no ; in font nullfont!
PGFPlots: reading {../fig/fig_DeltaEC_u_opt/data/data_DeltaEC_u_opt_COP.txt}
LaTeX Info: Symbol \textminus not provided by
            font family iwonal in TS1 encoding.
            Default family used instead on input line 30.
)

LaTeX Warning: Reference `fig:DeltaEC_u_opt_Qth' on page 17 undefined on input 
line 238.


LaTeX Warning: Reference `fig:DeltaEC_u_opt_COP' on page 17 undefined on input 
line 238.


LaTeX Warning: Reference `fig:DeltaEC_u_opt_Qth' on page 17 undefined on input 
line 238.


LaTeX Warning: Reference `fig:DeltaEC_u_opt_COP' on page 17 undefined on input 
line 238.


LaTeX Warning: Reference `tab:GeometrieTAC' on page 17 undefined on input line 
242.


LaTeX Warning: Reference `tab:ParamHydrauTAC' on page 17 undefined on input lin
e 242.

LaTeX Info: Symbol \textminus not provided by
            font family iwonal in TS1 encoding.
            Default family used instead on input line 251.
LaTeX Info: Symbol \textminus not provided by
            font family iwonal in TS1 encoding.
            Default family used instead on input line 252.
LaTeX Info: Symbol \textminus not provided by
            font family iwonal in TS1 encoding.
            Default family used instead on input line 253.
LaTeX Info: Symbol \textminus not provided by
            font family iwonal in TS1 encoding.
            Default family used instead on input line 254.
LaTeX Info: Symbol \textminus not provided by
            font family iwonal in TS1 encoding.
            Default family used instead on input line 255.
LaTeX Info: Symbol \textminus not provided by
            font family iwonal in TS1 encoding.
            Default family used instead on input line 256.
LaTeX Info: Symbol \textminus not provided by
            font family iwonal in TS1 encoding.
            Default family used instead on input line 257.
LaTeX Info: Symbol \textminus not provided by
            font family iwonal in TS1 encoding.
            Default family used instead on input line 272.
LaTeX Info: Symbol \textminus not provided by
            font family iwonal in TS1 encoding.
            Default family used instead on input line 273.
LaTeX Info: Symbol \textminus not provided by
            font family iwonal in TS1 encoding.
            Default family used instead on input line 274.
LaTeX Info: Symbol \textminus not provided by
            font family iwonal in TS1 encoding.
            Default family used instead on input line 275.
LaTeX Info: Symbol \textminus not provided by
            font family iwonal in TS1 encoding.
            Default family used instead on input line 275.
LaTeX Info: Symbol \textminus not provided by
            font family iwonal in TS1 encoding.
            Default family used instead on input line 276.
LaTeX Info: Symbol \textminus not provided by
            font family iwonal in TS1 encoding.
            Default family used instead on input line 276.
LaTeX Info: Symbol \textminus not provided by
            font family iwonal in TS1 encoding.
            Default family used instead on input line 276.
LaTeX Info: Symbol \textminus not provided by
            font family iwonal in TS1 encoding.
            Default family used instead on input line 277.
LaTeX Info: Symbol \textminus not provided by
            font family iwonal in TS1 encoding.
            Default family used instead on input line 278.
LaTeX Info: Symbol \textminus not provided by
            font family iwonal in TS1 encoding.
            Default family used instead on input line 278.
LaTeX Info: Symbol \textminus not provided by
            font family iwonal in TS1 encoding.
            Default family used instead on input line 278.
LaTeX Info: Symbol \textminus not provided by
            font family iwonal in TS1 encoding.
            Default family used instead on input line 279.
LaTeX Info: Symbol \textminus not provided by
            font family iwonal in TS1 encoding.
            Default family used instead on input line 280.
<../fig/fig_AHXfromATE/AHXfromATE.png, id=69, 383.93437pt x 535.2497pt>
File: ../fig/fig_AHXfromATE/AHXfromATE.png Graphic file (type png)
<use ../fig/fig_AHXfromATE/AHXfromATE.png>
Package pdftex.def Info: ../fig/fig_AHXfromATE/AHXfromATE.png  used on input li
ne 295.
(pdftex.def)             Requested size: 215.9705pt x 301.09354pt.
<../fig/fig_CHXfromATE/SchemaCHX.png, id=70, 643.6547pt x 493.0922pt>
File: ../fig/fig_CHXfromATE/SchemaCHX.png Graphic file (type png)
<use ../fig/fig_CHXfromATE/SchemaCHX.png>
Package pdftex.def Info: ../fig/fig_CHXfromATE/SchemaCHX.png  used on input lin
e 303.
(pdftex.def)             Requested size: 215.9705pt x 165.45212pt.

LaTeX Warning: Citation 'ramadan_design_2021' on page 17 undefined on input lin
e 307.


LaTeX Warning: Hyper reference `fig:AHXschema' on page 17 undefined on input li
ne 307.


LaTeX Warning: Reference `sub@fig:AHXschema' on page 17 undefined on input line
 307.


LaTeX Warning: Hyper reference `fig:CHXschema' on page 17 undefined on input li
ne 307.


LaTeX Warning: Reference `sub@fig:CHXschema' on page 17 undefined on input line
 307.


LaTeX Warning: Citation 'ramadan_design_2021' on page 17 undefined on input lin
e 307.


LaTeX Warning: Hyper reference `fig:AHXschema' on page 17 undefined on input li
ne 307.


LaTeX Warning: Reference `sub@fig:AHXschema' on page 17 undefined on input line
 307.


LaTeX Warning: Hyper reference `fig:CHXschema' on page 17 undefined on input li
ne 307.


LaTeX Warning: Reference `sub@fig:CHXschema' on page 17 undefined on input line
 307.




LaTeX Warning: Citation 'ramadan_design_2021' on page 18 undefined on input lin
e 321.


LaTeX Warning: Reference `fig:AHXschema' on page 18 undefined on input line 323
.



(../fig/fig_TemperatureAHX_InOut/tex/fig_TemperatureAHX_InOut.tex
Missing character: There is no ; in font nullfont!
Missing character: There is no ; in font nullfont!
Missing character: There is no ; in font nullfont!
Missing character: There is no ; in font nullfont!
Missing character: There is no ; in font nullfont!
Missing character: There is no ; in font nullfont!
Missing character: There is no ; in font nullfont!

Package pgfplots Warning: You have an axis with empty range (in direction y). R
eplacing it with a default range and clearing all plots. on input line 29.

 [warning /pgfplots/warning/empty range cleared axis]
)

LaTeX Warning: Reference `fig:CHXschema' on page 19 undefined on input line 337
.

LaTeX Info: Symbol \textohm not provided by
            font family iwonal in TS1 encoding.
            Default family used instead on input line 337.



LaTeX Warning: Citation 'ramadan_design_2021' on page 20 undefined on input lin
e 350.


LaTeX Warning: Reference `fig:BancEssaisComplet' on page 20 undefined on input 
line 355.


LaTeX Warning: Reference `fig:OrientationCore' on page 20 undefined on input li
ne 357.

<example-image.pdf, id=71, 321.2pt x 240.9pt>
File: example-image.pdf Graphic file (type pdf)
<use example-image.pdf>
Package pdftex.def Info: example-image.pdf  used on input line 365.
(pdftex.def)             Requested size: 338.5863pt x 253.9486pt.



LaTeX Warning: Reference `fig:TCdansNoyau' on page 21 undefined on input line 3
80.

(../fig/fig_TCdansNoyau/tex/fig_TCdansNoyau.tex
Missing character: There is no ; in font nullfont!
Missing character: There is no ; in font nullfont!
Missing character: There is no ; in font nullfont!
Missing character: There is no ; in font nullfont!
Missing character: There is no ; in font nullfont!
Missing character: There is no ; in font nullfont!
Missing character: There is no ; in font nullfont!
Missing character: There is no ; in font nullfont!
)

LaTeX Warning: Reference `fig:SchemaGeneralTACOT' on page 21 undefined on input
 line 387.


LaTeX Warning: Reference `fig:SchemaGeneralTACOT' on page 21 undefined on input
 line 387.


LaTeX Warning: Reference `chap:AHX' on page 21 undefined on input line 396.




LaTeX Warning: Reference `chap:InstrumHP' on page 22 undefined on input line 39
8.


LaTeX Warning: Reference `fig:TACOTSuspendu_Frigo' on page 22 undefined on inpu
t line 449.


LaTeX Warning: Reference `fig:TACOTSuspendu_Palans' on page 22 undefined on inp
ut line 449.

<../fig/fig_SystemeAccroche/Machine_horizBetter_cropped.jpg, id=72, 126.42508pt
 x 94.84251pt>
File: ../fig/fig_SystemeAccroche/Machine_horizBetter_cropped.jpg Graphic file (
type jpg)
<use ../fig/fig_SystemeAccroche/Machine_horizBetter_cropped.jpg>
Package pdftex.def Info: ../fig/fig_SystemeAccroche/Machine_horizBetter_cropped
.jpg  used on input line 456.
(pdftex.def)             Requested size: 195.89455pt x 146.96094pt.
<../fig/fig_SystemeAccroche/Palans.jpg, id=73, 4047.12pt x 3035.34pt>
File: ../fig/fig_SystemeAccroche/Palans.jpg Graphic file (type jpg)
<use ../fig/fig_SystemeAccroche/Palans.jpg>
Package pdftex.def Info: ../fig/fig_SystemeAccroche/Palans.jpg  used on input l
ine 463.
(pdftex.def)             Requested size: 195.89455pt x 146.91277pt.

LaTeX Warning: Hyper reference `fig:TACOTSuspendu_Frigo' on page 22 undefined o
n input line 467.


LaTeX Warning: Reference `sub@fig:TACOTSuspendu_Frigo' on page 22 undefined on 
input line 467.


LaTeX Warning: Hyper reference `fig:TACOTSuspendu_Palans' on page 22 undefined 
on input line 467.


LaTeX Warning: Reference `sub@fig:TACOTSuspendu_Palans' on page 22 undefined on
 input line 467.


LaTeX Warning: Hyper reference `fig:TACOTSuspendu_Frigo' on page 22 undefined o
n input line 467.


LaTeX Warning: Reference `sub@fig:TACOTSuspendu_Frigo' on page 22 undefined on 
input line 467.


LaTeX Warning: Hyper reference `fig:TACOTSuspendu_Palans' on page 22 undefined 
on input line 467.


LaTeX Warning: Reference `sub@fig:TACOTSuspendu_Palans' on page 22 undefined on
 input line 467.




LaTeX Warning: Reference `fig:OrientationCore' on page 23 undefined on input li
ne 478.


LaTeX Warning: Reference `fig:TCdansNoyau' on page 23 undefined on input line 4
78.

(../fig/fig_OrientationCore/tex/subfig_OrientationCoreH1.tex
Missing character: There is no ; in font nullfont!
Missing character: There is no ; in font nullfont!
Missing character: There is no ; in font nullfont!
Missing character: There is no ; in font nullfont!
Missing character: There is no ; in font nullfont!
Missing character: There is no ; in font nullfont!
Missing character: There is no ; in font nullfont!
) (../fig/fig_OrientationCore/tex/subfig_OrientationCoreH2.tex
Missing character: There is no ; in font nullfont!
Missing character: There is no ; in font nullfont!
Missing character: There is no ; in font nullfont!
Missing character: There is no ; in font nullfont!
Missing character: There is no ; in font nullfont!
Missing character: There is no ; in font nullfont!
Missing character: There is no ; in font nullfont!
) (../fig/fig_OrientationCore/tex/subfig_OrientationCoreV1.tex
Missing character: There is no ; in font nullfont!
Missing character: There is no ; in font nullfont!
Missing character: There is no ; in font nullfont!
Missing character: There is no ; in font nullfont!
Missing character: There is no ; in font nullfont!
Missing character: There is no ; in font nullfont!
Missing character: There is no ; in font nullfont!
) (../fig/fig_OrientationCore/tex/subfig_OrientationCoreV2.tex
Missing character: There is no ; in font nullfont!
Missing character: There is no ; in font nullfont!
Missing character: There is no ; in font nullfont!
Missing character: There is no ; in font nullfont!
Missing character: There is no ; in font nullfont!
Missing character: There is no ; in font nullfont!
Missing character: There is no ; in font nullfont!
)

LaTeX Warning: Reference `fig:BancEssaisComplet' on page 23 undefined on input 
line 517.


LaTeX Warning: Hyper reference `fig:OrientationCore_H1' on page 23 undefined on
 input line 517.


LaTeX Warning: Reference `sub@fig:OrientationCore_H1' on page 23 undefined on i
nput line 517.


LaTeX Warning: Hyper reference `fig:OrientationCore_H2' on page 23 undefined on
 input line 517.


LaTeX Warning: Reference `sub@fig:OrientationCore_H2' on page 23 undefined on i
nput line 517.


LaTeX Warning: Hyper reference `fig:OrientationCore_V1' on page 23 undefined on
 input line 517.


LaTeX Warning: Reference `sub@fig:OrientationCore_V1' on page 23 undefined on i
nput line 517.


LaTeX Warning: Hyper reference `fig:OrientationCore_V2' on page 23 undefined on
 input line 517.


LaTeX Warning: Reference `sub@fig:OrientationCore_V2' on page 23 undefined on i
nput line 517.


LaTeX Warning: Reference `fig:BancEssaisComplet' on page 23 undefined on input 
line 517.


LaTeX Warning: Hyper reference `fig:OrientationCore_H1' on page 23 undefined on
 input line 517.


LaTeX Warning: Reference `sub@fig:OrientationCore_H1' on page 23 undefined on i
nput line 517.


LaTeX Warning: Hyper reference `fig:OrientationCore_H2' on page 23 undefined on
 input line 517.


LaTeX Warning: Reference `sub@fig:OrientationCore_H2' on page 23 undefined on i
nput line 517.


LaTeX Warning: Hyper reference `fig:OrientationCore_V1' on page 23 undefined on
 input line 517.


LaTeX Warning: Reference `sub@fig:OrientationCore_V1' on page 23 undefined on i
nput line 517.


LaTeX Warning: Hyper reference `fig:OrientationCore_V2' on page 23 undefined on
 input line 517.


LaTeX Warning: Reference `sub@fig:OrientationCore_V2' on page 23 undefined on i
nput line 517.


LaTeX Warning: Reference `fig:OrientationCore_H1' on page 23 undefined on input
 line 522.


LaTeX Warning: Citation 'ramadan_design_2021' on page 23 undefined on input lin
e 522.


LaTeX Warning: Reference `fig:TACOTSuspendu_Frigo' on page 23 undefined on inpu
t line 522.


LaTeX Warning: Reference `fig:OrientationCore_H2' on page 23 undefined on input
 line 524.


LaTeX Warning: Reference `fig:OrientationCore_V1' on page 23 undefined on input
 line 526.




LaTeX Warning: Reference `fig:OrientationCore_V2' on page 24 undefined on input
 line 528.


LaTeX Warning: Citation 'baltean_gravity_2025' on page 24 undefined on input li
ne 530.


LaTeX Warning: Reference `chap:AHX' on page 24 undefined on input line 544.


LaTeX Warning: Reference `fig:WaterOnly' on page 24 undefined on input line 544
.

(../fig/fig_WaterOnlyExample/tex/fig_WaterOnly_TC.tex
Missing character: There is no ; in font nullfont!
Missing character: There is no ; in font nullfont!
Missing character: There is no ; in font nullfont!
Missing character: There is no ; in font nullfont!
PGFPlots: reading {{../fig/fig_WaterOnlyExample/data/Water_TC2.txt}}
PGFPlots: reading {{../fig/fig_WaterOnlyExample/data/Water_TC5.txt}}
PGFPlots: reading {{../fig/fig_WaterOnlyExample/data/Water_TC8.txt}}
PGFPlots: reading {{../fig/fig_WaterOnlyExample/data/Water_TC11.txt}}
PGFPlots: reading {{../fig/fig_WaterOnlyExample/data/Water_TC14.txt}}
) (../fig/fig_WaterOnlyExample/tex/fig_WaterOnly_PT.tex
Missing character: There is no ; in font nullfont!
Missing character: There is no ; in font nullfont!
Missing character: There is no ; in font nullfont!
Missing character: There is no ; in font nullfont!
PGFPlots: reading {{../fig/fig_WaterOnlyExample/data/Water_PT.txt}}
)

LaTeX Warning: Hyper reference `fig:WaterOnly_TC' on page 24 undefined on input
 line 567.


LaTeX Warning: Reference `sub@fig:WaterOnly_TC' on page 24 undefined on input l
ine 567.


LaTeX Warning: Hyper reference `fig:WaterOnly_PT' on page 24 undefined on input
 line 567.


LaTeX Warning: Reference `sub@fig:WaterOnly_PT' on page 24 undefined on input l
ine 567.


LaTeX Warning: Hyper reference `fig:WaterOnly_TC' on page 24 undefined on input
 line 567.


LaTeX Warning: Reference `sub@fig:WaterOnly_TC' on page 24 undefined on input l
ine 567.


LaTeX Warning: Hyper reference `fig:WaterOnly_PT' on page 24 undefined on input
 line 567.


LaTeX Warning: Reference `sub@fig:WaterOnly_PT' on page 24 undefined on input l
ine 567.


LaTeX Warning: Reference `eq:Qf_Definition' on page 24 undefined on input line 
574.




LaTeX Warning: Citation 'ramadan_design_2021' on page 25 undefined on input lin
e 585.


LaTeX Warning: Citation 'ramadan_design_2021' on page 25 undefined on input lin
e 587.


LaTeX Warning: Citation 'fontbonne_postprocessing_2025' on page 25 undefined on
 input line 594.




LaTeX Warning: Reference `chap:Acquisitions' on page 26 undefined on input line
 597.


LaTeX Warning: Reference `fig:WaterOnly_PT' on page 26 undefined on input line 
605.

Excluding 'comment' comment.

) (EnsembleSimus.tex



Chapitre III.



LaTeX Warning: Reference `chap:NbrAdim' on page 30 undefined on input line 5.


LaTeX Warning: Reference `chap:NbrAdim' on page 30 undefined on input line 5.


LaTeX Warning: Reference `chap:FEM' on page 30 undefined on input line 5.


LaTeX Warning: Reference `chap:FEM' on page 30 undefined on input line 5.


LaTeX Warning: Reference `chap:ModeleTemporel' on page 30 undefined on input li
ne 5.


LaTeX Warning: Reference `chap:ModeleTemporel' on page 30 undefined on input li
ne 5.


LaTeX Warning: Reference `fig:ATE_ProfilsCHX_5mm' on page 30 undefined on input
 line 10.


LaTeX Warning: Reference `fig:ConvNat2D_HorizDeltaT' on page 30 undefined on in
put line 20.


LaTeX Warning: Hyper reference `fig:ConvNat2D_VertiDeltaT' on page 30 undefined
 on input line 20.


LaTeX Warning: Reference `sub@fig:ConvNat2D_VertiDeltaT' on page 30 undefined o
n input line 20.


LaTeX Warning: Reference `fig:ConvNat2D_HorizDeltaT' on page 30 undefined on in
put line 22.


LaTeX Warning: Reference `fig:OrientationCore_H1' on page 30 undefined on input
 line 22.


LaTeX Warning: Hyper reference `fig:OrientationCore_H2' on page 30 undefined on
 input line 22.


LaTeX Warning: Reference `sub@fig:OrientationCore_H2' on page 30 undefined on i
nput line 22.


LaTeX Warning: Reference `fig:ConvNat2D_VertiDeltaT' on page 30 undefined on in
put line 24.


LaTeX Warning: Citation 'getling_rayleigh-benard_1998' on page 30 undefined on 
input line 24.


LaTeX Warning: Reference `fig:ConvNat2D_VertiDeltaT' on page 30 undefined on in
put line 24.


LaTeX Warning: Reference `fig:OrientationCore_V1' on page 30 undefined on input
 line 24.


LaTeX Warning: Hyper reference `fig:OrientationCore_V2' on page 30 undefined on
 input line 24.


LaTeX Warning: Reference `sub@fig:OrientationCore_V2' on page 30 undefined on i
nput line 24.

(../fig/fig_ConvNat2D/tex/fig_ConvNat2D_HorizDeltaT.tex
Missing character: There is no ; in font nullfont!
Missing character: There is no ; in font nullfont!
Missing character: There is no ; in font nullfont!
Missing character: There is no ; in font nullfont!
Missing character: There is no ; in font nullfont!
) (../fig/fig_ConvNat2D/tex/fig_ConvNat2D_VertiDeltaT.tex
Missing character: There is no ; in font nullfont!
Missing character: There is no ; in font nullfont!
Missing character: There is no ; in font nullfont!
Missing character: There is no ; in font nullfont!
Missing character: There is no ; in font nullfont!
)


LaTeX Warning: Reference `eq:NavierStokes_Boussinesq_QtMvt' on page 31 undefine
d on input line 73.


LaTeX Warning: Reference `eq:Prandtl' on page 31 undefined on input line 79.


LaTeX Warning: Citation 'belleoud_etude_2016' on page 31 undefined on input lin
e 98.


LaTeX Warning: Reference `fig:ConvNat2D_HorizDeltaT' on page 31 undefined on in
put line 98.




LaTeX Warning: Citation 'nield_convection_2013' on page 32 undefined on input l
ine 115.


LaTeX Warning: Reference `eq:NbrGrashof_RayleighSurPrandtl' on page 32 undefine
d on input line 145.


LaTeX Warning: Reference `chap:ModeleTemporel' on page 32 undefined on input li
ne 154.


LaTeX Warning: Reference `fig:ConvNat2D' on page 32 undefined on input line 158
.


LaTeX Warning: Reference `fig:Comsol_ModeleSimplifie_Geometrie' on page 32 unde
fined on input line 158.



<../fig/fig_ConvNatComsol/Comsol_SimplifiedModel_Geometry62.png, id=80, 338.705
4pt x 301.6068pt>
File: ../fig/fig_ConvNatComsol/Comsol_SimplifiedModel_Geometry62.png Graphic fi
le (type png)
<use ../fig/fig_ConvNatComsol/Comsol_SimplifiedModel_Geometry62.png>
Package pdftex.def Info: ../fig/fig_ConvNatComsol/Comsol_SimplifiedModel_Geomet
ry62.png  used on input line 163.
(pdftex.def)             Requested size: 338.70457pt x 301.60605pt.

LaTeX Warning: Citation 'swift_thermoacoustics_2017' on page 33 undefined on in
put line 172.


LaTeX Warning: Reference `fig:SuperpositionComsol' on page 33 undefined on inpu
t line 176.


LaTeX Warning: Citation 'ramadan_design_2021' on page 33 undefined on input lin
e 176.




LaTeX Warning: Reference `fig:Comsol_ModeleSimplifie_Geometrie' on page 34 unde
fined on input line 179.


LaTeX Warning: Reference `fig:Comsol_DemiGeometrie_Horizontal' on page 34 undef
ined on input line 181.


LaTeX Warning: Reference `fig:Comsol_AxiGeometrie_Vertical' on page 34 undefine
d on input line 181.

<../fig/fig_ConvNatComsol/DemiGeometrie_Horizontal.png, id=81, 227.4096pt x 198
.9834pt>
File: ../fig/fig_ConvNatComsol/DemiGeometrie_Horizontal.png Graphic file (type 
png)
<use ../fig/fig_ConvNatComsol/DemiGeometrie_Horizontal.png>
Package pdftex.def Info: ../fig/fig_ConvNatComsol/DemiGeometrie_Horizontal.png 
 used on input line 191.
(pdftex.def)             Requested size: 204.66675pt x 179.0834pt.
<../fig/fig_ConvNatComsol/AxiGeometrie_Vertical.png, id=82, 227.4096pt x 198.98
34pt>
File: ../fig/fig_ConvNatComsol/AxiGeometrie_Vertical.png Graphic file (type png
)
<use ../fig/fig_ConvNatComsol/AxiGeometrie_Vertical.png>
Package pdftex.def Info: ../fig/fig_ConvNatComsol/AxiGeometrie_Vertical.png  us
ed on input line 199.
(pdftex.def)             Requested size: 204.66675pt x 179.0834pt.

LaTeX Warning: Hyper reference `fig:Comsol_DemiGeometrie_Horizontal' on page 34
 undefined on input line 203.


LaTeX Warning: Reference `sub@fig:Comsol_DemiGeometrie_Horizontal' on page 34 u
ndefined on input line 203.


LaTeX Warning: Hyper reference `fig:Comsol_AxiGeometrie_Vertical' on page 34 un
defined on input line 203.


LaTeX Warning: Reference `sub@fig:Comsol_AxiGeometrie_Vertical' on page 34 unde
fined on input line 203.


LaTeX Warning: Hyper reference `fig:Comsol_DemiGeometrie_Horizontal' on page 34
 undefined on input line 203.


LaTeX Warning: Reference `sub@fig:Comsol_DemiGeometrie_Horizontal' on page 34 u
ndefined on input line 203.


LaTeX Warning: Hyper reference `fig:Comsol_AxiGeometrie_Vertical' on page 34 un
defined on input line 203.


LaTeX Warning: Reference `sub@fig:Comsol_AxiGeometrie_Vertical' on page 34 unde
fined on input line 203.

(../fig/fig_SuperpositionComsol/tex/fig_SuperpositionComsol.tex)

LaTeX Warning: Reference `fig:OrientationCore_H1' on page 34 undefined on input
 line 217.


LaTeX Warning: Citation 'ramadan_design_2021' on page 34 undefined on input lin
e 217.


LaTeX Warning: Reference `fig:OrientationCore_H1' on page 34 undefined on input
 line 217.


LaTeX Warning: Citation 'ramadan_design_2021' on page 34 undefined on input lin
e 217.






LaTeX Warning: Citation 'lotton_transient_2009' on page 36 undefined on input l
ine 266.


LaTeX Warning: Reference `eq:TMatrix_prod_TppTuu' on page 36 undefined on input
 line 270.


LaTeX Warning: Reference `eq:FluxTA_Transitoire_Regen' on page 36 undefined on 
input line 302.


LaTeX Warning: Reference `eq:FluxLat_Transitoire' on page 36 undefined on input
 line 302.


LaTeX Warning: Reference `fig:Schema_FluxThermiquesNoyau_Gaelle' on page 36 und
efined on input line 302.


(../fig/fig_Schema_FluxThermiquesNoyau_Gaelle/tex/fig_Schema_FluxThermiquesNoya
u_Gaelle.tex
Missing character: There is no ; in font nullfont!
Missing character: There is no ; in font nullfont!
Missing character: There is no ; in font nullfont!
Missing character: There is no ; in font nullfont!
Missing character: There is no ; in font nullfont!
Missing character: There is no ; in font nullfont!
Missing character: There is no ; in font nullfont!
)

LaTeX Warning: Reference `eq:FluxTA_swift' on page 36 undefined on input line 3
14.


LaTeX Warning: Citation 'swift_thermoacoustics_2017' on page 36 undefined on in
put line 314.




LaTeX Warning: Citation 'hsu_effective_1996' on page 37 undefined on input line
 345.


LaTeX Warning: Reference `eq:FluxVisq_Transitoire' on page 37 undefined on inpu
t line 359.




LaTeX Warning: Citation 'lewis_measurement_1998' on page 38 undefined on input 
line 401.


LaTeX Warning: Reference `eq:BilanChaleur_Transitoire_ApDvptCylin' on page 38 u
ndefined on input line 422.


LaTeX Warning: Reference `eq:FluxTA_Transitoire_Regen' on page 38 undefined on 
input line 439.


LaTeX Warning: Reference `eq:FluxLat_Transitoire' on page 38 undefined on input
 line 439.


LaTeX Warning: Reference `eq:BilanChaleur_Transitoire_ApDvptCylin' on page 38 u
ndefined on input line 439.


LaTeX Warning: Reference `eq:CondFront' on page 38 undefined on input line 439.



LaTeX Warning: Reference `eq:CondInit' on page 38 undefined on input line 439.


LaTeX Warning: Reference `eq:BilanChaleur_Transitoire_ApDvptCylin' on page 38 u
ndefined on input line 447.


LaTeX Warning: Citation 'ozisik_heat_1993' on page 38 undefined on input line 4
47.



) (EtudeExperimentale.tex



Chapitre IV.



LaTeX Warning: Citation 'ramadan_design_2021' on page 42 undefined on input lin
e 5.


LaTeX Warning: Citation 'ross_influence_2003' on page 42 undefined on input lin
e 5.


LaTeX Warning: Citation 'hireche_numerical_2019' on page 42 undefined on input 
line 5.


LaTeX Warning: Citation 'ramadan_experimental_2018' on page 42 undefined on inp
ut line 5.


LaTeX Warning: Citation 'zhang_novel_2011' on page 42 undefined on input line 5
.


LaTeX Warning: Reference `fig:OrientationCore' on page 42 undefined on input li
ne 10.


LaTeX Warning: Reference `chap:MesureAvecAcou' on page 42 undefined on input li
ne 10.


LaTeX Warning: Reference `fig:PerfConvNat_0W' on page 42 undefined on input lin
e 10.


LaTeX Warning: Reference `fig:PerfConvNat_100W' on page 42 undefined on input l
ine 10.


LaTeX Warning: Reference `tab:RecapResultExpe' on page 42 undefined on input li
ne 10.

(../fig/fig_PerfConvNat/tex/fig_PerfConvNat_0W_Tf.tex
Missing character: There is no ; in font nullfont!
Missing character: There is no ; in font nullfont!
PGFPlots: reading {../fig/fig_PerfConvNat/data/V1_Tf_DR_Qc0.txt}
Missing character: There is no ; in font nullfont!
PGFPlots: reading {../fig/fig_PerfConvNat/data/V2_Tf_DR_Qc0.txt}
Missing character: There is no ; in font nullfont!
PGFPlots: reading {../fig/fig_PerfConvNat/data/H1_Tf_DR_Qc0.txt}
Missing character: There is no ; in font nullfont!
PGFPlots: reading {../fig/fig_PerfConvNat/data/H2_Tf_DR_Qc0.txt}
Missing character: There is no ; in font nullfont!
) (../fig/fig_PerfConvNat/tex/fig_PerfConvNat_0W_Ta.tex
Missing character: There is no ; in font nullfont!
Missing character: There is no ; in font nullfont!
PGFPlots: reading {../fig/fig_PerfConvNat/data/V1_Ta_DR_Qc0.txt}
PGFPlots: reading {../fig/fig_PerfConvNat/data/V2_Ta_DR_Qc0.txt}
PGFPlots: reading {../fig/fig_PerfConvNat/data/H1_Ta_DR_Qc0.txt}
PGFPlots: reading {../fig/fig_PerfConvNat/data/H2_Ta_DR_Qc0.txt}
) (../fig/fig_PerfConvNat/tex/fig_PerfConvNat_0W_Qa.tex
Missing character: There is no ; in font nullfont!
Missing character: There is no ; in font nullfont!
PGFPlots: reading {../fig/fig_PerfConvNat/data/V1_Qa_DR_Qc0.txt}
PGFPlots: reading {../fig/fig_PerfConvNat/data/V2_Qa_DR_Qc0.txt}
PGFPlots: reading {../fig/fig_PerfConvNat/data/H1_Qa_DR_Qc0.txt}
PGFPlots: reading {../fig/fig_PerfConvNat/data/H2_Qa_DR_Qc0.txt}
)

LaTeX Warning: Hyper reference `fig:PerfConvNat_0W_Tf' on page 42 undefined on 
input line 91.


LaTeX Warning: Reference `sub@fig:PerfConvNat_0W_Tf' on page 42 undefined on in
put line 91.


LaTeX Warning: Hyper reference `fig:PerfConvNat_0W_Ta' on page 42 undefined on 
input line 91.


LaTeX Warning: Reference `sub@fig:PerfConvNat_0W_Ta' on page 42 undefined on in
put line 91.


LaTeX Warning: Hyper reference `fig:PerfConvNat_0W_Qa' on page 42 undefined on 
input line 91.


LaTeX Warning: Reference `sub@fig:PerfConvNat_0W_Qa' on page 42 undefined on in
put line 91.


LaTeX Warning: Hyper reference `fig:PerfConvNat_0W_Tf' on page 42 undefined on 
input line 91.


LaTeX Warning: Reference `sub@fig:PerfConvNat_0W_Tf' on page 42 undefined on in
put line 91.


LaTeX Warning: Hyper reference `fig:PerfConvNat_0W_Ta' on page 42 undefined on 
input line 91.


LaTeX Warning: Reference `sub@fig:PerfConvNat_0W_Ta' on page 42 undefined on in
put line 91.


LaTeX Warning: Hyper reference `fig:PerfConvNat_0W_Qa' on page 42 undefined on 
input line 91.


LaTeX Warning: Reference `sub@fig:PerfConvNat_0W_Qa' on page 42 undefined on in
put line 91.

(../fig/fig_PerfConvNat/tex/fig_PerfConvNat_50W_Tf.tex
Missing character: There is no ; in font nullfont!
Missing character: There is no ; in font nullfont!
PGFPlots: reading {../fig/fig_PerfConvNat/data/V1_Tf_DR_Qc50.txt}
Missing character: There is no ; in font nullfont!
PGFPlots: reading {../fig/fig_PerfConvNat/data/V2_Tf_DR_Qc50.txt}
Missing character: There is no ; in font nullfont!
PGFPlots: reading {../fig/fig_PerfConvNat/data/H1_Tf_DR_Qc50.txt}
Missing character: There is no ; in font nullfont!
PGFPlots: reading {../fig/fig_PerfConvNat/data/H2_Tf_DR_Qc50.txt}
Missing character: There is no ; in font nullfont!
) (../fig/fig_PerfConvNat/tex/fig_PerfConvNat_50W_Ta.tex
Missing character: There is no ; in font nullfont!
Missing character: There is no ; in font nullfont!
PGFPlots: reading {../fig/fig_PerfConvNat/data/V1_Ta_DR_Qc50.txt}
PGFPlots: reading {../fig/fig_PerfConvNat/data/V2_Ta_DR_Qc50.txt}
PGFPlots: reading {../fig/fig_PerfConvNat/data/H1_Ta_DR_Qc50.txt}
PGFPlots: reading {../fig/fig_PerfConvNat/data/H2_Ta_DR_Qc50.txt}
) (../fig/fig_PerfConvNat/tex/fig_PerfConvNat_50W_Qa.tex
Missing character: There is no ; in font nullfont!
Missing character: There is no ; in font nullfont!
PGFPlots: reading {../fig/fig_PerfConvNat/data/V1_Qa_DR_Qc50.txt}
PGFPlots: reading {../fig/fig_PerfConvNat/data/V2_Qa_DR_Qc50.txt}
PGFPlots: reading {../fig/fig_PerfConvNat/data/H1_Qa_DR_Qc50.txt}
PGFPlots: reading {../fig/fig_PerfConvNat/data/H2_Qa_DR_Qc50.txt}
) (../fig/fig_PerfConvNat/tex/fig_PerfConvNat_50W_COP.tex
Missing character: There is no ; in font nullfont!
Missing character: There is no ; in font nullfont!
PGFPlots: reading {../fig/fig_PerfConvNat/data/V1_COP_DR_Qc50.txt}
PGFPlots: reading {../fig/fig_PerfConvNat/data/V2_COP_DR_Qc50.txt}
PGFPlots: reading {../fig/fig_PerfConvNat/data/H1_COP_DR_Qc50.txt}
PGFPlots: reading {../fig/fig_PerfConvNat/data/H2_COP_DR_Qc50.txt}
)

LaTeX Warning: Hyper reference `fig:PerfConvNat_50W_Tf' on page 42 undefined on
 input line 132.


LaTeX Warning: Reference `sub@fig:PerfConvNat_50W_Tf' on page 42 undefined on i
nput line 132.


LaTeX Warning: Hyper reference `fig:PerfConvNat_50W_Ta' on page 42 undefined on
 input line 132.


LaTeX Warning: Reference `sub@fig:PerfConvNat_50W_Ta' on page 42 undefined on i
nput line 132.


LaTeX Warning: Hyper reference `fig:PerfConvNat_50W_Qa' on page 42 undefined on
 input line 132.


LaTeX Warning: Reference `sub@fig:PerfConvNat_50W_Qa' on page 42 undefined on i
nput line 132.


LaTeX Warning: Hyper reference `fig:PerfConvNat_50W_COP' on page 42 undefined o
n input line 132.


LaTeX Warning: Reference `sub@fig:PerfConvNat_50W_COP' on page 42 undefined on 
input line 132.


LaTeX Warning: Hyper reference `fig:PerfConvNat_50W_Tf' on page 42 undefined on
 input line 132.


LaTeX Warning: Reference `sub@fig:PerfConvNat_50W_Tf' on page 42 undefined on i
nput line 132.


LaTeX Warning: Hyper reference `fig:PerfConvNat_50W_Ta' on page 42 undefined on
 input line 132.


LaTeX Warning: Reference `sub@fig:PerfConvNat_50W_Ta' on page 42 undefined on i
nput line 132.


LaTeX Warning: Hyper reference `fig:PerfConvNat_50W_Qa' on page 42 undefined on
 input line 132.


LaTeX Warning: Reference `sub@fig:PerfConvNat_50W_Qa' on page 42 undefined on i
nput line 132.


LaTeX Warning: Hyper reference `fig:PerfConvNat_50W_COP' on page 42 undefined o
n input line 132.


LaTeX Warning: Reference `sub@fig:PerfConvNat_50W_COP' on page 42 undefined on 
input line 132.

(../fig/fig_PerfConvNat/tex/fig_PerfConvNat_100W_Tf.tex
Missing character: There is no ; in font nullfont!
Missing character: There is no ; in font nullfont!
PGFPlots: reading {../fig/fig_PerfConvNat/data/V1_Tf_DR_Qc100.txt}
PGFPlots: reading {../fig/fig_PerfConvNat/data/V2_Tf_DR_Qc100.txt}
PGFPlots: reading {../fig/fig_PerfConvNat/data/H1_Tf_DR_Qc100.txt}
PGFPlots: reading {../fig/fig_PerfConvNat/data/H2_Tf_DR_Qc100.txt}
) (../fig/fig_PerfConvNat/tex/fig_PerfConvNat_100W_Ta.tex
Missing character: There is no ; in font nullfont!
Missing character: There is no ; in font nullfont!
PGFPlots: reading {../fig/fig_PerfConvNat/data/V1_Ta_DR_Qc100.txt}
PGFPlots: reading {../fig/fig_PerfConvNat/data/V2_Ta_DR_Qc100.txt}
PGFPlots: reading {../fig/fig_PerfConvNat/data/H1_Ta_DR_Qc100.txt}
PGFPlots: reading {../fig/fig_PerfConvNat/data/H2_Ta_DR_Qc100.txt}
) (../fig/fig_PerfConvNat/tex/fig_PerfConvNat_100W_Qa.tex
Missing character: There is no ; in font nullfont!
Missing character: There is no ; in font nullfont!
PGFPlots: reading {../fig/fig_PerfConvNat/data/V1_Qa_DR_Qc100.txt}
PGFPlots: reading {../fig/fig_PerfConvNat/data/V2_Qa_DR_Qc100.txt}
PGFPlots: reading {../fig/fig_PerfConvNat/data/H1_Qa_DR_Qc100.txt}
PGFPlots: reading {../fig/fig_PerfConvNat/data/H2_Qa_DR_Qc100.txt}
) (../fig/fig_PerfConvNat/tex/fig_PerfConvNat_100W_COP.tex
Missing character: There is no ; in font nullfont!
Missing character: There is no ; in font nullfont!
PGFPlots: reading {../fig/fig_PerfConvNat/data/V1_COP_DR_Qc100.txt}
PGFPlots: reading {../fig/fig_PerfConvNat/data/V2_COP_DR_Qc100.txt}
PGFPlots: reading {../fig/fig_PerfConvNat/data/H1_COP_DR_Qc100.txt}
PGFPlots: reading {../fig/fig_PerfConvNat/data/H2_COP_DR_Qc100.txt}
)

LaTeX Warning: Hyper reference `fig:PerfConvNat_100W_Tf' on page 42 undefined o
n input line 173.


LaTeX Warning: Reference `sub@fig:PerfConvNat_100W_Tf' on page 42 undefined on 
input line 173.


LaTeX Warning: Hyper reference `fig:PerfConvNat_100W_Ta' on page 42 undefined o
n input line 173.


LaTeX Warning: Reference `sub@fig:PerfConvNat_100W_Ta' on page 42 undefined on 
input line 173.


LaTeX Warning: Hyper reference `fig:PerfConvNat_100W_Qa' on page 42 undefined o
n input line 173.


LaTeX Warning: Reference `sub@fig:PerfConvNat_100W_Qa' on page 42 undefined on 
input line 173.


LaTeX Warning: Hyper reference `fig:PerfConvNat_100W_COP' on page 42 undefined 
on input line 173.


LaTeX Warning: Reference `sub@fig:PerfConvNat_100W_COP' on page 42 undefined on
 input line 173.


LaTeX Warning: Hyper reference `fig:PerfConvNat_100W_Tf' on page 42 undefined o
n input line 173.


LaTeX Warning: Reference `sub@fig:PerfConvNat_100W_Tf' on page 42 undefined on 
input line 173.


LaTeX Warning: Hyper reference `fig:PerfConvNat_100W_Ta' on page 42 undefined o
n input line 173.


LaTeX Warning: Reference `sub@fig:PerfConvNat_100W_Ta' on page 42 undefined on 
input line 173.


LaTeX Warning: Hyper reference `fig:PerfConvNat_100W_Qa' on page 42 undefined o
n input line 173.


LaTeX Warning: Reference `sub@fig:PerfConvNat_100W_Qa' on page 42 undefined on 
input line 173.


LaTeX Warning: Hyper reference `fig:PerfConvNat_100W_COP' on page 42 undefined 
on input line 173.


LaTeX Warning: Reference `sub@fig:PerfConvNat_100W_COP' on page 42 undefined on
 input line 173.


LaTeX Warning: Reference `fig:PerfConvNat_0W_Tf' on page 42 undefined on input 
line 177.


LaTeX Warning: Hyper reference `fig:PerfConvNat_0W_Ta' on page 42 undefined on 
input line 177.


LaTeX Warning: Reference `sub@fig:PerfConvNat_0W_Ta' on page 42 undefined on in
put line 177.


LaTeX Warning: Reference `fig:PerfConvNat_50W_Tf' on page 42 undefined on input
 line 177.


LaTeX Warning: Hyper reference `fig:PerfConvNat_50W_Ta' on page 42 undefined on
 input line 177.


LaTeX Warning: Reference `sub@fig:PerfConvNat_50W_Ta' on page 42 undefined on i
nput line 177.


LaTeX Warning: Reference `fig:PerfConvNat_100W_Tf' on page 42 undefined on inpu
t line 177.


LaTeX Warning: Hyper reference `fig:PerfConvNat_100W_Ta' on page 42 undefined o
n input line 177.


LaTeX Warning: Reference `sub@fig:PerfConvNat_100W_Ta' on page 42 undefined on 
input line 177.


LaTeX Warning: Reference `fig:PerfConvNat_0W_Qa' on page 42 undefined on input 
line 179.


LaTeX Warning: Reference `fig:SchemaGeneralTACOT' on page 42 undefined on input
 line 263.


LaTeX Warning: Reference `eq:NbrRayleigh' on page 42 undefined on input line 26
3.


LaTeX Warning: Citation 'getling_rayleigh-benard_1998' on page 42 undefined on 
input line 271.


LaTeX Warning: Reference `eq:VitesseReference_Rayleigh' on page 42 undefined on
 input line 271.


Overfull \hbox (34.33586pt too wide) in paragraph at lines 270--272
\T1/iwonal/m/n/10.95 ce qui se trouve deux ordres de gran-deur au des-sus de la
 va-leur de Ray-leigh cri-tique [[]].
 []




LaTeX Warning: Reference `fig:OrientationCore' on page 43 undefined on input li
ne 284.


LaTeX Warning: Hyper reference `fig:OrientationCore_H1' on page 43 undefined on
 input line 284.


LaTeX Warning: Reference `sub@fig:OrientationCore_H1' on page 43 undefined on i
nput line 284.


LaTeX Warning: Hyper reference `fig:OrientationCore_H2' on page 43 undefined on
 input line 284.


LaTeX Warning: Reference `sub@fig:OrientationCore_H2' on page 43 undefined on i
nput line 284.


LaTeX Warning: Hyper reference `fig:OrientationCore_V1' on page 43 undefined on
 input line 284.


LaTeX Warning: Reference `sub@fig:OrientationCore_V1' on page 43 undefined on i
nput line 284.


LaTeX Warning: Hyper reference `fig:OrientationCore_V2' on page 43 undefined on
 input line 284.


LaTeX Warning: Reference `sub@fig:OrientationCore_V2' on page 43 undefined on i
nput line 284.


LaTeX Warning: Reference `chap:MesureAvecAcou' on page 43 undefined on input li
ne 284.


LaTeX Warning: Reference `fig:HeatOnly_CHXout_H1H2' on page 43 undefined on inp
ut line 284.


LaTeX Warning: Reference `fig:Acou_CHXout_H1H2_High' on page 43 undefined on in
put line 284.


LaTeX Warning: Reference `fig:HeatOnly_CHXout_V1V2' on page 43 undefined on inp
ut line 284.


LaTeX Warning: Reference `fig:Acou_CHXout_V1V2_High' on page 43 undefined on in
put line 284.






LaTeX Warning: Reference `fig:HeatOnly_CHXout_H1H2' on page 45 undefined on inp
ut line 299.

(../fig/fig_ConvNat_HeatOnly/tex/fig_HeatOnly_CHXout_H1H2.tex
Missing character: There is no ; in font nullfont!
Missing character: There is no ; in font nullfont!
Missing character: There is no ; in font nullfont!
Missing character: There is no ; in font nullfont!
PGFPlots: reading {{../fig/fig_ConvNat_HeatOnly/data/FixedPower/H1H2/data_TC0_0
beg_RixOff_PhaseRIXHP-60°_OrientationH1_Qc40W_Serie1.txt}}
PGFPlots: reading {{../fig/fig_ConvNat_HeatOnly/data/FixedPower/H1H2/data_TC0_0
beg_RixOff_PhaseRIXHP-60°_OrientationH2_Qc40W_Serie1.txt}}
PGFPlots: reading {{../fig/fig_ConvNat_HeatOnly/data/FixedPower/H1H2/data_TC1_0
beg_RixOff_PhaseRIXHP-60°_OrientationH1_Qc40W_Serie1.txt}}
PGFPlots: reading {{../fig/fig_ConvNat_HeatOnly/data/FixedPower/H1H2/data_TC1_0
beg_RixOff_PhaseRIXHP-60°_OrientationH2_Qc40W_Serie1.txt}}
PGFPlots: reading {{../fig/fig_ConvNat_HeatOnly/data/FixedPower/H1H2/data_TC2_0
beg_RixOff_PhaseRIXHP-60°_OrientationH1_Qc40W_Serie1.txt}}
PGFPlots: reading {{../fig/fig_ConvNat_HeatOnly/data/FixedPower/H1H2/data_TC2_0
beg_RixOff_PhaseRIXHP-60°_OrientationH2_Qc40W_Serie1.txt}}
PGFPlots: reading {{../fig/fig_ConvNat_HeatOnly/data/FixedPower/H1H2/data_TC3_0
beg_RixOff_PhaseRIXHP-60°_OrientationH1_Qc40W_Serie1.txt}}
PGFPlots: reading {{../fig/fig_ConvNat_HeatOnly/data/FixedPower/H1H2/data_TC3_0
beg_RixOff_PhaseRIXHP-60°_OrientationH2_Qc40W_Serie1.txt}}
)

LaTeX Warning: Reference `fig:OrientationCore_H1' on page 45 undefined on input
 line 311.


LaTeX Warning: Hyper reference `fig:OrientationCore_H2' on page 45 undefined on
 input line 311.


LaTeX Warning: Reference `sub@fig:OrientationCore_H2' on page 45 undefined on i
nput line 311.


LaTeX Warning: Reference `fig:Acou_CHXout_H1H2_Low' on page 45 undefined on inp
ut line 311.



(../fig/fig_ConvNat_Acou/tex/fig_Acou_CHXout_H1H2_Low.tex
Missing character: There is no ; in font nullfont!
Missing character: There is no ; in font nullfont!
Missing character: There is no ; in font nullfont!
Missing character: There is no ; in font nullfont!
PGFPlots: reading {{../fig/fig_ConvNat_Acou/data/DataMatTxtH1H2Low/data_TC0_0be
g_RixLow_PhaseRIXHP-60°_OrientationH1_Qc0W_Serie1.txt}}
PGFPlots: reading {{../fig/fig_ConvNat_Acou/data/DataMatTxtH1H2Low/data_TC0_0be
g_RixLow_PhaseRIXHP-60°_OrientationH2_Qc0W_Serie1.txt}}
PGFPlots: reading {{../fig/fig_ConvNat_Acou/data/DataMatTxtH1H2Low/data_TC1_0be
g_RixLow_PhaseRIXHP-60°_OrientationH1_Qc0W_Serie1.txt}}
PGFPlots: reading {{../fig/fig_ConvNat_Acou/data/DataMatTxtH1H2Low/data_TC1_0be
g_RixLow_PhaseRIXHP-60°_OrientationH2_Qc0W_Serie1.txt}}
PGFPlots: reading {{../fig/fig_ConvNat_Acou/data/DataMatTxtH1H2Low/data_TC2_0be
g_RixLow_PhaseRIXHP-60°_OrientationH1_Qc0W_Serie1.txt}}
PGFPlots: reading {{../fig/fig_ConvNat_Acou/data/DataMatTxtH1H2Low/data_TC2_0be
g_RixLow_PhaseRIXHP-60°_OrientationH2_Qc0W_Serie1.txt}}
PGFPlots: reading {{../fig/fig_ConvNat_Acou/data/DataMatTxtH1H2Low/data_TC3_0be
g_RixLow_PhaseRIXHP-60°_OrientationH1_Qc0W_Serie1.txt}}
PGFPlots: reading {{../fig/fig_ConvNat_Acou/data/DataMatTxtH1H2Low/data_TC3_0be
g_RixLow_PhaseRIXHP-60°_OrientationH2_Qc0W_Serie1.txt}}
)

LaTeX Warning: Reference `fig:Acou_CHXout_H1H2_Mid' on page 46 undefined on inp
ut line 325.

(../fig/fig_ConvNat_Acou/tex/fig_Acou_CHXout_H1H2_Mid.tex
Missing character: There is no ; in font nullfont!
Missing character: There is no ; in font nullfont!
Missing character: There is no ; in font nullfont!
Missing character: There is no ; in font nullfont!
PGFPlots: reading {{../fig/fig_ConvNat_Acou/data/DataMatTxtH1H2Mid/data_TC0_0be
g_RixMid_PhaseRIXHP-60°_OrientationH1_Qc0W_Serie1.txt}}
PGFPlots: reading {{../fig/fig_ConvNat_Acou/data/DataMatTxtH1H2Mid/data_TC0_0be
g_RixMid_PhaseRIXHP-60°_OrientationH2_Qc0W_Serie1.txt}}
PGFPlots: reading {{../fig/fig_ConvNat_Acou/data/DataMatTxtH1H2Mid/data_TC1_0be
g_RixMid_PhaseRIXHP-60°_OrientationH1_Qc0W_Serie1.txt}}
PGFPlots: reading {{../fig/fig_ConvNat_Acou/data/DataMatTxtH1H2Mid/data_TC1_0be
g_RixMid_PhaseRIXHP-60°_OrientationH2_Qc0W_Serie1.txt}}
PGFPlots: reading {{../fig/fig_ConvNat_Acou/data/DataMatTxtH1H2Mid/data_TC2_0be
g_RixMid_PhaseRIXHP-60°_OrientationH1_Qc0W_Serie1.txt}}
PGFPlots: reading {{../fig/fig_ConvNat_Acou/data/DataMatTxtH1H2Mid/data_TC2_0be
g_RixMid_PhaseRIXHP-60°_OrientationH2_Qc0W_Serie1.txt}}
PGFPlots: reading {{../fig/fig_ConvNat_Acou/data/DataMatTxtH1H2Mid/data_TC3_0be
g_RixMid_PhaseRIXHP-60°_OrientationH1_Qc0W_Serie1.txt}}
PGFPlots: reading {{../fig/fig_ConvNat_Acou/data/DataMatTxtH1H2Mid/data_TC3_0be
g_RixMid_PhaseRIXHP-60°_OrientationH2_Qc0W_Serie1.txt}}
)

LaTeX Warning: Reference `fig:Acou_CHXout_H1H2_High' on page 46 undefined on in
put line 337.

LaTeX Info: Symbol \textminus not provided by
            font family iwonal in TS1 encoding.
            Default family used instead on input line 337.


(../fig/fig_ConvNat_Acou/tex/fig_Acou_CHXout_H1H2_High.tex
Missing character: There is no ; in font nullfont!
Missing character: There is no ; in font nullfont!
Missing character: There is no ; in font nullfont!
Missing character: There is no ; in font nullfont!
PGFPlots: reading {{../fig/fig_ConvNat_Acou/data/DataMatTxtH1H2High/data_TC0_0b
eg_RixHigh_PhaseRIXHP-60°_OrientationH1_Qc0W_Serie1.txt}}
PGFPlots: reading {{../fig/fig_ConvNat_Acou/data/DataMatTxtH1H2High/data_TC0_0b
eg_RixHigh_PhaseRIXHP-60°_OrientationH2_Qc0W_Serie1.txt}}
PGFPlots: reading {{../fig/fig_ConvNat_Acou/data/DataMatTxtH1H2High/data_TC1_0b
eg_RixHigh_PhaseRIXHP-60°_OrientationH1_Qc0W_Serie1.txt}}
PGFPlots: reading {{../fig/fig_ConvNat_Acou/data/DataMatTxtH1H2High/data_TC1_0b
eg_RixHigh_PhaseRIXHP-60°_OrientationH2_Qc0W_Serie1.txt}}
PGFPlots: reading {{../fig/fig_ConvNat_Acou/data/DataMatTxtH1H2High/data_TC2_0b
eg_RixHigh_PhaseRIXHP-60°_OrientationH1_Qc0W_Serie1.txt}}
PGFPlots: reading {{../fig/fig_ConvNat_Acou/data/DataMatTxtH1H2High/data_TC2_0b
eg_RixHigh_PhaseRIXHP-60°_OrientationH2_Qc0W_Serie1.txt}}
PGFPlots: reading {{../fig/fig_ConvNat_Acou/data/DataMatTxtH1H2High/data_TC3_0b
eg_RixHigh_PhaseRIXHP-60°_OrientationH1_Qc0W_Serie1.txt}}
PGFPlots: reading {{../fig/fig_ConvNat_Acou/data/DataMatTxtH1H2High/data_TC3_0b
eg_RixHigh_PhaseRIXHP-60°_OrientationH2_Qc0W_Serie1.txt}}
) (../fig/fig_ConvNat_HeatOnly/tex/fig_HeatOnly_CHXout_V1V2.tex
Missing character: There is no ; in font nullfont!
Missing character: There is no ; in font nullfont!
Missing character: There is no ; in font nullfont!
Missing character: There is no ; in font nullfont!
PGFPlots: reading {{../fig/fig_ConvNat_HeatOnly/data/FixedPower/V1V2/data_TC0_0
beg_RixOff_PhaseRIXHP-60°_OrientationV1_Qc40W_Serie3.txt}}
PGFPlots: reading {{../fig/fig_ConvNat_HeatOnly/data/FixedPower/V1V2/data_TC0_0
beg_RixOff_PhaseRIXHP-60°_OrientationV2_Qc40W_Serie1.txt}}
PGFPlots: reading {{../fig/fig_ConvNat_HeatOnly/data/FixedPower/V1V2/data_TC1_0
beg_RixOff_PhaseRIXHP-60°_OrientationV1_Qc40W_Serie3.txt}}
PGFPlots: reading {{../fig/fig_ConvNat_HeatOnly/data/FixedPower/V1V2/data_TC1_0
beg_RixOff_PhaseRIXHP-60°_OrientationV2_Qc40W_Serie1.txt}}
PGFPlots: reading {{../fig/fig_ConvNat_HeatOnly/data/FixedPower/V1V2/data_TC2_0
beg_RixOff_PhaseRIXHP-60°_OrientationV1_Qc40W_Serie3.txt}}
PGFPlots: reading {{../fig/fig_ConvNat_HeatOnly/data/FixedPower/V1V2/data_TC2_0
beg_RixOff_PhaseRIXHP-60°_OrientationV2_Qc40W_Serie1.txt}}
PGFPlots: reading {{../fig/fig_ConvNat_HeatOnly/data/FixedPower/V1V2/data_TC3_0
beg_RixOff_PhaseRIXHP-60°_OrientationV1_Qc40W_Serie3.txt}}
PGFPlots: reading {{../fig/fig_ConvNat_HeatOnly/data/FixedPower/V1V2/data_TC3_0
beg_RixOff_PhaseRIXHP-60°_OrientationV2_Qc40W_Serie1.txt}}
)


LaTeX Warning: Reference `fig:Acou_CHXout_V1V2_Low' on page 48 undefined on inp
ut line 363.


LaTeX Warning: Reference `fig:OrientationCore_V1' on page 48 undefined on input
 line 363.


LaTeX Warning: Hyper reference `fig:OrientationCore_V2' on page 48 undefined on
 input line 363.


LaTeX Warning: Reference `sub@fig:OrientationCore_V2' on page 48 undefined on i
nput line 363.


LaTeX Warning: Reference `eq:NbrRayleigh' on page 48 undefined on input line 36
3.



(../fig/fig_ConvNat_Acou/tex/fig_Acou_CHXout_V1V2_Low.tex
Missing character: There is no ; in font nullfont!
Missing character: There is no ; in font nullfont!
Missing character: There is no ; in font nullfont!
Missing character: There is no ; in font nullfont!
PGFPlots: reading {{../fig/fig_ConvNat_Acou/data/DataMatTxtV1V2Low/data_TC0_0be
g_RixLow_PhaseRIXHP-60°_OrientationV1_Qc0W_Serie1.txt}}
PGFPlots: reading {{../fig/fig_ConvNat_Acou/data/DataMatTxtV1V2Low/data_TC0_0be
g_RixLow_PhaseRIXHP-60°_OrientationV2_Qc0W_Serie1.txt}}
PGFPlots: reading {{../fig/fig_ConvNat_Acou/data/DataMatTxtV1V2Low/data_TC1_0be
g_RixLow_PhaseRIXHP-60°_OrientationV1_Qc0W_Serie1.txt}}
PGFPlots: reading {{../fig/fig_ConvNat_Acou/data/DataMatTxtV1V2Low/data_TC1_0be
g_RixLow_PhaseRIXHP-60°_OrientationV2_Qc0W_Serie1.txt}}
PGFPlots: reading {{../fig/fig_ConvNat_Acou/data/DataMatTxtV1V2Low/data_TC2_0be
g_RixLow_PhaseRIXHP-60°_OrientationV1_Qc0W_Serie1.txt}}
PGFPlots: reading {{../fig/fig_ConvNat_Acou/data/DataMatTxtV1V2Low/data_TC2_0be
g_RixLow_PhaseRIXHP-60°_OrientationV2_Qc0W_Serie1.txt}}
PGFPlots: reading {{../fig/fig_ConvNat_Acou/data/DataMatTxtV1V2Low/data_TC3_0be
g_RixLow_PhaseRIXHP-60°_OrientationV1_Qc0W_Serie1.txt}}
PGFPlots: reading {{../fig/fig_ConvNat_Acou/data/DataMatTxtV1V2Low/data_TC3_0be
g_RixLow_PhaseRIXHP-60°_OrientationV2_Qc0W_Serie1.txt}}
)

LaTeX Warning: Reference `fig:Acou_CHXout_V1V2_Mid' on page 49 undefined on inp
ut line 375.

(../fig/fig_ConvNat_Acou/tex/fig_Acou_CHXout_V1V2_Mid.tex
Missing character: There is no ; in font nullfont!
Missing character: There is no ; in font nullfont!
Missing character: There is no ; in font nullfont!
Missing character: There is no ; in font nullfont!
PGFPlots: reading {{../fig/fig_ConvNat_Acou/data/DataMatTxtV1V2Mid/data_TC0_0be
g_RixMid_PhaseRIXHP-60°_OrientationV1_Qc0W_serie3.txt}}
PGFPlots: reading {{../fig/fig_ConvNat_Acou/data/DataMatTxtV1V2Mid/data_TC0_0be
g_RixMid_PhaseRIXHP-60°_OrientationV2_Qc0W_Serie1.txt}}
PGFPlots: reading {{../fig/fig_ConvNat_Acou/data/DataMatTxtV1V2Mid/data_TC1_0be
g_RixMid_PhaseRIXHP-60°_OrientationV1_Qc0W_serie3.txt}}
PGFPlots: reading {{../fig/fig_ConvNat_Acou/data/DataMatTxtV1V2Mid/data_TC1_0be
g_RixMid_PhaseRIXHP-60°_OrientationV2_Qc0W_Serie1.txt}}
PGFPlots: reading {{../fig/fig_ConvNat_Acou/data/DataMatTxtV1V2Mid/data_TC2_0be
g_RixMid_PhaseRIXHP-60°_OrientationV1_Qc0W_serie3.txt}}
PGFPlots: reading {{../fig/fig_ConvNat_Acou/data/DataMatTxtV1V2Mid/data_TC2_0be
g_RixMid_PhaseRIXHP-60°_OrientationV2_Qc0W_Serie1.txt}}
PGFPlots: reading {{../fig/fig_ConvNat_Acou/data/DataMatTxtV1V2Mid/data_TC3_0be
g_RixMid_PhaseRIXHP-60°_OrientationV1_Qc0W_serie3.txt}}
PGFPlots: reading {{../fig/fig_ConvNat_Acou/data/DataMatTxtV1V2Mid/data_TC3_0be
g_RixMid_PhaseRIXHP-60°_OrientationV2_Qc0W_Serie1.txt}}
)

LaTeX Warning: Reference `fig:Acou_CHXout_V1V2_High' on page 49 undefined on in
put line 387.



(../fig/fig_ConvNat_Acou/tex/fig_Acou_CHXout_V1V2_High.tex
Missing character: There is no ; in font nullfont!
Missing character: There is no ; in font nullfont!
Missing character: There is no ; in font nullfont!
Missing character: There is no ; in font nullfont!
PGFPlots: reading {{../fig/fig_ConvNat_Acou/data/DataMatTxtV1V2High/data_TC0_0b
eg_RixHigh_PhaseRIXHP-60°_OrientationV1_Qc0W_Serie1.txt}}
PGFPlots: reading {{../fig/fig_ConvNat_Acou/data/DataMatTxtV1V2High/data_TC0_0b
eg_RixHigh_PhaseRIXHP-60°_OrientationV2_Qc0W_Serie1.txt}}
PGFPlots: reading {{../fig/fig_ConvNat_Acou/data/DataMatTxtV1V2High/data_TC1_0b
eg_RixHigh_PhaseRIXHP-60°_OrientationV1_Qc0W_Serie1.txt}}
PGFPlots: reading {{../fig/fig_ConvNat_Acou/data/DataMatTxtV1V2High/data_TC1_0b
eg_RixHigh_PhaseRIXHP-60°_OrientationV2_Qc0W_Serie1.txt}}
PGFPlots: reading {{../fig/fig_ConvNat_Acou/data/DataMatTxtV1V2High/data_TC2_0b
eg_RixHigh_PhaseRIXHP-60°_OrientationV1_Qc0W_Serie1.txt}}
PGFPlots: reading {{../fig/fig_ConvNat_Acou/data/DataMatTxtV1V2High/data_TC2_0b
eg_RixHigh_PhaseRIXHP-60°_OrientationV2_Qc0W_Serie1.txt}}
PGFPlots: reading {{../fig/fig_ConvNat_Acou/data/DataMatTxtV1V2High/data_TC3_0b
eg_RixHigh_PhaseRIXHP-60°_OrientationV1_Qc0W_Serie1.txt}}
PGFPlots: reading {{../fig/fig_ConvNat_Acou/data/DataMatTxtV1V2High/data_TC3_0b
eg_RixHigh_PhaseRIXHP-60°_OrientationV2_Qc0W_Serie1.txt}}
) (../fig/fig_ConvNat_HeatOnly/tex/fig_HeatOnly_CHXin_H1H2.tex
Missing character: There is no ; in font nullfont!
Missing character: There is no ; in font nullfont!
Missing character: There is no ; in font nullfont!
Missing character: There is no ; in font nullfont!
PGFPlots: reading {{../fig/fig_ConvNat_HeatOnly/data/FixedPower/H1H2/data_TC4_0
beg_RixOff_PhaseRIXHP-60°_OrientationH1_Qc40W_Serie1.txt}}
PGFPlots: reading {{../fig/fig_ConvNat_HeatOnly/data/FixedPower/H1H2/data_TC4_0
beg_RixOff_PhaseRIXHP-60°_OrientationH2_Qc40W_Serie1.txt}}
PGFPlots: reading {{../fig/fig_ConvNat_HeatOnly/data/FixedPower/H1H2/data_TC5_0
beg_RixOff_PhaseRIXHP-60°_OrientationH1_Qc40W_Serie1.txt}}
PGFPlots: reading {{../fig/fig_ConvNat_HeatOnly/data/FixedPower/H1H2/data_TC5_0
beg_RixOff_PhaseRIXHP-60°_OrientationH2_Qc40W_Serie1.txt}}
PGFPlots: reading {{../fig/fig_ConvNat_HeatOnly/data/FixedPower/H1H2/data_TC6_0
beg_RixOff_PhaseRIXHP-60°_OrientationH1_Qc40W_Serie1.txt}}
PGFPlots: reading {{../fig/fig_ConvNat_HeatOnly/data/FixedPower/H1H2/data_TC6_0
beg_RixOff_PhaseRIXHP-60°_OrientationH2_Qc40W_Serie1.txt}}
) (../fig/fig_ConvNat_HeatOnly/tex/fig_HeatOnly_Regmid_H1H2.tex
Missing character: There is no ; in font nullfont!
Missing character: There is no ; in font nullfont!
Missing character: There is no ; in font nullfont!
Missing character: There is no ; in font nullfont!
PGFPlots: reading {{../fig/fig_ConvNat_HeatOnly/data/FixedPower/H1H2/data_TC7_0
beg_RixOff_PhaseRIXHP-60°_OrientationH1_Qc40W_Serie1.txt}}
PGFPlots: reading {{../fig/fig_ConvNat_HeatOnly/data/FixedPower/H1H2/data_TC7_0
beg_RixOff_PhaseRIXHP-60°_OrientationH2_Qc40W_Serie1.txt}}
PGFPlots: reading {{../fig/fig_ConvNat_HeatOnly/data/FixedPower/H1H2/data_TC8_0
beg_RixOff_PhaseRIXHP-60°_OrientationH1_Qc40W_Serie1.txt}}
PGFPlots: reading {{../fig/fig_ConvNat_HeatOnly/data/FixedPower/H1H2/data_TC8_0
beg_RixOff_PhaseRIXHP-60°_OrientationH2_Qc40W_Serie1.txt}}
PGFPlots: reading {{../fig/fig_ConvNat_HeatOnly/data/FixedPower/H1H2/data_TC9_0
beg_RixOff_PhaseRIXHP-60°_OrientationH1_Qc40W_Serie1.txt}}
PGFPlots: reading {{../fig/fig_ConvNat_HeatOnly/data/FixedPower/H1H2/data_TC9_0
beg_RixOff_PhaseRIXHP-60°_OrientationH2_Qc40W_Serie1.txt}}
) (../fig/fig_ConvNat_HeatOnly/tex/fig_HeatOnly_AHXin_H1H2.tex
Missing character: There is no ; in font nullfont!
Missing character: There is no ; in font nullfont!
Missing character: There is no ; in font nullfont!
Missing character: There is no ; in font nullfont!
PGFPlots: reading {{../fig/fig_ConvNat_HeatOnly/data/FixedPower/H1H2/data_TC10_
0beg_RixOff_PhaseRIXHP-60°_OrientationH1_Qc40W_Serie1.txt}}
PGFPlots: reading {{../fig/fig_ConvNat_HeatOnly/data/FixedPower/H1H2/data_TC10_
0beg_RixOff_PhaseRIXHP-60°_OrientationH2_Qc40W_Serie1.txt}}
PGFPlots: reading {{../fig/fig_ConvNat_HeatOnly/data/FixedPower/H1H2/data_TC11_
0beg_RixOff_PhaseRIXHP-60°_OrientationH1_Qc40W_Serie1.txt}}
PGFPlots: reading {{../fig/fig_ConvNat_HeatOnly/data/FixedPower/H1H2/data_TC11_
0beg_RixOff_PhaseRIXHP-60°_OrientationH2_Qc40W_Serie1.txt}}
PGFPlots: reading {{../fig/fig_ConvNat_HeatOnly/data/FixedPower/H1H2/data_TC12_
0beg_RixOff_PhaseRIXHP-60°_OrientationH1_Qc40W_Serie1.txt}}
PGFPlots: reading {{../fig/fig_ConvNat_HeatOnly/data/FixedPower/H1H2/data_TC12_
0beg_RixOff_PhaseRIXHP-60°_OrientationH2_Qc40W_Serie1.txt}}
)

LaTeX Warning: Reference `fig:Acou_CHXin_H1H2_Low' on page 50 undefined on inpu
t line 438.


LaTeX Warning: Reference `fig:Acou_AHXin_H1H2_Low' on page 50 undefined on inpu
t line 438.


LaTeX Warning: Reference `fig:Acou_CHXin_H1H2_Low' on page 50 undefined on inpu
t line 440.


LaTeX Warning: Reference `fig:Acou_CHXout_H1H2_Low' on page 50 undefined on inp
ut line 440.

LaTeX Info: Symbol \textminus not provided by
            font family iwonal in TS1 encoding.
            Default family used instead on input line 440.
LaTeX Info: Symbol \textminus not provided by
            font family iwonal in TS1 encoding.
            Default family used instead on input line 440.
LaTeX Info: Symbol \textminus not provided by
            font family iwonal in TS1 encoding.
            Default family used instead on input line 440.
LaTeX Info: Symbol \textminus not provided by
            font family iwonal in TS1 encoding.
            Default family used instead on input line 440.
LaTeX Info: Symbol \textminus not provided by
            font family iwonal in TS1 encoding.
            Default family used instead on input line 440.
LaTeX Info: Symbol \textminus not provided by
            font family iwonal in TS1 encoding.
            Default family used instead on input line 440.

LaTeX Warning: Reference `chap:Acou_CHXout_H1H2_low' on page 50 undefined on in
put line 440.





(../fig/fig_ConvNat_Acou/tex/fig_Acou_CHXin_H1H2_Low.tex
Missing character: There is no ; in font nullfont!
Missing character: There is no ; in font nullfont!
Missing character: There is no ; in font nullfont!
Missing character: There is no ; in font nullfont!
PGFPlots: reading {{../fig/fig_ConvNat_Acou/data/DataMatTxtH1H2Low/data_TC4_0be
g_RixLow_PhaseRIXHP-60°_OrientationH1_Qc0W_Serie1.txt}}
PGFPlots: reading {{../fig/fig_ConvNat_Acou/data/DataMatTxtH1H2Low/data_TC4_0be
g_RixLow_PhaseRIXHP-60°_OrientationH2_Qc0W_Serie1.txt}}
PGFPlots: reading {{../fig/fig_ConvNat_Acou/data/DataMatTxtH1H2Low/data_TC5_0be
g_RixLow_PhaseRIXHP-60°_OrientationH1_Qc0W_Serie1.txt}}
PGFPlots: reading {{../fig/fig_ConvNat_Acou/data/DataMatTxtH1H2Low/data_TC5_0be
g_RixLow_PhaseRIXHP-60°_OrientationH2_Qc0W_Serie1.txt}}
PGFPlots: reading {{../fig/fig_ConvNat_Acou/data/DataMatTxtH1H2Low/data_TC6_0be
g_RixLow_PhaseRIXHP-60°_OrientationH1_Qc0W_Serie1.txt}}
PGFPlots: reading {{../fig/fig_ConvNat_Acou/data/DataMatTxtH1H2Low/data_TC6_0be
g_RixLow_PhaseRIXHP-60°_OrientationH2_Qc0W_Serie1.txt}}
) (../fig/fig_ConvNat_Acou/tex/fig_Acou_Regmid_H1H2_Low.tex
Missing character: There is no ; in font nullfont!
Missing character: There is no ; in font nullfont!
Missing character: There is no ; in font nullfont!
Missing character: There is no ; in font nullfont!
PGFPlots: reading {{../fig/fig_ConvNat_Acou/data/DataMatTxtH1H2Low/data_TC7_0be
g_RixLow_PhaseRIXHP-60°_OrientationH1_Qc0W_Serie1.txt}}
PGFPlots: reading {{../fig/fig_ConvNat_Acou/data/DataMatTxtH1H2Low/data_TC7_0be
g_RixLow_PhaseRIXHP-60°_OrientationH2_Qc0W_Serie1.txt}}
PGFPlots: reading {{../fig/fig_ConvNat_Acou/data/DataMatTxtH1H2Low/data_TC8_0be
g_RixLow_PhaseRIXHP-60°_OrientationH1_Qc0W_Serie1.txt}}
PGFPlots: reading {{../fig/fig_ConvNat_Acou/data/DataMatTxtH1H2Low/data_TC8_0be
g_RixLow_PhaseRIXHP-60°_OrientationH2_Qc0W_Serie1.txt}}
PGFPlots: reading {{../fig/fig_ConvNat_Acou/data/DataMatTxtH1H2Low/data_TC9_0be
g_RixLow_PhaseRIXHP-60°_OrientationH1_Qc0W_Serie1.txt}}
PGFPlots: reading {{../fig/fig_ConvNat_Acou/data/DataMatTxtH1H2Low/data_TC9_0be
g_RixLow_PhaseRIXHP-60°_OrientationH2_Qc0W_Serie1.txt}}
) (../fig/fig_ConvNat_Acou/tex/fig_Acou_AHXin_H1H2_Low.tex
Missing character: There is no ; in font nullfont!
Missing character: There is no ; in font nullfont!
Missing character: There is no ; in font nullfont!
Missing character: There is no ; in font nullfont!
PGFPlots: reading {{../fig/fig_ConvNat_Acou/data/DataMatTxtH1H2Low/data_TC10_0b
eg_RixLow_PhaseRIXHP-60°_OrientationH1_Qc0W_Serie1.txt}}
PGFPlots: reading {{../fig/fig_ConvNat_Acou/data/DataMatTxtH1H2Low/data_TC10_0b
eg_RixLow_PhaseRIXHP-60°_OrientationH2_Qc0W_Serie1.txt}}
PGFPlots: reading {{../fig/fig_ConvNat_Acou/data/DataMatTxtH1H2Low/data_TC11_0b
eg_RixLow_PhaseRIXHP-60°_OrientationH1_Qc0W_Serie1.txt}}
PGFPlots: reading {{../fig/fig_ConvNat_Acou/data/DataMatTxtH1H2Low/data_TC11_0b
eg_RixLow_PhaseRIXHP-60°_OrientationH2_Qc0W_Serie1.txt}}
PGFPlots: reading {{../fig/fig_ConvNat_Acou/data/DataMatTxtH1H2Low/data_TC12_0b
eg_RixLow_PhaseRIXHP-60°_OrientationH1_Qc0W_Serie1.txt}}
PGFPlots: reading {{../fig/fig_ConvNat_Acou/data/DataMatTxtH1H2Low/data_TC12_0b
eg_RixLow_PhaseRIXHP-60°_OrientationH2_Qc0W_Serie1.txt}}
)

LaTeX Warning: Hyper reference `fig:Acou_CHXin_H1H2_Low' on page 52 undefined o
n input line 470.


LaTeX Warning: Reference `sub@fig:Acou_CHXin_H1H2_Low' on page 52 undefined on 
input line 470.


LaTeX Warning: Hyper reference `fig:Acou_Regmid_H1H2_Low' on page 52 undefined 
on input line 470.


LaTeX Warning: Reference `sub@fig:Acou_Regmid_H1H2_Low' on page 52 undefined on
 input line 470.


LaTeX Warning: Hyper reference `fig:Acou_AHXin_H1H2_Low' on page 52 undefined o
n input line 470.


LaTeX Warning: Reference `sub@fig:Acou_AHXin_H1H2_Low' on page 52 undefined on 
input line 470.


LaTeX Warning: Hyper reference `fig:Acou_CHXin_H1H2_Low' on page 52 undefined o
n input line 470.


LaTeX Warning: Reference `sub@fig:Acou_CHXin_H1H2_Low' on page 52 undefined on 
input line 470.


LaTeX Warning: Hyper reference `fig:Acou_Regmid_H1H2_Low' on page 52 undefined 
on input line 470.


LaTeX Warning: Reference `sub@fig:Acou_Regmid_H1H2_Low' on page 52 undefined on
 input line 470.


LaTeX Warning: Hyper reference `fig:Acou_AHXin_H1H2_Low' on page 52 undefined o
n input line 470.


LaTeX Warning: Reference `sub@fig:Acou_AHXin_H1H2_Low' on page 52 undefined on 
input line 470.


LaTeX Warning: Reference `fig:Acou_Regmid_H1H2_Low' on page 52 undefined on inp
ut line 483.

LaTeX Info: Symbol \textminus not provided by
            font family iwonal in TS1 encoding.
            Default family used instead on input line 483.

LaTeX Warning: Reference `fig:Acou_AHXin_H1H2_Low' on page 52 undefined on inpu
t line 494.


LaTeX Warning: Reference `fig:Acou_CHXin_H1H2_Mid' on page 52 undefined on inpu
t line 506.


LaTeX Warning: Reference `fig:Acou_Regmid_H1H2_Mid' on page 52 undefined on inp
ut line 506.


LaTeX Warning: Reference `fig:Acou_AHXin_H1H2_Mid' on page 52 undefined on inpu
t line 506.


LaTeX Warning: Reference `fig:Acou_CHXin_H1H2_Mid' on page 52 undefined on inpu
t line 508.

LaTeX Info: Symbol \textminus not provided by
            font family iwonal in TS1 encoding.
            Default family used instead on input line 508.
LaTeX Info: Symbol \textminus not provided by
            font family iwonal in TS1 encoding.
            Default family used instead on input line 508.
LaTeX Info: Symbol \textminus not provided by
            font family iwonal in TS1 encoding.
            Default family used instead on input line 508.
LaTeX Info: Symbol \textminus not provided by
            font family iwonal in TS1 encoding.
            Default family used instead on input line 508.

LaTeX Warning: Reference `fig:Acou_CHXout_H1H2_Mid' on page 52 undefined on inp
ut line 509.

LaTeX Info: Symbol \textminus not provided by
            font family iwonal in TS1 encoding.
            Default family used instead on input line 509.
LaTeX Info: Symbol \textminus not provided by
            font family iwonal in TS1 encoding.
            Default family used instead on input line 509.
(../fig/fig_ConvNat_Acou/tex/fig_Acou_CHXin_H1H2_Mid.tex
Missing character: There is no ; in font nullfont!
Missing character: There is no ; in font nullfont!
Missing character: There is no ; in font nullfont!
Missing character: There is no ; in font nullfont!
PGFPlots: reading {{../fig/fig_ConvNat_Acou/data/DataMatTxtH1H2Mid/data_TC4_0be
g_RixMid_PhaseRIXHP-60°_OrientationH1_Qc0W_Serie1.txt}}
PGFPlots: reading {{../fig/fig_ConvNat_Acou/data/DataMatTxtH1H2Mid/data_TC4_0be
g_RixMid_PhaseRIXHP-60°_OrientationH2_Qc0W_Serie1.txt}}
PGFPlots: reading {{../fig/fig_ConvNat_Acou/data/DataMatTxtH1H2Mid/data_TC5_0be
g_RixMid_PhaseRIXHP-60°_OrientationH1_Qc0W_Serie1.txt}}
PGFPlots: reading {{../fig/fig_ConvNat_Acou/data/DataMatTxtH1H2Mid/data_TC5_0be
g_RixMid_PhaseRIXHP-60°_OrientationH2_Qc0W_Serie1.txt}}
PGFPlots: reading {{../fig/fig_ConvNat_Acou/data/DataMatTxtH1H2Mid/data_TC6_0be
g_RixMid_PhaseRIXHP-60°_OrientationH1_Qc0W_Serie1.txt}}
PGFPlots: reading {{../fig/fig_ConvNat_Acou/data/DataMatTxtH1H2Mid/data_TC6_0be
g_RixMid_PhaseRIXHP-60°_OrientationH2_Qc0W_Serie1.txt}}
) (../fig/fig_ConvNat_Acou/tex/fig_Acou_Regmid_H1H2_Mid.tex
Missing character: There is no ; in font nullfont!
Missing character: There is no ; in font nullfont!
Missing character: There is no ; in font nullfont!
Missing character: There is no ; in font nullfont!
PGFPlots: reading {{../fig/fig_ConvNat_Acou/data/DataMatTxtH1H2Mid/data_TC7_0be
g_RixMid_PhaseRIXHP-60°_OrientationH1_Qc0W_Serie1.txt}}
PGFPlots: reading {{../fig/fig_ConvNat_Acou/data/DataMatTxtH1H2Mid/data_TC7_0be
g_RixMid_PhaseRIXHP-60°_OrientationH2_Qc0W_Serie1.txt}}
PGFPlots: reading {{../fig/fig_ConvNat_Acou/data/DataMatTxtH1H2Mid/data_TC8_0be
g_RixMid_PhaseRIXHP-60°_OrientationH1_Qc0W_Serie1.txt}}
PGFPlots: reading {{../fig/fig_ConvNat_Acou/data/DataMatTxtH1H2Mid/data_TC8_0be
g_RixMid_PhaseRIXHP-60°_OrientationH2_Qc0W_Serie1.txt}}
PGFPlots: reading {{../fig/fig_ConvNat_Acou/data/DataMatTxtH1H2Mid/data_TC9_0be
g_RixMid_PhaseRIXHP-60°_OrientationH1_Qc0W_Serie1.txt}}
PGFPlots: reading {{../fig/fig_ConvNat_Acou/data/DataMatTxtH1H2Mid/data_TC9_0be
g_RixMid_PhaseRIXHP-60°_OrientationH2_Qc0W_Serie1.txt}}
) (../fig/fig_ConvNat_Acou/tex/fig_Acou_AHXin_H1H2_Mid.tex
Missing character: There is no ; in font nullfont!
Missing character: There is no ; in font nullfont!
Missing character: There is no ; in font nullfont!
Missing character: There is no ; in font nullfont!
PGFPlots: reading {{../fig/fig_ConvNat_Acou/data/DataMatTxtH1H2Mid/data_TC10_0b
eg_RixMid_PhaseRIXHP-60°_OrientationH1_Qc0W_Serie1.txt}}
PGFPlots: reading {{../fig/fig_ConvNat_Acou/data/DataMatTxtH1H2Mid/data_TC10_0b
eg_RixMid_PhaseRIXHP-60°_OrientationH2_Qc0W_Serie1.txt}}
PGFPlots: reading {{../fig/fig_ConvNat_Acou/data/DataMatTxtH1H2Mid/data_TC11_0b
eg_RixMid_PhaseRIXHP-60°_OrientationH1_Qc0W_Serie1.txt}}
PGFPlots: reading {{../fig/fig_ConvNat_Acou/data/DataMatTxtH1H2Mid/data_TC11_0b
eg_RixMid_PhaseRIXHP-60°_OrientationH2_Qc0W_Serie1.txt}}
PGFPlots: reading {{../fig/fig_ConvNat_Acou/data/DataMatTxtH1H2Mid/data_TC12_0b
eg_RixMid_PhaseRIXHP-60°_OrientationH1_Qc0W_Serie1.txt}}
PGFPlots: reading {{../fig/fig_ConvNat_Acou/data/DataMatTxtH1H2Mid/data_TC12_0b
eg_RixMid_PhaseRIXHP-60°_OrientationH2_Qc0W_Serie1.txt}}
)

LaTeX Warning: Hyper reference `fig:Acou_CHXin_H1H2_Mid' on page 52 undefined o
n input line 548.


LaTeX Warning: Reference `sub@fig:Acou_CHXin_H1H2_Mid' on page 52 undefined on 
input line 548.


LaTeX Warning: Hyper reference `fig:Acou_Regmid_H1H2_Mid' on page 52 undefined 
on input line 548.


LaTeX Warning: Reference `sub@fig:Acou_Regmid_H1H2_Mid' on page 52 undefined on
 input line 548.


LaTeX Warning: Hyper reference `fig:Acou_AHXin_H1H2_Mid' on page 52 undefined o
n input line 548.


LaTeX Warning: Reference `sub@fig:Acou_AHXin_H1H2_Mid' on page 52 undefined on 
input line 548.


LaTeX Warning: Hyper reference `fig:Acou_CHXin_H1H2_Mid' on page 52 undefined o
n input line 548.


LaTeX Warning: Reference `sub@fig:Acou_CHXin_H1H2_Mid' on page 52 undefined on 
input line 548.


LaTeX Warning: Hyper reference `fig:Acou_Regmid_H1H2_Mid' on page 52 undefined 
on input line 548.


LaTeX Warning: Reference `sub@fig:Acou_Regmid_H1H2_Mid' on page 52 undefined on
 input line 548.


LaTeX Warning: Hyper reference `fig:Acou_AHXin_H1H2_Mid' on page 52 undefined o
n input line 548.


LaTeX Warning: Reference `sub@fig:Acou_AHXin_H1H2_Mid' on page 52 undefined on 
input line 548.


LaTeX Warning: Reference `fig:Acou_Regmid_H1H2_Mid' on page 52 undefined on inp
ut line 552.

LaTeX Info: Symbol \textminus not provided by
            font family iwonal in TS1 encoding.
            Default family used instead on input line 552.
LaTeX Info: Symbol \textminus not provided by
            font family iwonal in TS1 encoding.
            Default family used instead on input line 552.

LaTeX Warning: Reference `fig:Acou_AHXin_H1H2_Mid' on page 52 undefined on inpu
t line 563.


LaTeX Warning: Reference `fig:Acou_CHXin_H1H2_High' on page 52 undefined on inp
ut line 576.


LaTeX Warning: Reference `fig:Acou_Regmid_H1H2_High' on page 52 undefined on in
put line 576.


LaTeX Warning: Reference `fig:Acou_AHXin_H1H2_High' on page 52 undefined on inp
ut line 576.

(../fig/fig_ConvNat_Acou/tex/fig_Acou_CHXin_H1H2_High.tex
Missing character: There is no ; in font nullfont!
Missing character: There is no ; in font nullfont!
Missing character: There is no ; in font nullfont!
Missing character: There is no ; in font nullfont!
PGFPlots: reading {{../fig/fig_ConvNat_Acou/data/DataMatTxtH1H2High/data_TC4_0b
eg_RixHigh_PhaseRIXHP-60°_OrientationH1_Qc0W_Serie1.txt}}
PGFPlots: reading {{../fig/fig_ConvNat_Acou/data/DataMatTxtH1H2High/data_TC4_0b
eg_RixHigh_PhaseRIXHP-60°_OrientationH2_Qc0W_Serie1.txt}}
PGFPlots: reading {{../fig/fig_ConvNat_Acou/data/DataMatTxtH1H2High/data_TC5_0b
eg_RixHigh_PhaseRIXHP-60°_OrientationH1_Qc0W_Serie1.txt}}
PGFPlots: reading {{../fig/fig_ConvNat_Acou/data/DataMatTxtH1H2High/data_TC5_0b
eg_RixHigh_PhaseRIXHP-60°_OrientationH2_Qc0W_Serie1.txt}}
PGFPlots: reading {{../fig/fig_ConvNat_Acou/data/DataMatTxtH1H2High/data_TC6_0b
eg_RixHigh_PhaseRIXHP-60°_OrientationH1_Qc0W_Serie1.txt}}
PGFPlots: reading {{../fig/fig_ConvNat_Acou/data/DataMatTxtH1H2High/data_TC6_0b
eg_RixHigh_PhaseRIXHP-60°_OrientationH2_Qc0W_Serie1.txt}}
) (../fig/fig_ConvNat_Acou/tex/fig_Acou_Regmid_H1H2_High.tex
Missing character: There is no ; in font nullfont!
Missing character: There is no ; in font nullfont!
Missing character: There is no ; in font nullfont!
Missing character: There is no ; in font nullfont!
PGFPlots: reading {{../fig/fig_ConvNat_Acou/data/DataMatTxtH1H2High/data_TC7_0b
eg_RixHigh_PhaseRIXHP-60°_OrientationH1_Qc0W_Serie1.txt}}
PGFPlots: reading {{../fig/fig_ConvNat_Acou/data/DataMatTxtH1H2High/data_TC7_0b
eg_RixHigh_PhaseRIXHP-60°_OrientationH2_Qc0W_Serie1.txt}}
PGFPlots: reading {{../fig/fig_ConvNat_Acou/data/DataMatTxtH1H2High/data_TC8_0b
eg_RixHigh_PhaseRIXHP-60°_OrientationH1_Qc0W_Serie1.txt}}
PGFPlots: reading {{../fig/fig_ConvNat_Acou/data/DataMatTxtH1H2High/data_TC8_0b
eg_RixHigh_PhaseRIXHP-60°_OrientationH2_Qc0W_Serie1.txt}}
PGFPlots: reading {{../fig/fig_ConvNat_Acou/data/DataMatTxtH1H2High/data_TC9_0b
eg_RixHigh_PhaseRIXHP-60°_OrientationH1_Qc0W_Serie1.txt}}
PGFPlots: reading {{../fig/fig_ConvNat_Acou/data/DataMatTxtH1H2High/data_TC9_0b
eg_RixHigh_PhaseRIXHP-60°_OrientationH2_Qc0W_Serie1.txt}}
) (../fig/fig_ConvNat_Acou/tex/fig_Acou_AHXin_H1H2_High.tex
Missing character: There is no ; in font nullfont!
Missing character: There is no ; in font nullfont!
Missing character: There is no ; in font nullfont!
Missing character: There is no ; in font nullfont!
PGFPlots: reading {{../fig/fig_ConvNat_Acou/data/DataMatTxtH1H2High/data_TC10_0
beg_RixHigh_PhaseRIXHP-60°_OrientationH1_Qc0W_Serie1.txt}}
PGFPlots: reading {{../fig/fig_ConvNat_Acou/data/DataMatTxtH1H2High/data_TC10_0
beg_RixHigh_PhaseRIXHP-60°_OrientationH2_Qc0W_Serie1.txt}}
PGFPlots: reading {{../fig/fig_ConvNat_Acou/data/DataMatTxtH1H2High/data_TC11_0
beg_RixHigh_PhaseRIXHP-60°_OrientationH1_Qc0W_Serie1.txt}}
PGFPlots: reading {{../fig/fig_ConvNat_Acou/data/DataMatTxtH1H2High/data_TC11_0
beg_RixHigh_PhaseRIXHP-60°_OrientationH2_Qc0W_Serie1.txt}}
PGFPlots: reading {{../fig/fig_ConvNat_Acou/data/DataMatTxtH1H2High/data_TC12_0
beg_RixHigh_PhaseRIXHP-60°_OrientationH1_Qc0W_Serie1.txt}}
PGFPlots: reading {{../fig/fig_ConvNat_Acou/data/DataMatTxtH1H2High/data_TC12_0
beg_RixHigh_PhaseRIXHP-60°_OrientationH2_Qc0W_Serie1.txt}}
)

LaTeX Warning: Hyper reference `fig:Acou_CHXin_H1H2_High' on page 52 undefined 
on input line 606.


LaTeX Warning: Reference `sub@fig:Acou_CHXin_H1H2_High' on page 52 undefined on
 input line 606.


LaTeX Warning: Hyper reference `fig:Acou_Regmid_H1H2_High' on page 52 undefined
 on input line 606.


LaTeX Warning: Reference `sub@fig:Acou_Regmid_H1H2_High' on page 52 undefined o
n input line 606.


LaTeX Warning: Hyper reference `fig:Acou_AHXin_H1H2_High' on page 52 undefined 
on input line 606.


LaTeX Warning: Reference `sub@fig:Acou_AHXin_H1H2_High' on page 52 undefined on
 input line 606.


LaTeX Warning: Hyper reference `fig:Acou_CHXin_H1H2_High' on page 52 undefined 
on input line 606.


LaTeX Warning: Reference `sub@fig:Acou_CHXin_H1H2_High' on page 52 undefined on
 input line 606.


LaTeX Warning: Hyper reference `fig:Acou_Regmid_H1H2_High' on page 52 undefined
 on input line 606.


LaTeX Warning: Reference `sub@fig:Acou_Regmid_H1H2_High' on page 52 undefined o
n input line 606.


LaTeX Warning: Hyper reference `fig:Acou_AHXin_H1H2_High' on page 52 undefined 
on input line 606.


LaTeX Warning: Reference `sub@fig:Acou_AHXin_H1H2_High' on page 52 undefined on
 input line 606.



(../fig/fig_ConvNat_HeatOnly/tex/fig_HeatOnly_CHXin_V1V2.tex
Missing character: There is no ; in font nullfont!
Missing character: There is no ; in font nullfont!
Missing character: There is no ; in font nullfont!
Missing character: There is no ; in font nullfont!
PGFPlots: reading {{../fig/fig_ConvNat_HeatOnly/data/FixedPower/V1V2/data_TC4_0
beg_RixOff_PhaseRIXHP-60°_OrientationV1_Qc40W_Serie3.txt}}
PGFPlots: reading {{../fig/fig_ConvNat_HeatOnly/data/FixedPower/V1V2/data_TC4_0
beg_RixOff_PhaseRIXHP-60°_OrientationV2_Qc40W_Serie1.txt}}
PGFPlots: reading {{../fig/fig_ConvNat_HeatOnly/data/FixedPower/V1V2/data_TC5_0
beg_RixOff_PhaseRIXHP-60°_OrientationV1_Qc40W_Serie3.txt}}
PGFPlots: reading {{../fig/fig_ConvNat_HeatOnly/data/FixedPower/V1V2/data_TC5_0
beg_RixOff_PhaseRIXHP-60°_OrientationV2_Qc40W_Serie1.txt}}
PGFPlots: reading {{../fig/fig_ConvNat_HeatOnly/data/FixedPower/V1V2/data_TC6_0
beg_RixOff_PhaseRIXHP-60°_OrientationV1_Qc40W_Serie3.txt}}
PGFPlots: reading {{../fig/fig_ConvNat_HeatOnly/data/FixedPower/V1V2/data_TC6_0
beg_RixOff_PhaseRIXHP-60°_OrientationV2_Qc40W_Serie1.txt}}
) (../fig/fig_ConvNat_HeatOnly/tex/fig_HeatOnly_Regmid_V1V2.tex
Missing character: There is no ; in font nullfont!
Missing character: There is no ; in font nullfont!
Missing character: There is no ; in font nullfont!
Missing character: There is no ; in font nullfont!
PGFPlots: reading {{../fig/fig_ConvNat_HeatOnly/data/FixedPower/V1V2/data_TC7_0
beg_RixOff_PhaseRIXHP-60°_OrientationV1_Qc40W_Serie3.txt}}
PGFPlots: reading {{../fig/fig_ConvNat_HeatOnly/data/FixedPower/V1V2/data_TC7_0
beg_RixOff_PhaseRIXHP-60°_OrientationV2_Qc40W_Serie1.txt}}
PGFPlots: reading {{../fig/fig_ConvNat_HeatOnly/data/FixedPower/V1V2/data_TC8_0
beg_RixOff_PhaseRIXHP-60°_OrientationV1_Qc40W_Serie3.txt}}
PGFPlots: reading {{../fig/fig_ConvNat_HeatOnly/data/FixedPower/V1V2/data_TC8_0
beg_RixOff_PhaseRIXHP-60°_OrientationV2_Qc40W_Serie1.txt}}
PGFPlots: reading {{../fig/fig_ConvNat_HeatOnly/data/FixedPower/V1V2/data_TC9_0
beg_RixOff_PhaseRIXHP-60°_OrientationV1_Qc40W_Serie3.txt}}
PGFPlots: reading {{../fig/fig_ConvNat_HeatOnly/data/FixedPower/V1V2/data_TC9_0
beg_RixOff_PhaseRIXHP-60°_OrientationV2_Qc40W_Serie1.txt}}
) (../fig/fig_ConvNat_HeatOnly/tex/fig_HeatOnly_AHXin_V1V2.tex
Missing character: There is no ; in font nullfont!
Missing character: There is no ; in font nullfont!
Missing character: There is no ; in font nullfont!
Missing character: There is no ; in font nullfont!
PGFPlots: reading {{../fig/fig_ConvNat_HeatOnly/data/FixedPower/V1V2/data_TC10_
0beg_RixOff_PhaseRIXHP-60°_OrientationV1_Qc40W_Serie3.txt}}
PGFPlots: reading {{../fig/fig_ConvNat_HeatOnly/data/FixedPower/V1V2/data_TC10_
0beg_RixOff_PhaseRIXHP-60°_OrientationV2_Qc40W_Serie1.txt}}
PGFPlots: reading {{../fig/fig_ConvNat_HeatOnly/data/FixedPower/V1V2/data_TC11_
0beg_RixOff_PhaseRIXHP-60°_OrientationV1_Qc40W_Serie3.txt}}
PGFPlots: reading {{../fig/fig_ConvNat_HeatOnly/data/FixedPower/V1V2/data_TC11_
0beg_RixOff_PhaseRIXHP-60°_OrientationV2_Qc40W_Serie1.txt}}
PGFPlots: reading {{../fig/fig_ConvNat_HeatOnly/data/FixedPower/V1V2/data_TC12_
0beg_RixOff_PhaseRIXHP-60°_OrientationV1_Qc40W_Serie3.txt}}
PGFPlots: reading {{../fig/fig_ConvNat_HeatOnly/data/FixedPower/V1V2/data_TC12_
0beg_RixOff_PhaseRIXHP-60°_OrientationV2_Qc40W_Serie1.txt}}
)

LaTeX Warning: Hyper reference `fig:HeatOnly_CHXin_V1V2' on page 53 undefined o
n input line 668.


LaTeX Warning: Reference `sub@fig:HeatOnly_CHXin_V1V2' on page 53 undefined on 
input line 668.


LaTeX Warning: Hyper reference `fig:HeatOnly_Regmid_V1V2' on page 53 undefined 
on input line 668.


LaTeX Warning: Reference `sub@fig:HeatOnly_Regmid_V1V2' on page 53 undefined on
 input line 668.


LaTeX Warning: Hyper reference `fig:HeatOnly_AHXin_V1V2' on page 53 undefined o
n input line 668.


LaTeX Warning: Reference `sub@fig:HeatOnly_AHXin_V1V2' on page 53 undefined on 
input line 668.


LaTeX Warning: Hyper reference `fig:HeatOnly_CHXin_V1V2' on page 53 undefined o
n input line 668.


LaTeX Warning: Reference `sub@fig:HeatOnly_CHXin_V1V2' on page 53 undefined on 
input line 668.


LaTeX Warning: Hyper reference `fig:HeatOnly_Regmid_V1V2' on page 53 undefined 
on input line 668.


LaTeX Warning: Reference `sub@fig:HeatOnly_Regmid_V1V2' on page 53 undefined on
 input line 668.


LaTeX Warning: Hyper reference `fig:HeatOnly_AHXin_V1V2' on page 53 undefined o
n input line 668.


LaTeX Warning: Reference `sub@fig:HeatOnly_AHXin_V1V2' on page 53 undefined on 
input line 668.




LaTeX Warning: Reference `fig:Acou_CHXin_V1V2_Low' on page 54 undefined on inpu
t line 672.


LaTeX Warning: Reference `fig:Acou_Regmid_V1V2_Low' on page 54 undefined on inp
ut line 672.


LaTeX Warning: Reference `fig:Acou_AHXin_V1V2_Low' on page 54 undefined on inpu
t line 672.

(../fig/fig_ConvNat_Acou/tex/fig_Acou_CHXin_V1V2_Low.tex
Missing character: There is no ; in font nullfont!
Missing character: There is no ; in font nullfont!
Missing character: There is no ; in font nullfont!
Missing character: There is no ; in font nullfont!
PGFPlots: reading {{../fig/fig_ConvNat_Acou/data/DataMatTxtV1V2Low/data_TC4_0be
g_RixLow_PhaseRIXHP-60°_OrientationV1_Qc0W_Serie1.txt}}
PGFPlots: reading {{../fig/fig_ConvNat_Acou/data/DataMatTxtV1V2Low/data_TC4_0be
g_RixLow_PhaseRIXHP-60°_OrientationV2_Qc0W_Serie1.txt}}
PGFPlots: reading {{../fig/fig_ConvNat_Acou/data/DataMatTxtV1V2Low/data_TC5_0be
g_RixLow_PhaseRIXHP-60°_OrientationV1_Qc0W_Serie1.txt}}
PGFPlots: reading {{../fig/fig_ConvNat_Acou/data/DataMatTxtV1V2Low/data_TC5_0be
g_RixLow_PhaseRIXHP-60°_OrientationV2_Qc0W_Serie1.txt}}
PGFPlots: reading {{../fig/fig_ConvNat_Acou/data/DataMatTxtV1V2Low/data_TC6_0be
g_RixLow_PhaseRIXHP-60°_OrientationV1_Qc0W_Serie1.txt}}
PGFPlots: reading {{../fig/fig_ConvNat_Acou/data/DataMatTxtV1V2Low/data_TC6_0be
g_RixLow_PhaseRIXHP-60°_OrientationV2_Qc0W_Serie1.txt}}
) (../fig/fig_ConvNat_Acou/tex/fig_Acou_Regmid_V1V2_Low.tex
Missing character: There is no ; in font nullfont!
Missing character: There is no ; in font nullfont!
Missing character: There is no ; in font nullfont!
Missing character: There is no ; in font nullfont!
PGFPlots: reading {{../fig/fig_ConvNat_Acou/data/DataMatTxtV1V2Low/data_TC7_0be
g_RixLow_PhaseRIXHP-60°_OrientationV1_Qc0W_Serie1.txt}}
PGFPlots: reading {{../fig/fig_ConvNat_Acou/data/DataMatTxtV1V2Low/data_TC7_0be
g_RixLow_PhaseRIXHP-60°_OrientationV2_Qc0W_Serie1.txt}}
PGFPlots: reading {{../fig/fig_ConvNat_Acou/data/DataMatTxtV1V2Low/data_TC8_0be
g_RixLow_PhaseRIXHP-60°_OrientationV1_Qc0W_Serie1.txt}}
PGFPlots: reading {{../fig/fig_ConvNat_Acou/data/DataMatTxtV1V2Low/data_TC8_0be
g_RixLow_PhaseRIXHP-60°_OrientationV2_Qc0W_Serie1.txt}}
PGFPlots: reading {{../fig/fig_ConvNat_Acou/data/DataMatTxtV1V2Low/data_TC9_0be
g_RixLow_PhaseRIXHP-60°_OrientationV1_Qc0W_Serie1.txt}}
PGFPlots: reading {{../fig/fig_ConvNat_Acou/data/DataMatTxtV1V2Low/data_TC9_0be
g_RixLow_PhaseRIXHP-60°_OrientationV2_Qc0W_Serie1.txt}}
) (../fig/fig_ConvNat_Acou/tex/fig_Acou_AHXin_V1V2_Low.tex
Missing character: There is no ; in font nullfont!
Missing character: There is no ; in font nullfont!
Missing character: There is no ; in font nullfont!
Missing character: There is no ; in font nullfont!
PGFPlots: reading {{../fig/fig_ConvNat_Acou/data/DataMatTxtV1V2Low/data_TC10_0b
eg_RixLow_PhaseRIXHP-60°_OrientationV1_Qc0W_Serie1.txt}}
PGFPlots: reading {{../fig/fig_ConvNat_Acou/data/DataMatTxtV1V2Low/data_TC10_0b
eg_RixLow_PhaseRIXHP-60°_OrientationV2_Qc0W_Serie1.txt}}
PGFPlots: reading {{../fig/fig_ConvNat_Acou/data/DataMatTxtV1V2Low/data_TC11_0b
eg_RixLow_PhaseRIXHP-60°_OrientationV1_Qc0W_Serie1.txt}}
PGFPlots: reading {{../fig/fig_ConvNat_Acou/data/DataMatTxtV1V2Low/data_TC11_0b
eg_RixLow_PhaseRIXHP-60°_OrientationV2_Qc0W_Serie1.txt}}
PGFPlots: reading {{../fig/fig_ConvNat_Acou/data/DataMatTxtV1V2Low/data_TC12_0b
eg_RixLow_PhaseRIXHP-60°_OrientationV1_Qc0W_Serie1.txt}}
PGFPlots: reading {{../fig/fig_ConvNat_Acou/data/DataMatTxtV1V2Low/data_TC12_0b
eg_RixLow_PhaseRIXHP-60°_OrientationV2_Qc0W_Serie1.txt}}
)

LaTeX Warning: Hyper reference `fig:Acou_CHXin_V1V2_Low' on page 54 undefined o
n input line 729.


LaTeX Warning: Reference `sub@fig:Acou_CHXin_V1V2_Low' on page 54 undefined on 
input line 729.


LaTeX Warning: Hyper reference `fig:Acou_Regmid_V1V2_Low' on page 54 undefined 
on input line 729.


LaTeX Warning: Reference `sub@fig:Acou_Regmid_V1V2_Low' on page 54 undefined on
 input line 729.


LaTeX Warning: Hyper reference `fig:Acou_AHXin_V1V2_Low' on page 54 undefined o
n input line 729.


LaTeX Warning: Reference `sub@fig:Acou_AHXin_V1V2_Low' on page 54 undefined on 
input line 729.


LaTeX Warning: Hyper reference `fig:Acou_CHXin_V1V2_Low' on page 54 undefined o
n input line 729.


LaTeX Warning: Reference `sub@fig:Acou_CHXin_V1V2_Low' on page 54 undefined on 
input line 729.


LaTeX Warning: Hyper reference `fig:Acou_Regmid_V1V2_Low' on page 54 undefined 
on input line 729.


LaTeX Warning: Reference `sub@fig:Acou_Regmid_V1V2_Low' on page 54 undefined on
 input line 729.


LaTeX Warning: Hyper reference `fig:Acou_AHXin_V1V2_Low' on page 54 undefined o
n input line 729.


LaTeX Warning: Reference `sub@fig:Acou_AHXin_V1V2_Low' on page 54 undefined on 
input line 729.


LaTeX Warning: Reference `fig:Acou_CHXin_V1V2_Mid' on page 54 undefined on inpu
t line 733.


LaTeX Warning: Reference `fig:Acou_Regmid_V1V2_Mid' on page 54 undefined on inp
ut line 733.


LaTeX Warning: Reference `fig:Acou_AHXin_V1V2_Mid' on page 54 undefined on inpu
t line 733.

(../fig/fig_ConvNat_Acou/tex/fig_Acou_CHXin_V1V2_Mid.tex
Missing character: There is no ; in font nullfont!
Missing character: There is no ; in font nullfont!
Missing character: There is no ; in font nullfont!
Missing character: There is no ; in font nullfont!
PGFPlots: reading {{../fig/fig_ConvNat_Acou/data/DataMatTxtV1V2Mid/data_TC4_0be
g_RixMid_PhaseRIXHP-60°_OrientationV1_Qc0W_Serie3.txt}}
PGFPlots: reading {{../fig/fig_ConvNat_Acou/data/DataMatTxtV1V2Mid/data_TC4_0be
g_RixMid_PhaseRIXHP-60°_OrientationV2_Qc0W_Serie1.txt}}
PGFPlots: reading {{../fig/fig_ConvNat_Acou/data/DataMatTxtV1V2Mid/data_TC5_0be
g_RixMid_PhaseRIXHP-60°_OrientationV1_Qc0W_Serie3.txt}}
PGFPlots: reading {{../fig/fig_ConvNat_Acou/data/DataMatTxtV1V2Mid/data_TC5_0be
g_RixMid_PhaseRIXHP-60°_OrientationV2_Qc0W_Serie1.txt}}
PGFPlots: reading {{../fig/fig_ConvNat_Acou/data/DataMatTxtV1V2Mid/data_TC6_0be
g_RixMid_PhaseRIXHP-60°_OrientationV1_Qc0W_Serie3.txt}}
PGFPlots: reading {{../fig/fig_ConvNat_Acou/data/DataMatTxtV1V2Mid/data_TC6_0be
g_RixMid_PhaseRIXHP-60°_OrientationV2_Qc0W_Serie1.txt}}
) (../fig/fig_ConvNat_Acou/tex/fig_Acou_Regmid_V1V2_Mid.tex
Missing character: There is no ; in font nullfont!
Missing character: There is no ; in font nullfont!
Missing character: There is no ; in font nullfont!
Missing character: There is no ; in font nullfont!
PGFPlots: reading {{../fig/fig_ConvNat_Acou/data/DataMatTxtV1V2Mid/data_TC7_0be
g_RixMid_PhaseRIXHP-60°_OrientationV1_Qc0W_Serie3.txt}}
PGFPlots: reading {{../fig/fig_ConvNat_Acou/data/DataMatTxtV1V2Mid/data_TC7_0be
g_RixMid_PhaseRIXHP-60°_OrientationV2_Qc0W_Serie1.txt}}
PGFPlots: reading {{../fig/fig_ConvNat_Acou/data/DataMatTxtV1V2Mid/data_TC8_0be
g_RixMid_PhaseRIXHP-60°_OrientationV1_Qc0W_Serie3.txt}}
PGFPlots: reading {{../fig/fig_ConvNat_Acou/data/DataMatTxtV1V2Mid/data_TC8_0be
g_RixMid_PhaseRIXHP-60°_OrientationV2_Qc0W_Serie1.txt}}
PGFPlots: reading {{../fig/fig_ConvNat_Acou/data/DataMatTxtV1V2Mid/data_TC9_0be
g_RixMid_PhaseRIXHP-60°_OrientationV1_Qc0W_Serie3.txt}}
PGFPlots: reading {{../fig/fig_ConvNat_Acou/data/DataMatTxtV1V2Mid/data_TC9_0be
g_RixMid_PhaseRIXHP-60°_OrientationV2_Qc0W_Serie1.txt}}
) (../fig/fig_ConvNat_Acou/tex/fig_Acou_AHXin_V1V2_Mid.tex
Missing character: There is no ; in font nullfont!
Missing character: There is no ; in font nullfont!
Missing character: There is no ; in font nullfont!
Missing character: There is no ; in font nullfont!
PGFPlots: reading {{../fig/fig_ConvNat_Acou/data/DataMatTxtV1V2Mid/data_TC10_0b
eg_RixMid_PhaseRIXHP-60°_OrientationV1_Qc0W_Serie3.txt}}
PGFPlots: reading {{../fig/fig_ConvNat_Acou/data/DataMatTxtV1V2Mid/data_TC10_0b
eg_RixMid_PhaseRIXHP-60°_OrientationV2_Qc0W_Serie1.txt}}
PGFPlots: reading {{../fig/fig_ConvNat_Acou/data/DataMatTxtV1V2Mid/data_TC11_0b
eg_RixMid_PhaseRIXHP-60°_OrientationV1_Qc0W_Serie3.txt}}
PGFPlots: reading {{../fig/fig_ConvNat_Acou/data/DataMatTxtV1V2Mid/data_TC11_0b
eg_RixMid_PhaseRIXHP-60°_OrientationV2_Qc0W_Serie1.txt}}
PGFPlots: reading {{../fig/fig_ConvNat_Acou/data/DataMatTxtV1V2Mid/data_TC12_0b
eg_RixMid_PhaseRIXHP-60°_OrientationV1_Qc0W_Serie3.txt}}
PGFPlots: reading {{../fig/fig_ConvNat_Acou/data/DataMatTxtV1V2Mid/data_TC12_0b
eg_RixMid_PhaseRIXHP-60°_OrientationV2_Qc0W_Serie1.txt}}
)

LaTeX Warning: Hyper reference `fig:Acou_CHXin_V1V2_Mid' on page 54 undefined o
n input line 789.


LaTeX Warning: Reference `sub@fig:Acou_CHXin_V1V2_Mid' on page 54 undefined on 
input line 789.


LaTeX Warning: Hyper reference `fig:Acou_Regmid_V1V2_Mid' on page 54 undefined 
on input line 789.


LaTeX Warning: Reference `sub@fig:Acou_Regmid_V1V2_Mid' on page 54 undefined on
 input line 789.


LaTeX Warning: Hyper reference `fig:Acou_AHXin_V1V2_Mid' on page 54 undefined o
n input line 789.


LaTeX Warning: Reference `sub@fig:Acou_AHXin_V1V2_Mid' on page 54 undefined on 
input line 789.


LaTeX Warning: Hyper reference `fig:Acou_CHXin_V1V2_Mid' on page 54 undefined o
n input line 789.


LaTeX Warning: Reference `sub@fig:Acou_CHXin_V1V2_Mid' on page 54 undefined on 
input line 789.


LaTeX Warning: Hyper reference `fig:Acou_Regmid_V1V2_Mid' on page 54 undefined 
on input line 789.


LaTeX Warning: Reference `sub@fig:Acou_Regmid_V1V2_Mid' on page 54 undefined on
 input line 789.


LaTeX Warning: Hyper reference `fig:Acou_AHXin_V1V2_Mid' on page 54 undefined o
n input line 789.


LaTeX Warning: Reference `sub@fig:Acou_AHXin_V1V2_Mid' on page 54 undefined on 
input line 789.


LaTeX Warning: Reference `fig:Acou_CHXin_V1V2_High' on page 54 undefined on inp
ut line 793.


LaTeX Warning: Reference `fig:Acou_Regmid_V1V2_High' on page 54 undefined on in
put line 793.


LaTeX Warning: Reference `fig:Acou_AHXin_V1V2_High' on page 54 undefined on inp
ut line 793.

(../fig/fig_ConvNat_Acou/tex/fig_Acou_CHXin_V1V2_High.tex
Missing character: There is no ; in font nullfont!
Missing character: There is no ; in font nullfont!
Missing character: There is no ; in font nullfont!
Missing character: There is no ; in font nullfont!
PGFPlots: reading {{../fig/fig_ConvNat_Acou/data/DataMatTxtV1V2High/data_TC4_0b
eg_RixHigh_PhaseRIXHP-60°_OrientationV1_Qc0W_Serie1.txt}}
PGFPlots: reading {{../fig/fig_ConvNat_Acou/data/DataMatTxtV1V2High/data_TC4_0b
eg_RixHigh_PhaseRIXHP-60°_OrientationV2_Qc0W_Serie1.txt}}
PGFPlots: reading {{../fig/fig_ConvNat_Acou/data/DataMatTxtV1V2High/data_TC5_0b
eg_RixHigh_PhaseRIXHP-60°_OrientationV1_Qc0W_Serie1.txt}}
PGFPlots: reading {{../fig/fig_ConvNat_Acou/data/DataMatTxtV1V2High/data_TC5_0b
eg_RixHigh_PhaseRIXHP-60°_OrientationV2_Qc0W_Serie1.txt}}
PGFPlots: reading {{../fig/fig_ConvNat_Acou/data/DataMatTxtV1V2High/data_TC6_0b
eg_RixHigh_PhaseRIXHP-60°_OrientationV1_Qc0W_Serie1.txt}}
PGFPlots: reading {{../fig/fig_ConvNat_Acou/data/DataMatTxtV1V2High/data_TC6_0b
eg_RixHigh_PhaseRIXHP-60°_OrientationV2_Qc0W_Serie1.txt}}
) (../fig/fig_ConvNat_Acou/tex/fig_Acou_Regmid_V1V2_High.tex
Missing character: There is no ; in font nullfont!
Missing character: There is no ; in font nullfont!
Missing character: There is no ; in font nullfont!
Missing character: There is no ; in font nullfont!
PGFPlots: reading {{../fig/fig_ConvNat_Acou/data/DataMatTxtV1V2High/data_TC7_0b
eg_RixHigh_PhaseRIXHP-60°_OrientationV1_Qc0W_Serie1.txt}}
PGFPlots: reading {{../fig/fig_ConvNat_Acou/data/DataMatTxtV1V2High/data_TC7_0b
eg_RixHigh_PhaseRIXHP-60°_OrientationV2_Qc0W_Serie1.txt}}
PGFPlots: reading {{../fig/fig_ConvNat_Acou/data/DataMatTxtV1V2High/data_TC8_0b
eg_RixHigh_PhaseRIXHP-60°_OrientationV1_Qc0W_Serie1.txt}}
PGFPlots: reading {{../fig/fig_ConvNat_Acou/data/DataMatTxtV1V2High/data_TC8_0b
eg_RixHigh_PhaseRIXHP-60°_OrientationV2_Qc0W_Serie1.txt}}
PGFPlots: reading {{../fig/fig_ConvNat_Acou/data/DataMatTxtV1V2High/data_TC9_0b
eg_RixHigh_PhaseRIXHP-60°_OrientationV1_Qc0W_Serie1.txt}}
PGFPlots: reading {{../fig/fig_ConvNat_Acou/data/DataMatTxtV1V2High/data_TC9_0b
eg_RixHigh_PhaseRIXHP-60°_OrientationV2_Qc0W_Serie1.txt}}
) (../fig/fig_ConvNat_Acou/tex/fig_Acou_AHXin_V1V2_High.tex
Missing character: There is no ; in font nullfont!
Missing character: There is no ; in font nullfont!
Missing character: There is no ; in font nullfont!
Missing character: There is no ; in font nullfont!
PGFPlots: reading {{../fig/fig_ConvNat_Acou/data/DataMatTxtV1V2High/data_TC10_0
beg_RixHigh_PhaseRIXHP-60°_OrientationV1_Qc0W_Serie1.txt}}
PGFPlots: reading {{../fig/fig_ConvNat_Acou/data/DataMatTxtV1V2High/data_TC10_0
beg_RixHigh_PhaseRIXHP-60°_OrientationV2_Qc0W_Serie1.txt}}
PGFPlots: reading {{../fig/fig_ConvNat_Acou/data/DataMatTxtV1V2High/data_TC11_0
beg_RixHigh_PhaseRIXHP-60°_OrientationV1_Qc0W_Serie1.txt}}
PGFPlots: reading {{../fig/fig_ConvNat_Acou/data/DataMatTxtV1V2High/data_TC11_0
beg_RixHigh_PhaseRIXHP-60°_OrientationV2_Qc0W_Serie1.txt}}
PGFPlots: reading {{../fig/fig_ConvNat_Acou/data/DataMatTxtV1V2High/data_TC12_0
beg_RixHigh_PhaseRIXHP-60°_OrientationV1_Qc0W_Serie1.txt}}
PGFPlots: reading {{../fig/fig_ConvNat_Acou/data/DataMatTxtV1V2High/data_TC12_0
beg_RixHigh_PhaseRIXHP-60°_OrientationV2_Qc0W_Serie1.txt}}
)

LaTeX Warning: Hyper reference `fig:Acou_CHXin_V1V2_High' on page 54 undefined 
on input line 850.


LaTeX Warning: Reference `sub@fig:Acou_CHXin_V1V2_High' on page 54 undefined on
 input line 850.


LaTeX Warning: Hyper reference `fig:Acou_Regmid_V1V2_High' on page 54 undefined
 on input line 850.


LaTeX Warning: Reference `sub@fig:Acou_Regmid_V1V2_High' on page 54 undefined o
n input line 850.


LaTeX Warning: Hyper reference `fig:Acou_AHXin_V1V2_High' on page 54 undefined 
on input line 850.


LaTeX Warning: Reference `sub@fig:Acou_AHXin_V1V2_High' on page 54 undefined on
 input line 850.


LaTeX Warning: Hyper reference `fig:Acou_CHXin_V1V2_High' on page 54 undefined 
on input line 850.


LaTeX Warning: Reference `sub@fig:Acou_CHXin_V1V2_High' on page 54 undefined on
 input line 850.


LaTeX Warning: Hyper reference `fig:Acou_Regmid_V1V2_High' on page 54 undefined
 on input line 850.


LaTeX Warning: Reference `sub@fig:Acou_Regmid_V1V2_High' on page 54 undefined o
n input line 850.


LaTeX Warning: Hyper reference `fig:Acou_AHXin_V1V2_High' on page 54 undefined 
on input line 850.


LaTeX Warning: Reference `sub@fig:Acou_AHXin_V1V2_High' on page 54 undefined on
 input line 850.








LaTeX Warning: Reference `fig:Repetabilite_V1' on page 57 undefined on input li
ne 882.

(../fig/fig_Repetabilite_V1/tex/fig_Repetabilite_V1.tex
Missing character: There is no ; in font nullfont!
Missing character: There is no ; in font nullfont!
Missing character: There is no ; in font nullfont!
Missing character: There is no ; in font nullfont!
PGFPlots: reading {{../fig/fig_Repetabilite_V1/data/data_TC7_0beg_RixHi_PhaseRI
XHP-60°_OrientationV1_Qc0W_Serie1.txt}}
PGFPlots: reading {{../fig/fig_Repetabilite_V1/data/data_TC7_0beg_RixHi_PhaseRI
XHP-60°_OrientationV1_Qc0W_Serie2.txt}}
PGFPlots: reading {{../fig/fig_Repetabilite_V1/data/data_TC8_0beg_RixHi_PhaseRI
XHP-60°_OrientationV1_Qc0W_Serie1.txt}}
PGFPlots: reading {{../fig/fig_Repetabilite_V1/data/data_TC8_0beg_RixHi_PhaseRI
XHP-60°_OrientationV1_Qc0W_Serie2.txt}}
)

) (Conclusion.tex





Chapitre V.


) (Perspectives.tex

Chapitre VI.



LaTeX Warning: Reference `fig:ActiveControl_ADAU1701' on page 64 undefined on i
nput line 36.


LaTeX Warning: Reference `fig:ActiveControl_Teensy41' on page 64 undefined on i
nput line 36.

<../fig/fig_ActiveControl/ADAU1701.png, id=83, 444.91219pt x 422.32782pt>
File: ../fig/fig_ActiveControl/ADAU1701.png Graphic file (type png)
<use ../fig/fig_ActiveControl/ADAU1701.png>
Package pdftex.def Info: ../fig/fig_ActiveControl/ADAU1701.png  used on input l
ine 45.
(pdftex.def)             Requested size: 149.87643pt x 142.26378pt.
<../fig/fig_ActiveControl/Teensy41.png, id=84, 807.7678pt x 589.4522pt>
File: ../fig/fig_ActiveControl/Teensy41.png Graphic file (type png)
<use ../fig/fig_ActiveControl/Teensy41.png>
Package pdftex.def Info: ../fig/fig_ActiveControl/Teensy41.png  used on input l
ine 52.
(pdftex.def)             Requested size: 194.95288pt x 142.26378pt.

LaTeX Warning: Hyper reference `fig:ActiveControl_ADAU1701' on page 64 undefine
d on input line 56.


LaTeX Warning: Reference `sub@fig:ActiveControl_ADAU1701' on page 64 undefined 
on input line 56.


LaTeX Warning: Hyper reference `fig:ActiveControl_Teensy41' on page 64 undefine
d on input line 56.


LaTeX Warning: Reference `sub@fig:ActiveControl_Teensy41' on page 64 undefined 
on input line 56.


LaTeX Warning: Hyper reference `fig:ActiveControl_ADAU1701' on page 64 undefine
d on input line 56.


LaTeX Warning: Reference `sub@fig:ActiveControl_ADAU1701' on page 64 undefined 
on input line 56.


LaTeX Warning: Hyper reference `fig:ActiveControl_Teensy41' on page 64 undefine
d on input line 56.


LaTeX Warning: Reference `sub@fig:ActiveControl_Teensy41' on page 64 undefined 
on input line 56.

LaTeX Info: Symbol \textmu not provided by
            font family iwonal in TS1 encoding.
            Default family used instead on input line 60.


)

(IndexNotations.tex
Annexe A.
LaTeX Info: Symbol \textminus not provided by
            font family iwonal in TS1 encoding.
            Default family used instead on input line 14.
LaTeX Info: Symbol \textminus not provided by
            font family iwonal in TS1 encoding.
            Default family used instead on input line 15.
LaTeX Info: Symbol \textminus not provided by
            font family iwonal in TS1 encoding.
            Default family used instead on input line 16.
LaTeX Info: Symbol \textminus not provided by
            font family iwonal in TS1 encoding.
            Default family used instead on input line 17.
LaTeX Info: Symbol \textminus not provided by
            font family iwonal in TS1 encoding.
            Default family used instead on input line 22.
LaTeX Info: Symbol \textminus not provided by
            font family iwonal in TS1 encoding.
            Default family used instead on input line 25.
LaTeX Info: Symbol \textminus not provided by
            font family iwonal in TS1 encoding.
            Default family used instead on input line 26.
LaTeX Info: Symbol \textminus not provided by
            font family iwonal in TS1 encoding.
            Default family used instead on input line 26.
LaTeX Info: Symbol \textminus not provided by
            font family iwonal in TS1 encoding.
            Default family used instead on input line 42.
LaTeX Info: Symbol \textminus not provided by
            font family iwonal in TS1 encoding.
            Default family used instead on input line 43.
LaTeX Info: Symbol \textminus not provided by
            font family iwonal in TS1 encoding.
            Default family used instead on input line 61.
LaTeX Info: Symbol \textminus not provided by
            font family iwonal in TS1 encoding.
            Default family used instead on input line 62.
LaTeX Info: Symbol \textminus not provided by
            font family iwonal in TS1 encoding.
            Default family used instead on input line 66.
LaTeX Info: Symbol \textminus not provided by
            font family iwonal in TS1 encoding.
            Default family used instead on input line 67.
) (AHX.tex



Annexe B.

LaTeX Warning: Reference `fig:AHXschema' on page e undefined on input line 4.


LaTeX Warning: Citation 'ANR_thermo-acoustic_2019' on page 5 undefined on input
 line 4.


LaTeX Warning: Citation 'ramadan_design_2021' on page 5 undefined on input line
 4.

LaTeX Info: Symbol \textminus not provided by
            font family iwonal in TS1 encoding.
            Default family used instead on input line 26.
LaTeX Info: Symbol \textminus not provided by
            font family iwonal in TS1 encoding.
            Default family used instead on input line 26.
LaTeX Info: Symbol \textminus not provided by
            font family iwonal in TS1 encoding.
            Default family used instead on input line 26.

LaTeX Warning: Reference `fig:AHXCalib' on page e undefined on input line 26.

(../fig/fig_AHXCalib/tex/fig_AHXCalib.tex
Missing character: There is no ; in font nullfont!
Missing character: There is no ; in font nullfont!
Missing character: There is no ; in font nullfont!
Missing character: There is no ; in font nullfont!
Missing character: There is no ; in font nullfont!
Missing character: There is no ; in font nullfont!
PGFPlots: reading {../fig/fig_AHXCalib/data/data_qdotDT0Water.txt}
PGFPlots: reading {../fig/fig_AHXCalib/data/data_qdotDT1WaterAcou.txt}
PGFPlots: reading {../fig/fig_AHXCalib/data/data_qdotDT10Acou.txt}
PGFPlots: reading {../fig/fig_AHXCalib/data/data_qdotDT2WaterAcouQc.txt}
PGFPlots: reading {../fig/fig_AHXCalib/data/data_qdotDT20AcouQc.txt}
Missing character: There is no ; in font nullfont!
PGFPlots: reading {../fig/fig_AHXCalib/data/data_qdotQa1dotNoHeat.txt}
PGFPlots: reading {../fig/fig_AHXCalib/data/data_qdotQa2dotHeat.txt}
Missing character: There is no ; in font nullfont!
LaTeX Info: Symbol \textminus not provided by
            font family iwonal in TS1 encoding.
            Default family used instead on input line 45.
)

(../fig/fig_IncertitudeDebitEau/tex/IncertitudeDebitEau.tex
Missing character: There is no ; in font nullfont!
Missing character: There is no ; in font nullfont!
Missing character: There is no ; in font nullfont!
Missing character: There is no ; in font nullfont!
Missing character: There is no ; in font nullfont!
Missing character: There is no ; in font nullfont!
Missing character: There is no ; in font nullfont!
PGFPlots: reading {../fig/fig_IncertitudeDebitEau/data/data_calibTurbineVSUltra
son.txt}
LaTeX Info: Symbol \textminus not provided by
            font family iwonal in TS1 encoding.
            Default family used instead on input line 23.
LaTeX Info: Symbol \textminus not provided by
            font family iwonal in TS1 encoding.
            Default family used instead on input line 23.
PGFPlots: reading {../fig/fig_IncertitudeDebitEau/data/data_RelativeDiff.txt}
LaTeX Info: Symbol \textminus not provided by
            font family iwonal in TS1 encoding.
            Default family used instead on input line 32.
)) (InstrumHP.tex





Annexe C.

LaTeX Warning: Reference `fig:HPPeerless_WithAcc' on page i undefined on input 
line 12.

<../fig/fig_InstrumentationHP/HPPeerless_WithAcc.png, id=85, 667.0521pt x 557.2
017pt>
File: ../fig/fig_InstrumentationHP/HPPeerless_WithAcc.png Graphic file (type pn
g)
<use ../fig/fig_InstrumentationHP/HPPeerless_WithAcc.png>
Package pdftex.def Info: ../fig/fig_InstrumentationHP/HPPeerless_WithAcc.png  u
sed on input line 18.
(pdftex.def)             Requested size: 338.5863pt x 282.83426pt.
) (ParamGaz.tex



Annexe D.
) (RecapCondExpe.tex



Annexe E.

LaTeX Warning: Reference `chap:EtudeExpe' on page m undefined on input line 3.


LaTeX Warning: Reference `tab:RecapCondExpe' on page m undefined on input line 
3.


LaTeX Warning: Reference `tab:RecapResultExpe' on page m undefined on input lin
e 5.

LaTeX Info: Symbol \textminus not provided by
            font family iwonal in TS1 encoding.
            Default family used instead on input line 14.

LaTeX Warning: Reference `tab:RecapCondExpe' on page m undefined on input line 
16.

LaTeX Info: Symbol \textminus not provided by
            font family iwonal in TS1 encoding.
            Default family used instead on input line 19.
LaTeX Info: Symbol \textminus not provided by
            font family iwonal in TS1 encoding.
            Default family used instead on input line 26.
LaTeX Info: Symbol \textminus not provided by
            font family iwonal in TS1 encoding.
            Default family used instead on input line 27.
LaTeX Info: Symbol \textminus not provided by
            font family iwonal in TS1 encoding.
            Default family used instead on input line 28.
LaTeX Info: Symbol \textminus not provided by
            font family iwonal in TS1 encoding.
            Default family used instead on input line 29.
LaTeX Info: Symbol \textminus not provided by
            font family iwonal in TS1 encoding.
            Default family used instead on input line 30.
LaTeX Info: Symbol \textminus not provided by
            font family iwonal in TS1 encoding.
            Default family used instead on input line 31.
LaTeX Info: Symbol \textminus not provided by
            font family iwonal in TS1 encoding.
            Default family used instead on input line 32.
LaTeX Info: Symbol \textminus not provided by
            font family iwonal in TS1 encoding.
            Default family used instead on input line 36.
LaTeX Info: Symbol \textminus not provided by
            font family iwonal in TS1 encoding.
            Default family used instead on input line 37.
LaTeX Info: Symbol \textminus not provided by
            font family iwonal in TS1 encoding.
            Default family used instead on input line 38.
LaTeX Info: Symbol \textminus not provided by
            font family iwonal in TS1 encoding.
            Default family used instead on input line 39.
LaTeX Info: Symbol \textminus not provided by
            font family iwonal in TS1 encoding.
            Default family used instead on input line 40.
LaTeX Info: Symbol \textminus not provided by
            font family iwonal in TS1 encoding.
            Default family used instead on input line 41.
LaTeX Info: Symbol \textminus not provided by
            font family iwonal in TS1 encoding.
            Default family used instead on input line 42.
LaTeX Info: Symbol \textminus not provided by
            font family iwonal in TS1 encoding.
            Default family used instead on input line 46.
LaTeX Info: Symbol \textminus not provided by
            font family iwonal in TS1 encoding.
            Default family used instead on input line 47.
LaTeX Info: Symbol \textminus not provided by
            font family iwonal in TS1 encoding.
            Default family used instead on input line 48.
LaTeX Info: Symbol \textminus not provided by
            font family iwonal in TS1 encoding.
            Default family used instead on input line 49.
LaTeX Info: Symbol \textminus not provided by
            font family iwonal in TS1 encoding.
            Default family used instead on input line 50.
LaTeX Info: Symbol \textminus not provided by
            font family iwonal in TS1 encoding.
            Default family used instead on input line 51.
LaTeX Info: Symbol \textminus not provided by
            font family iwonal in TS1 encoding.
            Default family used instead on input line 52.
LaTeX Info: Symbol \textminus not provided by
            font family iwonal in TS1 encoding.
            Default family used instead on input line 56.
LaTeX Info: Symbol \textminus not provided by
            font family iwonal in TS1 encoding.
            Default family used instead on input line 57.
LaTeX Info: Symbol \textminus not provided by
            font family iwonal in TS1 encoding.
            Default family used instead on input line 58.
LaTeX Info: Symbol \textminus not provided by
            font family iwonal in TS1 encoding.
            Default family used instead on input line 59.
LaTeX Info: Symbol \textminus not provided by
            font family iwonal in TS1 encoding.
            Default family used instead on input line 60.
LaTeX Info: Symbol \textminus not provided by
            font family iwonal in TS1 encoding.
            Default family used instead on input line 61.
LaTeX Info: Symbol \textminus not provided by
            font family iwonal in TS1 encoding.
            Default family used instead on input line 62.

Package longtable Warning: Column widths have changed
(longtable)                in table E.1 on input line 63.


LaTeX Warning: Reference `tab:RecapResultExpe' on page n undefined on input lin
e 133.

LaTeX Info: Symbol \textminus not provided by
            font family iwonal in TS1 encoding.
            Default family used instead on input line 143.
LaTeX Info: Symbol \textminus not provided by
            font family iwonal in TS1 encoding.
            Default family used instead on input line 143.
LaTeX Info: Symbol \textminus not provided by
            font family iwonal in TS1 encoding.
            Default family used instead on input line 144.
LaTeX Info: Symbol \textminus not provided by
            font family iwonal in TS1 encoding.
            Default family used instead on input line 144.
LaTeX Info: Symbol \textminus not provided by
            font family iwonal in TS1 encoding.
            Default family used instead on input line 145.
LaTeX Info: Symbol \textminus not provided by
            font family iwonal in TS1 encoding.
            Default family used instead on input line 145.
LaTeX Info: Symbol \textminus not provided by
            font family iwonal in TS1 encoding.
            Default family used instead on input line 146.
LaTeX Info: Symbol \textminus not provided by
            font family iwonal in TS1 encoding.
            Default family used instead on input line 147.
LaTeX Info: Symbol \textminus not provided by
            font family iwonal in TS1 encoding.
            Default family used instead on input line 147.
LaTeX Info: Symbol \textminus not provided by
            font family iwonal in TS1 encoding.
            Default family used instead on input line 148.
LaTeX Info: Symbol \textminus not provided by
            font family iwonal in TS1 encoding.
            Default family used instead on input line 148.
LaTeX Info: Symbol \textminus not provided by
            font family iwonal in TS1 encoding.
            Default family used instead on input line 149.
LaTeX Info: Symbol \textminus not provided by
            font family iwonal in TS1 encoding.
            Default family used instead on input line 149.
LaTeX Info: Symbol \textminus not provided by
            font family iwonal in TS1 encoding.
            Default family used instead on input line 153.
LaTeX Info: Symbol \textminus not provided by
            font family iwonal in TS1 encoding.
            Default family used instead on input line 153.
LaTeX Info: Symbol \textminus not provided by
            font family iwonal in TS1 encoding.
            Default family used instead on input line 153.
LaTeX Info: Symbol \textminus not provided by
            font family iwonal in TS1 encoding.
            Default family used instead on input line 154.
LaTeX Info: Symbol \textminus not provided by
            font family iwonal in TS1 encoding.
            Default family used instead on input line 154.
LaTeX Info: Symbol \textminus not provided by
            font family iwonal in TS1 encoding.
            Default family used instead on input line 155.
LaTeX Info: Symbol \textminus not provided by
            font family iwonal in TS1 encoding.
            Default family used instead on input line 155.
LaTeX Info: Symbol \textminus not provided by
            font family iwonal in TS1 encoding.
            Default family used instead on input line 156.
LaTeX Info: Symbol \textminus not provided by
            font family iwonal in TS1 encoding.
            Default family used instead on input line 157.
LaTeX Info: Symbol \textminus not provided by
            font family iwonal in TS1 encoding.
            Default family used instead on input line 157.
LaTeX Info: Symbol \textminus not provided by
            font family iwonal in TS1 encoding.
            Default family used instead on input line 158.
LaTeX Info: Symbol \textminus not provided by
            font family iwonal in TS1 encoding.
            Default family used instead on input line 158.
LaTeX Info: Symbol \textminus not provided by
            font family iwonal in TS1 encoding.
            Default family used instead on input line 159.
LaTeX Info: Symbol \textminus not provided by
            font family iwonal in TS1 encoding.
            Default family used instead on input line 159.
LaTeX Info: Symbol \textminus not provided by
            font family iwonal in TS1 encoding.
            Default family used instead on input line 163.
LaTeX Info: Symbol \textminus not provided by
            font family iwonal in TS1 encoding.
            Default family used instead on input line 163.
LaTeX Info: Symbol \textminus not provided by
            font family iwonal in TS1 encoding.
            Default family used instead on input line 164.
LaTeX Info: Symbol \textminus not provided by
            font family iwonal in TS1 encoding.
            Default family used instead on input line 164.
LaTeX Info: Symbol \textminus not provided by
            font family iwonal in TS1 encoding.
            Default family used instead on input line 165.
LaTeX Info: Symbol \textminus not provided by
            font family iwonal in TS1 encoding.
            Default family used instead on input line 165.
LaTeX Info: Symbol \textminus not provided by
            font family iwonal in TS1 encoding.
            Default family used instead on input line 167.
LaTeX Info: Symbol \textminus not provided by
            font family iwonal in TS1 encoding.
            Default family used instead on input line 167.
LaTeX Info: Symbol \textminus not provided by
            font family iwonal in TS1 encoding.
            Default family used instead on input line 168.
LaTeX Info: Symbol \textminus not provided by
            font family iwonal in TS1 encoding.
            Default family used instead on input line 168.
LaTeX Info: Symbol \textminus not provided by
            font family iwonal in TS1 encoding.
            Default family used instead on input line 169.
LaTeX Info: Symbol \textminus not provided by
            font family iwonal in TS1 encoding.
            Default family used instead on input line 169.
LaTeX Info: Symbol \textminus not provided by
            font family iwonal in TS1 encoding.
            Default family used instead on input line 173.
LaTeX Info: Symbol \textminus not provided by
            font family iwonal in TS1 encoding.
            Default family used instead on input line 173.
LaTeX Info: Symbol \textminus not provided by
            font family iwonal in TS1 encoding.
            Default family used instead on input line 174.
LaTeX Info: Symbol \textminus not provided by
            font family iwonal in TS1 encoding.
            Default family used instead on input line 174.
LaTeX Info: Symbol \textminus not provided by
            font family iwonal in TS1 encoding.
            Default family used instead on input line 175.
LaTeX Info: Symbol \textminus not provided by
            font family iwonal in TS1 encoding.
            Default family used instead on input line 175.
LaTeX Info: Symbol \textminus not provided by
            font family iwonal in TS1 encoding.
            Default family used instead on input line 176.
LaTeX Info: Symbol \textminus not provided by
            font family iwonal in TS1 encoding.
            Default family used instead on input line 177.
LaTeX Info: Symbol \textminus not provided by
            font family iwonal in TS1 encoding.
            Default family used instead on input line 177.
LaTeX Info: Symbol \textminus not provided by
            font family iwonal in TS1 encoding.
            Default family used instead on input line 178.
LaTeX Info: Symbol \textminus not provided by
            font family iwonal in TS1 encoding.
            Default family used instead on input line 178.
LaTeX Info: Symbol \textminus not provided by
            font family iwonal in TS1 encoding.
            Default family used instead on input line 179.
LaTeX Info: Symbol \textminus not provided by
            font family iwonal in TS1 encoding.
            Default family used instead on input line 179.

Package longtable Warning: Column widths have changed
(longtable)                in table E.2 on input line 180.

) (FabricNoyauTA.tex



Annexe F.



LaTeX Warning: Reference `eq:Porosite_Volume' on page r undefined on input line
 5.

)


LaTeX Warning: Empty bibliography on input line 493.

(Abstract.tex)


Package longtable Warning: Table widths have changed. Rerun LaTeX.

 ***********
LaTeX2e <2024-11-01> patch level 2
L3 programming layer <2025-01-18>
 ***********

LaTeX Warning: There were undefined references.


Package biblatex Warning: Please (re)run Biber on the file:
(biblatex)                external/fig_AnalogiesElectroac10
(biblatex)                and rerun LaTeX afterwards.

Package logreq Info: Writing requests to 'external/fig_AnalogiesElectroac10.run
.xml'.
\openout1 = `external/fig_AnalogiesElectroac10.run.xml'.

 ) 
Here is how much of TeX's memory you used:
 80503 strings out of 473523
 2081919 string characters out of 5707334
 4411138 words of memory out of 5000000
 101949 multiletter control sequences out of 15000+600000
 706666 words of font info for 160 fonts, out of 8000000 for 9000
 1141 hyphenation exceptions out of 8191
 88i,22n,115p,4725b,3303s stack positions out of 10000i,1000n,20000p,200000b,200000s

Output written on external/fig_AnalogiesElectroac10.pdf (1 page, 164416 bytes).

PDF statistics:
 89 PDF objects out of 1000 (max. 8388607)
 2 named destinations out of 1000 (max. 500000)
 306 words of extra memory for PDF output out of 10000 (max. 10000000)

