This is pdfTeX, Version 3.141592653-2.6-1.40.27 (MiKTeX 25.3) (preloaded format=pdflatex 2025.4.12)  19 SEP 2025 13:31
entering extended mode
 \write18 enabled.
 %&-line parsing enabled.
**\def\tikzexternalrealjob{_main_}\input{_main_}
(_main_.tex
(C:\Users\juliette utilisateur\AppData\Local\Programs\MiKTeX\tex/latex/base\boo
k.cls
Document Class: book 2024/06/29 v1.4n Standard LaTeX document class

(C:\Users\juliette utilisateur\AppData\Local\Programs\MiKTeX\tex/latex/base\bk1
1.clo
File: bk11.clo 2024/06/29 v1.4n Standard LaTeX file (size option)
)
\c@part=\count196
\c@chapter=\count197
\c@section=\count198
\c@subsection=\count199
\c@subsubsection=\count266
\c@paragraph=\count267
\c@subparagraph=\count268
\c@figure=\count269
\c@table=\count270
\abovecaptionskip=\skip49
\belowcaptionskip=\skip50
\bibindent=\dimen141
)
(C:\Users\juliette utilisateur\AppData\Local\Programs\MiKTeX\tex/latex/iwona\iw
ona.sty
Package: iwona 2005/10/03 v.1.2 Iwona package (MW)
\c@mv@iwona=\count271
\c@mv@iwonabold=\count272
LaTeX Font Info:    Overwriting symbol font `operators' in version `iwona'
(Font)                  OT1/cmr/m/n --> OT1/iwonalm/m/n on input line 58.
LaTeX Font Info:    Overwriting symbol font `letters' in version `iwona'
(Font)                  OML/cmm/m/it --> OML/iwonal/m/it on input line 59.
LaTeX Font Info:    Overwriting symbol font `symbols' in version `iwona'
(Font)                  OMS/cmsy/m/n --> OMS/iwonal/m/n on input line 60.
LaTeX Font Info:    Overwriting symbol font `largesymbols' in version `iwona'
(Font)                  OMX/cmex/m/n --> OMX/iwonal/m/n on input line 61.
LaTeX Font Info:    Overwriting symbol font `operators' in version `iwonabold'
(Font)                  OT1/cmr/m/n --> OT1/iwonalm/b/n on input line 62.
LaTeX Font Info:    Overwriting symbol font `letters' in version `iwonabold'
(Font)                  OML/cmm/m/it --> OML/iwonal/b/it on input line 63.
LaTeX Font Info:    Overwriting symbol font `symbols' in version `iwonabold'
(Font)                  OMS/cmsy/m/n --> OMS/iwonal/b/n on input line 64.
LaTeX Font Info:    Overwriting symbol font `largesymbols' in version `iwonabol
d'
(Font)                  OMX/cmex/m/n --> OMX/iwonal/b/n on input line 65.
LaTeX Font Info:    Overwriting math alphabet `\mathbf' in version `iwona'
(Font)                  OT1/cmr/bx/n --> OT1/iwonal/bx/n on input line 67.
LaTeX Font Info:    Overwriting math alphabet `\mathsf' in version `iwona'
(Font)                  OT1/cmss/m/n --> OT1/iwonal/m/n on input line 68.
LaTeX Font Info:    Overwriting math alphabet `\mathit' in version `iwona'
(Font)                  OT1/cmr/m/it --> OT1/iwonal/m/it on input line 69.
LaTeX Font Info:    Overwriting math alphabet `\mathtt' in version `iwona'
(Font)                  OT1/cmtt/m/n --> OT1/iwonal/m/n on input line 70.
LaTeX Font Info:    Overwriting math alphabet `\mathsf' in version `iwonabold'
(Font)                  OT1/cmss/m/n --> OT1/iwonal/bx/n on input line 71.
LaTeX Font Info:    Overwriting math alphabet `\mathit' in version `iwonabold'
(Font)                  OT1/cmr/m/it --> OT1/iwonal/bx/it on input line 72.
)
(C:\Users\juliette utilisateur\AppData\Local\Programs\MiKTeX\tex/latex/base\inp
utenc.sty
Package: inputenc 2024/02/08 v1.3d Input encoding file
\inpenc@prehook=\toks17
\inpenc@posthook=\toks18
)
(C:\Users\juliette utilisateur\AppData\Local\Programs\MiKTeX\tex/latex/base\fon
tenc.sty
Package: fontenc 2021/04/29 v2.0v Standard LaTeX package
LaTeX Font Info:    Trying to load font information for T1+iwonal on input line
 116.

(C:\Users\juliette utilisateur\AppData\Local\Programs\MiKTeX\tex/latex/iwona\t1
iwonal.fd
File: t1iwonal.fd 2008/07/22 v0.995 font definition file for T1/iwonal (MW)
))
(C:\Users\juliette utilisateur\AppData\Local\Programs\MiKTeX\tex/latex/tools\la
yout.sty
Package: layout 2023-08-20 v1.2e Show layout parameters
\oneinch=\count273
\cnt@paperwidth=\count274
\cnt@paperheight=\count275
\cnt@hoffset=\count276
\cnt@voffset=\count277
\cnt@textheight=\count278
\cnt@textwidth=\count279
\cnt@topmargin=\count280
\cnt@oddsidemargin=\count281
\cnt@evensidemargin=\count282
\cnt@headheight=\count283
\cnt@headsep=\count284
\cnt@marginparsep=\count285
\cnt@marginparwidth=\count286
\cnt@marginparpush=\count287
\cnt@footskip=\count288
\fheight=\count289
\ref@top=\count290
\ref@hoffset=\count291
\ref@voffset=\count292
\ref@head=\count293
\ref@body=\count294
\ref@foot=\count295
\ref@margin=\count296
\ref@marginwidth=\count297
\ref@marginpar=\count298
\Interval=\count299
\ExtraYPos=\count300
\PositionX=\count301
\PositionY=\count302
\ArrowLength=\count303
)
(C:\Users\juliette utilisateur\AppData\Local\Programs\MiKTeX\tex/generic/babel\
babel.sty
Package: babel 2025/03/27 v25.6 The multilingual framework for pdfLaTeX, LuaLaT
eX and XeLaTeX
\babel@savecnt=\count304
\U@D=\dimen142
\l@unhyphenated=\language79

(C:\Users\juliette utilisateur\AppData\Local\Programs\MiKTeX\tex/generic/babel\
txtbabel.def)
\bbl@readstream=\read2
\bbl@dirlevel=\count305
*************************************
* Local config file bblopts.cfg used
*

(C:\Users\juliette utilisateur\AppData\Local\Programs\MiKTeX\tex/latex/arabi\bb
lopts.cfg
File: bblopts.cfg 2005/09/08 v0.1 add Arabic and Farsi to "declared" options of
 babel
)
(C:\Users\juliette utilisateur\AppData\Local\Programs\MiKTeX\tex/generic/babel-
french\french.ldf
Language: french 2024-07-25 v3.6c French support from the babel system
Package babel Info: Hyphen rules for 'acadian' set to \l@french
(babel)             (\language22). Reported on input line 91.
Package babel Info: Hyphen rules for 'canadien' set to \l@french
(babel)             (\language22). Reported on input line 92.
\FB@stdchar=\count306
Package babel Info: Making : an active character on input line 421.
Package babel Info: Making ; an active character on input line 422.
Package babel Info: Making ! an active character on input line 423.
Package babel Info: Making ? an active character on input line 424.
\FBguill@level=\count307
\FBold@everypar=\toks19
\FB@Mht=\dimen143
\mc@charclass=\count308
\mc@charfam=\count309
\mc@charslot=\count310
\std@mcc=\count311
\dec@mcc=\count312
\FB@parskip=\dimen144
\listindentFB=\dimen145
\descindentFB=\dimen146
\labelindentFB=\dimen147
\labelwidthFB=\dimen148
\leftmarginFB=\dimen149
\parindentFFN=\dimen150
\FBfnindent=\dimen151
))
(C:\Users\juliette utilisateur\AppData\Local\Programs\MiKTeX\tex/generic/babel/
locale/fr\babel-french.tex
Package babel Info: Importing font and identification data for french
(babel)             from babel-fr.ini. Reported on input line 11.
)
(C:\Users\juliette utilisateur\AppData\Local\Programs\MiKTeX\tex/latex/carlisle
\scalefnt.sty)
(C:\Users\juliette utilisateur\AppData\Local\Programs\MiKTeX\tex/latex/lineno\l
ineno.sty
Package: lineno 2025/05/13 line numbers on paragraphs v5.5

(C:\Users\juliette utilisateur\AppData\Local\Programs\MiKTeX\tex/latex/etoolbox
\etoolbox.sty
Package: etoolbox 2025/02/11 v2.5l e-TeX tools for LaTeX (JAW)
\etb@tempcnta=\count313
)
(C:\Users\juliette utilisateur\AppData\Local\Programs\MiKTeX\tex/latex/kvoption
s\kvoptions.sty
Package: kvoptions 2022-06-15 v3.15 Key value format for package options (HO)

(C:\Users\juliette utilisateur\AppData\Local\Programs\MiKTeX\tex/latex/graphics
\keyval.sty
Package: keyval 2022/05/29 v1.15 key=value parser (DPC)
\KV@toks@=\toks20
)
(C:\Users\juliette utilisateur\AppData\Local\Programs\MiKTeX\tex/generic/ltxcmd
s\ltxcmds.sty
Package: ltxcmds 2023-12-04 v1.26 LaTeX kernel commands for general use (HO)
)
(C:\Users\juliette utilisateur\AppData\Local\Programs\MiKTeX\tex/latex/kvsetkey
s\kvsetkeys.sty
Package: kvsetkeys 2022-10-05 v1.19 Key value parser (HO)
))
\linenopenalty=\count314
\output=\toks21
\linenoprevgraf=\count315
\linenumbersep=\dimen152
\linenumberwidth=\dimen153
\c@linenumber=\count316
\c@pagewiselinenumber=\count317
\c@LN@truepage=\count318
\c@internallinenumber=\count319
\c@internallinenumbers=\count320
\quotelinenumbersep=\dimen154
\bframerule=\dimen155
\bframesep=\dimen156
\bframebox=\box52
)
(C:\Users\juliette utilisateur\AppData\Local\Programs\MiKTeX\tex/latex/csquotes
\csquotes.sty
Package: csquotes 2024-04-04 v5.2o context-sensitive quotations (JAW)
\csq@reset=\count321
\csq@gtype=\count322
\csq@glevel=\count323
\csq@qlevel=\count324
\csq@maxlvl=\count325
\csq@tshold=\count326
\csq@ltx@everypar=\toks22

(C:\Users\juliette utilisateur\AppData\Local\Programs\MiKTeX\tex/latex/csquotes
\csquotes.def
File: csquotes.def 2024-04-04 v5.2o csquotes generic definitions (JAW)
)
Package csquotes Info: Trying to load configuration file 'csquotes.cfg'...
Package csquotes Info: ... configuration file loaded successfully.

(C:\Users\juliette utilisateur\AppData\Local\Programs\MiKTeX\tex/latex/csquotes
\csquotes.cfg
File: csquotes.cfg 
))
(C:\Users\juliette utilisateur\AppData\Local\Programs\MiKTeX\tex/latex/wrapfig\
wrapfig.sty
\wrapoverhang=\dimen157
\WF@size=\dimen158
\c@WF@wrappedlines=\count327
\WF@box=\box53
\WF@everypar=\toks23
Package: wrapfig 2003/01/31  v 3.6
)
(C:\Users\juliette utilisateur\AppData\Local\Programs\MiKTeX\tex/latex/comment\
comment.sty
\CommentStream=\write3
Excluding comment 'comment')
(C:\Users\juliette utilisateur\AppData\Local\Programs\MiKTeX\tex/latex/tools\mu
lticol.sty
Package: multicol 2024/09/14 v1.9i multicolumn formatting (FMi)
\c@tracingmulticols=\count328
\mult@box=\box54
\multicol@leftmargin=\dimen159
\c@unbalance=\count329
\c@collectmore=\count330
\doublecol@number=\count331
\multicoltolerance=\count332
\multicolpretolerance=\count333
\full@width=\dimen160
\page@free=\dimen161
\premulticols=\dimen162
\postmulticols=\dimen163
\multicolsep=\skip51
\multicolbaselineskip=\skip52
\partial@page=\box55
\last@line=\box56
\mc@boxedresult=\box57
\maxbalancingoverflow=\dimen164
\mult@rightbox=\box58
\mult@grightbox=\box59
\mult@firstbox=\box60
\mult@gfirstbox=\box61
\@tempa=\box62
\@tempa=\box63
\@tempa=\box64
\@tempa=\box65
\@tempa=\box66
\@tempa=\box67
\@tempa=\box68
\@tempa=\box69
\@tempa=\box70
\@tempa=\box71
\@tempa=\box72
\@tempa=\box73
\@tempa=\box74
\@tempa=\box75
\@tempa=\box76
\@tempa=\box77
\@tempa=\box78
\@tempa=\box79
\@tempa=\box80
\@tempa=\box81
\@tempa=\box82
\@tempa=\box83
\@tempa=\box84
\@tempa=\box85
\@tempa=\box86
\@tempa=\box87
\@tempa=\box88
\@tempa=\box89
\@tempa=\box90
\@tempa=\box91
\@tempa=\box92
\@tempa=\box93
\@tempa=\box94
\@tempa=\box95
\@tempa=\box96
\@tempa=\box97
\c@minrows=\count334
\c@columnbadness=\count335
\c@finalcolumnbadness=\count336
\last@try=\dimen165
\multicolovershoot=\dimen166
\multicolundershoot=\dimen167
\mult@nat@firstbox=\box98
\colbreak@box=\box99
\mc@col@check@num=\count337
)
(C:\Users\juliette utilisateur\AppData\Local\Programs\MiKTeX\tex/latex/tools\ar
ray.sty
Package: array 2024/10/17 v2.6g Tabular extension package (FMi)
\col@sep=\dimen168
\ar@mcellbox=\box100
\extrarowheight=\dimen169
\NC@list=\toks24
\extratabsurround=\skip53
\backup@length=\skip54
\ar@cellbox=\box101
)
(C:\Users\juliette utilisateur\AppData\Local\Programs\MiKTeX\tex/latex/tools\lo
ngtable.sty
Package: longtable 2024-10-27 v4.22 Multi-page Table package (DPC)
\LTleft=\skip55
\LTright=\skip56
\LTpre=\skip57
\LTpost=\skip58
\LTchunksize=\count338
\LTcapwidth=\dimen170
\LT@head=\box102
\LT@firsthead=\box103
\LT@foot=\box104
\LT@lastfoot=\box105
\LT@gbox=\box106
\LT@cols=\count339
\LT@rows=\count340
\c@LT@tables=\count341
\c@LT@chunks=\count342
\LT@p@ftn=\toks25
)
(C:\Users\juliette utilisateur\AppData\Local\Programs\MiKTeX\tex/latex/arydshln
\arydshln.sty
Package: arydshln 2019/02/21 v1.76 
\dashlinedash=\dimen171
\dashlinegap=\dimen172
\adl@box=\box107
\adl@height=\dimen173
\adl@heightsave=\dimen174
\adl@depth=\dimen175
\adl@depthsave=\dimen176
\adl@finaldepth=\dimen177
\adl@columns=\count343
\adl@ncol=\count344
\adl@currentcolumn=\count345
\adl@currentcolumnsave=\count346
\adl@totalheight=\count347
\adl@totalheightsave=\count348
\adl@dash=\count349
\adl@gap=\count350
\adl@cla=\count351
\adl@clb=\count352
\adl@everyvbox=\toks26
\adl@LTpagetotal=\dimen178
)
(C:\Users\juliette utilisateur\AppData\Local\Programs\MiKTeX\tex/latex/tabularr
ay\tabularray.sty
Package: tabularray 2025-03-11 v2025A Typeset tabulars and arrays with LaTeX3
\l__tblr_a_int=\count353
\l__tblr_c_int=\count354
\l__tblr_r_int=\count355
\l__tblr_d_dim=\dimen179
\l__tblr_h_dim=\dimen180
\l__tblr_o_dim=\dimen181
\l__tblr_p_dim=\dimen182
\l__tblr_q_dim=\dimen183
\l__tblr_r_dim=\dimen184
\l__tblr_s_dim=\dimen185
\l__tblr_t_dim=\dimen186
\l__tblr_v_dim=\dimen187
\l__tblr_w_dim=\dimen188
\l__tblr_a_box=\box108
\l__tblr_b_box=\box109
\l__tblr_c_box=\box110
\l__tblr_d_box=\box111
\c@tblrcount=\count356
\c@rownum=\count357
\c@colnum=\count358
\c@rowcount=\count359
\c@colcount=\count360
\abovesep=\dimen189
\belowsep=\dimen190
\leftsep=\dimen191
\rightsep=\dimen192
\gTblrLevelInt=\count361
\g__tblr_data_row_key_count_int=\count362
\g__tblr_data_column_key_count_int=\count363
\g__tblr_data_cell_key_count_int=\count364
\g__tblr_array_int=\count365
\l__tblr_key_count_int=\count366
\l__tblr_key_quotient_int=\count367
\l__tblr_key_quotient_two_int=\count368
\l__tblr_key_remainder_int=\count369
\g__tblr_data_str_value_count_int=\count370
\lTblrChildTotalInt=\count371
\lTblrChildHtotalInt=\count372
\lTblrChildVtotalInt=\count373
\l__child_diff_h_int=\count374
\l__child_diff_v_int=\count375
\l__child_sign_h_int=\count376
\l__child_sign_v_int=\count377
\l__child_step_int=\count378
\lTblrDefaultHruleWidthDim=\dimen193
\lTblrDefaultVruleWidthDim=\dimen194
\l__tblr_split_balance_int=\count379
\l__tblr_strut_dp_dim=\dimen195
\l__tblr_strut_ht_dim=\dimen196
\g__tblr_cell_wd_dim=\dimen197
\g__tblr_cell_ht_dim=\dimen198
\g__tblr_cell_head_dim=\dimen199
\g__tblr_cell_foot_dim=\dimen256
\l__tblr_measured_cell_box=\box112
\g__tblr_last_box=\box113
\l__tblr_temp_box=\box114
\l__tblr_column_target_dim=\dimen257
\l__tblr_hfuzz_dim=\dimen258
\l__tblr_caption_box=\box115
\l__tblr_caption_left_box=\box116
\lTblrRowHeadInt=\count380
\lTblrRowFootInt=\count381
\l__tblr_row_head_box=\box117
\l__tblr_row_foot_box=\box118
\l__tblr_row_head_foot_dim=\dimen259
\lTblrTableWidthDim=\dimen260
\l__tblr_table_firsthead_box=\box119
\l__tblr_table_middlehead_box=\box120
\l__tblr_table_lasthead_box=\box121
\l__tblr_table_firstfoot_box=\box122
\l__tblr_table_middlefoot_box=\box123
\l__tblr_table_lastfoot_box=\box124
\l__tblr_remain_height_dim=\dimen261
\l__tblr_long_from_int=\count382
\l__tblr_long_to_int=\count383
\l__tblr_curr_i_int=\count384
\l__tblr_prev_i_int=\count385
\lTblrTablePageInt=\count386
\l__tblr_table_head_box=\box125
\l__tblr_table_foot_box=\box126
\l__tblr_table_head_foot_dim=\dimen262
\l__tblr_table_head_body_foot_dim=\dimen263
\l__tblr_table_box=\box127
\lTblrRowFirstInt=\count387
\lTblrRowLastInt=\count388
\l__tblr_table_hlines_box=\box128
\l__tblr_hline_box=\box129
\l__tblr_row_box=\box130
\l__tblr_col_o_wd_dim=\dimen264
\l__tblr_col_b_wd_dim=\dimen265
\l__tblr_hline_leftskip_dim=\dimen266
\l__tblr_hline_rightskip_dim=\dimen267
\l__tblr_row_ht_dim=\dimen268
\l__tblr_row_dp_dim=\dimen269
\l__tblr_row_abovesep_dim=\dimen270
\l__tblr_row_belowsep_dim=\dimen271
\l__tblr_row_vlines_box=\box131
\l__tblr_vline_box=\box132
\l__tblr_cell_box=\box133
\l__tblr_row_upper_dim=\dimen272
\l__tblr_row_lower_dim=\dimen273
\l__tblr_row_vpace_dim=\dimen274
\l__tblr_vline_aboveskip_dim=\dimen275
\l__tblr_vline_belowskip_dim=\dimen276
\lTblrCellRowSpanInt=\count389
\lTblrCellColSpanInt=\count390
\l__tblr_cell_wd_dim=\dimen277
\l__tblr_cell_ht_dim=\dimen278
\lTblrCellAboveBorderWidthDim=\dimen279
\lTblrCellBelowBorderWidthDim=\dimen280
\lTblrCellLeftBorderWidthDim=\dimen281
\lTblrCellRightBorderWidthDim=\dimen282
\l__tblr_diag_box=\box134
\l__tblr_cell_inner_wd_dim=\dimen283
\l__tblr_cell_inner_dp_dim=\dimen284
\l__tblr_cell_hanchor_dim=\dimen285
\l__tblr_last_cell_table_ht_dim=\dimen286
\l__tblr_last_cell_table_dp_dim=\dimen287
\l__tblr_last_vline_wd_dim=\dimen288
\l__tblr_tikz_node_box=\box135
)
(C:\Users\juliette utilisateur\AppData\Local\Programs\MiKTeX\tex/latex/float\fl
oat.sty
Package: float 2001/11/08 v1.3d Float enhancements (AL)
\c@float@type=\count391
\float@exts=\toks27
\float@box=\box136
\@float@everytoks=\toks28
\@floatcapt=\box137
)
(C:\Users\juliette utilisateur\AppData\Local\Programs\MiKTeX\tex/latex/xcolor\x
color.sty
Package: xcolor 2024/09/29 v3.02 LaTeX color extensions (UK)

(C:\Users\juliette utilisateur\AppData\Local\Programs\MiKTeX\tex/latex/graphics
-cfg\color.cfg
File: color.cfg 2016/01/02 v1.6 sample color configuration
)
Package xcolor Info: Driver file: pdftex.def on input line 274.

(C:\Users\juliette utilisateur\AppData\Local\Programs\MiKTeX\tex/latex/graphics
-def\pdftex.def
File: pdftex.def 2024/04/13 v1.2c Graphics/color driver for pdftex
)
(C:\Users\juliette utilisateur\AppData\Local\Programs\MiKTeX\tex/latex/graphics
\mathcolor.ltx)
Package xcolor Info: Model `cmy' substituted by `cmy0' on input line 1349.
Package xcolor Info: Model `hsb' substituted by `rgb' on input line 1353.
Package xcolor Info: Model `RGB' extended on input line 1365.
Package xcolor Info: Model `HTML' substituted by `rgb' on input line 1367.
Package xcolor Info: Model `Hsb' substituted by `hsb' on input line 1368.
Package xcolor Info: Model `tHsb' substituted by `hsb' on input line 1369.
Package xcolor Info: Model `HSB' substituted by `hsb' on input line 1370.
Package xcolor Info: Model `Gray' substituted by `gray' on input line 1371.
Package xcolor Info: Model `wave' substituted by `hsb' on input line 1372.
)
(C:\Users\juliette utilisateur\AppData\Local\Programs\MiKTeX\tex/latex/graphics
\dvipsnam.def
File: dvipsnam.def 2016/06/17 v3.0m Driver-dependent file (DPC,SPQR)
)
(C:\Users\juliette utilisateur\AppData\Local\Programs\MiKTeX\tex/latex/ninecolo
rs\ninecolors.sty
Package: ninecolors 2022-02-13 v2022D Select colors with proper color contrast

(C:\Users\juliette utilisateur\AppData\Local\Programs\MiKTeX\tex/latex/l3packag
es/xparse\xparse.sty
(C:\Users\juliette utilisateur\AppData\Local\Programs\MiKTeX\tex/latex/l3kernel
\expl3.sty
Package: expl3 2025-01-18 L3 programming layer (loader) 

(C:\Users\juliette utilisateur\AppData\Local\Programs\MiKTeX\tex/latex/l3backen
d\l3backend-pdftex.def
File: l3backend-pdftex.def 2024-05-08 L3 backend support: PDF output (pdfTeX)
\l__color_backend_stack_int=\count392
\l__pdf_internal_box=\box138
))
Package: xparse 2024-08-16 L3 Experimental document command parser
)) (Plasma.tex) (Inferno.tex)
(C:\Users\juliette utilisateur\AppData\Local\Programs\MiKTeX\tex/latex/amsmath\
amsmath.sty
Package: amsmath 2024/11/05 v2.17t AMS math features
\@mathmargin=\skip59
For additional information on amsmath, use the `?' option.

(C:\Users\juliette utilisateur\AppData\Local\Programs\MiKTeX\tex/latex/amsmath\
amstext.sty
Package: amstext 2021/08/26 v2.01 AMS text

(C:\Users\juliette utilisateur\AppData\Local\Programs\MiKTeX\tex/latex/amsmath\
amsgen.sty
File: amsgen.sty 1999/11/30 v2.0 generic functions
\@emptytoks=\toks29
\ex@=\dimen289
))
(C:\Users\juliette utilisateur\AppData\Local\Programs\MiKTeX\tex/latex/amsmath\
amsbsy.sty
Package: amsbsy 1999/11/29 v1.2d Bold Symbols
\pmbraise@=\dimen290
)
(C:\Users\juliette utilisateur\AppData\Local\Programs\MiKTeX\tex/latex/amsmath\
amsopn.sty
Package: amsopn 2022/04/08 v2.04 operator names
)
\inf@bad=\count393
LaTeX Info: Redefining \frac on input line 233.
\uproot@=\count394
\leftroot@=\count395
LaTeX Info: Redefining \overline on input line 398.
LaTeX Info: Redefining \colon on input line 409.
\classnum@=\count396
\DOTSCASE@=\count397
LaTeX Info: Redefining \ldots on input line 495.
LaTeX Info: Redefining \dots on input line 498.
LaTeX Info: Redefining \cdots on input line 619.
\Mathstrutbox@=\box139
\strutbox@=\box140
LaTeX Info: Redefining \big on input line 721.
LaTeX Info: Redefining \Big on input line 722.
LaTeX Info: Redefining \bigg on input line 723.
LaTeX Info: Redefining \Bigg on input line 724.
\big@size=\dimen291
LaTeX Font Info:    Redeclaring font encoding OML on input line 742.
LaTeX Font Info:    Redeclaring font encoding OMS on input line 743.
\macc@depth=\count398
LaTeX Info: Redefining \bmod on input line 904.
LaTeX Info: Redefining \pmod on input line 909.
LaTeX Info: Redefining \smash on input line 939.
LaTeX Info: Redefining \relbar on input line 969.
LaTeX Info: Redefining \Relbar on input line 970.
\c@MaxMatrixCols=\count399
\dotsspace@=\muskip17
\c@parentequation=\count400
\dspbrk@lvl=\count401
\tag@help=\toks30
\row@=\count402
\column@=\count403
\maxfields@=\count404
\andhelp@=\toks31
\eqnshift@=\dimen292
\alignsep@=\dimen293
\tagshift@=\dimen294
\tagwidth@=\dimen295
\totwidth@=\dimen296
\lineht@=\dimen297
\@envbody=\toks32
\multlinegap=\skip60
\multlinetaggap=\skip61
\mathdisplay@stack=\toks33
LaTeX Info: Redefining \[ on input line 2953.
LaTeX Info: Redefining \] on input line 2954.
)
\@LN@amsmath@ams@eqpen=\count405

(C:\Users\juliette utilisateur\AppData\Local\Programs\MiKTeX\tex/latex/amsfonts
\amssymb.sty
Package: amssymb 2013/01/14 v3.01 AMS font symbols

(C:\Users\juliette utilisateur\AppData\Local\Programs\MiKTeX\tex/latex/amsfonts
\amsfonts.sty
Package: amsfonts 2013/01/14 v3.01 Basic AMSFonts support
\symAMSa=\mathgroup4
\symAMSb=\mathgroup5
LaTeX Font Info:    Redeclaring math symbol \hbar on input line 98.
LaTeX Font Info:    Overwriting math alphabet `\mathfrak' in version `bold'
(Font)                  U/euf/m/n --> U/euf/b/n on input line 106.
))
(C:\Users\juliette utilisateur\AppData\Local\Programs\MiKTeX\tex/latex/jknappen
\mathrsfs.sty
Package: mathrsfs 1996/01/01 Math RSFS package v1.0 (jk)
\symrsfs=\mathgroup6
)
(C:\Users\juliette utilisateur\AppData\Local\Programs\MiKTeX\tex/latex/base\mak
eidx.sty
Package: makeidx 2021/10/04 v1.0m Standard LaTeX package
)
(C:\Users\juliette utilisateur\AppData\Local\Programs\MiKTeX\tex/latex/enumitem
\enumitem.sty
Package: enumitem 2025/02/06 v3.11 Customized lists
\labelindent=\skip62
\enit@outerparindent=\dimen298
\enit@toks=\toks34
\enit@inbox=\box141
\enit@count@id=\count406
\enitdp@description=\count407
)
(C:\Users\juliette utilisateur\AppData\Local\Programs\MiKTeX\tex/latex/tools\ta
bularx.sty
Package: tabularx 2023/12/11 v2.12a `tabularx' package (DPC)
\TX@col@width=\dimen299
\TX@old@table=\dimen300
\TX@old@col=\dimen301
\TX@target=\dimen302
\TX@delta=\dimen303
\TX@cols=\count408
\TX@ftn=\toks35
)
(C:\Users\juliette utilisateur\AppData\Local\Programs\MiKTeX\tex/latex/stmaryrd
\stmaryrd.sty
Package: stmaryrd 1994/03/03 St Mary's Road symbol package
\symstmry=\mathgroup7
LaTeX Font Info:    Overwriting symbol font `stmry' in version `bold'
(Font)                  U/stmry/m/n --> U/stmry/b/n on input line 89.
)
(C:\Users\juliette utilisateur\AppData\Local\Programs\MiKTeX\tex/latex/mathtool
s\mathtools.sty
Package: mathtools 2024/10/04 v1.31 mathematical typesetting tools

(C:\Users\juliette utilisateur\AppData\Local\Programs\MiKTeX\tex/latex/tools\ca
lc.sty
Package: calc 2023/07/08 v4.3 Infix arithmetic (KKT,FJ)
\calc@Acount=\count409
\calc@Bcount=\count410
\calc@Adimen=\dimen304
\calc@Bdimen=\dimen305
\calc@Askip=\skip63
\calc@Bskip=\skip64
LaTeX Info: Redefining \setlength on input line 80.
LaTeX Info: Redefining \addtolength on input line 81.
\calc@Ccount=\count411
\calc@Cskip=\skip65
)
(C:\Users\juliette utilisateur\AppData\Local\Programs\MiKTeX\tex/latex/mathtool
s\mhsetup.sty
Package: mhsetup 2021/03/18 v1.4 programming setup (MH)
)
\g_MT_multlinerow_int=\count412
\l_MT_multwidth_dim=\dimen306
\origjot=\skip66
\l_MT_shortvdotswithinadjustabove_dim=\dimen307
\l_MT_shortvdotswithinadjustbelow_dim=\dimen308
\l_MT_above_intertext_sep=\dimen309
\l_MT_below_intertext_sep=\dimen310
\l_MT_above_shortintertext_sep=\dimen311
\l_MT_below_shortintertext_sep=\dimen312
\xmathstrut@box=\box142
\xmathstrut@dim=\dimen313
)
(C:\Users\juliette utilisateur\AppData\Local\Programs\MiKTeX\tex/latex/units\ni
cefrac.sty
Package: nicefrac 1998/08/04 v0.9b Nice fractions
\L@UnitsRaiseDisplaystyle=\skip67
\L@UnitsRaiseTextstyle=\skip68
\L@UnitsRaiseScriptstyle=\skip69

(C:\Users\juliette utilisateur\AppData\Local\Programs\MiKTeX\tex/latex/base\ift
hen.sty
Package: ifthen 2024/03/16 v1.1e Standard LaTeX ifthen package (DPC)
))
(C:\Users\juliette utilisateur\AppData\Local\Programs\MiKTeX\tex/latex/tools\bm
.sty
Package: bm 2023/12/19 v1.2f Bold Symbol Support (DPC/FMi)
\symboldoperators=\mathgroup8
\symboldletters=\mathgroup9
\symboldsymbols=\mathgroup10
\symboldlargesymbols=\mathgroup11
Package bm Info: No bold for \U/msa/m/n, using \pmb.
Package bm Info: No bold for \U/msb/m/n, using \pmb.
Package bm Info: No bold for \U/rsfs/m/n, using \pmb.
LaTeX Font Info:    Redeclaring math alphabet \mathbf on input line 149.
)
(C:\Users\juliette utilisateur\AppData\Local\Programs\MiKTeX\tex/latex/mwe\mwe.
sty
Package: mwe 2018/03/30 v0.5 Package to support minimal working examples (MWE)

(C:\Users\juliette utilisateur\AppData\Local\Programs\MiKTeX\tex/latex/graphics
\graphicx.sty
Package: graphicx 2021/09/16 v1.2d Enhanced LaTeX Graphics (DPC,SPQR)

(C:\Users\juliette utilisateur\AppData\Local\Programs\MiKTeX\tex/latex/graphics
\graphics.sty
Package: graphics 2024/08/06 v1.4g Standard LaTeX Graphics (DPC,SPQR)

(C:\Users\juliette utilisateur\AppData\Local\Programs\MiKTeX\tex/latex/graphics
\trig.sty
Package: trig 2023/12/02 v1.11 sin cos tan (DPC)
)
(C:\Users\juliette utilisateur\AppData\Local\Programs\MiKTeX\tex/latex/graphics
-cfg\graphics.cfg
File: graphics.cfg 2016/06/04 v1.11 sample graphics configuration
)
Package graphics Info: Driver file: pdftex.def on input line 106.
)
\Gin@req@height=\dimen314
\Gin@req@width=\dimen315
)
(C:\Users\juliette utilisateur\AppData\Local\Programs\MiKTeX\tex/latex/lipsum\l
ipsum.sty
(C:\Users\juliette utilisateur\AppData\Local\Programs\MiKTeX\tex/latex/l3packag
es/l3keys2e\l3keys2e.sty
Package: l3keys2e 2024-08-16 LaTeX2e option processing using LaTeX3 keys
)
Package: lipsum 2021-09-20 v2.7 150 paragraphs of Lorem Ipsum dummy text
\g__lipsum_par_int=\count413
\l__lipsum_a_int=\count414
\l__lipsum_b_int=\count415

(C:\Users\juliette utilisateur\AppData\Local\Programs\MiKTeX\tex/latex/lipsum\l
ipsum.ltd.tex))
(C:\Users\juliette utilisateur\AppData\Local\Programs\MiKTeX\tex/latex/blindtex
t\blindtext.sty
Package: blindtext 2012/01/06 V2.0 blindtext-Package

(C:\Users\juliette utilisateur\AppData\Local\Programs\MiKTeX\tex/latex/tools\xs
pace.sty
Package: xspace 2014/10/28 v1.13 Space after command names (DPC,MH)
)
\c@blindtext=\count416
\c@Blindtext=\count417
\c@blind@countparstart=\count418
\blind@countxx=\count419
\blindtext@numBlindtext=\count420
\blind@countyy=\count421
\c@blindlist=\count422
\c@blindlistlevel=\count423
\c@blindlist@level=\count424
\blind@listitem=\count425
\c@blind@listcount=\count426
\c@blind@levelcount=\count427
\blind@mathformula=\count428
\blind@Mathformula=\count429
\c@blind@randomcount=\count430
\c@blind@randommax=\count431
\c@blind@pangramcount=\count432
\c@blind@pangrammax=\count433
))
(C:\Users\juliette utilisateur\AppData\Local\Programs\MiKTeX\tex/latex/caption\
caption.sty
Package: caption 2023/08/05 v3.6o Customizing captions (AR)

(C:\Users\juliette utilisateur\AppData\Local\Programs\MiKTeX\tex/latex/caption\
caption3.sty
Package: caption3 2023/07/31 v2.4d caption3 kernel (AR)
\caption@tempdima=\dimen316
\captionmargin=\dimen317
\caption@leftmargin=\dimen318
\caption@rightmargin=\dimen319
\caption@width=\dimen320
\caption@indent=\dimen321
\caption@parindent=\dimen322
\caption@hangindent=\dimen323
Package caption Info: Standard document class detected.
Package caption Info: french babel package is loaded.
)
\c@caption@flags=\count434
\c@continuedfloat=\count435
Package caption Info: float package is loaded.
Package caption Info: longtable package is loaded.

(C:\Users\juliette utilisateur\AppData\Local\Programs\MiKTeX\tex/latex/caption\
ltcaption.sty
Package: ltcaption 2021/01/08 v1.4c longtable captions (AR)
)
Package caption Info: wrapfig package is loaded.
)
(C:\Users\juliette utilisateur\AppData\Local\Programs\MiKTeX\tex/latex/caption\
subcaption.sty
Package: subcaption 2023/07/28 v1.6b Sub-captions (AR)
Package caption Info: New subtype `subfigure' on input line 238.
\c@subfigure=\count436
Package caption Info: New subtype `subtable' on input line 238.
\c@subtable=\count437
)
(C:\Users\juliette utilisateur\AppData\Local\Programs\MiKTeX\tex/latex/tools\dc
olumn.sty
Package: dcolumn 2023/07/08 v1.06 decimal alignment package (DPC)
)
(C:\Users\juliette utilisateur\AppData\Local\Programs\MiKTeX\tex/latex/geometry
\geometry.sty
Package: geometry 2020/01/02 v5.9 Page Geometry

(C:\Users\juliette utilisateur\AppData\Local\Programs\MiKTeX\tex/generic/iftex\
ifvtex.sty
Package: ifvtex 2019/10/25 v1.7 ifvtex legacy package. Use iftex instead.

(C:\Users\juliette utilisateur\AppData\Local\Programs\MiKTeX\tex/generic/iftex\
iftex.sty
Package: iftex 2024/12/12 v1.0g TeX engine tests
))
\Gm@cnth=\count438
\Gm@cntv=\count439
\c@Gm@tempcnt=\count440
\Gm@bindingoffset=\dimen324
\Gm@wd@mp=\dimen325
\Gm@odd@mp=\dimen326
\Gm@even@mp=\dimen327
\Gm@layoutwidth=\dimen328
\Gm@layoutheight=\dimen329
\Gm@layouthoffset=\dimen330
\Gm@layoutvoffset=\dimen331
\Gm@dimlist=\toks36

(C:\Users\juliette utilisateur\AppData\Local\Programs\MiKTeX\tex/latex/geometry
\geometry.cfg))
(C:\Users\juliette utilisateur\AppData\Local\Programs\MiKTeX\tex/latex/fancyhdr
\fancyhdr.sty
Package: fancyhdr 2025/02/07 v5.2 Extensive control of page headers and footers

\f@nch@headwidth=\skip70
\f@nch@offset@elh=\skip71
\f@nch@offset@erh=\skip72
\f@nch@offset@olh=\skip73
\f@nch@offset@orh=\skip74
\f@nch@offset@elf=\skip75
\f@nch@offset@erf=\skip76
\f@nch@offset@olf=\skip77
\f@nch@offset@orf=\skip78
\f@nch@height=\skip79
\f@nch@footalignment=\skip80
\f@nch@widthL=\skip81
\f@nch@widthC=\skip82
\f@nch@widthR=\skip83
\@temptokenb=\toks37
)
(C:\Users\juliette utilisateur\AppData\Local\Programs\MiKTeX\tex/latex/siunitx\
siunitx.sty
Package: siunitx 2025-03-26 v3.4.8 A comprehensive (SI) units package
\l__siunitx_number_uncert_offset_int=\count441
\l__siunitx_number_exponent_fixed_int=\count442
\l__siunitx_number_min_decimal_int=\count443
\l__siunitx_number_min_integer_int=\count444
\l__siunitx_number_round_precision_int=\count445
\l__siunitx_number_lower_threshold_int=\count446
\l__siunitx_number_upper_threshold_int=\count447
\l__siunitx_number_group_first_int=\count448
\l__siunitx_number_group_size_int=\count449
\l__siunitx_number_group_minimum_int=\count450
\l__siunitx_angle_tmp_dim=\dimen332
\l__siunitx_angle_marker_box=\box143
\l__siunitx_angle_unit_box=\box144
\l__siunitx_compound_count_int=\count451

(C:\Users\juliette utilisateur\AppData\Local\Programs\MiKTeX\tex/latex/translat
ions\translations.sty
Package: translations 2022/02/05 v1.12 internationalization of LaTeX2e packages
 (CN)

(C:\Users\juliette utilisateur\AppData\Local\Programs\MiKTeX\tex/generic/pdftex
cmds\pdftexcmds.sty
Package: pdftexcmds 2020-06-27 v0.33 Utility functions of pdfTeX for LuaTeX (HO
)

(C:\Users\juliette utilisateur\AppData\Local\Programs\MiKTeX\tex/generic/infwar
err\infwarerr.sty
Package: infwarerr 2019/12/03 v1.5 Providing info/warning/error messages (HO)
)
Package pdftexcmds Info: \pdf@primitive is available.
Package pdftexcmds Info: \pdf@ifprimitive is available.
Package pdftexcmds Info: \pdfdraftmode found.
))
\l__siunitx_table_tmp_box=\box145
\l__siunitx_table_tmp_dim=\dimen333
\l__siunitx_table_column_width_dim=\dimen334
\l__siunitx_table_integer_box=\box146
\l__siunitx_table_decimal_box=\box147
\l__siunitx_table_uncert_box=\box148
\l__siunitx_table_before_box=\box149
\l__siunitx_table_after_box=\box150
\l__siunitx_table_before_dim=\dimen335
\l__siunitx_table_carry_dim=\dimen336
\l__siunitx_unit_tmp_int=\count452
\l__siunitx_unit_position_int=\count453
\l__siunitx_unit_total_int=\count454
)

Package siunitx Info: Option "detect-all" has been deprecated in this release.
(siunitx)             
(siunitx)             Use "mode = match, propagate-math-font = true,
(siunitx)             reset-math-version = false, reset-text-family = false,
(siunitx)             reset-text-series = false, reset-text-shape = false,
(siunitx)             text-family-to-math = true, text-series-to-math = true"
(siunitx)             as a replacement.


(C:\Users\juliette utilisateur\AppData\Local\Programs\MiKTeX\tex/latex/multirow
\multirow.sty
Package: multirow 2024/11/12 v2.9 Span multiple rows of a table
\multirow@colwidth=\skip84
\multirow@cntb=\count455
\multirow@dima=\skip85
\bigstrutjot=\dimen337
)
(C:\Users\juliette utilisateur\AppData\Local\Programs\MiKTeX\tex/latex/etoc\eto
c.sty
Package: etoc 2023/10/29 v1.2d Completely customisable TOCs (JFB)
\Etoc@toctoks=\toks38
\c@etoc@tocid=\count456
\etoc@framed@titlebox=\box151
\etoc@framed@contentsbox=\box152
)
(C:\Users\juliette utilisateur\AppData\Local\Programs\MiKTeX\tex/latex/hyperref
\hyperref.sty
Package: hyperref 2024-11-05 v7.01l Hypertext links for LaTeX

(C:\Users\juliette utilisateur\AppData\Local\Programs\MiKTeX\tex/generic/kvdefi
nekeys\kvdefinekeys.sty
Package: kvdefinekeys 2019-12-19 v1.6 Define keys (HO)
)
(C:\Users\juliette utilisateur\AppData\Local\Programs\MiKTeX\tex/generic/pdfesc
ape\pdfescape.sty
Package: pdfescape 2019/12/09 v1.15 Implements pdfTeX's escape features (HO)
)
(C:\Users\juliette utilisateur\AppData\Local\Programs\MiKTeX\tex/latex/hycolor\
hycolor.sty
Package: hycolor 2020-01-27 v1.10 Color options for hyperref/bookmark (HO)
)
(C:\Users\juliette utilisateur\AppData\Local\Programs\MiKTeX\tex/latex/hyperref
\nameref.sty
Package: nameref 2023-11-26 v2.56 Cross-referencing by name of section

(C:\Users\juliette utilisateur\AppData\Local\Programs\MiKTeX\tex/latex/refcount
\refcount.sty
Package: refcount 2019/12/15 v3.6 Data extraction from label references (HO)
)
(C:\Users\juliette utilisateur\AppData\Local\Programs\MiKTeX\tex/generic/gettit
lestring\gettitlestring.sty
Package: gettitlestring 2019/12/15 v1.6 Cleanup title references (HO)
)
\c@section@level=\count457
)
(C:\Users\juliette utilisateur\AppData\Local\Programs\MiKTeX\tex/generic/string
enc\stringenc.sty
Package: stringenc 2019/11/29 v1.12 Convert strings between diff. encodings (HO
)
)
\@linkdim=\dimen338
\Hy@linkcounter=\count458
\Hy@pagecounter=\count459

(C:\Users\juliette utilisateur\AppData\Local\Programs\MiKTeX\tex/latex/hyperref
\pd1enc.def
File: pd1enc.def 2024-11-05 v7.01l Hyperref: PDFDocEncoding definition (HO)
Now handling font encoding PD1 ...
... no UTF-8 mapping file for font encoding PD1
)
(C:\Users\juliette utilisateur\AppData\Local\Programs\MiKTeX\tex/generic/intcal
c\intcalc.sty
Package: intcalc 2019/12/15 v1.3 Expandable calculations with integers (HO)
)
\Hy@SavedSpaceFactor=\count460

(C:\Users\juliette utilisateur\AppData\Local\Programs\MiKTeX\tex/latex/hyperref
\puenc.def
File: puenc.def 2024-11-05 v7.01l Hyperref: PDF Unicode definition (HO)
Now handling font encoding PU ...
... no UTF-8 mapping file for font encoding PU
)
Package hyperref Info: Hyper figures OFF on input line 4157.
Package hyperref Info: Link nesting OFF on input line 4162.
Package hyperref Info: Hyper index ON on input line 4165.
Package hyperref Info: Plain pages OFF on input line 4172.
Package hyperref Info: Backreferencing OFF on input line 4177.
Package hyperref Info: Implicit mode ON; LaTeX internals redefined.
Package hyperref Info: Bookmarks ON on input line 4424.
\c@Hy@tempcnt=\count461

(C:\Users\juliette utilisateur\AppData\Local\Programs\MiKTeX\tex/latex/url\url.
sty
\Urlmuskip=\muskip18
Package: url 2013/09/16  ver 3.4  Verb mode for urls, etc.
)
LaTeX Info: Redefining \url on input line 4763.
\XeTeXLinkMargin=\dimen339

(C:\Users\juliette utilisateur\AppData\Local\Programs\MiKTeX\tex/generic/bitset
\bitset.sty
Package: bitset 2019/12/09 v1.3 Handle bit-vector datatype (HO)

(C:\Users\juliette utilisateur\AppData\Local\Programs\MiKTeX\tex/generic/bigint
calc\bigintcalc.sty
Package: bigintcalc 2019/12/15 v1.5 Expandable calculations on big integers (HO
)
))
\Fld@menulength=\count462
\Field@Width=\dimen340
\Fld@charsize=\dimen341
Package hyperref Info: Hyper figures OFF on input line 6042.
Package hyperref Info: Link nesting OFF on input line 6047.
Package hyperref Info: Hyper index ON on input line 6050.
Package hyperref Info: backreferencing OFF on input line 6057.
Package hyperref Info: Link coloring OFF on input line 6062.
Package hyperref Info: Link coloring with OCG OFF on input line 6067.
Package hyperref Info: PDF/A mode OFF on input line 6072.

(C:\Users\juliette utilisateur\AppData\Local\Programs\MiKTeX\tex/latex/base\atb
egshi-ltx.sty
Package: atbegshi-ltx 2021/01/10 v1.0c Emulation of the original atbegshi
package with kernel methods
)
\Hy@abspage=\count463
\c@Item=\count464
\c@Hfootnote=\count465
)
Package hyperref Info: Driver (autodetected): hpdftex.

(C:\Users\juliette utilisateur\AppData\Local\Programs\MiKTeX\tex/latex/hyperref
\hpdftex.def
File: hpdftex.def 2024-11-05 v7.01l Hyperref driver for pdfTeX

(C:\Users\juliette utilisateur\AppData\Local\Programs\MiKTeX\tex/latex/base\atv
eryend-ltx.sty
Package: atveryend-ltx 2020/08/19 v1.0a Emulation of the original atveryend pac
kage
with kernel methods
)
\Fld@listcount=\count466
\c@bookmark@seq@number=\count467

(C:\Users\juliette utilisateur\AppData\Local\Programs\MiKTeX\tex/latex/rerunfil
echeck\rerunfilecheck.sty
Package: rerunfilecheck 2022-07-10 v1.10 Rerun checks for auxiliary files (HO)

(C:\Users\juliette utilisateur\AppData\Local\Programs\MiKTeX\tex/generic/unique
counter\uniquecounter.sty
Package: uniquecounter 2019/12/15 v1.4 Provide unlimited unique counter (HO)
)
Package uniquecounter Info: New unique counter `rerunfilecheck' on input line 2
85.
)
\Hy@SectionHShift=\skip86
)
Package hyperref Info: Option `colorlinks' set `true' on input line 214.

(C:\Users\juliette utilisateur\AppData\Local\Programs\MiKTeX\tex/latex/titlesec
\titlesec.sty
Package: titlesec 2025/01/04 v2.17 Sectioning titles
\ttl@box=\box153
\beforetitleunit=\skip87
\aftertitleunit=\skip88
\ttl@plus=\dimen342
\ttl@minus=\dimen343
\ttl@toksa=\toks39
\titlewidth=\dimen344
\titlewidthlast=\dimen345
\titlewidthfirst=\dimen346
)
(C:\Users\juliette utilisateur\AppData\Local\Programs\MiKTeX\tex/latex/biblatex
\biblatex.sty
Package: biblatex 2024/03/21 v3.20 programmable bibliographies (PK/MW)

(C:\Users\juliette utilisateur\AppData\Local\Programs\MiKTeX\tex/latex/logreq\l
ogreq.sty
Package: logreq 2010/08/04 v1.0 xml request logger
\lrq@indent=\count468

(C:\Users\juliette utilisateur\AppData\Local\Programs\MiKTeX\tex/latex/logreq\l
ogreq.def
File: logreq.def 2010/08/04 v1.0 logreq spec v1.0
))
\c@tabx@nest=\count469
\c@listtotal=\count470
\c@listcount=\count471
\c@liststart=\count472
\c@liststop=\count473
\c@citecount=\count474
\c@citetotal=\count475
\c@multicitecount=\count476
\c@multicitetotal=\count477
\c@instcount=\count478
\c@maxnames=\count479
\c@minnames=\count480
\c@maxitems=\count481
\c@minitems=\count482
\c@citecounter=\count483
\c@maxcitecounter=\count484
\c@savedcitecounter=\count485
\c@uniquelist=\count486
\c@uniquename=\count487
\c@refsection=\count488
\c@refsegment=\count489
\c@maxextratitle=\count490
\c@maxextratitleyear=\count491
\c@maxextraname=\count492
\c@maxextradate=\count493
\c@maxextraalpha=\count494
\c@abbrvpenalty=\count495
\c@highnamepenalty=\count496
\c@lownamepenalty=\count497
\c@maxparens=\count498
\c@parenlevel=\count499
\blx@tempcnta=\count500
\blx@tempcntb=\count501
\blx@tempcntc=\count502
\c@blx@maxsection=\count503
\blx@maxsegment@0=\count504
\blx@notetype=\count505
\blx@parenlevel@text=\count506
\blx@parenlevel@foot=\count507
\blx@sectionciteorder@0=\count508
\blx@sectionciteorderinternal@0=\count509
\blx@entrysetcounter=\count510
\blx@biblioinstance=\count511
\labelnumberwidth=\skip89
\labelalphawidth=\skip90
\biblabelsep=\skip91
\bibitemsep=\skip92
\bibnamesep=\skip93
\bibinitsep=\skip94
\bibparsep=\skip95
\bibhang=\skip96
\blx@bcfin=\read3
\blx@bcfout=\write4
\blx@langwohyphens=\language80
\c@mincomprange=\count512
\c@maxcomprange=\count513
\c@mincompwidth=\count514
Package biblatex Info: Trying to load biblatex default data model...
Package biblatex Info: ... file 'blx-dm.def' found.

(C:\Users\juliette utilisateur\AppData\Local\Programs\MiKTeX\tex/latex/biblatex
\blx-dm.def
File: blx-dm.def 2024/03/21 v3.20 biblatex datamodel (PK/MW)
)
Package biblatex Info: Trying to load biblatex style data model...
Package biblatex Info: ... file 'numeric-comp.dbx' not found.
Package biblatex Info: Trying to load biblatex custom data model...
Package biblatex Info: ... file 'biblatex-dm.cfg' not found.
\c@afterword=\count515
\c@savedafterword=\count516
\c@annotator=\count517
\c@savedannotator=\count518
\c@author=\count519
\c@savedauthor=\count520
\c@bookauthor=\count521
\c@savedbookauthor=\count522
\c@commentator=\count523
\c@savedcommentator=\count524
\c@editor=\count525
\c@savededitor=\count526
\c@editora=\count527
\c@savededitora=\count528
\c@editorb=\count529
\c@savededitorb=\count530
\c@editorc=\count531
\c@savededitorc=\count532
\c@foreword=\count533
\c@savedforeword=\count534
\c@holder=\count535
\c@savedholder=\count536
\c@introduction=\count537
\c@savedintroduction=\count538
\c@namea=\count539
\c@savednamea=\count540
\c@nameb=\count541
\c@savednameb=\count542
\c@namec=\count543
\c@savednamec=\count544
\c@translator=\count545
\c@savedtranslator=\count546
\c@shortauthor=\count547
\c@savedshortauthor=\count548
\c@shorteditor=\count549
\c@savedshorteditor=\count550
\c@labelname=\count551
\c@savedlabelname=\count552
\c@institution=\count553
\c@savedinstitution=\count554
\c@lista=\count555
\c@savedlista=\count556
\c@listb=\count557
\c@savedlistb=\count558
\c@listc=\count559
\c@savedlistc=\count560
\c@listd=\count561
\c@savedlistd=\count562
\c@liste=\count563
\c@savedliste=\count564
\c@listf=\count565
\c@savedlistf=\count566
\c@location=\count567
\c@savedlocation=\count568
\c@organization=\count569
\c@savedorganization=\count570
\c@origlocation=\count571
\c@savedoriglocation=\count572
\c@origpublisher=\count573
\c@savedorigpublisher=\count574
\c@publisher=\count575
\c@savedpublisher=\count576
\c@language=\count577
\c@savedlanguage=\count578
\c@origlanguage=\count579
\c@savedoriglanguage=\count580
\c@pageref=\count581
\c@savedpageref=\count582
\shorthandwidth=\skip97
\shortjournalwidth=\skip98
\shortserieswidth=\skip99
\shorttitlewidth=\skip100
\shortauthorwidth=\skip101
\shorteditorwidth=\skip102
\locallabelnumberwidth=\skip103
\locallabelalphawidth=\skip104
\localshorthandwidth=\skip105
\localshortjournalwidth=\skip106
\localshortserieswidth=\skip107
\localshorttitlewidth=\skip108
\localshortauthorwidth=\skip109
\localshorteditorwidth=\skip110
Package biblatex Info: Trying to load compatibility code...
Package biblatex Info: ... file 'blx-compat.def' found.

(C:\Users\juliette utilisateur\AppData\Local\Programs\MiKTeX\tex/latex/biblatex
\blx-compat.def
File: blx-compat.def 2024/03/21 v3.20 biblatex compatibility (PK/MW)
)
Package biblatex Info: Trying to load generic definitions...
Package biblatex Info: ... file 'biblatex.def' found.

(C:\Users\juliette utilisateur\AppData\Local\Programs\MiKTeX\tex/latex/biblatex
\biblatex.def
File: biblatex.def 2024/03/21 v3.20 biblatex compatibility (PK/MW)
\c@textcitecount=\count583
\c@textcitetotal=\count584
\c@textcitemaxnames=\count585
\c@biburlbigbreakpenalty=\count586
\c@biburlbreakpenalty=\count587
\c@biburlnumpenalty=\count588
\c@biburlucpenalty=\count589
\c@biburllcpenalty=\count590
\biburlbigskip=\muskip19
\biburlnumskip=\muskip20
\biburlucskip=\muskip21
\biburllcskip=\muskip22
\c@smartand=\count591
)
Package biblatex Info: Trying to load bibliography style 'numeric-comp'...
Package biblatex Info: ... file 'numeric-comp.bbx' found.

(C:\Users\juliette utilisateur\AppData\Local\Programs\MiKTeX\tex/latex/biblatex
/bbx\numeric-comp.bbx
File: numeric-comp.bbx 2024/03/21 v3.20 biblatex bibliography style (PK/MW)
Package biblatex Info: Trying to load bibliography style 'numeric'...
Package biblatex Info: ... file 'numeric.bbx' found.

(C:\Users\juliette utilisateur\AppData\Local\Programs\MiKTeX\tex/latex/biblatex
/bbx\numeric.bbx
File: numeric.bbx 2024/03/21 v3.20 biblatex bibliography style (PK/MW)
Package biblatex Info: Trying to load bibliography style 'standard'...
Package biblatex Info: ... file 'standard.bbx' found.

(C:\Users\juliette utilisateur\AppData\Local\Programs\MiKTeX\tex/latex/biblatex
/bbx\standard.bbx
File: standard.bbx 2024/03/21 v3.20 biblatex bibliography style (PK/MW)
\c@bbx:relatedcount=\count592
\c@bbx:relatedtotal=\count593
)))
Package biblatex Info: Trying to load citation style 'numeric-comp'...
Package biblatex Info: ... file 'numeric-comp.cbx' found.

(C:\Users\juliette utilisateur\AppData\Local\Programs\MiKTeX\tex/latex/biblatex
/cbx\numeric-comp.cbx
File: numeric-comp.cbx 2024/03/21 v3.20 biblatex citation style (PK/MW)
\c@cbx@tempcnta=\count594
\c@cbx@tempcntb=\count595
\c@cbx@tempcntc=\count596
\c@cbx@tempcntd=\count597
Package biblatex Info: Redefining '\cite'.
Package biblatex Info: Redefining '\parencite'.
Package biblatex Info: Redefining '\footcite'.
Package biblatex Info: Redefining '\footcitetext'.
Package biblatex Info: Redefining '\smartcite'.
Package biblatex Info: Redefining '\supercite'.
Package biblatex Info: Redefining '\textcite'.
Package biblatex Info: Redefining '\textcites'.
Package biblatex Info: Redefining '\cites'.
Package biblatex Info: Redefining '\parencites'.
Package biblatex Info: Redefining '\smartcites'.
)
Package biblatex Info: Trying to load configuration file...
Package biblatex Info: ... file 'biblatex.cfg' found.

(C:\Users\juliette utilisateur\AppData\Local\Programs\MiKTeX\tex/latex/biblatex
\biblatex.cfg
File: biblatex.cfg 
)
Package biblatex Info: Input encoding 'utf8' detected.
Package biblatex Info: Document encoding is UTF8 ....
Package biblatex Info: ... and expl3
(biblatex)             2025-01-18 L3 programming layer (loader) 
(biblatex)             is new enough (at least 2020/04/06),
(biblatex)             setting 'casechanger=expl3'.

(C:\Users\juliette utilisateur\AppData\Local\Programs\MiKTeX\tex/latex/biblatex
\blx-case-expl3.sty
Package: blx-case-expl3 2024/03/21 v3.20 expl3 case changing code for biblatex
))
(C:\Users\juliette utilisateur\AppData\Local\Programs\MiKTeX\tex/latex/pgf/fron
tendlayer\tikz.sty
(C:\Users\juliette utilisateur\AppData\Local\Programs\MiKTeX\tex/latex/pgf/basi
clayer\pgf.sty
(C:\Users\juliette utilisateur\AppData\Local\Programs\MiKTeX\tex/latex/pgf/util
ities\pgfrcs.sty
(C:\Users\juliette utilisateur\AppData\Local\Programs\MiKTeX\tex/generic/pgf/ut
ilities\pgfutil-common.tex
\pgfutil@everybye=\toks40
\pgfutil@tempdima=\dimen347
\pgfutil@tempdimb=\dimen348
)
(C:\Users\juliette utilisateur\AppData\Local\Programs\MiKTeX\tex/generic/pgf/ut
ilities\pgfutil-latex.def
\pgfutil@abb=\box154
)
(C:\Users\juliette utilisateur\AppData\Local\Programs\MiKTeX\tex/generic/pgf/ut
ilities\pgfrcs.code.tex
(C:\Users\juliette utilisateur\AppData\Local\Programs\MiKTeX\tex/generic/pgf\pg
f.revision.tex)
Package: pgfrcs 2023-01-15 v3.1.10 (3.1.10)
))
Package: pgf 2023-01-15 v3.1.10 (3.1.10)

(C:\Users\juliette utilisateur\AppData\Local\Programs\MiKTeX\tex/latex/pgf/basi
clayer\pgfcore.sty
(C:\Users\juliette utilisateur\AppData\Local\Programs\MiKTeX\tex/latex/pgf/syst
emlayer\pgfsys.sty
(C:\Users\juliette utilisateur\AppData\Local\Programs\MiKTeX\tex/generic/pgf/sy
stemlayer\pgfsys.code.tex
Package: pgfsys 2023-01-15 v3.1.10 (3.1.10)

(C:\Users\juliette utilisateur\AppData\Local\Programs\MiKTeX\tex/generic/pgf/ut
ilities\pgfkeys.code.tex
\pgfkeys@pathtoks=\toks41
\pgfkeys@temptoks=\toks42

(C:\Users\juliette utilisateur\AppData\Local\Programs\MiKTeX\tex/generic/pgf/ut
ilities\pgfkeyslibraryfiltered.code.tex
\pgfkeys@tmptoks=\toks43
))
\pgf@x=\dimen349
\pgf@y=\dimen350
\pgf@xa=\dimen351
\pgf@ya=\dimen352
\pgf@xb=\dimen353
\pgf@yb=\dimen354
\pgf@xc=\dimen355
\pgf@yc=\dimen356
\pgf@xd=\dimen357
\pgf@yd=\dimen358
\w@pgf@writea=\write5
\r@pgf@reada=\read4
\c@pgf@counta=\count598
\c@pgf@countb=\count599
\c@pgf@countc=\count600
\c@pgf@countd=\count601
\t@pgf@toka=\toks44
\t@pgf@tokb=\toks45
\t@pgf@tokc=\toks46
\pgf@sys@id@count=\count602

(C:\Users\juliette utilisateur\AppData\Local\Programs\MiKTeX\tex/generic/pgf/sy
stemlayer\pgf.cfg
File: pgf.cfg 2023-01-15 v3.1.10 (3.1.10)
)
Driver file for pgf: pgfsys-pdftex.def

(C:\Users\juliette utilisateur\AppData\Local\Programs\MiKTeX\tex/generic/pgf/sy
stemlayer\pgfsys-pdftex.def
File: pgfsys-pdftex.def 2023-01-15 v3.1.10 (3.1.10)

(C:\Users\juliette utilisateur\AppData\Local\Programs\MiKTeX\tex/generic/pgf/sy
stemlayer\pgfsys-common-pdf.def
File: pgfsys-common-pdf.def 2023-01-15 v3.1.10 (3.1.10)
)))
(C:\Users\juliette utilisateur\AppData\Local\Programs\MiKTeX\tex/generic/pgf/sy
stemlayer\pgfsyssoftpath.code.tex
File: pgfsyssoftpath.code.tex 2023-01-15 v3.1.10 (3.1.10)
\pgfsyssoftpath@smallbuffer@items=\count603
\pgfsyssoftpath@bigbuffer@items=\count604
)
(C:\Users\juliette utilisateur\AppData\Local\Programs\MiKTeX\tex/generic/pgf/sy
stemlayer\pgfsysprotocol.code.tex
File: pgfsysprotocol.code.tex 2023-01-15 v3.1.10 (3.1.10)
))
(C:\Users\juliette utilisateur\AppData\Local\Programs\MiKTeX\tex/generic/pgf/ba
siclayer\pgfcore.code.tex
Package: pgfcore 2023-01-15 v3.1.10 (3.1.10)

(C:\Users\juliette utilisateur\AppData\Local\Programs\MiKTeX\tex/generic/pgf/ma
th\pgfmath.code.tex
(C:\Users\juliette utilisateur\AppData\Local\Programs\MiKTeX\tex/generic/pgf/ma
th\pgfmathutil.code.tex)
(C:\Users\juliette utilisateur\AppData\Local\Programs\MiKTeX\tex/generic/pgf/ma
th\pgfmathparser.code.tex
\pgfmath@dimen=\dimen359
\pgfmath@count=\count605
\pgfmath@box=\box155
\pgfmath@toks=\toks47
\pgfmath@stack@operand=\toks48
\pgfmath@stack@operation=\toks49
)
(C:\Users\juliette utilisateur\AppData\Local\Programs\MiKTeX\tex/generic/pgf/ma
th\pgfmathfunctions.code.tex)
(C:\Users\juliette utilisateur\AppData\Local\Programs\MiKTeX\tex/generic/pgf/ma
th\pgfmathfunctions.basic.code.tex)
(C:\Users\juliette utilisateur\AppData\Local\Programs\MiKTeX\tex/generic/pgf/ma
th\pgfmathfunctions.trigonometric.code.tex)
(C:\Users\juliette utilisateur\AppData\Local\Programs\MiKTeX\tex/generic/pgf/ma
th\pgfmathfunctions.random.code.tex)
(C:\Users\juliette utilisateur\AppData\Local\Programs\MiKTeX\tex/generic/pgf/ma
th\pgfmathfunctions.comparison.code.tex)
(C:\Users\juliette utilisateur\AppData\Local\Programs\MiKTeX\tex/generic/pgf/ma
th\pgfmathfunctions.base.code.tex)
(C:\Users\juliette utilisateur\AppData\Local\Programs\MiKTeX\tex/generic/pgf/ma
th\pgfmathfunctions.round.code.tex)
(C:\Users\juliette utilisateur\AppData\Local\Programs\MiKTeX\tex/generic/pgf/ma
th\pgfmathfunctions.misc.code.tex)
(C:\Users\juliette utilisateur\AppData\Local\Programs\MiKTeX\tex/generic/pgf/ma
th\pgfmathfunctions.integerarithmetics.code.tex)
(C:\Users\juliette utilisateur\AppData\Local\Programs\MiKTeX\tex/generic/pgf/ma
th\pgfmathcalc.code.tex)
(C:\Users\juliette utilisateur\AppData\Local\Programs\MiKTeX\tex/generic/pgf/ma
th\pgfmathfloat.code.tex
\c@pgfmathroundto@lastzeros=\count606
))
(C:\Users\juliette utilisateur\AppData\Local\Programs\MiKTeX\tex/generic/pgf/ma
th\pgfint.code.tex)
(C:\Users\juliette utilisateur\AppData\Local\Programs\MiKTeX\tex/generic/pgf/ba
siclayer\pgfcorepoints.code.tex
File: pgfcorepoints.code.tex 2023-01-15 v3.1.10 (3.1.10)
\pgf@picminx=\dimen360
\pgf@picmaxx=\dimen361
\pgf@picminy=\dimen362
\pgf@picmaxy=\dimen363
\pgf@pathminx=\dimen364
\pgf@pathmaxx=\dimen365
\pgf@pathminy=\dimen366
\pgf@pathmaxy=\dimen367
\pgf@xx=\dimen368
\pgf@xy=\dimen369
\pgf@yx=\dimen370
\pgf@yy=\dimen371
\pgf@zx=\dimen372
\pgf@zy=\dimen373
)
(C:\Users\juliette utilisateur\AppData\Local\Programs\MiKTeX\tex/generic/pgf/ba
siclayer\pgfcorepathconstruct.code.tex
File: pgfcorepathconstruct.code.tex 2023-01-15 v3.1.10 (3.1.10)
\pgf@path@lastx=\dimen374
\pgf@path@lasty=\dimen375
)
(C:\Users\juliette utilisateur\AppData\Local\Programs\MiKTeX\tex/generic/pgf/ba
siclayer\pgfcorepathusage.code.tex
File: pgfcorepathusage.code.tex 2023-01-15 v3.1.10 (3.1.10)
\pgf@shorten@end@additional=\dimen376
\pgf@shorten@start@additional=\dimen377
)
(C:\Users\juliette utilisateur\AppData\Local\Programs\MiKTeX\tex/generic/pgf/ba
siclayer\pgfcorescopes.code.tex
File: pgfcorescopes.code.tex 2023-01-15 v3.1.10 (3.1.10)
\pgfpic=\box156
\pgf@hbox=\box157
\pgf@layerbox@main=\box158
\pgf@picture@serial@count=\count607
)
(C:\Users\juliette utilisateur\AppData\Local\Programs\MiKTeX\tex/generic/pgf/ba
siclayer\pgfcoregraphicstate.code.tex
File: pgfcoregraphicstate.code.tex 2023-01-15 v3.1.10 (3.1.10)
\pgflinewidth=\dimen378
)
(C:\Users\juliette utilisateur\AppData\Local\Programs\MiKTeX\tex/generic/pgf/ba
siclayer\pgfcoretransformations.code.tex
File: pgfcoretransformations.code.tex 2023-01-15 v3.1.10 (3.1.10)
\pgf@pt@x=\dimen379
\pgf@pt@y=\dimen380
\pgf@pt@temp=\dimen381
)
(C:\Users\juliette utilisateur\AppData\Local\Programs\MiKTeX\tex/generic/pgf/ba
siclayer\pgfcorequick.code.tex
File: pgfcorequick.code.tex 2023-01-15 v3.1.10 (3.1.10)
)
(C:\Users\juliette utilisateur\AppData\Local\Programs\MiKTeX\tex/generic/pgf/ba
siclayer\pgfcoreobjects.code.tex
File: pgfcoreobjects.code.tex 2023-01-15 v3.1.10 (3.1.10)
)
(C:\Users\juliette utilisateur\AppData\Local\Programs\MiKTeX\tex/generic/pgf/ba
siclayer\pgfcorepathprocessing.code.tex
File: pgfcorepathprocessing.code.tex 2023-01-15 v3.1.10 (3.1.10)
)
(C:\Users\juliette utilisateur\AppData\Local\Programs\MiKTeX\tex/generic/pgf/ba
siclayer\pgfcorearrows.code.tex
File: pgfcorearrows.code.tex 2023-01-15 v3.1.10 (3.1.10)
\pgfarrowsep=\dimen382
)
(C:\Users\juliette utilisateur\AppData\Local\Programs\MiKTeX\tex/generic/pgf/ba
siclayer\pgfcoreshade.code.tex
File: pgfcoreshade.code.tex 2023-01-15 v3.1.10 (3.1.10)
\pgf@max=\dimen383
\pgf@sys@shading@range@num=\count608
\pgf@shadingcount=\count609
)
(C:\Users\juliette utilisateur\AppData\Local\Programs\MiKTeX\tex/generic/pgf/ba
siclayer\pgfcoreimage.code.tex
File: pgfcoreimage.code.tex 2023-01-15 v3.1.10 (3.1.10)
)
(C:\Users\juliette utilisateur\AppData\Local\Programs\MiKTeX\tex/generic/pgf/ba
siclayer\pgfcoreexternal.code.tex
File: pgfcoreexternal.code.tex 2023-01-15 v3.1.10 (3.1.10)
\pgfexternal@startupbox=\box159
)
(C:\Users\juliette utilisateur\AppData\Local\Programs\MiKTeX\tex/generic/pgf/ba
siclayer\pgfcorelayers.code.tex
File: pgfcorelayers.code.tex 2023-01-15 v3.1.10 (3.1.10)
)
(C:\Users\juliette utilisateur\AppData\Local\Programs\MiKTeX\tex/generic/pgf/ba
siclayer\pgfcoretransparency.code.tex
File: pgfcoretransparency.code.tex 2023-01-15 v3.1.10 (3.1.10)
)
(C:\Users\juliette utilisateur\AppData\Local\Programs\MiKTeX\tex/generic/pgf/ba
siclayer\pgfcorepatterns.code.tex
File: pgfcorepatterns.code.tex 2023-01-15 v3.1.10 (3.1.10)
)
(C:\Users\juliette utilisateur\AppData\Local\Programs\MiKTeX\tex/generic/pgf/ba
siclayer\pgfcorerdf.code.tex
File: pgfcorerdf.code.tex 2023-01-15 v3.1.10 (3.1.10)
)))
(C:\Users\juliette utilisateur\AppData\Local\Programs\MiKTeX\tex/generic/pgf/mo
dules\pgfmoduleshapes.code.tex
File: pgfmoduleshapes.code.tex 2023-01-15 v3.1.10 (3.1.10)
\pgfnodeparttextbox=\box160
)
(C:\Users\juliette utilisateur\AppData\Local\Programs\MiKTeX\tex/generic/pgf/mo
dules\pgfmoduleplot.code.tex
File: pgfmoduleplot.code.tex 2023-01-15 v3.1.10 (3.1.10)
)
(C:\Users\juliette utilisateur\AppData\Local\Programs\MiKTeX\tex/latex/pgf/comp
atibility\pgfcomp-version-0-65.sty
Package: pgfcomp-version-0-65 2023-01-15 v3.1.10 (3.1.10)
\pgf@nodesepstart=\dimen384
\pgf@nodesepend=\dimen385
)
(C:\Users\juliette utilisateur\AppData\Local\Programs\MiKTeX\tex/latex/pgf/comp
atibility\pgfcomp-version-1-18.sty
Package: pgfcomp-version-1-18 2023-01-15 v3.1.10 (3.1.10)
))
(C:\Users\juliette utilisateur\AppData\Local\Programs\MiKTeX\tex/latex/pgf/util
ities\pgffor.sty
(C:\Users\juliette utilisateur\AppData\Local\Programs\MiKTeX\tex/latex/pgf/util
ities\pgfkeys.sty
(C:\Users\juliette utilisateur\AppData\Local\Programs\MiKTeX\tex/generic/pgf/ut
ilities\pgfkeys.code.tex))
(C:\Users\juliette utilisateur\AppData\Local\Programs\MiKTeX\tex/latex/pgf/math
\pgfmath.sty
(C:\Users\juliette utilisateur\AppData\Local\Programs\MiKTeX\tex/generic/pgf/ma
th\pgfmath.code.tex))
(C:\Users\juliette utilisateur\AppData\Local\Programs\MiKTeX\tex/generic/pgf/ut
ilities\pgffor.code.tex
Package: pgffor 2023-01-15 v3.1.10 (3.1.10)
\pgffor@iter=\dimen386
\pgffor@skip=\dimen387
\pgffor@stack=\toks50
\pgffor@toks=\toks51
))
(C:\Users\juliette utilisateur\AppData\Local\Programs\MiKTeX\tex/generic/pgf/fr
ontendlayer/tikz\tikz.code.tex
Package: tikz 2023-01-15 v3.1.10 (3.1.10)

(C:\Users\juliette utilisateur\AppData\Local\Programs\MiKTeX\tex/generic/pgf/li
braries\pgflibraryplothandlers.code.tex
File: pgflibraryplothandlers.code.tex 2023-01-15 v3.1.10 (3.1.10)
\pgf@plot@mark@count=\count610
\pgfplotmarksize=\dimen388
)
\tikz@lastx=\dimen389
\tikz@lasty=\dimen390
\tikz@lastxsaved=\dimen391
\tikz@lastysaved=\dimen392
\tikz@lastmovetox=\dimen393
\tikz@lastmovetoy=\dimen394
\tikzleveldistance=\dimen395
\tikzsiblingdistance=\dimen396
\tikz@figbox=\box161
\tikz@figbox@bg=\box162
\tikz@tempbox=\box163
\tikz@tempbox@bg=\box164
\tikztreelevel=\count611
\tikznumberofchildren=\count612
\tikznumberofcurrentchild=\count613
\tikz@fig@count=\count614

(C:\Users\juliette utilisateur\AppData\Local\Programs\MiKTeX\tex/generic/pgf/mo
dules\pgfmodulematrix.code.tex
File: pgfmodulematrix.code.tex 2023-01-15 v3.1.10 (3.1.10)
\pgfmatrixcurrentrow=\count615
\pgfmatrixcurrentcolumn=\count616
\pgf@matrix@numberofcolumns=\count617
)
\tikz@expandcount=\count618

(C:\Users\juliette utilisateur\AppData\Local\Programs\MiKTeX\tex/generic/pgf/fr
ontendlayer/tikz/libraries\tikzlibrarytopaths.code.tex
File: tikzlibrarytopaths.code.tex 2023-01-15 v3.1.10 (3.1.10)
)))
(C:\Users\juliette utilisateur\AppData\Local\Programs\MiKTeX\tex/generic/pgf/fr
ontendlayer/tikz/libraries\tikzlibrarypatterns.code.tex
File: tikzlibrarypatterns.code.tex 2023-01-15 v3.1.10 (3.1.10)

(C:\Users\juliette utilisateur\AppData\Local\Programs\MiKTeX\tex/generic/pgf/li
braries\pgflibrarypatterns.code.tex
File: pgflibrarypatterns.code.tex 2023-01-15 v3.1.10 (3.1.10)
))
(C:\Users\juliette utilisateur\AppData\Local\Programs\MiKTeX\tex/generic/pgf/fr
ontendlayer/tikz/libraries\tikzlibrarypatterns.meta.code.tex
(C:\Users\juliette utilisateur\AppData\Local\Programs\MiKTeX\tex/generic/pgf/li
braries\pgflibrarypatterns.meta.code.tex))
(C:\Users\juliette utilisateur\AppData\Local\Programs\MiKTeX\tex/generic/pgf/fr
ontendlayer/tikz/libraries\tikzlibraryshapes.code.tex
File: tikzlibraryshapes.code.tex 2023-01-15 v3.1.10 (3.1.10)

(C:\Users\juliette utilisateur\AppData\Local\Programs\MiKTeX\tex/generic/pgf/fr
ontendlayer/tikz/libraries\tikzlibraryshapes.geometric.code.tex
File: tikzlibraryshapes.geometric.code.tex 2023-01-15 v3.1.10 (3.1.10)

(C:\Users\juliette utilisateur\AppData\Local\Programs\MiKTeX\tex/generic/pgf/li
braries/shapes\pgflibraryshapes.geometric.code.tex
File: pgflibraryshapes.geometric.code.tex 2023-01-15 v3.1.10 (3.1.10)
))
(C:\Users\juliette utilisateur\AppData\Local\Programs\MiKTeX\tex/generic/pgf/fr
ontendlayer/tikz/libraries\tikzlibraryshapes.misc.code.tex
File: tikzlibraryshapes.misc.code.tex 2023-01-15 v3.1.10 (3.1.10)

(C:\Users\juliette utilisateur\AppData\Local\Programs\MiKTeX\tex/generic/pgf/li
braries/shapes\pgflibraryshapes.misc.code.tex
File: pgflibraryshapes.misc.code.tex 2023-01-15 v3.1.10 (3.1.10)
))
(C:\Users\juliette utilisateur\AppData\Local\Programs\MiKTeX\tex/generic/pgf/fr
ontendlayer/tikz/libraries\tikzlibraryshapes.symbols.code.tex
File: tikzlibraryshapes.symbols.code.tex 2023-01-15 v3.1.10 (3.1.10)

(C:\Users\juliette utilisateur\AppData\Local\Programs\MiKTeX\tex/generic/pgf/li
braries/shapes\pgflibraryshapes.symbols.code.tex
File: pgflibraryshapes.symbols.code.tex 2023-01-15 v3.1.10 (3.1.10)
))
(C:\Users\juliette utilisateur\AppData\Local\Programs\MiKTeX\tex/generic/pgf/fr
ontendlayer/tikz/libraries\tikzlibraryshapes.arrows.code.tex
File: tikzlibraryshapes.arrows.code.tex 2023-01-15 v3.1.10 (3.1.10)

(C:\Users\juliette utilisateur\AppData\Local\Programs\MiKTeX\tex/generic/pgf/li
braries/shapes\pgflibraryshapes.arrows.code.tex
File: pgflibraryshapes.arrows.code.tex 2023-01-15 v3.1.10 (3.1.10)
))
(C:\Users\juliette utilisateur\AppData\Local\Programs\MiKTeX\tex/generic/pgf/fr
ontendlayer/tikz/libraries\tikzlibraryshapes.callouts.code.tex
(C:\Users\juliette utilisateur\AppData\Local\Programs\MiKTeX\tex/generic/pgf/li
braries/shapes\pgflibraryshapes.callouts.code.tex))
(C:\Users\juliette utilisateur\AppData\Local\Programs\MiKTeX\tex/generic/pgf/fr
ontendlayer/tikz/libraries\tikzlibraryshapes.multipart.code.tex
File: tikzlibraryshapes.multipart.code.tex 2023-01-15 v3.1.10 (3.1.10)

(C:\Users\juliette utilisateur\AppData\Local\Programs\MiKTeX\tex/generic/pgf/li
braries/shapes\pgflibraryshapes.multipart.code.tex
File: pgflibraryshapes.multipart.code.tex 2023-01-15 v3.1.10 (3.1.10)
\pgfnodepartlowerbox=\box165
\pgfnodeparttwobox=\box166
\pgfnodepartthreebox=\box167
\pgfnodepartfourbox=\box168
\pgfnodeparttwentybox=\box169
\pgfnodepartnineteenbox=\box170
\pgfnodeparteighteenbox=\box171
\pgfnodepartseventeenbox=\box172
\pgfnodepartsixteenbox=\box173
\pgfnodepartfifteenbox=\box174
\pgfnodepartfourteenbox=\box175
\pgfnodepartthirteenbox=\box176
\pgfnodeparttwelvebox=\box177
\pgfnodepartelevenbox=\box178
\pgfnodeparttenbox=\box179
\pgfnodepartninebox=\box180
\pgfnodeparteightbox=\box181
\pgfnodepartsevenbox=\box182
\pgfnodepartsixbox=\box183
\pgfnodepartfivebox=\box184
)))
(C:\Users\juliette utilisateur\AppData\Local\Programs\MiKTeX\tex/generic/pgf/li
braries\pgflibraryarrows.meta.code.tex
File: pgflibraryarrows.meta.code.tex 2023-01-15 v3.1.10 (3.1.10)
\pgfarrowinset=\dimen397
\pgfarrowlength=\dimen398
\pgfarrowwidth=\dimen399
\pgfarrowlinewidth=\dimen400
)
(C:\Users\juliette utilisateur\AppData\Local\Programs\MiKTeX\tex/generic/pgf/fr
ontendlayer/tikz/libraries\tikzlibrarycalc.code.tex
File: tikzlibrarycalc.code.tex 2023-01-15 v3.1.10 (3.1.10)
)
(C:\Users\juliette utilisateur\AppData\Local\Programs\MiKTeX\tex/generic/pgf/fr
ontendlayer/tikz/libraries\tikzlibraryshadows.code.tex
File: tikzlibraryshadows.code.tex 2023-01-15 v3.1.10 (3.1.10)

(C:\Users\juliette utilisateur\AppData\Local\Programs\MiKTeX\tex/generic/pgf/fr
ontendlayer/tikz/libraries\tikzlibraryfadings.code.tex
File: tikzlibraryfadings.code.tex 2023-01-15 v3.1.10 (3.1.10)

(C:\Users\juliette utilisateur\AppData\Local\Programs\MiKTeX\tex/generic/pgf/li
braries\pgflibraryfadings.code.tex
File: pgflibraryfadings.code.tex 2023-01-15 v3.1.10 (3.1.10)
)))
(C:\Users\juliette utilisateur\AppData\Local\Programs\MiKTeX\tex/generic/pgf/fr
ontendlayer/tikz/libraries\tikzlibrarymatrix.code.tex
File: tikzlibrarymatrix.code.tex 2023-01-15 v3.1.10 (3.1.10)
)
(C:\Users\juliette utilisateur\AppData\Local\Programs\MiKTeX\tex/generic/pgf/fr
ontendlayer/tikz/libraries\tikzlibrarydecorations.pathreplacing.code.tex
(C:\Users\juliette utilisateur\AppData\Local\Programs\MiKTeX\tex/generic/pgf/fr
ontendlayer/tikz/libraries\tikzlibrarydecorations.code.tex
(C:\Users\juliette utilisateur\AppData\Local\Programs\MiKTeX\tex/generic/pgf/mo
dules\pgfmoduledecorations.code.tex
\pgfdecoratedcompleteddistance=\dimen401
\pgfdecoratedremainingdistance=\dimen402
\pgfdecoratedinputsegmentcompleteddistance=\dimen403
\pgfdecoratedinputsegmentremainingdistance=\dimen404
\pgf@decorate@distancetomove=\dimen405
\pgf@decorate@repeatstate=\count619
\pgfdecorationsegmentamplitude=\dimen406
\pgfdecorationsegmentlength=\dimen407
)
\tikz@lib@dec@box=\box185
)
(C:\Users\juliette utilisateur\AppData\Local\Programs\MiKTeX\tex/generic/pgf/li
braries/decorations\pgflibrarydecorations.pathreplacing.code.tex))
(C:\Users\juliette utilisateur\AppData\Local\Programs\MiKTeX\tex/generic/pgf/fr
ontendlayer/tikz/libraries\tikzlibraryautomata.code.tex
File: tikzlibraryautomata.code.tex 2023-01-15 v3.1.10 (3.1.10)
)
(C:\Users\juliette utilisateur\AppData\Local\Programs\MiKTeX\tex/generic/pgf/fr
ontendlayer/tikz/libraries\tikzlibrarypositioning.code.tex
File: tikzlibrarypositioning.code.tex 2023-01-15 v3.1.10 (3.1.10)
)
(C:\Users\juliette utilisateur\AppData\Local\Programs\MiKTeX\tex/generic/pgf/fr
ontendlayer/tikz/libraries\tikzlibrarymath.code.tex
(C:\Users\juliette utilisateur\AppData\Local\Programs\MiKTeX\tex/generic/pgf/fr
ontendlayer/tikz/libraries\tikzlibraryfpu.code.tex
(C:\Users\juliette utilisateur\AppData\Local\Programs\MiKTeX\tex/generic/pgf/li
braries\pgflibraryfpu.code.tex))
\tikz@math@for@depth=\count620
\tikz@math@dimen=\dimen408
\tikz@math@toks=\toks52
)
(C:\Users\juliette utilisateur\AppData\Local\Programs\MiKTeX\tex/generic/pgf/fr
ontendlayer/tikz/libraries\tikzlibraryfit.code.tex
File: tikzlibraryfit.code.tex 2023-01-15 v3.1.10 (3.1.10)
)
(C:\Users\juliette utilisateur\AppData\Local\Programs\MiKTeX\tex/generic/pgf/fr
ontendlayer/tikz/libraries\tikzlibraryshadings.code.tex
File: tikzlibraryshadings.code.tex 2023-01-15 v3.1.10 (3.1.10)

(C:\Users\juliette utilisateur\AppData\Local\Programs\MiKTeX\tex/generic/pgf/li
braries\pgflibraryshadings.code.tex
File: pgflibraryshadings.code.tex 2023-01-15 v3.1.10 (3.1.10)
))
(C:\Users\juliette utilisateur\AppData\Local\Programs\MiKTeX\tex/generic/pgf/fr
ontendlayer/tikz/libraries\tikzlibrarymindmap.code.tex
File: tikzlibrarymindmap.code.tex 2023-01-15 v3.1.10 (3.1.10)

(C:\Users\juliette utilisateur\AppData\Local\Programs\MiKTeX\tex/generic/pgf/fr
ontendlayer/tikz/libraries\tikzlibrarytrees.code.tex
File: tikzlibrarytrees.code.tex 2023-01-15 v3.1.10 (3.1.10)
))
(C:\Users\juliette utilisateur\AppData\Local\Programs\MiKTeX\tex/latex/circuiti
kz\circuitikz.sty
Package: circuitikz 2025/03/21{} The CircuiTikz circuit drawing package version
 1.7.2

(C:\Users\juliette utilisateur\AppData\Local\Programs\MiKTeX\tex/generic/pgf/fr
ontendlayer/tikz/libraries\tikzlibrarybending.code.tex
File: tikzlibrarybending.code.tex 2023-01-15 v3.1.10 (3.1.10)

(C:\Users\juliette utilisateur\AppData\Local\Programs\MiKTeX\tex/generic/pgf/mo
dules\pgfmodulebending.code.tex
File: pgfmodulebending.code.tex 2023-01-15 v3.1.10 (3.1.10)

(C:\Users\juliette utilisateur\AppData\Local\Programs\MiKTeX\tex/generic/pgf/mo
dules\pgfmodulenonlineartransformations.code.tex
File: pgfmodulenonlineartransformations.code.tex 2023-01-15 v3.1.10 (3.1.10)
\pgftransformnonlinearflatness=\dimen409
)
(C:\Users\juliette utilisateur\AppData\Local\Programs\MiKTeX\tex/generic/pgf/li
braries\pgflibrarycurvilinear.code.tex
File: pgflibrarycurvilinear.code.tex 2023-01-15 v3.1.10 (3.1.10)
\pgf@curvilinear@time@a=\dimen410
\pgf@curvilinear@length@a=\dimen411
\pgf@curvilinear@length@b=\dimen412
\pgf@curvilinear@length@c=\dimen413
\pgf@curvilinear@length@d=\dimen414
)
\pgf@arrows@the@rigidity=\dimen415
))
(C:\Users\juliette utilisateur\AppData\Local\Programs\MiKTeX\tex/generic/circui
tikz\pgfcirc.defines.tex
\pgf@circ@count@a=\count621
\pgf@circ@count@b=\count622
\pgf@circ@count@c=\count623
\pgf@circ@res@up=\dimen416
\pgf@circ@res@down=\dimen417
\pgf@circ@res@zero=\dimen418
\pgf@circ@res@left=\dimen419
\pgf@circ@res@right=\dimen420
\pgf@circ@res@other=\dimen421
\pgf@circ@res@step=\dimen422
\pgf@circ@res@temp=\dimen423
\pgf@circ@Rlen=\dimen424
\pgf@circ@scaled@Rlen=\dimen425
\pgfstartlinewidth=\dimen426
)
(C:\Users\juliette utilisateur\AppData\Local\Programs\MiKTeX\tex/generic/circui
tikz\pgfcircutils.tex
\ctikz@scratchbox=\box186
)
(C:\Users\juliette utilisateur\AppData\Local\Programs\MiKTeX\tex/generic/circui
tikz\pgfcircpath.tex)
(C:\Users\juliette utilisateur\AppData\Local\Programs\MiKTeX\tex/generic/circui
tikz\pgfcircshapes.tex)
(C:\Users\juliette utilisateur\AppData\Local\Programs\MiKTeX\tex/generic/circui
tikz\pgfcircmonopoles.tex)
(C:\Users\juliette utilisateur\AppData\Local\Programs\MiKTeX\tex/generic/circui
tikz\pgfcircbipoles.tex)
(C:\Users\juliette utilisateur\AppData\Local\Programs\MiKTeX\tex/generic/circui
tikz\pgfcirctripoles.tex
\pgf@circ@res@count=\count624
)
(C:\Users\juliette utilisateur\AppData\Local\Programs\MiKTeX\tex/generic/circui
tikz\pgfcircquadpoles.tex)
(C:\Users\juliette utilisateur\AppData\Local\Programs\MiKTeX\tex/generic/circui
tikz\pgfcircmultipoles.tex)
(C:\Users\juliette utilisateur\AppData\Local\Programs\MiKTeX\tex/generic/circui
tikz\pgfcirclabel.tex)
(C:\Users\juliette utilisateur\AppData\Local\Programs\MiKTeX\tex/generic/circui
tikz\pgfcircvoltage.tex
\pgfcirc@labelshift=\dimen427
)
(C:\Users\juliette utilisateur\AppData\Local\Programs\MiKTeX\tex/generic/circui
tikz\pgfcirccurrent.tex)
(C:\Users\juliette utilisateur\AppData\Local\Programs\MiKTeX\tex/generic/circui
tikz\pgfcircflow.tex))
(C:\Users\juliette utilisateur\AppData\Local\Programs\MiKTeX\tex/generic/pgf/fr
ontendlayer/tikz/libraries\tikzlibrarybabel.code.tex
File: tikzlibrarybabel.code.tex 2023-01-15 v3.1.10 (3.1.10)
)
(C:\Users\juliette utilisateur\AppData\Local\Programs\MiKTeX\tex/generic/pgf/fr
ontendlayer/tikz/libraries\tikzlibraryarrows.code.tex
File: tikzlibraryarrows.code.tex 2023-01-15 v3.1.10 (3.1.10)

(C:\Users\juliette utilisateur\AppData\Local\Programs\MiKTeX\tex/generic/pgf/li
braries\pgflibraryarrows.code.tex
File: pgflibraryarrows.code.tex 2023-01-15 v3.1.10 (3.1.10)
\arrowsize=\dimen428
))
(C:\Users\juliette utilisateur\AppData\Local\Programs\MiKTeX\tex/generic/pgf/fr
ontendlayer/tikz/libraries\tikzlibrarydecorations.pathmorphing.code.tex
(C:\Users\juliette utilisateur\AppData\Local\Programs\MiKTeX\tex/generic/pgf/li
braries/decorations\pgflibrarydecorations.pathmorphing.code.tex))
(C:\Users\juliette utilisateur\AppData\Local\Programs\MiKTeX\tex/generic/pgf/fr
ontendlayer/tikz/libraries\tikzlibrarybackgrounds.code.tex
File: tikzlibrarybackgrounds.code.tex 2023-01-15 v3.1.10 (3.1.10)
\pgf@layerbox@background=\box187
\pgf@layerboxsaved@background=\box188
)
(C:\Users\juliette utilisateur\AppData\Local\Programs\MiKTeX\tex/latex/pgfplots
\pgfplots.sty
(C:\Users\juliette utilisateur\AppData\Local\Programs\MiKTeX\tex/generic/pgfplo
ts\pgfplots.revision.tex)
Package: pgfplots 2021/05/15 v1.18.1 Data Visualization (1.18.1)

(C:\Users\juliette utilisateur\AppData\Local\Programs\MiKTeX\tex/generic/pgfplo
ts\pgfplots.code.tex
(C:\Users\juliette utilisateur\AppData\Local\Programs\MiKTeX\tex/generic/pgfplo
ts\pgfplotscore.code.tex
\t@pgfplots@toka=\toks53
\t@pgfplots@tokb=\toks54
\t@pgfplots@tokc=\toks55
\pgfplots@tmpa=\dimen429
\c@pgfplots@coordindex=\count625
\c@pgfplots@scanlineindex=\count626

(C:\Users\juliette utilisateur\AppData\Local\Programs\MiKTeX\tex/generic/pgfplo
ts/sys\pgfplotssysgeneric.code.tex))
(C:\Users\juliette utilisateur\AppData\Local\Programs\MiKTeX\tex/generic/pgfplo
ts/libs\pgfplotslibrary.code.tex)
(C:\Users\juliette utilisateur\AppData\Local\Programs\MiKTeX\tex/generic/pgfplo
ts/oldpgfcompatib\pgfplotsoldpgfsupp_loader.code.tex
Package pgfplots: loading complementary utilities for your pgf version...
\t@pgf@toka=\toks56
\t@pgf@tokb=\toks57
\t@pgf@tokc=\toks58

(C:\Users\juliette utilisateur\AppData\Local\Programs\MiKTeX\tex/generic/pgfplo
ts/oldpgfcompatib\pgfplotsoldpgfsupp_pgfutil-common-lists.tex))
(C:\Users\juliette utilisateur\AppData\Local\Programs\MiKTeX\tex/generic/pgfplo
ts/util\pgfplotsutil.code.tex
(C:\Users\juliette utilisateur\AppData\Local\Programs\MiKTeX\tex/generic/pgfplo
ts/liststructure\pgfplotsliststructure.code.tex)
(C:\Users\juliette utilisateur\AppData\Local\Programs\MiKTeX\tex/generic/pgfplo
ts/liststructure\pgfplotsliststructureext.code.tex)
(C:\Users\juliette utilisateur\AppData\Local\Programs\MiKTeX\tex/generic/pgfplo
ts/liststructure\pgfplotsarray.code.tex
\c@pgfplotsarray@tmp=\count627
)
(C:\Users\juliette utilisateur\AppData\Local\Programs\MiKTeX\tex/generic/pgfplo
ts/liststructure\pgfplotsmatrix.code.tex)
(C:\Users\juliette utilisateur\AppData\Local\Programs\MiKTeX\tex/generic/pgfplo
ts/numtable\pgfplotstableshared.code.tex
\c@pgfplotstable@counta=\count628
\t@pgfplotstable@a=\toks59
)
(C:\Users\juliette utilisateur\AppData\Local\Programs\MiKTeX\tex/generic/pgfplo
ts/liststructure\pgfplotsdeque.code.tex)
(C:\Users\juliette utilisateur\AppData\Local\Programs\MiKTeX\tex/generic/pgfplo
ts/util\pgfplotsbinary.code.tex
(C:\Users\juliette utilisateur\AppData\Local\Programs\MiKTeX\tex/generic/pgfplo
ts/util\pgfplotsbinary.data.code.tex))
(C:\Users\juliette utilisateur\AppData\Local\Programs\MiKTeX\tex/generic/pgfplo
ts/util\pgfplotsutil.verb.code.tex)
(C:\Users\juliette utilisateur\AppData\Local\Programs\MiKTeX\tex/generic/pgfplo
ts/libs\pgflibrarypgfplots.surfshading.code.tex
\c@pgfplotslibrarysurf@no=\count629

(C:\Users\juliette utilisateur\AppData\Local\Programs\MiKTeX\tex/generic/pgfplo
ts/sys\pgflibrarypgfplots.surfshading.pgfsys-pdftex.def)))
(C:\Users\juliette utilisateur\AppData\Local\Programs\MiKTeX\tex/generic/pgfplo
ts/util\pgfplotscolormap.code.tex
(C:\Users\juliette utilisateur\AppData\Local\Programs\MiKTeX\tex/generic/pgfplo
ts/util\pgfplotscolor.code.tex))
(C:\Users\juliette utilisateur\AppData\Local\Programs\MiKTeX\tex/generic/pgfplo
ts\pgfplotsstackedplots.code.tex)
(C:\Users\juliette utilisateur\AppData\Local\Programs\MiKTeX\tex/generic/pgfplo
ts\pgfplotsplothandlers.code.tex
(C:\Users\juliette utilisateur\AppData\Local\Programs\MiKTeX\tex/generic/pgfplo
ts\pgfplotsmeshplothandler.code.tex
(C:\Users\juliette utilisateur\AppData\Local\Programs\MiKTeX\tex/generic/pgfplo
ts\pgfplotsmeshplotimage.code.tex)))
(C:\Users\juliette utilisateur\AppData\Local\Programs\MiKTeX\tex/generic/pgfplo
ts\pgfplots.scaling.code.tex)
(C:\Users\juliette utilisateur\AppData\Local\Programs\MiKTeX\tex/generic/pgfplo
ts\pgfplotscoordprocessing.code.tex)
(C:\Users\juliette utilisateur\AppData\Local\Programs\MiKTeX\tex/generic/pgfplo
ts\pgfplots.errorbars.code.tex)
(C:\Users\juliette utilisateur\AppData\Local\Programs\MiKTeX\tex/generic/pgfplo
ts\pgfplots.markers.code.tex)
(C:\Users\juliette utilisateur\AppData\Local\Programs\MiKTeX\tex/generic/pgfplo
ts\pgfplotsticks.code.tex)
(C:\Users\juliette utilisateur\AppData\Local\Programs\MiKTeX\tex/generic/pgfplo
ts\pgfplots.paths.code.tex)
(C:\Users\juliette utilisateur\AppData\Local\Programs\MiKTeX\tex/generic/pgfplo
ts/libs\tikzlibrarypgfplots.contourlua.code.tex)
\pgfplots@numplots=\count630
\pgfplots@xmin@reg=\dimen430
\pgfplots@xmax@reg=\dimen431
\pgfplots@ymin@reg=\dimen432
\pgfplots@ymax@reg=\dimen433
\pgfplots@zmin@reg=\dimen434
\pgfplots@zmax@reg=\dimen435
)
(C:\Users\juliette utilisateur\AppData\Local\Programs\MiKTeX\tex/generic/pgf/fr
ontendlayer/tikz/libraries\tikzlibraryplotmarks.code.tex
File: tikzlibraryplotmarks.code.tex 2023-01-15 v3.1.10 (3.1.10)

(C:\Users\juliette utilisateur\AppData\Local\Programs\MiKTeX\tex/generic/pgf/li
braries\pgflibraryplotmarks.code.tex
File: pgflibraryplotmarks.code.tex 2023-01-15 v3.1.10 (3.1.10)
)))
(C:\Users\juliette utilisateur\AppData\Local\Programs\MiKTeX\tex/generic/pgfplo
ts/libs\tikzlibrarypgfplots.patchplots.code.tex)
(C:\Users\juliette utilisateur\AppData\Local\Programs\MiKTeX\tex/generic/pgfplo
ts/libs\tikzlibrarypgfplots.fillbetween.code.tex
(C:\Users\juliette utilisateur\AppData\Local\Programs\MiKTeX\tex/generic/pgfplo
ts/pgfcontrib\tikzlibraryfillbetween.code.tex
(C:\Users\juliette utilisateur\AppData\Local\Programs\MiKTeX\tex/generic/pgf/fr
ontendlayer/tikz/libraries\tikzlibraryintersections.code.tex
(C:\Users\juliette utilisateur\AppData\Local\Programs\MiKTeX\tex/generic/pgf/li
braries\pgflibraryintersections.code.tex
\pgf@intersect@solutions=\count631
))
(C:\Users\juliette utilisateur\AppData\Local\Programs\MiKTeX\tex/generic/pgfplo
ts/pgfcontrib\tikzlibrarydecorations.softclip.code.tex
(C:\Users\juliette utilisateur\AppData\Local\Programs\MiKTeX\tex/generic/pgfplo
ts/pgfcontrib\pgflibraryfillbetween.code.tex)))
(C:\Users\juliette utilisateur\AppData\Local\Programs\MiKTeX\tex/generic/pgfplo
ts/libs\tikzlibrarypgfplots.decorations.softclip.code.tex))
(C:\Users\juliette utilisateur\AppData\Local\Programs\MiKTeX\tex/generic/pgfplo
ts/libs\tikzlibrarypgfplots.polar.code.tex)
(C:\Users\juliette utilisateur\AppData\Local\Programs\MiKTeX\tex/generic/pgfplo
ts/libs\tikzlibrarypgfplots.polar.code.tex) (pgfplotsset_colormap_plasma.tex)
(C:\Users\juliette utilisateur\AppData\Local\Programs\MiKTeX\tex/generic/pgfplo
ts/libs\tikzlibrarypgfplots.external.code.tex
(C:\Users\juliette utilisateur\AppData\Local\Programs\MiKTeX\tex/latex/pgf/fron
tendlayer/libraries\tikzlibraryexternal.code.tex
(C:\Users\juliette utilisateur\AppData\Local\Programs\MiKTeX\tex/generic/pgf/fr
ontendlayer/tikz/libraries\tikzexternalshared.code.tex)))
No auxiliary output files.

\w@pgfexternal@auxout=\write6
Package TikZ externalization: calling \geometry{driver=none} during externaliza
tion.

Package csquotes Info: Checking for multilingual support...
Package csquotes Info: ... found 'babel' package.
Package csquotes Info: Adjusting default style.
Package csquotes Info: Redefining alias 'default' -> 'french'.
No file external/fig_ExempleTransitoireH2_Mid0.aux.
LaTeX Font Info:    Checking defaults for OML/cmm/m/it on input line 419.
LaTeX Font Info:    ... okay on input line 419.
LaTeX Font Info:    Checking defaults for OMS/cmsy/m/n on input line 419.
LaTeX Font Info:    ... okay on input line 419.
LaTeX Font Info:    Checking defaults for OT1/cmr/m/n on input line 419.
LaTeX Font Info:    ... okay on input line 419.
LaTeX Font Info:    Checking defaults for T1/cmr/m/n on input line 419.
LaTeX Font Info:    ... okay on input line 419.
LaTeX Font Info:    Checking defaults for TS1/cmr/m/n on input line 419.
LaTeX Font Info:    ... okay on input line 419.
LaTeX Font Info:    Checking defaults for OMX/cmex/m/n on input line 419.
LaTeX Font Info:    ... okay on input line 419.
LaTeX Font Info:    Checking defaults for U/cmr/m/n on input line 419.
LaTeX Font Info:    ... okay on input line 419.
LaTeX Font Info:    Checking defaults for PD1/pdf/m/n on input line 419.
LaTeX Font Info:    ... okay on input line 419.
LaTeX Font Info:    Checking defaults for PU/pdf/m/n on input line 419.
LaTeX Font Info:    ... okay on input line 419.
Package babel Info: 'french' activates 'french' shorthands.
(babel)             Reported  on input line 419.
LaTeX Info: Redefining \degres on input line 419.
Package french.ldf Info: Setting StandardItemizeEnv=true for
(french.ldf)             compatibility with enumitem package,
(french.ldf)             reported on input line 419.
Package french.ldf Info: Setting StandardEnumerateEnv=true for
(french.ldf)             compatibility with enumitem package,
(french.ldf)             reported on input line 419.
LaTeX Info: Redefining \up on input line 419.

(C:\Users\juliette utilisateur\AppData\Local\Programs\MiKTeX\tex/context/base/m
kii\supp-pdf.mkii
[Loading MPS to PDF converter (version 2006.09.02).]
\scratchcounter=\count632
\scratchdimen=\dimen436
\scratchbox=\box189
\nofMPsegments=\count633
\nofMParguments=\count634
\everyMPshowfont=\toks60
\MPscratchCnt=\count635
\MPscratchDim=\dimen437
\MPnumerator=\count636
\makeMPintoPDFobject=\count637
\everyMPtoPDFconversion=\toks61
)
(C:\Users\juliette utilisateur\AppData\Local\Programs\MiKTeX\tex/latex/epstopdf
-pkg\epstopdf-base.sty
Package: epstopdf-base 2020-01-24 v2.11 Base part for package epstopdf
Package epstopdf-base Info: Redefining graphics rule for `.eps' on input line 4
85.

(C:\Users\juliette utilisateur\AppData\Local\Programs\MiKTeX\tex/latex/00miktex
\epstopdf-sys.cfg
File: epstopdf-sys.cfg 2021/03/18 v2.0 Configuration of epstopdf for MiKTeX
))
Package caption Info: Begin \AtBeginDocument code.
Package caption Info: hyperref package is loaded.
Package caption Info: End \AtBeginDocument code.
*geometry* detected driver: <none>
*geometry* verbose mode - [ preamble ] result:
* driver: \Gm@driver 
* paper: a4paper
* layout: <same size as paper>
* layoutoffset:(h,v)=(0.0pt,0.0pt)
* modes: twoside 
* h-part:(L,W,R)=(85.35826pt, 483.69684pt, 28.45277pt)
* v-part:(T,H,B)=(56.9055pt, 738.34903pt, 49.79231pt)
* \paperwidth=597.50787pt
* \paperheight=845.04684pt
* \textwidth=483.69684pt
* \textheight=738.34903pt
* \oddsidemargin=13.08827pt
* \evensidemargin=-43.81721pt
* \topmargin=-47.23828pt
* \headheight=12.0pt
* \headsep=19.8738pt
* \topskip=11.0pt
* \footskip=27.46295pt
* \marginparwidth=106.0pt
* \marginparsep=7.0pt
* \columnsep=10.0pt
* \skip\footins=10.0pt plus 4.0pt minus 2.0pt
* \hoffset=0.0pt
* \voffset=0.0pt
* \mag=1000
* \@twocolumnfalse
* \@twosidetrue
* \@mparswitchtrue
* \@reversemarginfalse
* (1in=72.27pt=25.4mm, 1cm=28.453pt)


(C:\Users\juliette utilisateur\AppData\Local\Programs\MiKTeX\tex/latex/translat
ions/dicts\translations-basic-dictionary-french.trsl
File: translations-basic-dictionary-french.trsl (french translation file `trans
lations-basic-dictionary')
)
Package translations Info: loading dictionary `translations-basic-dictionary' f
or `french'. on input line 419.
No file external/fig_ExempleTransitoireH2_Mid0.toc.
\providecommand\hyper@newdestlabel[2]{}
Package hyperref Info: Link coloring ON on input line 419.
Package biblatex Info: Trying to load language 'french'...
Package biblatex Info: ... file 'french.lbx' found.

(C:\Users\juliette utilisateur\AppData\Local\Programs\MiKTeX\tex/latex/biblatex
/lbx\french.lbx
File: french.lbx 2024/03/21 v3.20 biblatex localization (PK/MW)
)
Package biblatex Info: Input encoding 'utf8' detected.
Package biblatex Info: Automatic encoding selection.
(biblatex)             Assuming data encoding 'utf8'.
Package biblatex Info: Trying to load bibliographic data...
Package biblatex Info: ... file 'external/fig_ExempleTransitoireH2_Mid0.bbl' no
t found.
No file external/fig_ExempleTransitoireH2_Mid0.bbl.
Package biblatex Info: Reference section=0 on input line 419.
Package biblatex Info: Reference segment=0 on input line 419.
Package pgfplots notification 'compat/show suggested version=true': document ha
s been generated with the most recent feature set (\pgfplotsset{compat=1.18}).

LaTeX Font Info:    Trying to load font information for OT1+iwonalm on input li
ne 423.

(C:\Users\juliette utilisateur\AppData\Local\Programs\MiKTeX\tex/latex/iwona\ot
1iwonalm.fd
File: ot1iwonalm.fd 2005/10/05 v1.2 font definition file for OT1/iwonalm (MW)
)
LaTeX Font Info:    Trying to load font information for OML+iwonal on input lin
e 423.

(C:\Users\juliette utilisateur\AppData\Local\Programs\MiKTeX\tex/latex/iwona\om
liwonal.fd
File: omliwonal.fd 2008/07/22 v0.995 font definition file for OML/iwonal (MW)
)
LaTeX Font Info:    Trying to load font information for OMS+iwonal on input lin
e 423.

(C:\Users\juliette utilisateur\AppData\Local\Programs\MiKTeX\tex/latex/iwona\om
siwonal.fd
File: omsiwonal.fd 2008/07/22 v0.995 font definition file for OMS/iwonal (MW)
)
LaTeX Font Info:    Trying to load font information for OMX+iwonal on input lin
e 423.

(C:\Users\juliette utilisateur\AppData\Local\Programs\MiKTeX\tex/latex/iwona\om
xiwonal.fd
File: omxiwonal.fd 2008/07/22 v0.995 font definition file for OMX/iwonal (MW)
)
LaTeX Font Info:    Trying to load font information for U+msa on input line 423
.

(C:\Users\juliette utilisateur\AppData\Local\Programs\MiKTeX\tex/latex/amsfonts
\umsa.fd
File: umsa.fd 2013/01/14 v3.01 AMS symbols A
)
LaTeX Font Info:    Trying to load font information for U+msb on input line 423
.

(C:\Users\juliette utilisateur\AppData\Local\Programs\MiKTeX\tex/latex/amsfonts
\umsb.fd
File: umsb.fd 2013/01/14 v3.01 AMS symbols B
)
LaTeX Font Info:    Trying to load font information for U+rsfs on input line 42
3.

(C:\Users\juliette utilisateur\AppData\Local\Programs\MiKTeX\tex/latex/jknappen
\ursfs.fd
File: ursfs.fd 1998/03/24 rsfs font definition file (jk)
)
LaTeX Font Info:    Trying to load font information for U+stmry on input line 4
23.

(C:\Users\juliette utilisateur\AppData\Local\Programs\MiKTeX\tex/latex/stmaryrd
\ustmry.fd)

<../fig/fig_PhotosDuTacot/TacotH1.jpg, id=30, 4047.12pt x 3035.34pt>
File: ../fig/fig_PhotosDuTacot/TacotH1.jpg Graphic file (type jpg)
<use ../fig/fig_PhotosDuTacot/TacotH1.jpg>
Package pdftex.def Info: ../fig/fig_PhotosDuTacot/TacotH1.jpg  used on input li
ne 426.
(pdftex.def)             Requested size: 483.69684pt x 362.743pt.


(Citations.tex) (Remerciements.tex



LaTeX Font Info:    Trying to load font information for TS1+iwonal on input lin
e 20.

(C:\Users\juliette utilisateur\AppData\Local\Programs\MiKTeX\tex/latex/iwona\ts
1iwonal.fd
File: ts1iwonal.fd 2008/07/22 v0.995 font definition file for TS1/iwonal (MW)
))



Package babel Info: 'french' activates 'french' shorthands.
(babel)             Reported  on input line 440.




(IndexNotations.tex
LaTeX Info: Symbol \textminus not provided by
            font family iwonal in TS1 encoding.
            Default family used instead on input line 14.
LaTeX Info: Symbol \textminus not provided by
            font family iwonal in TS1 encoding.
            Default family used instead on input line 15.
LaTeX Info: Symbol \textminus not provided by
            font family iwonal in TS1 encoding.
            Default family used instead on input line 16.
LaTeX Info: Symbol \textminus not provided by
            font family iwonal in TS1 encoding.
            Default family used instead on input line 17.
LaTeX Font Info:    Trying to load font information for OT1+iwonal on input lin
e 19.

(C:\Users\juliette utilisateur\AppData\Local\Programs\MiKTeX\tex/latex/iwona\ot
1iwonal.fd
File: ot1iwonal.fd 2008/07/22 v0.995 font definition file for OT1/iwonal (MW)
)
LaTeX Info: Symbol \textminus not provided by
            font family iwonal in TS1 encoding.
            Default family used instead on input line 22.
LaTeX Info: Symbol \textminus not provided by
            font family iwonal in TS1 encoding.
            Default family used instead on input line 25.
LaTeX Info: Symbol \textminus not provided by
            font family iwonal in TS1 encoding.
            Default family used instead on input line 26.
LaTeX Info: Symbol \textminus not provided by
            font family iwonal in TS1 encoding.
            Default family used instead on input line 26.
LaTeX Info: Symbol \textminus not provided by
            font family iwonal in TS1 encoding.
            Default family used instead on input line 42.
LaTeX Info: Symbol \textminus not provided by
            font family iwonal in TS1 encoding.
            Default family used instead on input line 43.
LaTeX Info: Symbol \textminus not provided by
            font family iwonal in TS1 encoding.
            Default family used instead on input line 61.
LaTeX Info: Symbol \textminus not provided by
            font family iwonal in TS1 encoding.
            Default family used instead on input line 64.
LaTeX Info: Symbol \textminus not provided by
            font family iwonal in TS1 encoding.
            Default family used instead on input line 68.
LaTeX Info: Symbol \textminus not provided by
            font family iwonal in TS1 encoding.
            Default family used instead on input line 69.
LaTeX Info: Symbol \textminus not provided by
            font family iwonal in TS1 encoding.
            Default family used instead on input line 74.
) (Introduction.tex

Chapitre I.



LaTeX Warning: Citation 'ANR_thermo-acoustic_2019' on page 4 undefined on input
 line 30.


LaTeX Warning: Citation 'ramadan_design_2021' on page 4 undefined on input line
 30.


LaTeX Warning: Citation 'rott_damped_1969' on page 4 undefined on input line 32
.


LaTeX Warning: Citation 'rott_thermoacoustics_1980' on page 4 undefined on inpu
t line 32.


LaTeX Warning: Citation 'rott_damped_1969' on page 4 undefined on input line 36
.


LaTeX Warning: Citation 'rott_thermally_1973' on page 4 undefined on input line
 36.


LaTeX Warning: Citation 'rott_thermally_1975' on page 4 undefined on input line
 36.


LaTeX Warning: Citation 'rott_thermally_1976' on page 4 undefined on input line
 36.


LaTeX Warning: Citation 'zouzoulas_thermally_1976' on page 4 undefined on input
 line 36.


LaTeX Warning: Citation 'rott_thermoacoustics_1980' on page 4 undefined on inpu
t line 36.


LaTeX Warning: Citation 'muller_thermally_1983' on page 4 undefined on input li
ne 36.


LaTeX Warning: Reference `fig:MoteurVSFrigoTA' on page 4 undefined on input lin
e 38.


LaTeX Warning: Reference `fig:MoteurTA' on page 4 undefined on input line 38.


LaTeX Warning: Reference `fig:FrigoTA' on page 4 undefined on input line 38.

(../fig/fig_PrincipeTA/tex/MoteurTA.tex) (../fig/fig_PrincipeTA/tex/PaCTA.tex)

LaTeX Warning: Citation 'swift_thermoacoustics_2017' on page 4 undefined on inp
ut line 63.


LaTeX Warning: Citation 'swift_thermoacoustics_2017' on page 4 undefined on inp
ut line 63.


LaTeX Warning: Reference `fig:CycleBrayton' on page 4 undefined on input line 9
4.


LaTeX Warning: Reference `fig:CycleStirling' on page 4 undefined on input line 
94.

(../fig/fig_CycleBrayton/tex/DepCompAdiab.tex) (../fig/fig_CycleBrayton/tex/QFl
uideToPlaque.tex) (../fig/fig_CycleBrayton/tex/DepDetAdiab.tex) (../fig/fig_Cyc
leBrayton/tex/QPlaqueToFluide.tex) (../fig/fig_Cycle_Stirling/tex/CompIsoT.tex)
(../fig/fig_Cycle_Stirling/tex/DepAllerIsoV.tex) (../fig/fig_Cycle_Stirling/tex
/DetIsoT.tex) (../fig/fig_Cycle_Stirling/tex/DepRetourIsoV.tex)




LaTeX Warning: Citation 'belcher_working_1999' on page 6 undefined on input lin
e 205.




LaTeX Warning: Citation 'rott_damped_1969' on page 7 undefined on input line 22
0.


LaTeX Warning: Citation 'swift_thermoacoustic_1988' on page 7 undefined on inpu
t line 220.


LaTeX Warning: Citation 'swift_thermoacoustics_2017' on page 7 undefined on inp
ut line 220.

LaTeX Font Info:    Trying to load font information for U+euf on input line 231
.

(C:\Users\juliette utilisateur\AppData\Local\Programs\MiKTeX\tex/latex/amsfonts
\ueuf.fd
File: ueuf.fd 2013/01/14 v3.01 Euler Fraktur
)

LaTeX Warning: Reference `eq:ThermoLin_QtMvt' on page 7 undefined on input line
 249.


LaTeX Warning: Citation 'arnott_general_1991' on page 7 undefined on input line
 265.




LaTeX Warning: Reference `eq:variables_rott' on page 8 undefined on input line 
278.


LaTeX Warning: Reference `eq:GazParfait_notationDifferentielle' on page 8 undef
ined on input line 310.


LaTeX Warning: Reference `eq:ThermoLin_ConservMass' on page 8 undefined on inpu
t line 310.


LaTeX Warning: Reference `eq:T_1_moyenne_fkappa' on page 8 undefined on input l
ine 310.


LaTeX Warning: Reference `eq:ThermoLin_dp1' on page 8 undefined on input line 3
17.


LaTeX Warning: Reference `eq:ThermoLin_du1' on page 8 undefined on input line 3
17.


LaTeX Warning: Citation 'rott_damped_1969' on page 8 undefined on input line 31
7.


LaTeX Warning: Citation 'swift_thermoacoustic_1988' on page 8 undefined on inpu
t line 317.


LaTeX Warning: Citation 'swift_thermoacoustics_2017' on page 8 undefined on inp
ut line 317.


Overfull \hbox (3.59698pt too wide) in paragraph at lines 317--318
\T1/iwonal/m/n/10.95 tions [] et [], ce qui s'�crit [[], [], []] 
 []


LaTeX Warning: Citation 'swift_thermoacoustics_2017' on page 8 undefined on inp
ut line 324.


LaTeX Warning: Citation 'rott_damped_1969' on page 8 undefined on input line 44
3.


LaTeX Warning: Citation 'rott_thermoacoustics_1980' on page 8 undefined on inpu
t line 443.


LaTeX Warning: Citation 'swift_thermoacoustics_2017' on page 8 undefined on inp
ut line 443.




LaTeX Warning: Reference `fig:WavesInDuctPiece' on page 9 undefined on input li
ne 462.


LaTeX Warning: Reference `eq:TMatrix_TppTuu' on page 9 undefined on input line 
462.

(../fig/fig_WavesInDuctPiece/tex/fig_WavesInDuctPiece.tex
Missing character: There is no ; in font nullfont!
Missing character: There is no ; in font nullfont!
Missing character: There is no ; in font nullfont!
Missing character: There is no ; in font nullfont!
Missing character: There is no ; in font nullfont!
Missing character: There is no ; in font nullfont!
)

LaTeX Warning: Reference `fig:WavesInStack' on page 9 undefined on input line 5
18.

(../fig/fig_WavesInStack/tex/fig_WavesInStack.tex
Missing character: There is no ; in font nullfont!
Missing character: There is no ; in font nullfont!
Missing character: There is no ; in font nullfont!
Missing character: There is no ; in font nullfont!
Missing character: There is no ; in font nullfont!
Missing character: There is no ; in font nullfont!
)

LaTeX Warning: Reference `eq:ThermoLin_dp1' on page 9 undefined on input line 5
29.


LaTeX Warning: Reference `eq:ThermoLin_du1' on page 9 undefined on input line 5
29.


LaTeX Warning: Reference `eq:TMatrix_TppTuu' on page 9 undefined on input line 
529.


LaTeX Warning: Citation 'ceperley_pistonless_1979' on page 9 undefined on input
 line 595.




LaTeX Warning: Citation 'DeltaEC' on page 10 undefined on input line 620.


LaTeX Warning: Citation 'so_internal_2006' on page 10 undefined on input line 6
20.


LaTeX Warning: Citation 'bailliet_acoustic_2001' on page 10 undefined on input 
line 620.


LaTeX Warning: Citation 'ramadan_experimental_2018' on page 10 undefined on inp
ut line 620.


LaTeX Warning: Citation 'ross_influence_2003' on page 10 undefined on input lin
e 620.


LaTeX Warning: Citation 'ramadan_experimental_2018' on page 10 undefined on inp
ut line 620.


LaTeX Warning: Citation 'hireche_numerical_2019' on page 10 undefined on input 
line 620.


LaTeX Warning: Citation 'zhang_novel_2011' on page 10 undefined on input line 6
20.


LaTeX Warning: Citation 'babaei_investigation_2010' on page 10 undefined on inp
ut line 620.


LaTeX Warning: Citation 'ANR_thermo-acoustic_2019' on page 10 undefined on inpu
t line 624.


LaTeX Warning: Citation 'ramadan_design_2021' on page 10 undefined on input lin
e 624.


LaTeX Warning: Citation 'ramadan_experimental_2018' on page 10 undefined on inp
ut line 624.


LaTeX Warning: Citation 'ramadan_experimental_2021' on page 10 undefined on inp
ut line 624.


LaTeX Warning: Citation 'poignand_test-bench_2022' on page 10 undefined on inpu
t line 624.


LaTeX Warning: Citation 'hireche_experimental_2020' on page 10 undefined on inp
ut line 624.


LaTeX Warning: Citation 'baltean_gravity_2025' on page 10 undefined on input li
ne 624.


LaTeX Warning: Citation 'belcher_working_1999' on page 10 undefined on input li
ne 626.

LaTeX Info: Symbol \textohm not provided by
            font family iwonal in TS1 encoding.
            Default family used instead on input line 626.



LaTeX Warning: Citation 'ramadan_design_2021' on page 11 undefined on input lin
e 628.


LaTeX Warning: Reference `fig:CaractMachineATE' on page 11 undefined on input l
ine 628.

(../fig/fig_CaractMachineATE/tex/fig_CaractMachineATE.tex)

LaTeX Warning: Reference `fig:ATE_ProfilsAX_5mm' on page 11 undefined on input 
line 639.


LaTeX Warning: Reference `fig:ATE_ProfilsCHX_5mm' on page 11 undefined on input
 line 639.

<../fig/fig_Litterature/ATE_ProfilsAX_5mm.png, id=42, 461.47406pt x 213.79875pt
>
File: ../fig/fig_Litterature/ATE_ProfilsAX_5mm.png Graphic file (type png)
<use ../fig/fig_Litterature/ATE_ProfilsAX_5mm.png>
Package pdftex.def Info: ../fig/fig_Litterature/ATE_ProfilsAX_5mm.png  used on 
input line 647.
(pdftex.def)             Requested size: 215.9705pt x 100.05806pt.
<../fig/fig_Litterature/ATE_ProfilsCHX_5mm.png, id=44, 472.01344pt x 224.33812p
t>
File: ../fig/fig_Litterature/ATE_ProfilsCHX_5mm.png Graphic file (type png)
<use ../fig/fig_Litterature/ATE_ProfilsCHX_5mm.png>
Package pdftex.def Info: ../fig/fig_Litterature/ATE_ProfilsCHX_5mm.png  used on
 input line 655.
(pdftex.def)             Requested size: 215.9705pt x 102.64566pt.

LaTeX Warning: Citation 'ramadan_design_2021' on page 11 undefined on input lin
e 659.


LaTeX Warning: Hyper reference `fig:ATE_ProfilsAX_5mm' on page 11 undefined on 
input line 659.


LaTeX Warning: Reference `sub@fig:ATE_ProfilsAX_5mm' on page 11 undefined on in
put line 659.


LaTeX Warning: Hyper reference `fig:ATE_ProfilsCHX_5mm' on page 11 undefined on
 input line 659.


LaTeX Warning: Reference `sub@fig:ATE_ProfilsCHX_5mm' on page 11 undefined on i
nput line 659.


LaTeX Warning: Citation 'ramadan_design_2021' on page 11 undefined on input lin
e 659.


LaTeX Warning: Hyper reference `fig:ATE_ProfilsAX_5mm' on page 11 undefined on 
input line 659.


LaTeX Warning: Reference `sub@fig:ATE_ProfilsAX_5mm' on page 11 undefined on in
put line 659.


LaTeX Warning: Hyper reference `fig:ATE_ProfilsCHX_5mm' on page 11 undefined on
 input line 659.


LaTeX Warning: Reference `sub@fig:ATE_ProfilsCHX_5mm' on page 11 undefined on i
nput line 659.




LaTeX Warning: Reference `chap:DispositifExpe' on page 12 undefined on input li
ne 667.


LaTeX Warning: Reference `chap:SimusRealisees' on page 12 undefined on input li
ne 669.


LaTeX Warning: Reference `chap:EtudeExpe' on page 12 undefined on input line 67
1.


LaTeX Warning: Citation 'DeltaEC' on page 12 undefined on input line 671.


LaTeX Warning: Reference `chap:Conc' on page 12 undefined on input line 673.

) (DispositifExpe.tex

Chapitre II.



LaTeX Warning: Reference `chap:PresentationTacot' on page 14 undefined on input
 line 6.


LaTeX Warning: Reference `chap:PresentationTacot' on page 14 undefined on input
 line 6.


LaTeX Warning: Reference `chap:ProtocolExpe' on page 14 undefined on input line
 6.


LaTeX Warning: Reference `chap:ProtocolExpe' on page 14 undefined on input line
 6.


LaTeX Warning: Reference `chap:PostTraitement' on page 14 undefined on input li
ne 6.


LaTeX Warning: Reference `chap:PostTraitement' on page 14 undefined on input li
ne 6.


LaTeX Warning: Citation 'swift_thermoacoustics_2002' on page 14 undefined on in
put line 17.


LaTeX Warning: Citation 'wollan_development_2002' on page 14 undefined on input
 line 17.


LaTeX Warning: Citation 'adeff_measurement_1991' on page 14 undefined on input 
line 17.


LaTeX Warning: Citation 'garrett_thermoacoustic_1993' on page 14 undefined on i
nput line 17.


Overfull \hbox (53.8512pt too wide) in paragraph at lines 17--18
[]\T1/iwonal/m/n/10.95 ], ou le r�-fri-g�-ra-teur cryo-g�-nique ther-moa-cous-t
ique spa-tial (STAR) [[],
 []

(../fig/fig_TACOTSchematics/tex/fig_TACOTSchematics.tex
<../fig/fig_TACOTSchematics/TACOT.png, id=45, 1304.875pt x 776.9025pt>
File: ../fig/fig_TACOTSchematics/TACOT.png Graphic file (type png)
<use ../fig/fig_TACOTSchematics/TACOT.png>
Package pdftex.def Info: ../fig/fig_TACOTSchematics/TACOT.png  used on input li
ne 2.
(pdftex.def)             Requested size: 1304.87183pt x 776.90059pt.
<../fig/fig_TACOTSchematics/TACOT_Cropped_Feedback.png, id=46, 669.2503pt x 410
.2828pt>
File: ../fig/fig_TACOTSchematics/TACOT_Cropped_Feedback.png Graphic file (type 
png)
<use ../fig/fig_TACOTSchematics/TACOT_Cropped_Feedback.png>
Package pdftex.def Info: ../fig/fig_TACOTSchematics/TACOT_Cropped_Feedback.png 
 used on input line 4.
(pdftex.def)             Requested size: 669.24867pt x 410.2818pt.
)

LaTeX Warning: Citation 'ramadan_design_2021' on page 14 undefined on input lin
e 24.


LaTeX Warning: Citation 'ramadan_design_2021' on page 14 undefined on input lin
e 24.


Underfull \hbox (badness 10000) in paragraph at lines 24--24
[]\T1/iwonal/b/sc/10 Figure II.1 \T1/iwonal/b/n/10 ^^U |\T1/iwonal/m/n/10 Sch�m
a g�-n�-ral du r�-fri-g�-ra-teur \T1/iwonal/m/sc/10 Ta-cot \T1/iwonal/m/n/10 ad
apt� de
 []


Underfull \hbox (badness 4595) in paragraph at lines 24--24
\T1/iwonal/m/n/10 [[]]. \T1/iwonal/b/n/10 (a) \T1/iwonal/m/n/10 agran-dis-se-me
nt sur la boucle de r�-tro-ac-tion
 []


LaTeX Warning: Citation 'tijani_study_2008' on page 14 undefined on input line 
29.


LaTeX Warning: Citation 'poignand_thermoacoustic_2011' on page 14 undefined on 
input line 29.


LaTeX Warning: Citation 'poignand_analysis_2013' on page 14 undefined on input 
line 29.


LaTeX Warning: Reference `fig:SchemaGeneralTACOT' on page 14 undefined on input
 line 29.


LaTeX Warning: Reference `fig:SchemaGeneralTACOT' on page 14 undefined on input
 line 29.


LaTeX Warning: Citation 'poese_thermoacoustic_2004' on page 14 undefined on inp
ut line 29.


LaTeX Warning: Citation 'poignand_thermoacoustic_2011' on page 14 undefined on 
input line 29.


LaTeX Warning: Citation 'poignand_analysis_2013' on page 14 undefined on input 
line 29.


LaTeX Warning: Citation 'poignand_thermoacoustic_2011' on page 14 undefined on 
input line 29.


LaTeX Warning: Citation 'poignand_analysis_2013' on page 14 undefined on input 
line 29.




LaTeX Warning: Reference `fig:TacotPhotosNoyau_Regen' on page 15 undefined on i
nput line 33.


LaTeX Warning: Reference `fig:TacotPhotosNoyau_AHX' on page 15 undefined on inp
ut line 33.


LaTeX Warning: Hyper reference `fig:TacotPhotosNoyau_CHX' on page 15 undefined 
on input line 33.


LaTeX Warning: Reference `sub@fig:TacotPhotosNoyau_CHX' on page 15 undefined on
 input line 33.


LaTeX Warning: Reference `chap:DispExpe_AHX' on page 15 undefined on input line
 33.


LaTeX Warning: Reference `chap:DispExpe_CHX' on page 15 undefined on input line
 33.

<../fig/fig_TacotPhotos/AHX.JPG, id=47, 1281.588pt x 961.191pt>
File: ../fig/fig_TacotPhotos/AHX.JPG Graphic file (type jpg)
<use ../fig/fig_TacotPhotos/AHX.JPG>
Package pdftex.def Info: ../fig/fig_TacotPhotos/AHX.JPG  used on input line 41.

(pdftex.def)             Requested size: 147.04672pt x 110.27797pt.
<../fig/fig_TacotPhotos/Regenerateur.JPG, id=48, 1606.0pt x 1204.5pt>
File: ../fig/fig_TacotPhotos/Regenerateur.JPG Graphic file (type jpg)
<use ../fig/fig_TacotPhotos/Regenerateur.JPG>
Package pdftex.def Info: ../fig/fig_TacotPhotos/Regenerateur.JPG  used on input
 line 49.
(pdftex.def)             Requested size: 147.04672pt x 110.275pt.
<../fig/fig_TacotPhotos/CHX.JPG, id=49, 1606.0pt x 1204.5pt>
File: ../fig/fig_TacotPhotos/CHX.JPG Graphic file (type jpg)
<use ../fig/fig_TacotPhotos/CHX.JPG>
Package pdftex.def Info: ../fig/fig_TacotPhotos/CHX.JPG  used on input line 57.

(pdftex.def)             Requested size: 147.04672pt x 110.275pt.

LaTeX Warning: Hyper reference `fig:TacotPhotosNoyau_AHX' on page 15 undefined 
on input line 61.


LaTeX Warning: Reference `sub@fig:TacotPhotosNoyau_AHX' on page 15 undefined on
 input line 61.


LaTeX Warning: Hyper reference `fig:TacotPhotosNoyau_Regen' on page 15 undefine
d on input line 61.


LaTeX Warning: Reference `sub@fig:TacotPhotosNoyau_Regen' on page 15 undefined 
on input line 61.


LaTeX Warning: Hyper reference `fig:TacotPhotosNoyau_CHX' on page 15 undefined 
on input line 61.


LaTeX Warning: Reference `sub@fig:TacotPhotosNoyau_CHX' on page 15 undefined on
 input line 61.


LaTeX Warning: Hyper reference `fig:TacotPhotosNoyau_AHX' on page 15 undefined 
on input line 61.


LaTeX Warning: Reference `sub@fig:TacotPhotosNoyau_AHX' on page 15 undefined on
 input line 61.


LaTeX Warning: Hyper reference `fig:TacotPhotosNoyau_Regen' on page 15 undefine
d on input line 61.


LaTeX Warning: Reference `sub@fig:TacotPhotosNoyau_Regen' on page 15 undefined 
on input line 61.


LaTeX Warning: Hyper reference `fig:TacotPhotosNoyau_CHX' on page 15 undefined 
on input line 61.


LaTeX Warning: Reference `sub@fig:TacotPhotosNoyau_CHX' on page 15 undefined on
 input line 61.


LaTeX Warning: Reference `fig:PhotoSchemaNoyau' on page 15 undefined on input l
ine 65.

<../fig/fig_TacotPhotos/NoyauMonte.JPG, id=50, 1606.0pt x 1204.5pt>
File: ../fig/fig_TacotPhotos/NoyauMonte.JPG Graphic file (type jpg)
<use ../fig/fig_TacotPhotos/NoyauMonte.JPG>
Package pdftex.def Info: ../fig/fig_TacotPhotos/NoyauMonte.JPG  used on input l
ine 73.
(pdftex.def)             Requested size: 229.90396pt x 172.41496pt.
(../fig/fig_SchemaNoyau/tex/fig_SchemaNoyau.tex
Missing character: There is no ; in font nullfont!
Missing character: There is no ; in font nullfont!
Missing character: There is no ; in font nullfont!
Missing character: There is no ; in font nullfont!
Missing character: There is no ; in font nullfont!
Missing character: There is no ; in font nullfont!
Missing character: There is no ; in font nullfont!
Missing character: There is no ; in font nullfont!
)

LaTeX Warning: Hyper reference `fig:PhotoNoyau' on page 15 undefined on input l
ine 85.


LaTeX Warning: Reference `sub@fig:PhotoNoyau' on page 15 undefined on input lin
e 85.


LaTeX Warning: Hyper reference `fig:SchemaNoyau' on page 15 undefined on input 
line 85.


LaTeX Warning: Reference `sub@fig:SchemaNoyau' on page 15 undefined on input li
ne 85.


LaTeX Warning: Reference `fig:SchemaGeneralTACOT' on page 15 undefined on input
 line 85.


LaTeX Warning: Hyper reference `fig:PhotoNoyau' on page 15 undefined on input l
ine 85.


LaTeX Warning: Reference `sub@fig:PhotoNoyau' on page 15 undefined on input lin
e 85.


LaTeX Warning: Hyper reference `fig:SchemaNoyau' on page 15 undefined on input 
line 85.


LaTeX Warning: Reference `sub@fig:SchemaNoyau' on page 15 undefined on input li
ne 85.


LaTeX Warning: Reference `fig:SchemaGeneralTACOT' on page 15 undefined on input
 line 85.


LaTeX Warning: Reference `fig:TacotPhotosNoyau_Regen' on page 15 undefined on i
nput line 93.




LaTeX Warning: Citation 'ramadan_design_2021' on page 16 undefined on input lin
e 100.


LaTeX Warning: Reference `eq:Porosite_Volume' on page 16 undefined on input lin
e 102.


LaTeX Warning: Reference `eq:Porosite_Volume_Simplif' on page 16 undefined on i
nput line 114.


LaTeX Warning: Citation 'swift_thermoacoustics_2017' on page 16 undefined on in
put line 135.


LaTeX Warning: Citation 'rott_damped_1969' on page 16 undefined on input line 1
35.


LaTeX Warning: Citation 'swift_thermoacoustics_2017' on page 16 undefined on in
put line 135.


LaTeX Warning: Citation 'di_meglio_novel_2022' on page 16 undefined on input li
ne 135.


LaTeX Warning: Citation 'di_meglio_cfd_2022' on page 16 undefined on input line
 135.


Overfull \hbox (0.63573pt too wide) in paragraph at lines 134--136
\T1/iwonal/m/n/10.95 avec $\OML/iwonal/m/it/10.95 d[]$ \T1/iwonal/m/n/10.95 le 
dia-m�tre du fil [[]]. Dans la th�o-rie li-n�aire de Rott [[],
 []


LaTeX Warning: Citation 'nield_convection_2013' on page 16 undefined on input l
ine 142.


LaTeX Warning: Citation 'dullien_porous_1992' on page 16 undefined on input lin
e 142.


LaTeX Warning: Citation 'dullien_porous_1992' on page 16 undefined on input lin
e 142.


LaTeX Warning: Citation 'hireche_experimental_2020' on page 16 undefined on inp
ut line 148.


LaTeX Warning: Citation 'baltean_gravity_2025' on page 16 undefined on input li
ne 148.




LaTeX Warning: Reference `fig:dKdV' on page 17 undefined on input line 158.

(../fig/fig_dKdV/tex/fig_dKdV.tex
Missing character: There is no ; in font nullfont!
Missing character: There is no ; in font nullfont!
Missing character: There is no ; in font nullfont!
Missing character: There is no ; in font nullfont!
Missing character: There is no ; in font nullfont!
Missing character: There is no ; in font nullfont!
Missing character: There is no ; in font nullfont!
Missing character: There is no ; in font nullfont!
Missing character: There is no ; in font nullfont!
Missing character: There is no ; in font nullfont!
Missing character: There is no ; in font nullfont!
PGFPlots: reading {../fig/fig_dKdV/data/data_dK.txt}
PGFPlots: reading {../fig/fig_dKdV/data/data_dV.txt}
Missing character: There is no ; in font nullfont!
LaTeX Info: Symbol \textminus not provided by
            font family iwonal in TS1 encoding.
            Default family used instead on input line 54.
)

LaTeX Warning: Reference `eq:CouchesLimites' on page 17 undefined on input line
 165.


LaTeX Warning: Reference `eq:CouchesLimites' on page 17 undefined on input line
 165.


LaTeX Warning: Citation 'poignand_analysis_2013' on page 17 undefined on input 
line 169.


LaTeX Warning: Citation 'poignand_etude_2006' on page 17 undefined on input lin
e 169.


LaTeX Warning: Citation 'poignand_optimal_2007' on page 17 undefined on input l
ine 169.


LaTeX Warning: Citation 'poignand_thermoacoustic_2011' on page 17 undefined on 
input line 169.

Excluding 'comment' comment.

LaTeX Warning: Reference `fig:RegenOnly_DeltaEC_Schematics' on page 17 undefine
d on input line 195.


LaTeX Warning: Reference `tab:GeometrieTAC' on page 17 undefined on input line 
195.


LaTeX Warning: Reference `fig:DeltaEC_u_opt' on page 17 undefined on input line
 195.

<../fig/fig_DeltaEC_u_opt/RegenOnly_DeltaEC_Schematics.png, id=53, 431.36156pt 
x 243.91125pt>
File: ../fig/fig_DeltaEC_u_opt/RegenOnly_DeltaEC_Schematics.png Graphic file (t
ype png)
<use ../fig/fig_DeltaEC_u_opt/RegenOnly_DeltaEC_Schematics.png>
Package pdftex.def Info: ../fig/fig_DeltaEC_u_opt/RegenOnly_DeltaEC_Schematics.
png  used on input line 202.
(pdftex.def)             Requested size: 431.3605pt x 243.91064pt.
LaTeX Info: Symbol \textminus not provided by
            font family iwonal in TS1 encoding.
            Default family used instead on input line 223.
LaTeX Info: Symbol \textminus not provided by
            font family iwonal in TS1 encoding.
            Default family used instead on input line 223.
LaTeX Info: Symbol \textminus not provided by
            font family iwonal in TS1 encoding.
            Default family used instead on input line 223.
LaTeX Info: Symbol \textminus not provided by
            font family iwonal in TS1 encoding.
            Default family used instead on input line 223.
LaTeX Info: Symbol \textminus not provided by
            font family iwonal in TS1 encoding.
            Default family used instead on input line 223.
LaTeX Info: Symbol \textminus not provided by
            font family iwonal in TS1 encoding.
            Default family used instead on input line 223.
LaTeX Info: Symbol \textminus not provided by
            font family iwonal in TS1 encoding.
            Default family used instead on input line 223.
LaTeX Info: Symbol \textminus not provided by
            font family iwonal in TS1 encoding.
            Default family used instead on input line 223.
LaTeX Info: Symbol \textminus not provided by
            font family iwonal in TS1 encoding.
            Default family used instead on input line 223.
LaTeX Info: Symbol \textminus not provided by
            font family iwonal in TS1 encoding.
            Default family used instead on input line 223.
LaTeX Info: Symbol \textminus not provided by
            font family iwonal in TS1 encoding.
            Default family used instead on input line 223.
LaTeX Info: Symbol \textminus not provided by
            font family iwonal in TS1 encoding.
            Default family used instead on input line 223.
LaTeX Info: Symbol \textminus not provided by
            font family iwonal in TS1 encoding.
            Default family used instead on input line 223.
LaTeX Info: Symbol \textminus not provided by
            font family iwonal in TS1 encoding.
            Default family used instead on input line 223.
LaTeX Info: Symbol \textminus not provided by
            font family iwonal in TS1 encoding.
            Default family used instead on input line 223.
LaTeX Info: Symbol \textminus not provided by
            font family iwonal in TS1 encoding.
            Default family used instead on input line 223.
LaTeX Info: Symbol \textminus not provided by
            font family iwonal in TS1 encoding.
            Default family used instead on input line 223.
LaTeX Info: Symbol \textminus not provided by
            font family iwonal in TS1 encoding.
            Default family used instead on input line 223.
LaTeX Info: Symbol \textminus not provided by
            font family iwonal in TS1 encoding.
            Default family used instead on input line 223.
LaTeX Info: Symbol \textminus not provided by
            font family iwonal in TS1 encoding.
            Default family used instead on input line 223.
LaTeX Info: Symbol \textminus not provided by
            font family iwonal in TS1 encoding.
            Default family used instead on input line 223.
LaTeX Info: Symbol \textminus not provided by
            font family iwonal in TS1 encoding.
            Default family used instead on input line 223.
LaTeX Info: Symbol \textminus not provided by
            font family iwonal in TS1 encoding.
            Default family used instead on input line 223.
LaTeX Info: Symbol \textminus not provided by
            font family iwonal in TS1 encoding.
            Default family used instead on input line 223.
LaTeX Info: Symbol \textminus not provided by
            font family iwonal in TS1 encoding.
            Default family used instead on input line 223.
LaTeX Info: Symbol \textminus not provided by
            font family iwonal in TS1 encoding.
            Default family used instead on input line 223.
LaTeX Info: Symbol \textminus not provided by
            font family iwonal in TS1 encoding.
            Default family used instead on input line 223.
LaTeX Info: Symbol \textminus not provided by
            font family iwonal in TS1 encoding.
            Default family used instead on input line 223.
LaTeX Info: Symbol \textminus not provided by
            font family iwonal in TS1 encoding.
            Default family used instead on input line 223.
LaTeX Info: Symbol \textminus not provided by
            font family iwonal in TS1 encoding.
            Default family used instead on input line 223.
LaTeX Info: Symbol \textminus not provided by
            font family iwonal in TS1 encoding.
            Default family used instead on input line 223.
LaTeX Info: Symbol \textminus not provided by
            font family iwonal in TS1 encoding.
            Default family used instead on input line 223.
LaTeX Info: Symbol \textminus not provided by
            font family iwonal in TS1 encoding.
            Default family used instead on input line 223.
LaTeX Info: Symbol \textminus not provided by
            font family iwonal in TS1 encoding.
            Default family used instead on input line 223.
LaTeX Info: Symbol \textminus not provided by
            font family iwonal in TS1 encoding.
            Default family used instead on input line 223.
LaTeX Info: Symbol \textminus not provided by
            font family iwonal in TS1 encoding.
            Default family used instead on input line 223.
(../fig/fig_DeltaEC_u_opt/tex/fig_DeltaEC_u_opt_Qth.tex
Missing character: There is no ; in font nullfont!
Missing character: There is no ; in font nullfont!
Missing character: There is no ; in font nullfont!
Missing character: There is no ; in font nullfont!
Missing character: There is no ; in font nullfont!
Missing character: There is no ; in font nullfont!
Missing character: There is no ; in font nullfont!
PGFPlots: reading {../fig/fig_DeltaEC_u_opt/data/data_DeltaEC_u_opt_Qth.txt}
LaTeX Info: Symbol \textminus not provided by
            font family iwonal in TS1 encoding.
            Default family used instead on input line 31.
) (../fig/fig_DeltaEC_u_opt/tex/fig_DeltaEC_u_opt_COP.tex
Missing character: There is no ; in font nullfont!
Missing character: There is no ; in font nullfont!
Missing character: There is no ; in font nullfont!
Missing character: There is no ; in font nullfont!
Missing character: There is no ; in font nullfont!
Missing character: There is no ; in font nullfont!
Missing character: There is no ; in font nullfont!
PGFPlots: reading {../fig/fig_DeltaEC_u_opt/data/data_DeltaEC_u_opt_COP.txt}
LaTeX Info: Symbol \textminus not provided by
            font family iwonal in TS1 encoding.
            Default family used instead on input line 33.
)

LaTeX Warning: Hyper reference `fig:DeltaEC_u_opt_Qth' on page 17 undefined on 
input line 245.


LaTeX Warning: Reference `sub@fig:DeltaEC_u_opt_Qth' on page 17 undefined on in
put line 245.


LaTeX Warning: Hyper reference `fig:DeltaEC_u_opt_COP' on page 17 undefined on 
input line 245.


LaTeX Warning: Reference `sub@fig:DeltaEC_u_opt_COP' on page 17 undefined on in
put line 245.


LaTeX Warning: Hyper reference `fig:DeltaEC_u_opt_Qth' on page 17 undefined on 
input line 245.


LaTeX Warning: Reference `sub@fig:DeltaEC_u_opt_Qth' on page 17 undefined on in
put line 245.


LaTeX Warning: Hyper reference `fig:DeltaEC_u_opt_COP' on page 17 undefined on 
input line 245.


LaTeX Warning: Reference `sub@fig:DeltaEC_u_opt_COP' on page 17 undefined on in
put line 245.


LaTeX Warning: Reference `fig:DeltaEC_u_opt_Qth' on page 17 undefined on input 
line 251.


LaTeX Warning: Reference `tab:ParamHydrauTAC' on page 17 undefined on input lin
e 251.

LaTeX Info: Symbol \textminus not provided by
            font family iwonal in TS1 encoding.
            Default family used instead on input line 276.
LaTeX Info: Symbol \textminus not provided by
            font family iwonal in TS1 encoding.
            Default family used instead on input line 276.
LaTeX Info: Symbol \textminus not provided by
            font family iwonal in TS1 encoding.
            Default family used instead on input line 276.
LaTeX Info: Symbol \textminus not provided by
            font family iwonal in TS1 encoding.
            Default family used instead on input line 276.
LaTeX Info: Symbol \textminus not provided by
            font family iwonal in TS1 encoding.
            Default family used instead on input line 276.
LaTeX Info: Symbol \textminus not provided by
            font family iwonal in TS1 encoding.
            Default family used instead on input line 276.
LaTeX Info: Symbol \textminus not provided by
            font family iwonal in TS1 encoding.
            Default family used instead on input line 276.
LaTeX Info: Symbol \textminus not provided by
            font family iwonal in TS1 encoding.
            Default family used instead on input line 276.
LaTeX Info: Symbol \textminus not provided by
            font family iwonal in TS1 encoding.
            Default family used instead on input line 276.
LaTeX Info: Symbol \textminus not provided by
            font family iwonal in TS1 encoding.
            Default family used instead on input line 276.
LaTeX Info: Symbol \textminus not provided by
            font family iwonal in TS1 encoding.
            Default family used instead on input line 276.
LaTeX Info: Symbol \textminus not provided by
            font family iwonal in TS1 encoding.
            Default family used instead on input line 276.
LaTeX Info: Symbol \textminus not provided by
            font family iwonal in TS1 encoding.
            Default family used instead on input line 276.
LaTeX Info: Symbol \textminus not provided by
            font family iwonal in TS1 encoding.
            Default family used instead on input line 276.
LaTeX Info: Symbol \textminus not provided by
            font family iwonal in TS1 encoding.
            Default family used instead on input line 276.
LaTeX Info: Symbol \textminus not provided by
            font family iwonal in TS1 encoding.
            Default family used instead on input line 276.
LaTeX Info: Symbol \textminus not provided by
            font family iwonal in TS1 encoding.
            Default family used instead on input line 276.
LaTeX Info: Symbol \textminus not provided by
            font family iwonal in TS1 encoding.
            Default family used instead on input line 276.
LaTeX Info: Symbol \textminus not provided by
            font family iwonal in TS1 encoding.
            Default family used instead on input line 276.
LaTeX Info: Symbol \textminus not provided by
            font family iwonal in TS1 encoding.
            Default family used instead on input line 276.
LaTeX Info: Symbol \textminus not provided by
            font family iwonal in TS1 encoding.
            Default family used instead on input line 276.
LaTeX Info: Symbol \textminus not provided by
            font family iwonal in TS1 encoding.
            Default family used instead on input line 276.
LaTeX Info: Symbol \textminus not provided by
            font family iwonal in TS1 encoding.
            Default family used instead on input line 276.
LaTeX Info: Symbol \textminus not provided by
            font family iwonal in TS1 encoding.
            Default family used instead on input line 276.
LaTeX Info: Symbol \textminus not provided by
            font family iwonal in TS1 encoding.
            Default family used instead on input line 276.
LaTeX Info: Symbol \textminus not provided by
            font family iwonal in TS1 encoding.
            Default family used instead on input line 276.
LaTeX Info: Symbol \textminus not provided by
            font family iwonal in TS1 encoding.
            Default family used instead on input line 276.
LaTeX Info: Symbol \textminus not provided by
            font family iwonal in TS1 encoding.
            Default family used instead on input line 276.
LaTeX Info: Symbol \textminus not provided by
            font family iwonal in TS1 encoding.
            Default family used instead on input line 276.
LaTeX Info: Symbol \textminus not provided by
            font family iwonal in TS1 encoding.
            Default family used instead on input line 276.
LaTeX Info: Symbol \textminus not provided by
            font family iwonal in TS1 encoding.
            Default family used instead on input line 276.
LaTeX Info: Symbol \textminus not provided by
            font family iwonal in TS1 encoding.
            Default family used instead on input line 276.
LaTeX Info: Symbol \textminus not provided by
            font family iwonal in TS1 encoding.
            Default family used instead on input line 276.
LaTeX Info: Symbol \textminus not provided by
            font family iwonal in TS1 encoding.
            Default family used instead on input line 276.
LaTeX Info: Symbol \textminus not provided by
            font family iwonal in TS1 encoding.
            Default family used instead on input line 276.
LaTeX Info: Symbol \textminus not provided by
            font family iwonal in TS1 encoding.
            Default family used instead on input line 276.
LaTeX Info: Symbol \textminus not provided by
            font family iwonal in TS1 encoding.
            Default family used instead on input line 276.
LaTeX Info: Symbol \textminus not provided by
            font family iwonal in TS1 encoding.
            Default family used instead on input line 276.
LaTeX Info: Symbol \textminus not provided by
            font family iwonal in TS1 encoding.
            Default family used instead on input line 276.
LaTeX Info: Symbol \textminus not provided by
            font family iwonal in TS1 encoding.
            Default family used instead on input line 276.
LaTeX Info: Symbol \textminus not provided by
            font family iwonal in TS1 encoding.
            Default family used instead on input line 276.
LaTeX Info: Symbol \textminus not provided by
            font family iwonal in TS1 encoding.
            Default family used instead on input line 276.
LaTeX Info: Symbol \textminus not provided by
            font family iwonal in TS1 encoding.
            Default family used instead on input line 276.
LaTeX Info: Symbol \textminus not provided by
            font family iwonal in TS1 encoding.
            Default family used instead on input line 276.
LaTeX Info: Symbol \textminus not provided by
            font family iwonal in TS1 encoding.
            Default family used instead on input line 276.
LaTeX Info: Symbol \textminus not provided by
            font family iwonal in TS1 encoding.
            Default family used instead on input line 276.
LaTeX Info: Symbol \textminus not provided by
            font family iwonal in TS1 encoding.
            Default family used instead on input line 276.
LaTeX Info: Symbol \textminus not provided by
            font family iwonal in TS1 encoding.
            Default family used instead on input line 276.
LaTeX Info: Symbol \textminus not provided by
            font family iwonal in TS1 encoding.
            Default family used instead on input line 276.
LaTeX Info: Symbol \textminus not provided by
            font family iwonal in TS1 encoding.
            Default family used instead on input line 276.
LaTeX Info: Symbol \textminus not provided by
            font family iwonal in TS1 encoding.
            Default family used instead on input line 276.
LaTeX Info: Symbol \textminus not provided by
            font family iwonal in TS1 encoding.
            Default family used instead on input line 276.
LaTeX Info: Symbol \textminus not provided by
            font family iwonal in TS1 encoding.
            Default family used instead on input line 276.
LaTeX Info: Symbol \textminus not provided by
            font family iwonal in TS1 encoding.
            Default family used instead on input line 276.
LaTeX Info: Symbol \textminus not provided by
            font family iwonal in TS1 encoding.
            Default family used instead on input line 276.
LaTeX Info: Symbol \textminus not provided by
            font family iwonal in TS1 encoding.
            Default family used instead on input line 276.
LaTeX Info: Symbol \textminus not provided by
            font family iwonal in TS1 encoding.
            Default family used instead on input line 276.
LaTeX Info: Symbol \textminus not provided by
            font family iwonal in TS1 encoding.
            Default family used instead on input line 276.
LaTeX Info: Symbol \textminus not provided by
            font family iwonal in TS1 encoding.
            Default family used instead on input line 276.
LaTeX Info: Symbol \textminus not provided by
            font family iwonal in TS1 encoding.
            Default family used instead on input line 276.
<../fig/fig_AHXfromATE/AHXfromATE.png, id=66, 383.93437pt x 535.2497pt>
File: ../fig/fig_AHXfromATE/AHXfromATE.png Graphic file (type png)
<use ../fig/fig_AHXfromATE/AHXfromATE.png>
Package pdftex.def Info: ../fig/fig_AHXfromATE/AHXfromATE.png  used on input li
ne 287.
(pdftex.def)             Requested size: 215.9705pt x 301.09354pt.
<../fig/fig_CHXfromATE/SchemaCHX.png, id=67, 643.6547pt x 493.0922pt>
File: ../fig/fig_CHXfromATE/SchemaCHX.png Graphic file (type png)
<use ../fig/fig_CHXfromATE/SchemaCHX.png>
Package pdftex.def Info: ../fig/fig_CHXfromATE/SchemaCHX.png  used on input lin
e 295.
(pdftex.def)             Requested size: 215.9705pt x 165.45212pt.

LaTeX Warning: Citation 'ramadan_design_2021' on page 17 undefined on input lin
e 299.


LaTeX Warning: Hyper reference `fig:AHXschema' on page 17 undefined on input li
ne 299.


LaTeX Warning: Reference `sub@fig:AHXschema' on page 17 undefined on input line
 299.


LaTeX Warning: Hyper reference `fig:CHXschema' on page 17 undefined on input li
ne 299.


LaTeX Warning: Reference `sub@fig:CHXschema' on page 17 undefined on input line
 299.


LaTeX Warning: Citation 'ramadan_design_2021' on page 17 undefined on input lin
e 299.


LaTeX Warning: Hyper reference `fig:AHXschema' on page 17 undefined on input li
ne 299.


LaTeX Warning: Reference `sub@fig:AHXschema' on page 17 undefined on input line
 299.


LaTeX Warning: Hyper reference `fig:CHXschema' on page 17 undefined on input li
ne 299.


LaTeX Warning: Reference `sub@fig:CHXschema' on page 17 undefined on input line
 299.


LaTeX Warning: Citation 'ramadan_design_2021' on page 17 undefined on input lin
e 303.




LaTeX Warning: Reference `fig:TacotPhotosNoyau_AHX' on page 18 undefined on inp
ut line 306.


LaTeX Warning: Citation 'ramadan_design_2021' on page 18 undefined on input lin
e 308.




LaTeX Warning: Reference `fig:AHXschema' on page 19 undefined on input line 310
.



(../fig/fig_TemperatureAHX_InOut/tex/fig_TemperatureAHX_InOut.tex
Missing character: There is no ; in font nullfont!
Missing character: There is no ; in font nullfont!
Missing character: There is no ; in font nullfont!
Missing character: There is no ; in font nullfont!
Missing character: There is no ; in font nullfont!
Missing character: There is no ; in font nullfont!
Missing character: There is no ; in font nullfont!
PGFPlots: reading {{../fig/fig_AcouExample/data/data_TC10_0beg.txt}}
PGFPlots: reading {{../fig/fig_AcouExample/data/data_TC11_0beg.txt}}
PGFPlots: reading {{../fig/fig_AcouExample/data/data_TC12_0beg.txt}}
PGFPlots: reading {{../fig/fig_AcouExample/data/data_TC13_0beg.txt}}
PGFPlots: reading {{../fig/fig_AcouExample/data/data_TC14_0beg.txt}}
PGFPlots: reading {{../fig/fig_AcouExample/data/data_TC15_0beg.txt}}
)


LaTeX Warning: Reference `fig:TemperatureAHX_InOut' on page 21 undefined on inp
ut line 330.


LaTeX Warning: Reference `fig:TCdansNoyau' on page 21 undefined on input line 3
30.


LaTeX Warning: Reference `fig:TacotPhotosNoyau_CHX' on page 21 undefined on inp
ut line 333.


LaTeX Warning: Reference `fig:CHXschema' on page 21 undefined on input line 335
.

LaTeX Info: Symbol \textohm not provided by
            font family iwonal in TS1 encoding.
            Default family used instead on input line 335.

LaTeX Warning: Citation 'ramadan_design_2021' on page 21 undefined on input lin
e 349.


LaTeX Warning: Reference `fig:Capteurs' on page 21 undefined on input line 349.


<../fig/fig_Capteurs/Sensors_updated2.pdf, id=68, 1172.12906pt x 478.03593pt>
File: ../fig/fig_Capteurs/Sensors_updated2.pdf Graphic file (type pdf)
<use ../fig/fig_Capteurs/Sensors_updated2.pdf>
Package pdftex.def Info: ../fig/fig_Capteurs/Sensors_updated2.pdf  used on inpu
t line 353.
(pdftex.def)             Requested size: 469.18652pt x 191.34956pt.

LaTeX Warning: Citation 'ramadan_design_2021' on page 21 undefined on input lin
e 354.


LaTeX Warning: Citation 'ramadan_design_2021' on page 21 undefined on input lin
e 354.


LaTeX Warning: Reference `fig:BancEssaisComplet' on page 21 undefined on input 
line 361.


LaTeX Warning: Reference `fig:OrientationCore' on page 21 undefined on input li
ne 363.

(../fig/fig_BancEssaisComplet/tex/BancEssaisComplet.tex
<../fig/fig_BancEssaisComplet/BancEssaisComplet.png, id=69, 338.76563pt x 338.7
6563pt>
File: ../fig/fig_BancEssaisComplet/BancEssaisComplet.png Graphic file (type png
)
<use ../fig/fig_BancEssaisComplet/BancEssaisComplet.png>
Package pdftex.def Info: ../fig/fig_BancEssaisComplet/BancEssaisComplet.png  us
ed on input line 2.
(pdftex.def)             Requested size: 338.76479pt x 338.76479pt.
)




LaTeX Warning: Reference `fig:TCdansNoyau' on page 23 undefined on input line 3
84.

(../fig/fig_TCdansNoyau/tex/fig_TCdansNoyau.tex
Missing character: There is no ; in font nullfont!
Missing character: There is no ; in font nullfont!
Missing character: There is no ; in font nullfont!
Missing character: There is no ; in font nullfont!
Missing character: There is no ; in font nullfont!
Missing character: There is no ; in font nullfont!
Missing character: There is no ; in font nullfont!
Missing character: There is no ; in font nullfont!
)

LaTeX Warning: Reference `fig:SchemaGeneralTACOT' on page 23 undefined on input
 line 391.


LaTeX Warning: Reference `fig:SchemaGeneralTACOT' on page 23 undefined on input
 line 391.


LaTeX Warning: Reference `fig:PhotosPressionStatDyn' on page 23 undefined on in
put line 395.


LaTeX Warning: Reference `fig:PhotosPressionStatDyn' on page 23 undefined on in
put line 398.

(../fig/fig_PhotosPressionStatDyn/tex/fig_PhotosPressionStatDyn.tex
<../fig/fig_TacotPhotos/TacotSeul_RIXGauche.jpg, id=70, 189.68504pt x 126.42508
pt>
File: ../fig/fig_TacotPhotos/TacotSeul_RIXGauche.jpg Graphic file (type jpg)
<use ../fig/fig_TacotPhotos/TacotSeul_RIXGauche.jpg>
Package pdftex.def Info: ../fig/fig_TacotPhotos/TacotSeul_RIXGauche.jpg  used o
n input line 2.
(pdftex.def)             Requested size: 338.5863pt x 225.70145pt.
)

LaTeX Warning: Reference `chap:InstrumHP' on page 23 undefined on input line 41
1.




LaTeX Warning: Reference `fig:TACOTSuspendu_Frigo' on page 24 undefined on inpu
t line 462.


LaTeX Warning: Reference `fig:TACOTSuspendu_Palans' on page 24 undefined on inp
ut line 462.

<../fig/fig_SystemeAccroche/Machine_horizBetter_cropped.jpg, id=71, 126.42508pt
 x 94.84251pt>
File: ../fig/fig_SystemeAccroche/Machine_horizBetter_cropped.jpg Graphic file (
type jpg)
<use ../fig/fig_SystemeAccroche/Machine_horizBetter_cropped.jpg>
Package pdftex.def Info: ../fig/fig_SystemeAccroche/Machine_horizBetter_cropped
.jpg  used on input line 469.
(pdftex.def)             Requested size: 195.89455pt x 146.96094pt.
<../fig/fig_SystemeAccroche/Palans.jpg, id=72, 4047.12pt x 3035.34pt>
File: ../fig/fig_SystemeAccroche/Palans.jpg Graphic file (type jpg)
<use ../fig/fig_SystemeAccroche/Palans.jpg>
Package pdftex.def Info: ../fig/fig_SystemeAccroche/Palans.jpg  used on input l
ine 476.
(pdftex.def)             Requested size: 195.89455pt x 146.91277pt.

LaTeX Warning: Hyper reference `fig:TACOTSuspendu_Frigo' on page 24 undefined o
n input line 480.


LaTeX Warning: Reference `sub@fig:TACOTSuspendu_Frigo' on page 24 undefined on 
input line 480.


LaTeX Warning: Hyper reference `fig:TACOTSuspendu_Palans' on page 24 undefined 
on input line 480.


LaTeX Warning: Reference `sub@fig:TACOTSuspendu_Palans' on page 24 undefined on
 input line 480.


LaTeX Warning: Hyper reference `fig:TACOTSuspendu_Frigo' on page 24 undefined o
n input line 480.


LaTeX Warning: Reference `sub@fig:TACOTSuspendu_Frigo' on page 24 undefined on 
input line 480.


LaTeX Warning: Hyper reference `fig:TACOTSuspendu_Palans' on page 24 undefined 
on input line 480.


LaTeX Warning: Reference `sub@fig:TACOTSuspendu_Palans' on page 24 undefined on
 input line 480.


LaTeX Warning: Reference `fig:OrientationCore' on page 24 undefined on input li
ne 493.


LaTeX Warning: Reference `fig:TCdansNoyau' on page 24 undefined on input line 4
93.



(../fig/fig_OrientationCore/tex/subfig_OrientationCoreH1.tex
Missing character: There is no ; in font nullfont!
Missing character: There is no ; in font nullfont!
Missing character: There is no ; in font nullfont!
Missing character: There is no ; in font nullfont!
Missing character: There is no ; in font nullfont!
Missing character: There is no ; in font nullfont!
Missing character: There is no ; in font nullfont!
) (../fig/fig_OrientationCore/tex/subfig_OrientationCoreH2.tex
Missing character: There is no ; in font nullfont!
Missing character: There is no ; in font nullfont!
Missing character: There is no ; in font nullfont!
Missing character: There is no ; in font nullfont!
Missing character: There is no ; in font nullfont!
Missing character: There is no ; in font nullfont!
Missing character: There is no ; in font nullfont!
) (../fig/fig_OrientationCore/tex/subfig_OrientationCoreV1.tex
Missing character: There is no ; in font nullfont!
Missing character: There is no ; in font nullfont!
Missing character: There is no ; in font nullfont!
Missing character: There is no ; in font nullfont!
Missing character: There is no ; in font nullfont!
Missing character: There is no ; in font nullfont!
Missing character: There is no ; in font nullfont!
) (../fig/fig_OrientationCore/tex/subfig_OrientationCoreV2.tex
Missing character: There is no ; in font nullfont!
Missing character: There is no ; in font nullfont!
Missing character: There is no ; in font nullfont!
Missing character: There is no ; in font nullfont!
Missing character: There is no ; in font nullfont!
Missing character: There is no ; in font nullfont!
Missing character: There is no ; in font nullfont!
)

LaTeX Warning: Reference `fig:BancEssaisComplet' on page 25 undefined on input 
line 532.


LaTeX Warning: Hyper reference `fig:OrientationCore_H1' on page 25 undefined on
 input line 532.


LaTeX Warning: Reference `sub@fig:OrientationCore_H1' on page 25 undefined on i
nput line 532.


LaTeX Warning: Hyper reference `fig:OrientationCore_H2' on page 25 undefined on
 input line 532.


LaTeX Warning: Reference `sub@fig:OrientationCore_H2' on page 25 undefined on i
nput line 532.


LaTeX Warning: Hyper reference `fig:OrientationCore_V1' on page 25 undefined on
 input line 532.


LaTeX Warning: Reference `sub@fig:OrientationCore_V1' on page 25 undefined on i
nput line 532.


LaTeX Warning: Hyper reference `fig:OrientationCore_V2' on page 25 undefined on
 input line 532.


LaTeX Warning: Reference `sub@fig:OrientationCore_V2' on page 25 undefined on i
nput line 532.


LaTeX Warning: Reference `fig:BancEssaisComplet' on page 25 undefined on input 
line 532.


LaTeX Warning: Hyper reference `fig:OrientationCore_H1' on page 25 undefined on
 input line 532.


LaTeX Warning: Reference `sub@fig:OrientationCore_H1' on page 25 undefined on i
nput line 532.


LaTeX Warning: Hyper reference `fig:OrientationCore_H2' on page 25 undefined on
 input line 532.


LaTeX Warning: Reference `sub@fig:OrientationCore_H2' on page 25 undefined on i
nput line 532.


LaTeX Warning: Hyper reference `fig:OrientationCore_V1' on page 25 undefined on
 input line 532.


LaTeX Warning: Reference `sub@fig:OrientationCore_V1' on page 25 undefined on i
nput line 532.


LaTeX Warning: Hyper reference `fig:OrientationCore_V2' on page 25 undefined on
 input line 532.


LaTeX Warning: Reference `sub@fig:OrientationCore_V2' on page 25 undefined on i
nput line 532.


LaTeX Warning: Reference `fig:OrientationCore_H1' on page 25 undefined on input
 line 537.


LaTeX Warning: Citation 'ramadan_design_2021' on page 25 undefined on input lin
e 537.


LaTeX Warning: Reference `fig:TACOTSuspendu_Frigo' on page 25 undefined on inpu
t line 537.


LaTeX Warning: Reference `fig:OrientationCore_H2' on page 25 undefined on input
 line 539.


LaTeX Warning: Reference `fig:OrientationCore_V1' on page 25 undefined on input
 line 541.


LaTeX Warning: Reference `fig:OrientationCore_V2' on page 25 undefined on input
 line 543.


LaTeX Warning: Citation 'baltean_gravity_2025' on page 25 undefined on input li
ne 545.


LaTeX Warning: Reference `fig:TenuePressionStatique' on page 25 undefined on in
put line 559.





(../fig/fig_TenuePressionStatique/tex/fig_TenuePressionStatique.tex
Missing character: There is no ; in font nullfont!
Missing character: There is no ; in font nullfont!
Missing character: There is no ; in font nullfont!
Missing character: There is no ; in font nullfont!
Missing character: There is no ; in font nullfont!
Missing character: There is no ; in font nullfont!
Missing character: There is no ; in font nullfont!
)

LaTeX Warning: Reference `fig:PressStatique' on page 27 undefined on input line
 570.


LaTeX Warning: Reference `fig:Qc_PressStatique' on page 27 undefined on input l
ine 570.


LaTeX Warning: Reference `fig:COP_PressStatique' on page 27 undefined on input 
line 570.

(../fig/fig_PerformancePressStatique/tex/fig_Qc_PressStatique.tex
Missing character: There is no ; in font nullfont!
Missing character: There is no ; in font nullfont!
Missing character: There is no ; in font nullfont!
Missing character: There is no ; in font nullfont!
Missing character: There is no ; in font nullfont!
Missing character: There is no ; in font nullfont!
Missing character: There is no ; in font nullfont!
) (../fig/fig_PerformancePressStatique/tex/fig_COP_PressStatique.tex
Missing character: There is no ; in font nullfont!
Missing character: There is no ; in font nullfont!
Missing character: There is no ; in font nullfont!
Missing character: There is no ; in font nullfont!
Missing character: There is no ; in font nullfont!
Missing character: There is no ; in font nullfont!
Missing character: There is no ; in font nullfont!
)

LaTeX Warning: Hyper reference `fig:Qc_PressStatique' on page 27 undefined on i
nput line 593.


LaTeX Warning: Reference `sub@fig:Qc_PressStatique' on page 27 undefined on inp
ut line 593.


LaTeX Warning: Hyper reference `fig:COP_PressStatique' on page 27 undefined on 
input line 593.


LaTeX Warning: Reference `sub@fig:COP_PressStatique' on page 27 undefined on in
put line 593.


LaTeX Warning: Hyper reference `fig:Qc_PressStatique' on page 27 undefined on i
nput line 593.


LaTeX Warning: Reference `sub@fig:Qc_PressStatique' on page 27 undefined on inp
ut line 593.


LaTeX Warning: Hyper reference `fig:COP_PressStatique' on page 27 undefined on 
input line 593.


LaTeX Warning: Reference `sub@fig:COP_PressStatique' on page 27 undefined on in
put line 593.


LaTeX Warning: Reference `fig:WaterOnly' on page 27 undefined on input line 601
.

(../fig/fig_WaterOnlyExample/tex/fig_WaterOnly_TC.tex
Missing character: There is no ; in font nullfont!
Missing character: There is no ; in font nullfont!
Missing character: There is no ; in font nullfont!
Missing character: There is no ; in font nullfont!
PGFPlots: reading {{../fig/fig_WaterOnlyExample/data/v2/Water_TC2.txt}}
PGFPlots: reading {{../fig/fig_WaterOnlyExample/data/v2/Water_TC5.txt}}
PGFPlots: reading {{../fig/fig_WaterOnlyExample/data/v2/Water_TC8.txt}}
PGFPlots: reading {{../fig/fig_WaterOnlyExample/data/v2/Water_TC11.txt}}
PGFPlots: reading {{../fig/fig_WaterOnlyExample/data/v2/Water_TC14.txt}}
) (../fig/fig_WaterOnlyExample/tex/fig_WaterOnly_PT.tex
Missing character: There is no ; in font nullfont!
Missing character: There is no ; in font nullfont!
Missing character: There is no ; in font nullfont!
Missing character: There is no ; in font nullfont!
PGFPlots: reading {{../fig/fig_WaterOnlyExample/data/v2/Water_PT1.txt}}
PGFPlots: reading {{../fig/fig_WaterOnlyExample/data/v2/Water_PT2.txt}}
PGFPlots: reading {{../fig/fig_WaterOnlyExample/data/v2/Water_PT1.txt}}
PGFPlots: reading {{../fig/fig_WaterOnlyExample/data/v2/Water_PT2.txt}}
LaTeX Info: Symbol \textminus not provided by
            font family iwonal in TS1 encoding.
            Default family used instead on input line 48.
)

LaTeX Warning: Hyper reference `fig:WaterOnly_TC' on page 27 undefined on input
 line 635.


LaTeX Warning: Reference `sub@fig:WaterOnly_TC' on page 27 undefined on input l
ine 635.


LaTeX Warning: Hyper reference `fig:WaterOnly_PT' on page 27 undefined on input
 line 635.


LaTeX Warning: Reference `sub@fig:WaterOnly_PT' on page 27 undefined on input l
ine 635.


LaTeX Warning: Hyper reference `fig:WaterOnly_TC' on page 27 undefined on input
 line 635.


LaTeX Warning: Reference `sub@fig:WaterOnly_TC' on page 27 undefined on input l
ine 635.


LaTeX Warning: Hyper reference `fig:WaterOnly_PT' on page 27 undefined on input
 line 635.


LaTeX Warning: Reference `sub@fig:WaterOnly_PT' on page 27 undefined on input l
ine 635.




LaTeX Warning: Reference `eq:Qf_Definition' on page 28 undefined on input line 
644.




LaTeX Warning: Citation 'ramadan_design_2021' on page 29 undefined on input lin
e 654.


LaTeX Warning: Citation 'ramadan_design_2021' on page 29 undefined on input lin
e 656.


LaTeX Warning: Reference `fig:AcouExample' on page 29 undefined on input line 6
66.


LaTeX Warning: Reference `fig:WaterOnly_TC' on page 29 undefined on input line 
666.



(../fig/fig_AcouExample/tex/fig_AcouExample.tex
Missing character: There is no ; in font nullfont!
Missing character: There is no ; in font nullfont!
Missing character: There is no ; in font nullfont!
Missing character: There is no ; in font nullfont!
PGFPlots: reading {{../fig/fig_AcouExample/data/data_TC1_0beg.txt}}
PGFPlots: reading {{../fig/fig_AcouExample/data/data_TC2_0beg.txt}}
PGFPlots: reading {{../fig/fig_AcouExample/data/data_TC3_0beg.txt}}
PGFPlots: reading {{../fig/fig_AcouExample/data/data_TC4_0beg.txt}}
PGFPlots: reading {{../fig/fig_AcouExample/data/data_TC5_0beg.txt}}
PGFPlots: reading {{../fig/fig_AcouExample/data/data_TC6_0beg.txt}}
PGFPlots: reading {{../fig/fig_AcouExample/data/data_TC7_0beg.txt}}
PGFPlots: reading {{../fig/fig_AcouExample/data/data_TC8_0beg.txt}}
PGFPlots: reading {{../fig/fig_AcouExample/data/data_TC9_0beg.txt}}
PGFPlots: reading {{../fig/fig_AcouExample/data/data_TC10_0beg.txt}}
PGFPlots: reading {{../fig/fig_AcouExample/data/data_TC11_0beg.txt}}
PGFPlots: reading {{../fig/fig_AcouExample/data/data_TC12_0beg.txt}}
PGFPlots: reading {{../fig/fig_AcouExample/data/data_TC13_0beg.txt}}
PGFPlots: reading {{../fig/fig_AcouExample/data/data_TC14_0beg.txt}}
PGFPlots: reading {{../fig/fig_AcouExample/data/data_TC15_0beg.txt}}
)

LaTeX Warning: Reference `fig:AcouExample' on page 30 undefined on input line 6
78.


LaTeX Warning: Reference `fig:Repetabilite_V1' on page 30 undefined on input li
ne 678.

(../fig/fig_Repetabilite_V1/tex/fig_Repetabilite_V1.tex
Missing character: There is no ; in font nullfont!
Missing character: There is no ; in font nullfont!
Missing character: There is no ; in font nullfont!
Missing character: There is no ; in font nullfont!
PGFPlots: reading {{../fig/fig_Repetabilite_V1/data/data_TC7_RixHi_PhaseRIXHP-6
0°_OrientationV1_Qc0W_Serie2.txt}}
PGFPlots: reading {{../fig/fig_Repetabilite_V1/data/data_TC8_RixHi_PhaseRIXHP-6
0°_OrientationV1_Qc0W_Serie2.txt}}
)

LaTeX Warning: Citation 'fontbonne_postprocessing_2025' on page 30 undefined on
 input line 693.




LaTeX Warning: Reference `chap:Acquisitions' on page 31 undefined on input line
 696.


LaTeX Warning: Reference `fig:WaterOnly_PT' on page 31 undefined on input line 
704.

Excluding 'comment' comment.

(../fig/fig_ConclusionChap2/tex/fig_ConclusionChap2.tex)) (EnsembleSimus.tex

Chapitre III.



LaTeX Warning: Reference `fig:ATE_ProfilsCHX_5mm' on page 34 undefined on input
 line 5.


LaTeX Warning: Citation 'rott_thermoacoustics_1980' on page 34 undefined on inp
ut line 5.


LaTeX Warning: Reference `chap:NbrAdim' on page 34 undefined on input line 7.


LaTeX Warning: Reference `chap:NbrAdim' on page 34 undefined on input line 7.


LaTeX Warning: Reference `chap:FEM' on page 34 undefined on input line 9.


LaTeX Warning: Reference `chap:FEM' on page 34 undefined on input line 9.


LaTeX Warning: Reference `chap:ModeleTemporel' on page 34 undefined on input li
ne 11.


LaTeX Warning: Reference `chap:ModeleTemporel' on page 34 undefined on input li
ne 11.


LaTeX Warning: Reference `fig:ATE_ProfilsCHX_5mm' on page 34 undefined on input
 line 14.


LaTeX Warning: Reference `fig:ConvNat2D' on page 34 undefined on input line 28.



LaTeX Warning: Citation 'batchelor_heat_1954' on page 34 undefined on input lin
e 28.


LaTeX Warning: Citation 'menard_convection_2005' on page 34 undefined on input 
line 28.


LaTeX Warning: Citation 'chorin_modification_2018' on page 34 undefined on inpu
t line 28.


LaTeX Warning: Reference `fig:ConvNat2D_HorizDeltaT' on page 34 undefined on in
put line 30.


LaTeX Warning: Reference `fig:ConvNat2D_VertiDeltaT' on page 34 undefined on in
put line 32.


LaTeX Warning: Citation 'getling_rayleigh-benard_1998' on page 34 undefined on 
input line 32.


LaTeX Warning: Reference `fig:ConvNat2D_VertiDeltaT' on page 34 undefined on in
put line 32.



(../fig/fig_ConvNat2D/tex/fig_ConvNat2D_HorizDeltaT.tex
Missing character: There is no ; in font nullfont!
Missing character: There is no ; in font nullfont!
Missing character: There is no ; in font nullfont!
Missing character: There is no ; in font nullfont!
Missing character: There is no ; in font nullfont!
) (../fig/fig_ConvNat2D/tex/fig_ConvNat2D_VertiDeltaT.tex
Missing character: There is no ; in font nullfont!
Missing character: There is no ; in font nullfont!
Missing character: There is no ; in font nullfont!
Missing character: There is no ; in font nullfont!
Missing character: There is no ; in font nullfont!
)

LaTeX Warning: Hyper reference `fig:ConvNat2D_HorizDeltaT' on page 35 undefined
 on input line 67.


LaTeX Warning: Reference `sub@fig:ConvNat2D_HorizDeltaT' on page 35 undefined o
n input line 67.


LaTeX Warning: Hyper reference `fig:ConvNat2D_VertiDeltaT' on page 35 undefined
 on input line 67.


LaTeX Warning: Reference `sub@fig:ConvNat2D_VertiDeltaT' on page 35 undefined o
n input line 67.


LaTeX Warning: Hyper reference `fig:ConvNat2D_HorizDeltaT' on page 35 undefined
 on input line 67.


LaTeX Warning: Reference `sub@fig:ConvNat2D_HorizDeltaT' on page 35 undefined o
n input line 67.


LaTeX Warning: Hyper reference `fig:ConvNat2D_VertiDeltaT' on page 35 undefined
 on input line 67.


LaTeX Warning: Reference `sub@fig:ConvNat2D_VertiDeltaT' on page 35 undefined o
n input line 67.


LaTeX Warning: Reference `fig:ConvNat2D' on page 35 undefined on input line 91.



LaTeX Warning: Reference `eq:NavierStokes_Boussinesq_QtMvt' on page 35 undefine
d on input line 91.


LaTeX Warning: Reference `eq:NavierStokes_Boussinesq_QtMvt' on page 35 undefine
d on input line 93.


LaTeX Warning: Reference `eq:Prandtl' on page 35 undefined on input line 103.




LaTeX Warning: Citation 'belleoud_etude_2016' on page 36 undefined on input lin
e 123.


LaTeX Warning: Reference `fig:ConvNat2D_HorizDeltaT' on page 36 undefined on in
put line 123.


LaTeX Warning: Reference `tab:NbrRayleigh_Vitesse' on page 36 undefined on inpu
t line 125.


LaTeX Warning: Reference `fig:ConvNat2D' on page 36 undefined on input line 128
.


LaTeX Warning: Reference `fig:ConvNat2D' on page 36 undefined on input line 128
.

LaTeX Info: Symbol \textminus not provided by
            font family iwonal in TS1 encoding.
            Default family used instead on input line 135.
LaTeX Info: Symbol \textminus not provided by
            font family iwonal in TS1 encoding.
            Default family used instead on input line 135.
LaTeX Info: Symbol \textminus not provided by
            font family iwonal in TS1 encoding.
            Default family used instead on input line 135.
LaTeX Info: Symbol \textminus not provided by
            font family iwonal in TS1 encoding.
            Default family used instead on input line 135.

LaTeX Warning: Reference `fig:ConvNat2D_HorizDeltaT' on page 36 undefined on in
put line 135.


LaTeX Warning: Reference `fig:ConvNat2D_HorizDeltaT' on page 36 undefined on in
put line 135.

LaTeX Info: Symbol \textminus not provided by
            font family iwonal in TS1 encoding.
            Default family used instead on input line 135.
LaTeX Info: Symbol \textminus not provided by
            font family iwonal in TS1 encoding.
            Default family used instead on input line 135.
LaTeX Info: Symbol \textminus not provided by
            font family iwonal in TS1 encoding.
            Default family used instead on input line 135.
LaTeX Info: Symbol \textminus not provided by
            font family iwonal in TS1 encoding.
            Default family used instead on input line 135.

LaTeX Warning: Reference `fig:ConvNat2D_VertiDeltaT' on page 36 undefined on in
put line 135.


LaTeX Warning: Reference `fig:ConvNat2D_VertiDeltaT' on page 36 undefined on in
put line 135.

LaTeX Info: Symbol \textminus not provided by
            font family iwonal in TS1 encoding.
            Default family used instead on input line 135.
LaTeX Info: Symbol \textminus not provided by
            font family iwonal in TS1 encoding.
            Default family used instead on input line 135.
LaTeX Info: Symbol \textminus not provided by
            font family iwonal in TS1 encoding.
            Default family used instead on input line 135.
LaTeX Info: Symbol \textminus not provided by
            font family iwonal in TS1 encoding.
            Default family used instead on input line 135.
LaTeX Info: Symbol \textminus not provided by
            font family iwonal in TS1 encoding.
            Default family used instead on input line 135.
LaTeX Info: Symbol \textminus not provided by
            font family iwonal in TS1 encoding.
            Default family used instead on input line 135.
LaTeX Info: Symbol \textminus not provided by
            font family iwonal in TS1 encoding.
            Default family used instead on input line 135.
LaTeX Info: Symbol \textminus not provided by
            font family iwonal in TS1 encoding.
            Default family used instead on input line 135.

LaTeX Warning: Reference `fig:ConvNat2D_HorizDeltaT' on page 36 undefined on in
put line 135.


LaTeX Warning: Reference `fig:ConvNat2D_HorizDeltaT' on page 36 undefined on in
put line 135.

LaTeX Info: Symbol \textminus not provided by
            font family iwonal in TS1 encoding.
            Default family used instead on input line 135.
LaTeX Info: Symbol \textminus not provided by
            font family iwonal in TS1 encoding.
            Default family used instead on input line 135.
LaTeX Info: Symbol \textminus not provided by
            font family iwonal in TS1 encoding.
            Default family used instead on input line 135.
LaTeX Info: Symbol \textminus not provided by
            font family iwonal in TS1 encoding.
            Default family used instead on input line 135.

LaTeX Warning: Reference `fig:ConvNat2D_VertiDeltaT' on page 36 undefined on in
put line 135.


LaTeX Warning: Reference `fig:ConvNat2D_VertiDeltaT' on page 36 undefined on in
put line 135.

LaTeX Info: Symbol \textminus not provided by
            font family iwonal in TS1 encoding.
            Default family used instead on input line 135.
LaTeX Info: Symbol \textminus not provided by
            font family iwonal in TS1 encoding.
            Default family used instead on input line 135.
LaTeX Info: Symbol \textminus not provided by
            font family iwonal in TS1 encoding.
            Default family used instead on input line 135.
LaTeX Info: Symbol \textminus not provided by
            font family iwonal in TS1 encoding.
            Default family used instead on input line 135.

LaTeX Warning: Reference `eq:NavierStokes_Boussinesq_QtMvt' on page 36 undefine
d on input line 163.


LaTeX Warning: Citation 'walch_convection_1980' on page 36 undefined on input l
ine 169.


LaTeX Warning: Reference `eq:NavierStokes_Boussinesq_QtMvt_Poreux' on page 36 u
ndefined on input line 171.


LaTeX Warning: Citation 'nield_convection_2013' on page 36 undefined on input l
ine 171.




LaTeX Warning: Reference `fig:ConvNat2D_HorizDeltaT' on page 37 undefined on in
put line 184.


LaTeX Warning: Reference `fig:ConvNat2D_VertiDeltaT' on page 37 undefined on in
put line 184.


LaTeX Warning: Reference `fig:ConvNat2D_VertiDeltaT' on page 37 undefined on in
put line 184.


LaTeX Warning: Citation 'elder_steady_1967' on page 37 undefined on input line 
184.


LaTeX Warning: Citation 'nield_convection_2013' on page 37 undefined on input l
ine 184.


LaTeX Warning: Citation 'kvernvold_nonlinear_1979' on page 37 undefined on inpu
t line 184.


LaTeX Warning: Reference `fig:ConvNat2D' on page 37 undefined on input line 186
.


LaTeX Warning: Reference `tab:NbrRayleigh_Vitesse' on page 37 undefined on inpu
t line 186.


LaTeX Warning: Reference `fig:ConvNat2D' on page 37 undefined on input line 190
.


LaTeX Warning: Reference `fig:ConvNat2D' on page 37 undefined on input line 190
.

LaTeX Info: Symbol \textminus not provided by
            font family iwonal in TS1 encoding.
            Default family used instead on input line 196.
LaTeX Info: Symbol \textminus not provided by
            font family iwonal in TS1 encoding.
            Default family used instead on input line 196.

LaTeX Warning: Reference `fig:ConvNat2D_HorizDeltaT' on page 37 undefined on in
put line 196.


LaTeX Warning: Reference `fig:ConvNat2D_HorizDeltaT' on page 37 undefined on in
put line 196.

LaTeX Info: Symbol \textminus not provided by
            font family iwonal in TS1 encoding.
            Default family used instead on input line 196.
LaTeX Info: Symbol \textminus not provided by
            font family iwonal in TS1 encoding.
            Default family used instead on input line 196.
LaTeX Info: Symbol \textminus not provided by
            font family iwonal in TS1 encoding.
            Default family used instead on input line 196.
LaTeX Info: Symbol \textminus not provided by
            font family iwonal in TS1 encoding.
            Default family used instead on input line 196.

LaTeX Warning: Reference `fig:ConvNat2D_VertiDeltaT' on page 37 undefined on in
put line 196.


LaTeX Warning: Reference `fig:ConvNat2D_VertiDeltaT' on page 37 undefined on in
put line 196.

LaTeX Info: Symbol \textminus not provided by
            font family iwonal in TS1 encoding.
            Default family used instead on input line 196.
LaTeX Info: Symbol \textminus not provided by
            font family iwonal in TS1 encoding.
            Default family used instead on input line 196.
LaTeX Info: Symbol \textminus not provided by
            font family iwonal in TS1 encoding.
            Default family used instead on input line 196.
LaTeX Info: Symbol \textminus not provided by
            font family iwonal in TS1 encoding.
            Default family used instead on input line 196.
LaTeX Info: Symbol \textminus not provided by
            font family iwonal in TS1 encoding.
            Default family used instead on input line 196.
LaTeX Info: Symbol \textminus not provided by
            font family iwonal in TS1 encoding.
            Default family used instead on input line 196.

LaTeX Warning: Reference `fig:ConvNat2D_HorizDeltaT' on page 37 undefined on in
put line 196.


LaTeX Warning: Reference `fig:ConvNat2D_HorizDeltaT' on page 37 undefined on in
put line 196.

LaTeX Info: Symbol \textminus not provided by
            font family iwonal in TS1 encoding.
            Default family used instead on input line 196.
LaTeX Info: Symbol \textminus not provided by
            font family iwonal in TS1 encoding.
            Default family used instead on input line 196.
LaTeX Info: Symbol \textminus not provided by
            font family iwonal in TS1 encoding.
            Default family used instead on input line 196.
LaTeX Info: Symbol \textminus not provided by
            font family iwonal in TS1 encoding.
            Default family used instead on input line 196.

LaTeX Warning: Reference `fig:ConvNat2D_VertiDeltaT' on page 37 undefined on in
put line 196.


LaTeX Warning: Reference `fig:ConvNat2D_VertiDeltaT' on page 37 undefined on in
put line 196.

LaTeX Info: Symbol \textminus not provided by
            font family iwonal in TS1 encoding.
            Default family used instead on input line 196.
LaTeX Info: Symbol \textminus not provided by
            font family iwonal in TS1 encoding.
            Default family used instead on input line 196.
LaTeX Info: Symbol \textminus not provided by
            font family iwonal in TS1 encoding.
            Default family used instead on input line 196.
LaTeX Info: Symbol \textminus not provided by
            font family iwonal in TS1 encoding.
            Default family used instead on input line 196.

LaTeX Warning: Reference `fig:ConvNat2D' on page 37 undefined on input line 201
.


LaTeX Warning: Reference `fig:ConvNat2D' on page 37 undefined on input line 201
.

LaTeX Info: Symbol \textminus not provided by
            font family iwonal in TS1 encoding.
            Default family used instead on input line 207.
LaTeX Info: Symbol \textminus not provided by
            font family iwonal in TS1 encoding.
            Default family used instead on input line 207.

LaTeX Warning: Reference `fig:ConvNat2D_HorizDeltaT' on page 37 undefined on in
put line 207.


LaTeX Warning: Reference `fig:ConvNat2D_HorizDeltaT' on page 37 undefined on in
put line 207.


Package siunitx Info: Option "retain-zero-exponent" has been deprecated in
(siunitx)             this release.
(siunitx)             
(siunitx)             Use "print-zero-exponent" as a replacement.

LaTeX Info: Symbol \textminus not provided by
            font family iwonal in TS1 encoding.
            Default family used instead on input line 207.
LaTeX Info: Symbol \textminus not provided by
            font family iwonal in TS1 encoding.
            Default family used instead on input line 207.

LaTeX Warning: Reference `fig:ConvNat2D_VertiDeltaT' on page 37 undefined on in
put line 207.


LaTeX Warning: Reference `fig:ConvNat2D_VertiDeltaT' on page 37 undefined on in
put line 207.

LaTeX Info: Symbol \textminus not provided by
            font family iwonal in TS1 encoding.
            Default family used instead on input line 207.
LaTeX Info: Symbol \textminus not provided by
            font family iwonal in TS1 encoding.
            Default family used instead on input line 207.
LaTeX Info: Symbol \textminus not provided by
            font family iwonal in TS1 encoding.
            Default family used instead on input line 207.
LaTeX Info: Symbol \textminus not provided by
            font family iwonal in TS1 encoding.
            Default family used instead on input line 207.

LaTeX Warning: Reference `fig:ConvNat2D_HorizDeltaT' on page 37 undefined on in
put line 207.


LaTeX Warning: Reference `fig:ConvNat2D_HorizDeltaT' on page 37 undefined on in
put line 207.

LaTeX Info: Symbol \textminus not provided by
            font family iwonal in TS1 encoding.
            Default family used instead on input line 207.
LaTeX Info: Symbol \textminus not provided by
            font family iwonal in TS1 encoding.
            Default family used instead on input line 207.

LaTeX Warning: Reference `fig:ConvNat2D_VertiDeltaT' on page 37 undefined on in
put line 207.


LaTeX Warning: Reference `fig:ConvNat2D_VertiDeltaT' on page 37 undefined on in
put line 207.

LaTeX Info: Symbol \textminus not provided by
            font family iwonal in TS1 encoding.
            Default family used instead on input line 207.
LaTeX Info: Symbol \textminus not provided by
            font family iwonal in TS1 encoding.
            Default family used instead on input line 207.

LaTeX Warning: Reference `fig:ConvNat2D' on page 37 undefined on input line 239
.




LaTeX Warning: Citation 'schneider_laminar_1992' on page 38 undefined on input 
line 248.


LaTeX Warning: Citation 'basak_heat_2009' on page 38 undefined on input line 24
8.


LaTeX Warning: Reference `fig:SchemaGeneralTACOT' on page 38 undefined on input
 line 251.


LaTeX Warning: Reference `fig:Comsol_Geometrie_ConeSeul' on page 38 undefined o
n input line 253.

<../fig/fig_ConvNatComsol_Resultats/ConeSeul/Geometrie.png, id=80, 216.68954pt 
x 216.68954pt>
File: ../fig/fig_ConvNatComsol_Resultats/ConeSeul/Geometrie.png Graphic file (t
ype png)
<use ../fig/fig_ConvNatComsol_Resultats/ConeSeul/Geometrie.png>
Package pdftex.def Info: ../fig/fig_ConvNatComsol_Resultats/ConeSeul/Geometrie.
png  used on input line 257.
(pdftex.def)             Requested size: 216.68901pt x 216.68901pt.



LaTeX Warning: Reference `fig:ConvNatComsol_V1_ConeParamRix' on page 39 undefin
ed on input line 273.

<../fig/fig_ConvNatComsol_Resultats/ConeSeul/SmallBase_THBelow2.png, id=81, 449
.5194pt x 65.40434pt>
File: ../fig/fig_ConvNatComsol_Resultats/ConeSeul/SmallBase_THBelow2.png Graphi
c file (type png)
<use ../fig/fig_ConvNatComsol_Resultats/ConeSeul/SmallBase_THBelow2.png>
Package pdftex.def Info: ../fig/fig_ConvNatComsol_Resultats/ConeSeul/SmallBase_
THBelow2.png  used on input line 279.
(pdftex.def)             Requested size: 449.51828pt x 65.40416pt.
<../fig/fig_ConvNatComsol_Resultats/ConeSeul/Cylinder_THBelow2.png, id=82, 449.
5194pt x 65.7657pt>
File: ../fig/fig_ConvNatComsol_Resultats/ConeSeul/Cylinder_THBelow2.png Graphic
 file (type png)
<use ../fig/fig_ConvNatComsol_Resultats/ConeSeul/Cylinder_THBelow2.png>
Package pdftex.def Info: ../fig/fig_ConvNatComsol_Resultats/ConeSeul/Cylinder_T
HBelow2.png  used on input line 289.
(pdftex.def)             Requested size: 449.51828pt x 65.76553pt.
<../fig/fig_ConvNatComsol_Resultats/ConeSeul/LargeBase_THBelow2.png, id=83, 449
.5194pt x 65.5248pt>
File: ../fig/fig_ConvNatComsol_Resultats/ConeSeul/LargeBase_THBelow2.png Graphi
c file (type png)
<use ../fig/fig_ConvNatComsol_Resultats/ConeSeul/LargeBase_THBelow2.png>
Package pdftex.def Info: ../fig/fig_ConvNatComsol_Resultats/ConeSeul/LargeBase_
THBelow2.png  used on input line 299.
(pdftex.def)             Requested size: 449.51828pt x 65.52463pt.
LaTeX Info: Symbol \textminus not provided by
            font family iwonal in TS1 encoding.
            Default family used instead on input line 325.

LaTeX Warning: Reference `fig:ConvNatComsol_V1_ConeParamRix_SmallBase' on page 
39 undefined on input line 333.

LaTeX Info: Symbol \textminus not provided by
            font family iwonal in TS1 encoding.
            Default family used instead on input line 333.
LaTeX Info: Symbol \textminus not provided by
            font family iwonal in TS1 encoding.
            Default family used instead on input line 333.

LaTeX Warning: Reference `fig:ConvNatComsol_V1_ConeParamRix_Cylinder' on page 3
9 undefined on input line 335.




LaTeX Warning: Reference `fig:ConvNatComsol_V1_ConeParamRix_LargeBase' on page 
40 undefined on input line 337.


LaTeX Warning: Reference `fig:ConvNatComsol_V1_ConeParamRix_SmallBase' on page 
40 undefined on input line 339.


LaTeX Warning: Citation 'basak_heat_2009' on page 40 undefined on input line 33
9.


LaTeX Warning: Reference `fig:ConvNatComsol_V1_ConeParamRix_LargeBase' on page 
40 undefined on input line 339.


LaTeX Warning: Citation 'schneider_laminar_1992' on page 40 undefined on input 
line 341.


LaTeX Warning: Reference `fig:ConvNatComsol_V2_ConeParamRix' on page 40 undefin
ed on input line 345.

<../fig/fig_ConvNatComsol_Resultats/ConeSeul/SmallBase_THAbove2.png, id=86, 449
.5194pt x 69.1383pt>
File: ../fig/fig_ConvNatComsol_Resultats/ConeSeul/SmallBase_THAbove2.png Graphi
c file (type png)
<use ../fig/fig_ConvNatComsol_Resultats/ConeSeul/SmallBase_THAbove2.png>
Package pdftex.def Info: ../fig/fig_ConvNatComsol_Resultats/ConeSeul/SmallBase_
THAbove2.png  used on input line 351.
(pdftex.def)             Requested size: 449.51828pt x 69.13812pt.
<../fig/fig_ConvNatComsol_Resultats/ConeSeul/Cylinder_THAbove2.png, id=87, 449.
5194pt x 68.53606pt>
File: ../fig/fig_ConvNatComsol_Resultats/ConeSeul/Cylinder_THAbove2.png Graphic
 file (type png)
<use ../fig/fig_ConvNatComsol_Resultats/ConeSeul/Cylinder_THAbove2.png>
Package pdftex.def Info: ../fig/fig_ConvNatComsol_Resultats/ConeSeul/Cylinder_T
HAbove2.png  used on input line 360.
(pdftex.def)             Requested size: 449.51828pt x 68.53587pt.
<../fig/fig_ConvNatComsol_Resultats/ConeSeul/LargeBase_THAbove2.png, id=88, 449
.5194pt x 67.81335pt>
File: ../fig/fig_ConvNatComsol_Resultats/ConeSeul/LargeBase_THAbove2.png Graphi
c file (type png)
<use ../fig/fig_ConvNatComsol_Resultats/ConeSeul/LargeBase_THAbove2.png>
Package pdftex.def Info: ../fig/fig_ConvNatComsol_Resultats/ConeSeul/LargeBase_
THAbove2.png  used on input line 369.
(pdftex.def)             Requested size: 449.51828pt x 67.81317pt.
LaTeX Info: Symbol \textminus not provided by
            font family iwonal in TS1 encoding.
            Default family used instead on input line 395.

LaTeX Warning: Reference `fig:ConvNatComsol_V2_ConeParamRix_SmallBase' on page 
40 undefined on input line 402.

LaTeX Info: Symbol \textminus not provided by
            font family iwonal in TS1 encoding.
            Default family used instead on input line 402.
LaTeX Info: Symbol \textminus not provided by
            font family iwonal in TS1 encoding.
            Default family used instead on input line 402.

LaTeX Warning: Reference `fig:ConvNatComsol_V2_ConeParamRix_Cylinder' on page 4
0 undefined on input line 404.


LaTeX Warning: Reference `fig:ConvNatComsol_V2_ConeParamRix_LargeBase' on page 
40 undefined on input line 406.


LaTeX Warning: Reference `fig:ConvNatComsol_V2_ConeParamRix_SmallBase' on page 
40 undefined on input line 406.




LaTeX Warning: Reference `fig:ConvNatComsol_V2_ConeParamRix' on page 41 undefin
ed on input line 408.


LaTeX Warning: Reference `fig:ConvNatComsol_V1_ConeParamRix' on page 41 undefin
ed on input line 408.

LaTeX Info: Symbol \textminus not provided by
            font family iwonal in TS1 encoding.
            Default family used instead on input line 408.
LaTeX Info: Symbol \textminus not provided by
            font family iwonal in TS1 encoding.
            Default family used instead on input line 408.
LaTeX Info: Symbol \textminus not provided by
            font family iwonal in TS1 encoding.
            Default family used instead on input line 408.
LaTeX Info: Symbol \textminus not provided by
            font family iwonal in TS1 encoding.
            Default family used instead on input line 408.

LaTeX Warning: Reference `fig:Comsol_ModeleSimplifie_Geometrie' on page 41 unde
fined on input line 415.

<../fig/fig_ConvNatComsol/Comsol_SimplifiedModel_Geometry62.png, id=91, 338.705
4pt x 301.6068pt>
File: ../fig/fig_ConvNatComsol/Comsol_SimplifiedModel_Geometry62.png Graphic fi
le (type png)
<use ../fig/fig_ConvNatComsol/Comsol_SimplifiedModel_Geometry62.png>
Package pdftex.def Info: ../fig/fig_ConvNatComsol/Comsol_SimplifiedModel_Geomet
ry62.png  used on input line 420.
(pdftex.def)             Requested size: 237.09216pt x 211.1233pt.

LaTeX Warning: Reference `tab:DimModeleComsol' on page 41 undefined on input li
ne 425.


LaTeX Warning: Reference `fig:SchemaGeneralTACOT' on page 41 undefined on input
 line 442.


LaTeX Warning: Reference `chap:FEM_CondFront' on page 41 undefined on input lin
e 442.

Excluding 'comment' comment.


LaTeX Warning: Citation 'lewis_measurement_1998' on page 42 undefined on input 
line 480.


LaTeX Warning: Citation 'swift_thermoacoustics_2017' on page 42 undefined on in
put line 480.


LaTeX Warning: Citation 'li_effective_2006' on page 42 undefined on input line 
480.


LaTeX Warning: Citation 'hsu_effective_1996' on page 42 undefined on input line
 480.


LaTeX Warning: Reference `fig:SuperpositionComsol' on page 42 undefined on inpu
t line 504.


LaTeX Warning: Reference `fig:SuperpositionComsol' on page 42 undefined on inpu
t line 504.


LaTeX Warning: Reference `eq:ConductiviteTensiorielle' on page 42 undefined on 
input line 504.


LaTeX Warning: Reference `fig:SuperpositionComsol' on page 42 undefined on inpu
t line 504.


LaTeX Warning: Reference `fig:SuperpositionComsol' on page 42 undefined on inpu
t line 504.


LaTeX Warning: Citation 'ramadan_design_2021' on page 42 undefined on input lin
e 504.


LaTeX Warning: Reference `fig:ATE_ProfilsCHX_5mm' on page 42 undefined on input
 line 504.



(../fig/fig_SuperpositionComsol/tex/fig_SuperpositionComsol.tex)

LaTeX Warning: Reference `fig:OrientationCore_H1' on page 43 undefined on input
 line 511.


LaTeX Warning: Reference `fig:ATE_ProfilsCHX_5mm' on page 43 undefined on input
 line 511.


LaTeX Warning: Citation 'ramadan_design_2021' on page 43 undefined on input lin
e 511.


LaTeX Warning: Reference `fig:OrientationCore_H1' on page 43 undefined on input
 line 511.


LaTeX Warning: Reference `fig:ATE_ProfilsCHX_5mm' on page 43 undefined on input
 line 511.


LaTeX Warning: Citation 'ramadan_design_2021' on page 43 undefined on input lin
e 511.


LaTeX Warning: Reference `fig:Comsol_CondFrontT' on page 43 undefined on input 
line 523.

(../fig/fig_ComsolThermalCondFront/tex/Rix_Ambiant.tex
Missing character: There is no ; in font nullfont!
Missing character: There is no ; in font nullfont!
Missing character: There is no ; in font nullfont!
Missing character: There is no ; in font nullfont!
Missing character: There is no ; in font nullfont!
Missing character: There is no ; in font nullfont!
Missing character: There is no ; in font nullfont!
Missing character: There is no ; in font nullfont!
Missing character: There is no ; in font nullfont!
)

LaTeX Warning: Reference `fig:RIXTa_Detail_Cmap_T_Fleche_vNorme' on page 43 und
efined on input line 591.

<../fig/fig_ConvNatComsol_Resultats/Cmap_T_Fleche_vNorme/H1_RIXTa.png, id=92, 2
24.7597pt x 224.7597pt>
File: ../fig/fig_ConvNatComsol_Resultats/Cmap_T_Fleche_vNorme/H1_RIXTa.png Grap
hic file (type png)
<use ../fig/fig_ConvNatComsol_Resultats/Cmap_T_Fleche_vNorme/H1_RIXTa.png>
Package pdftex.def Info: ../fig/fig_ConvNatComsol_Resultats/Cmap_T_Fleche_vNorm
e/H1_RIXTa.png  used on input line 598.
(pdftex.def)             Requested size: 204.6029pt x 204.61052pt.
<../fig/fig_ConvNatComsol_Resultats/Cmap_T_Fleche_vNorme/H2_RIXTa.png, id=93, 2
24.7597pt x 224.7597pt>
File: ../fig/fig_ConvNatComsol_Resultats/Cmap_T_Fleche_vNorme/H2_RIXTa.png Grap
hic file (type png)
<use ../fig/fig_ConvNatComsol_Resultats/Cmap_T_Fleche_vNorme/H2_RIXTa.png>
Package pdftex.def Info: ../fig/fig_ConvNatComsol_Resultats/Cmap_T_Fleche_vNorm
e/H2_RIXTa.png  used on input line 602.
(pdftex.def)             Requested size: 204.6029pt x 204.61052pt.
<../fig/fig_ConvNatComsol_Resultats/Cmap_T_Fleche_vNorme/V1_RIXTa.png, id=98, 2
24.7597pt x 224.7597pt>
File: ../fig/fig_ConvNatComsol_Resultats/Cmap_T_Fleche_vNorme/V1_RIXTa.png Grap
hic file (type png)
<use ../fig/fig_ConvNatComsol_Resultats/Cmap_T_Fleche_vNorme/V1_RIXTa.png>
Package pdftex.def Info: ../fig/fig_ConvNatComsol_Resultats/Cmap_T_Fleche_vNorm
e/V1_RIXTa.png  used on input line 664.
(pdftex.def)             Requested size: 204.6029pt x 204.61052pt.
<../fig/fig_ConvNatComsol_Resultats/Cmap_T_Fleche_vNorme/V2_RIXTa.png, id=99, 2
24.7597pt x 224.7597pt>
File: ../fig/fig_ConvNatComsol_Resultats/Cmap_T_Fleche_vNorme/V2_RIXTa.png Grap
hic file (type png)
<use ../fig/fig_ConvNatComsol_Resultats/Cmap_T_Fleche_vNorme/V2_RIXTa.png>
Package pdftex.def Info: ../fig/fig_ConvNatComsol_Resultats/Cmap_T_Fleche_vNorm
e/V2_RIXTa.png  used on input line 668.
(pdftex.def)             Requested size: 204.6029pt x 204.61052pt.

LaTeX Warning: Hyper reference `fig:H1_RIXTa_Detail_Cmap_T_Fleche_vNorme' on pa
ge 43 undefined on input line 725.


LaTeX Warning: Reference `sub@fig:H1_RIXTa_Detail_Cmap_T_Fleche_vNorme' on page
 43 undefined on input line 725.


LaTeX Warning: Hyper reference `fig:H2_RIXTa_Detail_Cmap_T_Fleche_vNorme' on pa
ge 43 undefined on input line 725.


LaTeX Warning: Reference `sub@fig:H2_RIXTa_Detail_Cmap_T_Fleche_vNorme' on page
 43 undefined on input line 725.


LaTeX Warning: Hyper reference `fig:V1_RIXTa_Detail_Cmap_T_Fleche_vNorme' on pa
ge 43 undefined on input line 725.


LaTeX Warning: Reference `sub@fig:V1_RIXTa_Detail_Cmap_T_Fleche_vNorme' on page
 43 undefined on input line 725.


LaTeX Warning: Hyper reference `fig:V2_RIXTa_Detail_Cmap_T_Fleche_vNorme' on pa
ge 43 undefined on input line 725.


LaTeX Warning: Reference `sub@fig:V2_RIXTa_Detail_Cmap_T_Fleche_vNorme' on page
 43 undefined on input line 725.


LaTeX Warning: Hyper reference `fig:H1_RIXTa_Detail_Cmap_T_Fleche_vNorme' on pa
ge 43 undefined on input line 725.


LaTeX Warning: Reference `sub@fig:H1_RIXTa_Detail_Cmap_T_Fleche_vNorme' on page
 43 undefined on input line 725.


LaTeX Warning: Hyper reference `fig:H2_RIXTa_Detail_Cmap_T_Fleche_vNorme' on pa
ge 43 undefined on input line 725.


LaTeX Warning: Reference `sub@fig:H2_RIXTa_Detail_Cmap_T_Fleche_vNorme' on page
 43 undefined on input line 725.


LaTeX Warning: Hyper reference `fig:V1_RIXTa_Detail_Cmap_T_Fleche_vNorme' on pa
ge 43 undefined on input line 725.


LaTeX Warning: Reference `sub@fig:V1_RIXTa_Detail_Cmap_T_Fleche_vNorme' on page
 43 undefined on input line 725.


LaTeX Warning: Hyper reference `fig:V2_RIXTa_Detail_Cmap_T_Fleche_vNorme' on pa
ge 43 undefined on input line 725.


LaTeX Warning: Reference `sub@fig:V2_RIXTa_Detail_Cmap_T_Fleche_vNorme' on page
 43 undefined on input line 725.


LaTeX Warning: Reference `fig:H1_RIXTa_Detail_Cmap_T_Fleche_vNorme' on page 43 
undefined on input line 729.




LaTeX Warning: Reference `fig:H2_RIXTa_Detail_Cmap_T_Fleche_vNorme' on page 44 
undefined on input line 731.


LaTeX Warning: Reference `fig:V1_RIXTa_Detail_Cmap_T_Fleche_vNorme' on page 44 
undefined on input line 733.


LaTeX Warning: Reference `fig:ConvNatComsol_V1_ConeParamRix_SmallBase' on page 
44 undefined on input line 733.


LaTeX Warning: Citation 'basak_heat_2009' on page 44 undefined on input line 73
3.


LaTeX Warning: Reference `fig:V2_RIXTa_Detail_Cmap_T_Fleche_vNorme' on page 44 
undefined on input line 735.


LaTeX Warning: Reference `chap:CircuFluideV2' on page 44 undefined on input lin
e 735.


LaTeX Warning: Reference `fig:ConvNatComsol_V2_ConeParamRix_LargeBase' on page 
44 undefined on input line 735.




LaTeX Warning: Citation 'swift_thermoacoustic_1988' on page 45 undefined on inp
ut line 780.




LaTeX Warning: Citation 'lotton_transient_2009' on page 46 undefined on input l
ine 782.


LaTeX Warning: Citation 'lotton_transient_2009' on page 46 undefined on input l
ine 782.


LaTeX Warning: Reference `eq:TMatrix_prod_TppTuu' on page 46 undefined on input
 line 790.


LaTeX Warning: Reference `eq:FonctionViqueuse_Moyenne' on page 46 undefined on 
input line 819.


LaTeX Warning: Reference `eq:FonctionThermique_Moyenne' on page 46 undefined on
 input line 819.


LaTeX Warning: Reference `fig:Schema_FluxThermiquesNoyau_Gaelle' on page 46 und
efined on input line 824.


(../fig/fig_Schema_FluxThermiquesNoyau_Gaelle/tex/fig_Schema_FluxThermiquesNoya
u_Gaelle.tex
Missing character: There is no ; in font nullfont!
Missing character: There is no ; in font nullfont!
Missing character: There is no ; in font nullfont!
Missing character: There is no ; in font nullfont!
Missing character: There is no ; in font nullfont!
Missing character: There is no ; in font nullfont!
Missing character: There is no ; in font nullfont!
)

LaTeX Warning: Reference `eq:FluxTA_swift' on page 46 undefined on input line 8
36.


LaTeX Warning: Citation 'swift_thermoacoustics_2017' on page 46 undefined on in
put line 836.




LaTeX Warning: Reference `chap:FEM' on page 47 undefined on input line 867.


LaTeX Warning: Citation 'hsu_effective_1996' on page 47 undefined on input line
 867.




LaTeX Warning: Citation 'lewis_measurement_1998' on page 48 undefined on input 
line 874.


LaTeX Warning: Reference `tab:GeometrieTAC' on page 48 undefined on input line 
874.


LaTeX Warning: Reference `eq:FluxVisq_Transitoire' on page 48 undefined on inpu
t line 887.


LaTeX Warning: Reference `eq:FonctionsVisqueuses' on page 48 undefined on input
 line 901.


LaTeX Warning: Reference `eq:FluxVisq_Transitoire_IntegralTSimplifie' on page 4
8 undefined on input line 903.




LaTeX Warning: Reference `fig:TemperatureCanisterConditionLimite' on page 49 un
defined on input line 927.


(../fig/fig_TemperatureCanisterConditionLimite/tex/fig_TemperatureCanisterCondi
tionLimite.tex
Missing character: There is no ; in font nullfont!
Missing character: There is no ; in font nullfont!
Missing character: There is no ; in font nullfont!
Missing character: There is no ; in font nullfont!
)

LaTeX Warning: Citation 'guedra_etudes_2012' on page 49 undefined on input line
 938.


LaTeX Warning: Citation 'penelet_etude_2004' on page 49 undefined on input line
 938.


LaTeX Warning: Citation 'tian_cross_2007' on page 49 undefined on input line 95
4.


LaTeX Warning: Citation 'g_correlations_2022' on page 49 undefined on input lin
e 954.


LaTeX Warning: Reference `fig:TransitoireFit' on page 49 undefined on input lin
e 954.

(../fig/fig_TransitoireFit/tex/fig_TransitoireFit.tex
Missing character: There is no ; in font nullfont!
Missing character: There is no ; in font nullfont!
Missing character: There is no ; in font nullfont!
Missing character: There is no ; in font nullfont!
Missing character: There is no ; in font nullfont!
Missing character: There is no ; in font nullfont!
Missing character: There is no ; in font nullfont!
PGFPlots: reading {../fig/fig_TransitoireFit/data/mes_temp_5.txt}
PGFPlots: reading {../fig/fig_TransitoireFit/data/mes_temp_8.txt}
PGFPlots: reading {../fig/fig_TransitoireFit/data/mes_temp_11.txt}
PGFPlots: reading {../fig/fig_TransitoireFit/data/fit_temp_5.txt}
PGFPlots: reading {../fig/fig_TransitoireFit/data/fit_temp_8.txt}
PGFPlots: reading {../fig/fig_TransitoireFit/data/fit_temp_11.txt}
)


LaTeX Warning: Reference `eq:BilanThermique_Transitoire' on page 50 undefined o
n input line 986.


LaTeX Warning: Reference `chap:Acquisitions' on page 50 undefined on input line
 1004.


LaTeX Warning: Reference `fig:WaterOnly_TC' on page 50 undefined on input line 
1004.




LaTeX Warning: Citation 'hahn_heat_2012' on page 51 undefined on input line 101
5.


LaTeX Warning: Reference `eq:BilanThermique_Transitoire' on page 51 undefined o
n input line 1015.


LaTeX Warning: Reference `eq:CondFront' on page 51 undefined on input line 1015
.


LaTeX Warning: Reference `eq:CondInit' on page 51 undefined on input line 1015.





LaTeX Warning: Reference `eq:ProblemeTransitoire_ChgtVariables' on page 52 unde
fined on input line 1083.




LaTeX Warning: Reference `eq:TheoremeGreen_TransfoInteg' on page 53 undefined o
n input line 1155.


LaTeX Warning: Reference `eq:TransfoInteg_Inversion_X' on page 53 undefined on 
input line 1168.


LaTeX Warning: Reference `eq:TransfoInteg_Inversion_R' on page 53 undefined on 
input line 1175.




LaTeX Warning: Reference `fig:ExempleTransitoireH2' on page 54 undefined on inp
ut line 1193.

(../fig/fig_ExempleTransitoire/tex/fig_ExempleTransitoireH2_Low.tex
Missing character: There is no ; in font nullfont!
Missing character: There is no ; in font nullfont!
Missing character: There is no ; in font nullfont!
Missing character: There is no ; in font nullfont!
PGFPlots: reading {{../fig/fig_ExempleTransitoire/data/data_TC4_H2_Low.txt}}
PGFPlots: reading {{../fig/fig_ExempleTransitoire/data/data_TC5_H2_Low.txt}}
PGFPlots: reading {{../fig/fig_ExempleTransitoire/data/data_TC6_H2_Low.txt}}
PGFPlots: reading {{../fig/fig_ExempleTransitoire/data/data_TC7_H2_Low.txt}}
PGFPlots: reading {{../fig/fig_ExempleTransitoire/data/data_TC8_H2_Low.txt}}
PGFPlots: reading {{../fig/fig_ExempleTransitoire/data/data_TC9_H2_Low.txt}}
PGFPlots: reading {{../fig/fig_ExempleTransitoire/data/data_TC10_H2_Low.txt}}
PGFPlots: reading {{../fig/fig_ExempleTransitoire/data/data_TC11_H2_Low.txt}}
PGFPlots: reading {{../fig/fig_ExempleTransitoire/data/data_TC12_H2_Low.txt}}
) (../fig/fig_ExempleTransitoire/tex/fig_ExempleTransitoireH2_Mid.tex
\openout6 = `external/fig_ExempleTransitoireH2_Mid0.dpth'.

Missing character: There is no ; in font nullfont!
Missing character: There is no ; in font nullfont!
Missing character: There is no ; in font nullfont!
Missing character: There is no ; in font nullfont!
PGFPlots: reading {{../fig/fig_ExempleTransitoire/data/data_TC4_H2_Mid.txt}}
\tikzexternal@dep@file=\write7
\openout7 = `external/fig_ExempleTransitoireH2_Mid0.dep'.

PGFPlots: reading {{../fig/fig_ExempleTransitoire/data/data_TC5_H2_Mid.txt}}
PGFPlots: reading {{../fig/fig_ExempleTransitoire/data/data_TC6_H2_Mid.txt}}
PGFPlots: reading {{../fig/fig_ExempleTransitoire/data/data_TC7_H2_Mid.txt}}
PGFPlots: reading {{../fig/fig_ExempleTransitoire/data/data_TC8_H2_Mid.txt}}
PGFPlots: reading {{../fig/fig_ExempleTransitoire/data/data_TC9_H2_Mid.txt}}
PGFPlots: reading {{../fig/fig_ExempleTransitoire/data/data_TC10_H2_Mid.txt}}
PGFPlots: reading {{../fig/fig_ExempleTransitoire/data/data_TC11_H2_Mid.txt}}
PGFPlots: reading {{../fig/fig_ExempleTransitoire/data/data_TC12_H2_Mid.txt}}
[54

\@writefile{toc}{\@ifundefined {etoctocstyle}{\let \etoc@startlocaltoc \@gobble
 \let \etoc@settocdepth \@gobble \let \etoc@depthtag \@gobble \let \etoc@setloc
altop \@gobble }{}}
{C:/Users/juliette utilisateur/AppData/Local/MiKTeX/fonts/map/pdftex/pdftex.map
}{C:/Users/juliette utilisateur/AppData/Local/Programs/MiKTeX/fonts/enc/dvips/i
wona/rm-iwona.enc}{C:/Users/juliette utilisateur/AppData/Local/Programs/MiKTeX/
fonts/enc/dvips/iwona/sy-iwona.enc}{C:/Users/juliette utilisateur/AppData/Local
/Programs/MiKTeX/fonts/enc/dvips/iwona/ec-iwona.enc}{C:/Users/juliette utilisat
eur/AppData/Local/Programs/MiKTeX/fonts/enc/dvips/iwona/mi-iwona.enc}]) (../fig
/fig_ExempleTransitoire/tex/fig_ExempleTransitoireH2_High.tex
Missing character: There is no ; in font nullfont!
Missing character: There is no ; in font nullfont!
Missing character: There is no ; in font nullfont!
Missing character: There is no ; in font nullfont!
PGFPlots: reading {{../fig/fig_ExempleTransitoire/data/data_TC4_H2_High.txt}}
PGFPlots: reading {{../fig/fig_ExempleTransitoire/data/data_TC5_H2_High.txt}}
PGFPlots: reading {{../fig/fig_ExempleTransitoire/data/data_TC6_H2_High.txt}}
PGFPlots: reading {{../fig/fig_ExempleTransitoire/data/data_TC7_H2_High.txt}}
PGFPlots: reading {{../fig/fig_ExempleTransitoire/data/data_TC8_H2_High.txt}}
PGFPlots: reading {{../fig/fig_ExempleTransitoire/data/data_TC9_H2_High.txt}}
PGFPlots: reading {{../fig/fig_ExempleTransitoire/data/data_TC10_H2_High.txt}}
PGFPlots: reading {{../fig/fig_ExempleTransitoire/data/data_TC11_H2_High.txt}}
PGFPlots: reading {{../fig/fig_ExempleTransitoire/data/data_TC12_H2_High.txt}}
)

LaTeX Warning: Hyper reference `fig:ExempleTransitoireH2_Low' on page 54 undefi
ned on input line 1227.


LaTeX Warning: Reference `sub@fig:ExempleTransitoireH2_Low' on page 54 undefine
d on input line 1227.


LaTeX Warning: Hyper reference `fig:ExempleTransitoireH2_Mid' on page 54 undefi
ned on input line 1227.


LaTeX Warning: Reference `sub@fig:ExempleTransitoireH2_Mid' on page 54 undefine
d on input line 1227.


LaTeX Warning: Hyper reference `fig:ExempleTransitoireH2_High' on page 54 undef
ined on input line 1227.


LaTeX Warning: Reference `sub@fig:ExempleTransitoireH2_High' on page 54 undefin
ed on input line 1227.


LaTeX Warning: Hyper reference `fig:ExempleTransitoireH2_Low' on page 54 undefi
ned on input line 1227.


LaTeX Warning: Reference `sub@fig:ExempleTransitoireH2_Low' on page 54 undefine
d on input line 1227.


LaTeX Warning: Hyper reference `fig:ExempleTransitoireH2_Mid' on page 54 undefi
ned on input line 1227.


LaTeX Warning: Reference `sub@fig:ExempleTransitoireH2_Mid' on page 54 undefine
d on input line 1227.


LaTeX Warning: Hyper reference `fig:ExempleTransitoireH2_High' on page 54 undef
ined on input line 1227.


LaTeX Warning: Reference `sub@fig:ExempleTransitoireH2_High' on page 54 undefin
ed on input line 1227.



) (EtudeExperimentale.tex



Chapitre IV.



LaTeX Warning: Reference `fig:ATE_Profils_5mm' on page 58 undefined on input li
ne 5.


LaTeX Warning: Citation 'ramadan_design_2021' on page 58 undefined on input lin
e 5.


LaTeX Warning: Citation 'ross_influence_2003' on page 58 undefined on input lin
e 5.


LaTeX Warning: Citation 'hireche_numerical_2019' on page 58 undefined on input 
line 5.


LaTeX Warning: Citation 'ramadan_experimental_2018' on page 58 undefined on inp
ut line 5.


LaTeX Warning: Citation 'zhang_novel_2011' on page 58 undefined on input line 5
.


LaTeX Warning: Citation 'babaei_investigation_2010' on page 58 undefined on inp
ut line 5.


LaTeX Warning: Reference `chap:DistribTemperature_HeatOnly' on page 58 undefine
d on input line 7.


LaTeX Warning: Reference `chap:DistribTemperature' on page 58 undefined on inpu
t line 7.


LaTeX Warning: Reference `chap:PerfConvNat' on page 58 undefined on input line 
9.


LaTeX Warning: Reference `tab:RecapResultExpe' on page 58 undefined on input li
ne 12.


LaTeX Warning: Reference `tab:RecapResultExpe' on page 58 undefined on input li
ne 23.

LaTeX Info: Symbol \textminus not provided by
            font family iwonal in TS1 encoding.
            Default family used instead on input line 33.
LaTeX Info: Symbol \textminus not provided by
            font family iwonal in TS1 encoding.
            Default family used instead on input line 33.
LaTeX Info: Symbol \textminus not provided by
            font family iwonal in TS1 encoding.
            Default family used instead on input line 34.
LaTeX Info: Symbol \textminus not provided by
            font family iwonal in TS1 encoding.
            Default family used instead on input line 34.
LaTeX Info: Symbol \textminus not provided by
            font family iwonal in TS1 encoding.
            Default family used instead on input line 35.
LaTeX Info: Symbol \textminus not provided by
            font family iwonal in TS1 encoding.
            Default family used instead on input line 35.
LaTeX Info: Symbol \textminus not provided by
            font family iwonal in TS1 encoding.
            Default family used instead on input line 36.
LaTeX Info: Symbol \textminus not provided by
            font family iwonal in TS1 encoding.
            Default family used instead on input line 37.
LaTeX Info: Symbol \textminus not provided by
            font family iwonal in TS1 encoding.
            Default family used instead on input line 37.
LaTeX Info: Symbol \textminus not provided by
            font family iwonal in TS1 encoding.
            Default family used instead on input line 38.
LaTeX Info: Symbol \textminus not provided by
            font family iwonal in TS1 encoding.
            Default family used instead on input line 38.
LaTeX Info: Symbol \textminus not provided by
            font family iwonal in TS1 encoding.
            Default family used instead on input line 39.
LaTeX Info: Symbol \textminus not provided by
            font family iwonal in TS1 encoding.
            Default family used instead on input line 39.
LaTeX Info: Symbol \textminus not provided by
            font family iwonal in TS1 encoding.
            Default family used instead on input line 43.
LaTeX Info: Symbol \textminus not provided by
            font family iwonal in TS1 encoding.
            Default family used instead on input line 43.
LaTeX Info: Symbol \textminus not provided by
            font family iwonal in TS1 encoding.
            Default family used instead on input line 44.
LaTeX Info: Symbol \textminus not provided by
            font family iwonal in TS1 encoding.
            Default family used instead on input line 44.
LaTeX Info: Symbol \textminus not provided by
            font family iwonal in TS1 encoding.
            Default family used instead on input line 45.
LaTeX Info: Symbol \textminus not provided by
            font family iwonal in TS1 encoding.
            Default family used instead on input line 45.
LaTeX Info: Symbol \textminus not provided by
            font family iwonal in TS1 encoding.
            Default family used instead on input line 46.
LaTeX Info: Symbol \textminus not provided by
            font family iwonal in TS1 encoding.
            Default family used instead on input line 47.
LaTeX Info: Symbol \textminus not provided by
            font family iwonal in TS1 encoding.
            Default family used instead on input line 47.
LaTeX Info: Symbol \textminus not provided by
            font family iwonal in TS1 encoding.
            Default family used instead on input line 48.
LaTeX Info: Symbol \textminus not provided by
            font family iwonal in TS1 encoding.
            Default family used instead on input line 48.
LaTeX Info: Symbol \textminus not provided by
            font family iwonal in TS1 encoding.
            Default family used instead on input line 49.
LaTeX Info: Symbol \textminus not provided by
            font family iwonal in TS1 encoding.
            Default family used instead on input line 49.
LaTeX Info: Symbol \textminus not provided by
            font family iwonal in TS1 encoding.
            Default family used instead on input line 53.
LaTeX Info: Symbol \textminus not provided by
            font family iwonal in TS1 encoding.
            Default family used instead on input line 53.
LaTeX Info: Symbol \textminus not provided by
            font family iwonal in TS1 encoding.
            Default family used instead on input line 54.
LaTeX Info: Symbol \textminus not provided by
            font family iwonal in TS1 encoding.
            Default family used instead on input line 54.
LaTeX Info: Symbol \textminus not provided by
            font family iwonal in TS1 encoding.
            Default family used instead on input line 55.
LaTeX Info: Symbol \textminus not provided by
            font family iwonal in TS1 encoding.
            Default family used instead on input line 55.
LaTeX Info: Symbol \textminus not provided by
            font family iwonal in TS1 encoding.
            Default family used instead on input line 57.
LaTeX Info: Symbol \textminus not provided by
            font family iwonal in TS1 encoding.
            Default family used instead on input line 57.
LaTeX Info: Symbol \textminus not provided by
            font family iwonal in TS1 encoding.
            Default family used instead on input line 58.
LaTeX Info: Symbol \textminus not provided by
            font family iwonal in TS1 encoding.
            Default family used instead on input line 58.
LaTeX Info: Symbol \textminus not provided by
            font family iwonal in TS1 encoding.
            Default family used instead on input line 59.
LaTeX Info: Symbol \textminus not provided by
            font family iwonal in TS1 encoding.
            Default family used instead on input line 59.
LaTeX Info: Symbol \textminus not provided by
            font family iwonal in TS1 encoding.
            Default family used instead on input line 63.
LaTeX Info: Symbol \textminus not provided by
            font family iwonal in TS1 encoding.
            Default family used instead on input line 63.
LaTeX Info: Symbol \textminus not provided by
            font family iwonal in TS1 encoding.
            Default family used instead on input line 64.
LaTeX Info: Symbol \textminus not provided by
            font family iwonal in TS1 encoding.
            Default family used instead on input line 64.
LaTeX Info: Symbol \textminus not provided by
            font family iwonal in TS1 encoding.
            Default family used instead on input line 65.
LaTeX Info: Symbol \textminus not provided by
            font family iwonal in TS1 encoding.
            Default family used instead on input line 65.
LaTeX Info: Symbol \textminus not provided by
            font family iwonal in TS1 encoding.
            Default family used instead on input line 66.
LaTeX Info: Symbol \textminus not provided by
            font family iwonal in TS1 encoding.
            Default family used instead on input line 67.
LaTeX Info: Symbol \textminus not provided by
            font family iwonal in TS1 encoding.
            Default family used instead on input line 67.
LaTeX Info: Symbol \textminus not provided by
            font family iwonal in TS1 encoding.
            Default family used instead on input line 68.
LaTeX Info: Symbol \textminus not provided by
            font family iwonal in TS1 encoding.
            Default family used instead on input line 68.
LaTeX Info: Symbol \textminus not provided by
            font family iwonal in TS1 encoding.
            Default family used instead on input line 69.
LaTeX Info: Symbol \textminus not provided by
            font family iwonal in TS1 encoding.
            Default family used instead on input line 69.

Package longtable Warning: Column widths have changed
(longtable)                in table IV.1 on input line 70.


LaTeX Warning: Reference `fig:HeatOnly_CHXout_H1H2' on page 59 undefined on inp
ut line 74.


LaTeX Warning: Reference `fig:HeatOnly_CHXout_V1V2' on page 59 undefined on inp
ut line 74.


LaTeX Warning: Reference `chap:SimusRealisees' on page 59 undefined on input li
ne 76.


LaTeX Warning: Reference `chap:Rayleigh_NonPoreux' on page 59 undefined on inpu
t line 79.


LaTeX Warning: Reference `chap:FEM' on page 59 undefined on input line 79.


Overfull \vbox (13.46484pt too high) has occurred while \output is active []




LaTeX Warning: Reference `fig:OrientationCore_H1' on page 60 undefined on input
 line 82.


LaTeX Warning: Hyper reference `fig:OrientationCore_H2' on page 60 undefined on
 input line 82.


LaTeX Warning: Reference `sub@fig:OrientationCore_H2' on page 60 undefined on i
nput line 82.


LaTeX Warning: Reference `fig:HeatOnly_CHXout_H1H2' on page 60 undefined on inp
ut line 82.

(../fig/fig_ConvNat_HeatOnly/tex/fig_HeatOnly_CHXout_H1H2.tex
Missing character: There is no ; in font nullfont!
Missing character: There is no ; in font nullfont!
Missing character: There is no ; in font nullfont!
Missing character: There is no ; in font nullfont!
PGFPlots: reading {{../fig/fig_ConvNat_HeatOnly/data/FixedPower/H1H2/data_TC0_0
beg_RixOff_PhaseRIXHP-60°_OrientationH1_Qc40W_Serie1.txt}}
PGFPlots: reading {{../fig/fig_ConvNat_HeatOnly/data/FixedPower/H1H2/data_TC1_0
beg_RixOff_PhaseRIXHP-60°_OrientationH1_Qc40W_Serie1.txt}}
PGFPlots: reading {{../fig/fig_ConvNat_HeatOnly/data/FixedPower/H1H2/data_TC2_0
beg_RixOff_PhaseRIXHP-60°_OrientationH1_Qc40W_Serie1.txt}}
PGFPlots: reading {{../fig/fig_ConvNat_HeatOnly/data/FixedPower/H1H2/data_TC3_0
beg_RixOff_PhaseRIXHP-60°_OrientationH1_Qc40W_Serie1.txt}}
PGFPlots: reading {{../fig/fig_ConvNat_HeatOnly/data/FixedPower/H1H2/data_TC0_0
beg_RixOff_PhaseRIXHP-60°_OrientationH2_Qc40W_Serie1.txt}}
PGFPlots: reading {{../fig/fig_ConvNat_HeatOnly/data/FixedPower/H1H2/data_TC1_0
beg_RixOff_PhaseRIXHP-60°_OrientationH2_Qc40W_Serie1.txt}}
PGFPlots: reading {{../fig/fig_ConvNat_HeatOnly/data/FixedPower/H1H2/data_TC2_0
beg_RixOff_PhaseRIXHP-60°_OrientationH2_Qc40W_Serie1.txt}}
PGFPlots: reading {{../fig/fig_ConvNat_HeatOnly/data/FixedPower/H1H2/data_TC3_0
beg_RixOff_PhaseRIXHP-60°_OrientationH2_Qc40W_Serie1.txt}}
)
<./external/fig_OrientationCore_H10.pdf, id=127, 123.73225pt x 196.82033pt>
File: ./external/fig_OrientationCore_H10.pdf Graphic file (type pdf)
<use ./external/fig_OrientationCore_H10.pdf>
Package pdftex.def Info: ./external/fig_OrientationCore_H10.pdf  used on input 
line 94.
(pdftex.def)             Requested size: 61.86597pt x 98.40991pt.
<./external/fig_OrientationCore_H20.pdf, id=128, 156.56793pt x 188.30249pt>
File: ./external/fig_OrientationCore_H20.pdf Graphic file (type pdf)
<use ./external/fig_OrientationCore_H20.pdf>
Package pdftex.def Info: ./external/fig_OrientationCore_H20.pdf  used on input 
line 98.
(pdftex.def)             Requested size: 78.28377pt x 94.151pt.

LaTeX Warning: Reference `tab:RecapResultExpe' on page 60 undefined on input li
ne 104.


LaTeX Warning: Reference `chap:SimusRealisees' on page 60 undefined on input li
ne 104.


LaTeX Warning: Reference `fig:HeatOnly_CHXout_H1H2' on page 60 undefined on inp
ut line 106.


LaTeX Warning: Reference `eq:VitesseReference_Rayleigh' on page 60 undefined on
 input line 106.




LaTeX Warning: Reference `fig:H2_RIXTa_Detail_Cmap_T_Fleche_vNorme' on page 61 
undefined on input line 108.


LaTeX Warning: Reference `fig:OrientationCore_V1' on page 61 undefined on input
 line 114.


LaTeX Warning: Hyper reference `fig:OrientationCore_V2' on page 61 undefined on
 input line 114.


LaTeX Warning: Reference `sub@fig:OrientationCore_V2' on page 61 undefined on i
nput line 114.


LaTeX Warning: Reference `fig:HeatOnly_CHXout_V1V2' on page 61 undefined on inp
ut line 114.

(../fig/fig_ConvNat_HeatOnly/tex/fig_HeatOnly_CHXout_V1V2.tex
Missing character: There is no ; in font nullfont!
Missing character: There is no ; in font nullfont!
Missing character: There is no ; in font nullfont!
Missing character: There is no ; in font nullfont!
PGFPlots: reading {{../fig/fig_ConvNat_HeatOnly/data/FixedPower/V1V2/data_TC0_0
beg_RixOff_PhaseRIXHP-60°_OrientationV1_Qc40W_Serie3.txt}}
PGFPlots: reading {{../fig/fig_ConvNat_HeatOnly/data/FixedPower/V1V2/data_TC1_0
beg_RixOff_PhaseRIXHP-60°_OrientationV1_Qc40W_Serie3.txt}}
PGFPlots: reading {{../fig/fig_ConvNat_HeatOnly/data/FixedPower/V1V2/data_TC2_0
beg_RixOff_PhaseRIXHP-60°_OrientationV1_Qc40W_Serie3.txt}}
PGFPlots: reading {{../fig/fig_ConvNat_HeatOnly/data/FixedPower/V1V2/data_TC3_0
beg_RixOff_PhaseRIXHP-60°_OrientationV1_Qc40W_Serie3.txt}}
PGFPlots: reading {{../fig/fig_ConvNat_HeatOnly/data/FixedPower/V1V2/data_TC0_0
beg_RixOff_PhaseRIXHP-60°_OrientationV2_Qc40W_Serie1.txt}}
PGFPlots: reading {{../fig/fig_ConvNat_HeatOnly/data/FixedPower/V1V2/data_TC1_0
beg_RixOff_PhaseRIXHP-60°_OrientationV2_Qc40W_Serie1.txt}}
PGFPlots: reading {{../fig/fig_ConvNat_HeatOnly/data/FixedPower/V1V2/data_TC2_0
beg_RixOff_PhaseRIXHP-60°_OrientationV2_Qc40W_Serie1.txt}}
PGFPlots: reading {{../fig/fig_ConvNat_HeatOnly/data/FixedPower/V1V2/data_TC3_0
beg_RixOff_PhaseRIXHP-60°_OrientationV2_Qc40W_Serie1.txt}}
)
<./external/fig_OrientationCore_V10.pdf, id=129, 151.00816pt x 188.30249pt>
File: ./external/fig_OrientationCore_V10.pdf Graphic file (type pdf)
<use ./external/fig_OrientationCore_V10.pdf>
Package pdftex.def Info: ./external/fig_OrientationCore_V10.pdf  used on input 
line 126.
(pdftex.def)             Requested size: 75.50389pt x 94.151pt.
<./external/fig_OrientationCore_V20.pdf, id=130, 151.00816pt x 188.30249pt>
File: ./external/fig_OrientationCore_V20.pdf Graphic file (type pdf)
<use ./external/fig_OrientationCore_V20.pdf>
Package pdftex.def Info: ./external/fig_OrientationCore_V20.pdf  used on input 
line 130.
(pdftex.def)             Requested size: 75.50389pt x 94.151pt.

LaTeX Warning: Reference `chap:Rayleigh_NonPoreux' on page 61 undefined on inpu
t line 136.


LaTeX Warning: Reference `fig:HeatOnly_CHXout_V1V2' on page 61 undefined on inp
ut line 138.




LaTeX Warning: Reference `fig:HeatOnly_Regen_H1H2' on page 62 undefined on inpu
t line 145.


LaTeX Warning: Reference `fig:HeatOnly_Regen_V1V2' on page 62 undefined on inpu
t line 145.

(../fig/fig_ConvNat_HeatOnly/tex/fig_HeatOnly_CHXin_H1H2.tex
Missing character: There is no ; in font nullfont!
Missing character: There is no ; in font nullfont!
Missing character: There is no ; in font nullfont!
Missing character: There is no ; in font nullfont!
PGFPlots: reading {{../fig/fig_ConvNat_HeatOnly/data/FixedPower/H1H2/data_TC4_0
beg_RixOff_PhaseRIXHP-60°_OrientationH1_Qc40W_Serie1.txt}}
PGFPlots: reading {{../fig/fig_ConvNat_HeatOnly/data/FixedPower/H1H2/data_TC5_0
beg_RixOff_PhaseRIXHP-60°_OrientationH1_Qc40W_Serie1.txt}}
PGFPlots: reading {{../fig/fig_ConvNat_HeatOnly/data/FixedPower/H1H2/data_TC6_0
beg_RixOff_PhaseRIXHP-60°_OrientationH1_Qc40W_Serie1.txt}}
PGFPlots: reading {{../fig/fig_ConvNat_HeatOnly/data/FixedPower/H1H2/data_TC4_0
beg_RixOff_PhaseRIXHP-60°_OrientationH2_Qc40W_Serie1.txt}}
PGFPlots: reading {{../fig/fig_ConvNat_HeatOnly/data/FixedPower/H1H2/data_TC5_0
beg_RixOff_PhaseRIXHP-60°_OrientationH2_Qc40W_Serie1.txt}}
PGFPlots: reading {{../fig/fig_ConvNat_HeatOnly/data/FixedPower/H1H2/data_TC6_0
beg_RixOff_PhaseRIXHP-60°_OrientationH2_Qc40W_Serie1.txt}}
) (../fig/fig_ConvNat_HeatOnly/tex/fig_HeatOnly_Regmid_H1H2.tex
Missing character: There is no ; in font nullfont!
Missing character: There is no ; in font nullfont!
Missing character: There is no ; in font nullfont!
Missing character: There is no ; in font nullfont!
PGFPlots: reading {{../fig/fig_ConvNat_HeatOnly/data/FixedPower/H1H2/data_TC7_0
beg_RixOff_PhaseRIXHP-60°_OrientationH1_Qc40W_Serie1.txt}}
PGFPlots: reading {{../fig/fig_ConvNat_HeatOnly/data/FixedPower/H1H2/data_TC8_0
beg_RixOff_PhaseRIXHP-60°_OrientationH1_Qc40W_Serie1.txt}}
PGFPlots: reading {{../fig/fig_ConvNat_HeatOnly/data/FixedPower/H1H2/data_TC9_0
beg_RixOff_PhaseRIXHP-60°_OrientationH1_Qc40W_Serie1.txt}}
PGFPlots: reading {{../fig/fig_ConvNat_HeatOnly/data/FixedPower/H1H2/data_TC7_0
beg_RixOff_PhaseRIXHP-60°_OrientationH2_Qc40W_Serie1.txt}}
PGFPlots: reading {{../fig/fig_ConvNat_HeatOnly/data/FixedPower/H1H2/data_TC8_0
beg_RixOff_PhaseRIXHP-60°_OrientationH2_Qc40W_Serie1.txt}}
PGFPlots: reading {{../fig/fig_ConvNat_HeatOnly/data/FixedPower/H1H2/data_TC9_0
beg_RixOff_PhaseRIXHP-60°_OrientationH2_Qc40W_Serie1.txt}}
) (../fig/fig_ConvNat_HeatOnly/tex/fig_HeatOnly_AHXin_H1H2.tex
Missing character: There is no ; in font nullfont!
Missing character: There is no ; in font nullfont!
Missing character: There is no ; in font nullfont!
Missing character: There is no ; in font nullfont!
PGFPlots: reading {{../fig/fig_ConvNat_HeatOnly/data/FixedPower/H1H2/data_TC10_
0beg_RixOff_PhaseRIXHP-60°_OrientationH1_Qc40W_Serie1.txt}}
PGFPlots: reading {{../fig/fig_ConvNat_HeatOnly/data/FixedPower/H1H2/data_TC11_
0beg_RixOff_PhaseRIXHP-60°_OrientationH1_Qc40W_Serie1.txt}}
PGFPlots: reading {{../fig/fig_ConvNat_HeatOnly/data/FixedPower/H1H2/data_TC12_
0beg_RixOff_PhaseRIXHP-60°_OrientationH1_Qc40W_Serie1.txt}}
PGFPlots: reading {{../fig/fig_ConvNat_HeatOnly/data/FixedPower/H1H2/data_TC10_
0beg_RixOff_PhaseRIXHP-60°_OrientationH2_Qc40W_Serie1.txt}}
PGFPlots: reading {{../fig/fig_ConvNat_HeatOnly/data/FixedPower/H1H2/data_TC11_
0beg_RixOff_PhaseRIXHP-60°_OrientationH2_Qc40W_Serie1.txt}}
PGFPlots: reading {{../fig/fig_ConvNat_HeatOnly/data/FixedPower/H1H2/data_TC12_
0beg_RixOff_PhaseRIXHP-60°_OrientationH2_Qc40W_Serie1.txt}}
)
File: ./external/fig_OrientationCore_H10.pdf Graphic file (type pdf)
<use ./external/fig_OrientationCore_H10.pdf>
Package pdftex.def Info: ./external/fig_OrientationCore_H10.pdf  used on input 
line 182.
(pdftex.def)             Requested size: 61.86597pt x 98.40991pt.
File: ./external/fig_OrientationCore_H20.pdf Graphic file (type pdf)
<use ./external/fig_OrientationCore_H20.pdf>
Package pdftex.def Info: ./external/fig_OrientationCore_H20.pdf  used on input 
line 186.
(pdftex.def)             Requested size: 78.28377pt x 94.151pt.

LaTeX Warning: Hyper reference `fig:HeatOnly_CHXin_H1H2' on page 62 undefined o
n input line 190.


LaTeX Warning: Reference `sub@fig:HeatOnly_CHXin_H1H2' on page 62 undefined on 
input line 190.


LaTeX Warning: Hyper reference `fig:HeatOnly_Regmid_H1H2' on page 62 undefined 
on input line 190.


LaTeX Warning: Reference `sub@fig:HeatOnly_Regmid_H1H2' on page 62 undefined on
 input line 190.


LaTeX Warning: Hyper reference `fig:HeatOnly_AHXin_H1H2' on page 62 undefined o
n input line 190.


LaTeX Warning: Reference `sub@fig:HeatOnly_AHXin_H1H2' on page 62 undefined on 
input line 190.


LaTeX Warning: Hyper reference `fig:HeatOnly_CHXin_H1H2' on page 62 undefined o
n input line 190.


LaTeX Warning: Reference `sub@fig:HeatOnly_CHXin_H1H2' on page 62 undefined on 
input line 190.


LaTeX Warning: Hyper reference `fig:HeatOnly_Regmid_H1H2' on page 62 undefined 
on input line 190.


LaTeX Warning: Reference `sub@fig:HeatOnly_Regmid_H1H2' on page 62 undefined on
 input line 190.


LaTeX Warning: Hyper reference `fig:HeatOnly_AHXin_H1H2' on page 62 undefined o
n input line 190.


LaTeX Warning: Reference `sub@fig:HeatOnly_AHXin_H1H2' on page 62 undefined on 
input line 190.


LaTeX Warning: Reference `fig:HeatOnly_CHXin_H1H2' on page 62 undefined on inpu
t line 194.


LaTeX Warning: Reference `fig:HeatOnly_CHXout_H1H2' on page 62 undefined on inp
ut line 194.


LaTeX Warning: Reference `fig:HeatOnly_CHXout_H1H2' on page 62 undefined on inp
ut line 196.


LaTeX Warning: Reference `chap:SimusRealisees' on page 62 undefined on input li
ne 196.


LaTeX Warning: Reference `fig:HeatOnly_Regmid_H1H2' on page 62 undefined on inp
ut line 199.






LaTeX Warning: Reference `fig:HeatOnly_AHXin_H1H2' on page 64 undefined on inpu
t line 205.


LaTeX Warning: Reference `chap:SimusRealisees' on page 64 undefined on input li
ne 211.


LaTeX Warning: Reference `fig:HeatOnly_Regen_V1V2' on page 64 undefined on inpu
t line 215.

(../fig/fig_ConvNat_HeatOnly/tex/fig_HeatOnly_CHXin_V1V2.tex
Missing character: There is no ; in font nullfont!
Missing character: There is no ; in font nullfont!
Missing character: There is no ; in font nullfont!
Missing character: There is no ; in font nullfont!
PGFPlots: reading {{../fig/fig_ConvNat_HeatOnly/data/FixedPower/V1V2/data_TC4_0
beg_RixOff_PhaseRIXHP-60°_OrientationV1_Qc40W_Serie3.txt}}
PGFPlots: reading {{../fig/fig_ConvNat_HeatOnly/data/FixedPower/V1V2/data_TC5_0
beg_RixOff_PhaseRIXHP-60°_OrientationV1_Qc40W_Serie3.txt}}
PGFPlots: reading {{../fig/fig_ConvNat_HeatOnly/data/FixedPower/V1V2/data_TC6_0
beg_RixOff_PhaseRIXHP-60°_OrientationV1_Qc40W_Serie3.txt}}
PGFPlots: reading {{../fig/fig_ConvNat_HeatOnly/data/FixedPower/V1V2/data_TC4_0
beg_RixOff_PhaseRIXHP-60°_OrientationV2_Qc40W_Serie1.txt}}
PGFPlots: reading {{../fig/fig_ConvNat_HeatOnly/data/FixedPower/V1V2/data_TC5_0
beg_RixOff_PhaseRIXHP-60°_OrientationV2_Qc40W_Serie1.txt}}
PGFPlots: reading {{../fig/fig_ConvNat_HeatOnly/data/FixedPower/V1V2/data_TC6_0
beg_RixOff_PhaseRIXHP-60°_OrientationV2_Qc40W_Serie1.txt}}
) (../fig/fig_ConvNat_HeatOnly/tex/fig_HeatOnly_Regmid_V1V2.tex
Missing character: There is no ; in font nullfont!
Missing character: There is no ; in font nullfont!
Missing character: There is no ; in font nullfont!
Missing character: There is no ; in font nullfont!
PGFPlots: reading {{../fig/fig_ConvNat_HeatOnly/data/FixedPower/V1V2/data_TC7_0
beg_RixOff_PhaseRIXHP-60°_OrientationV1_Qc40W_Serie3.txt}}
PGFPlots: reading {{../fig/fig_ConvNat_HeatOnly/data/FixedPower/V1V2/data_TC8_0
beg_RixOff_PhaseRIXHP-60°_OrientationV1_Qc40W_Serie3.txt}}
PGFPlots: reading {{../fig/fig_ConvNat_HeatOnly/data/FixedPower/V1V2/data_TC9_0
beg_RixOff_PhaseRIXHP-60°_OrientationV1_Qc40W_Serie3.txt}}
PGFPlots: reading {{../fig/fig_ConvNat_HeatOnly/data/FixedPower/V1V2/data_TC7_0
beg_RixOff_PhaseRIXHP-60°_OrientationV2_Qc40W_Serie1.txt}}
PGFPlots: reading {{../fig/fig_ConvNat_HeatOnly/data/FixedPower/V1V2/data_TC8_0
beg_RixOff_PhaseRIXHP-60°_OrientationV2_Qc40W_Serie1.txt}}
PGFPlots: reading {{../fig/fig_ConvNat_HeatOnly/data/FixedPower/V1V2/data_TC9_0
beg_RixOff_PhaseRIXHP-60°_OrientationV2_Qc40W_Serie1.txt}}
) (../fig/fig_ConvNat_HeatOnly/tex/fig_HeatOnly_AHXin_V1V2.tex
Missing character: There is no ; in font nullfont!
Missing character: There is no ; in font nullfont!
Missing character: There is no ; in font nullfont!
Missing character: There is no ; in font nullfont!
PGFPlots: reading {{../fig/fig_ConvNat_HeatOnly/data/FixedPower/V1V2/data_TC10_
0beg_RixOff_PhaseRIXHP-60°_OrientationV1_Qc40W_Serie3.txt}}
PGFPlots: reading {{../fig/fig_ConvNat_HeatOnly/data/FixedPower/V1V2/data_TC11_
0beg_RixOff_PhaseRIXHP-60°_OrientationV1_Qc40W_Serie3.txt}}
PGFPlots: reading {{../fig/fig_ConvNat_HeatOnly/data/FixedPower/V1V2/data_TC12_
0beg_RixOff_PhaseRIXHP-60°_OrientationV1_Qc40W_Serie3.txt}}
PGFPlots: reading {{../fig/fig_ConvNat_HeatOnly/data/FixedPower/V1V2/data_TC10_
0beg_RixOff_PhaseRIXHP-60°_OrientationV2_Qc40W_Serie1.txt}}
PGFPlots: reading {{../fig/fig_ConvNat_HeatOnly/data/FixedPower/V1V2/data_TC11_
0beg_RixOff_PhaseRIXHP-60°_OrientationV2_Qc40W_Serie1.txt}}
PGFPlots: reading {{../fig/fig_ConvNat_HeatOnly/data/FixedPower/V1V2/data_TC12_
0beg_RixOff_PhaseRIXHP-60°_OrientationV2_Qc40W_Serie1.txt}}
)
File: ./external/fig_OrientationCore_V10.pdf Graphic file (type pdf)
<use ./external/fig_OrientationCore_V10.pdf>
Package pdftex.def Info: ./external/fig_OrientationCore_V10.pdf  used on input 
line 250.
(pdftex.def)             Requested size: 75.50389pt x 94.151pt.
File: ./external/fig_OrientationCore_V20.pdf Graphic file (type pdf)
<use ./external/fig_OrientationCore_V20.pdf>
Package pdftex.def Info: ./external/fig_OrientationCore_V20.pdf  used on input 
line 254.
(pdftex.def)             Requested size: 75.50389pt x 94.151pt.

LaTeX Warning: Hyper reference `fig:HeatOnly_CHXin_V1V2' on page 64 undefined o
n input line 258.


LaTeX Warning: Reference `sub@fig:HeatOnly_CHXin_V1V2' on page 64 undefined on 
input line 258.


LaTeX Warning: Hyper reference `fig:HeatOnly_Regmid_V1V2' on page 64 undefined 
on input line 258.


LaTeX Warning: Reference `sub@fig:HeatOnly_Regmid_V1V2' on page 64 undefined on
 input line 258.


LaTeX Warning: Hyper reference `fig:HeatOnly_AHXin_V1V2' on page 64 undefined o
n input line 258.


LaTeX Warning: Reference `sub@fig:HeatOnly_AHXin_V1V2' on page 64 undefined on 
input line 258.


LaTeX Warning: Hyper reference `fig:HeatOnly_CHXin_V1V2' on page 64 undefined o
n input line 258.


LaTeX Warning: Reference `sub@fig:HeatOnly_CHXin_V1V2' on page 64 undefined on 
input line 258.


LaTeX Warning: Hyper reference `fig:HeatOnly_Regmid_V1V2' on page 64 undefined 
on input line 258.


LaTeX Warning: Reference `sub@fig:HeatOnly_Regmid_V1V2' on page 64 undefined on
 input line 258.


LaTeX Warning: Hyper reference `fig:HeatOnly_AHXin_V1V2' on page 64 undefined o
n input line 258.


LaTeX Warning: Reference `sub@fig:HeatOnly_AHXin_V1V2' on page 64 undefined on 
input line 258.


LaTeX Warning: Reference `fig:HeatOnly_CHXin_V1V2' on page 64 undefined on inpu
t line 262.


LaTeX Warning: Reference `fig:HeatOnly_CHXout_V1V2' on page 64 undefined on inp
ut line 264.


LaTeX Warning: Reference `fig:HeatOnly_Regmid_V1V2' on page 64 undefined on inp
ut line 266.






LaTeX Warning: Reference `fig:HeatOnly_AHXin_V1V2' on page 66 undefined on inpu
t line 270.


LaTeX Warning: Reference `fig:HeatOnly_Regmid_V1V2' on page 66 undefined on inp
ut line 270.


LaTeX Warning: Reference `fig:HeatOnly_Regen_V1V2' on page 66 undefined on inpu
t line 274.


LaTeX Warning: Reference `fig:OrientationCore' on page 66 undefined on input li
ne 282.


LaTeX Warning: Reference `fig:TCdansNoyau' on page 66 undefined on input line 2
82.


LaTeX Warning: Reference `chap:MesureAvecAcou' on page 66 undefined on input li
ne 288.


LaTeX Warning: Reference `fig:Acou_CHXout_H1H2' on page 66 undefined on input l
ine 288.


LaTeX Warning: Reference `fig:Acou_CHXout_H1H2_Low' on page 66 undefined on inp
ut line 297.

(../fig/fig_ConvNat_Acou/tex/fig_Acou_CHXout_H1H2_Low.tex
Missing character: There is no ; in font nullfont!
Missing character: There is no ; in font nullfont!
Missing character: There is no ; in font nullfont!
Missing character: There is no ; in font nullfont!
PGFPlots: reading {{../fig/fig_ConvNat_Acou/data/DataMatTxtH1H2Low/data_TC0_0be
g_RixLow_PhaseRIXHP-60°_OrientationH1_Qc0W_Serie1.txt}}
PGFPlots: reading {{../fig/fig_ConvNat_Acou/data/DataMatTxtH1H2Low/data_TC1_0be
g_RixLow_PhaseRIXHP-60°_OrientationH1_Qc0W_Serie1.txt}}
PGFPlots: reading {{../fig/fig_ConvNat_Acou/data/DataMatTxtH1H2Low/data_TC2_0be
g_RixLow_PhaseRIXHP-60°_OrientationH1_Qc0W_Serie1.txt}}
PGFPlots: reading {{../fig/fig_ConvNat_Acou/data/DataMatTxtH1H2Low/data_TC3_0be
g_RixLow_PhaseRIXHP-60°_OrientationH1_Qc0W_Serie1.txt}}
PGFPlots: reading {{../fig/fig_ConvNat_Acou/data/DataMatTxtH1H2Low/data_TC0_0be
g_RixLow_PhaseRIXHP-60°_OrientationH2_Qc0W_Serie1.txt}}
PGFPlots: reading {{../fig/fig_ConvNat_Acou/data/DataMatTxtH1H2Low/data_TC1_0be
g_RixLow_PhaseRIXHP-60°_OrientationH2_Qc0W_Serie1.txt}}
PGFPlots: reading {{../fig/fig_ConvNat_Acou/data/DataMatTxtH1H2Low/data_TC2_0be
g_RixLow_PhaseRIXHP-60°_OrientationH2_Qc0W_Serie1.txt}}
PGFPlots: reading {{../fig/fig_ConvNat_Acou/data/DataMatTxtH1H2Low/data_TC3_0be
g_RixLow_PhaseRIXHP-60°_OrientationH2_Qc0W_Serie1.txt}}
) (../fig/fig_ConvNat_Acou/tex/fig_Acou_CHXout_H1H2_Mid.tex
Missing character: There is no ; in font nullfont!
Missing character: There is no ; in font nullfont!
Missing character: There is no ; in font nullfont!
Missing character: There is no ; in font nullfont!
PGFPlots: reading {{../fig/fig_ConvNat_Acou/data/DataMatTxtH1H2Mid/data_TC0_0be
g_RixMid_PhaseRIXHP-60°_OrientationH1_Qc0W_Serie1.txt}}
PGFPlots: reading {{../fig/fig_ConvNat_Acou/data/DataMatTxtH1H2Mid/data_TC1_0be
g_RixMid_PhaseRIXHP-60°_OrientationH1_Qc0W_Serie1.txt}}
PGFPlots: reading {{../fig/fig_ConvNat_Acou/data/DataMatTxtH1H2Mid/data_TC2_0be
g_RixMid_PhaseRIXHP-60°_OrientationH1_Qc0W_Serie1.txt}}
PGFPlots: reading {{../fig/fig_ConvNat_Acou/data/DataMatTxtH1H2Mid/data_TC3_0be
g_RixMid_PhaseRIXHP-60°_OrientationH1_Qc0W_Serie1.txt}}
PGFPlots: reading {{../fig/fig_ConvNat_Acou/data/DataMatTxtH1H2Mid/data_TC0_0be
g_RixMid_PhaseRIXHP-60°_OrientationH2_Qc0W_Serie1.txt}}
PGFPlots: reading {{../fig/fig_ConvNat_Acou/data/DataMatTxtH1H2Mid/data_TC1_0be
g_RixMid_PhaseRIXHP-60°_OrientationH2_Qc0W_Serie1.txt}}
PGFPlots: reading {{../fig/fig_ConvNat_Acou/data/DataMatTxtH1H2Mid/data_TC2_0be
g_RixMid_PhaseRIXHP-60°_OrientationH2_Qc0W_Serie1.txt}}
PGFPlots: reading {{../fig/fig_ConvNat_Acou/data/DataMatTxtH1H2Mid/data_TC3_0be
g_RixMid_PhaseRIXHP-60°_OrientationH2_Qc0W_Serie1.txt}}
) (../fig/fig_ConvNat_Acou/tex/fig_Acou_CHXout_H1H2_High.tex
Missing character: There is no ; in font nullfont!
Missing character: There is no ; in font nullfont!
Missing character: There is no ; in font nullfont!
Missing character: There is no ; in font nullfont!
PGFPlots: reading {{../fig/fig_ConvNat_Acou/data/DataMatTxtH1H2High/data_TC0_0b
eg_RixHigh_PhaseRIXHP-60°_OrientationH1_Qc0W_Serie1.txt}}
PGFPlots: reading {{../fig/fig_ConvNat_Acou/data/DataMatTxtH1H2High/data_TC1_0b
eg_RixHigh_PhaseRIXHP-60°_OrientationH1_Qc0W_Serie1.txt}}
PGFPlots: reading {{../fig/fig_ConvNat_Acou/data/DataMatTxtH1H2High/data_TC2_0b
eg_RixHigh_PhaseRIXHP-60°_OrientationH1_Qc0W_Serie1.txt}}
PGFPlots: reading {{../fig/fig_ConvNat_Acou/data/DataMatTxtH1H2High/data_TC3_0b
eg_RixHigh_PhaseRIXHP-60°_OrientationH1_Qc0W_Serie1.txt}}
PGFPlots: reading {{../fig/fig_ConvNat_Acou/data/DataMatTxtH1H2High/data_TC0_0b
eg_RixHigh_PhaseRIXHP-60°_OrientationH2_Qc0W_Serie1.txt}}
PGFPlots: reading {{../fig/fig_ConvNat_Acou/data/DataMatTxtH1H2High/data_TC1_0b
eg_RixHigh_PhaseRIXHP-60°_OrientationH2_Qc0W_Serie1.txt}}
PGFPlots: reading {{../fig/fig_ConvNat_Acou/data/DataMatTxtH1H2High/data_TC2_0b
eg_RixHigh_PhaseRIXHP-60°_OrientationH2_Qc0W_Serie1.txt}}
PGFPlots: reading {{../fig/fig_ConvNat_Acou/data/DataMatTxtH1H2High/data_TC3_0b
eg_RixHigh_PhaseRIXHP-60°_OrientationH2_Qc0W_Serie1.txt}}
)

LaTeX Warning: Hyper reference `fig:Acou_CHXout_H1H2_Low' on page 66 undefined 
on input line 331.


LaTeX Warning: Reference `sub@fig:Acou_CHXout_H1H2_Low' on page 66 undefined on
 input line 331.


LaTeX Warning: Hyper reference `fig:Acou_CHXout_H1H2_Mid' on page 66 undefined 
on input line 331.


LaTeX Warning: Reference `sub@fig:Acou_CHXout_H1H2_Mid' on page 66 undefined on
 input line 331.


LaTeX Warning: Hyper reference `fig:Acou_CHXout_H1H2_High' on page 66 undefined
 on input line 331.


LaTeX Warning: Reference `sub@fig:Acou_CHXout_H1H2_High' on page 66 undefined o
n input line 331.


LaTeX Warning: Hyper reference `fig:Acou_CHXout_H1H2_Low' on page 66 undefined 
on input line 331.


LaTeX Warning: Reference `sub@fig:Acou_CHXout_H1H2_Low' on page 66 undefined on
 input line 331.


LaTeX Warning: Hyper reference `fig:Acou_CHXout_H1H2_Mid' on page 66 undefined 
on input line 331.


LaTeX Warning: Reference `sub@fig:Acou_CHXout_H1H2_Mid' on page 66 undefined on
 input line 331.


LaTeX Warning: Hyper reference `fig:Acou_CHXout_H1H2_High' on page 66 undefined
 on input line 331.


LaTeX Warning: Reference `sub@fig:Acou_CHXout_H1H2_High' on page 66 undefined o
n input line 331.






LaTeX Warning: Reference `fig:HeatOnly_CHXout_H1H2' on page 68 undefined on inp
ut line 337.


LaTeX Warning: Reference `fig:Acou_CHXout_H1H2_Low' on page 68 undefined on inp
ut line 340.


LaTeX Warning: Reference `fig:Comsol_CHXout_H1H2_Low' on page 68 undefined on i
nput line 340.


LaTeX Warning: Reference `tab:RecapResultExpe' on page 68 undefined on input li
ne 340.

(../fig/fig_ConvNatComsol_Resultats/tex/fig_Comsol_CHXout_H1H2_Low.tex
Missing character: There is no ; in font nullfont!
Missing character: There is no ; in font nullfont!
Missing character: There is no ; in font nullfont!
Missing character: There is no ; in font nullfont!
PGFPlots: reading {{../fig/fig_ConvNatComsol_Resultats/Profil_CHXout/H1_Comsol.
txt}}
PGFPlots: reading {{../fig/fig_ConvNatComsol_Resultats/Profil_CHXout/H2_Comsol.
txt}}
)


LaTeX Warning: Reference `fig:Acou_CHXout_H1H2_Mid' on page 69 undefined on inp
ut line 360.


LaTeX Warning: Reference `fig:Acou_CHXout_H1H2_Low' on page 69 undefined on inp
ut line 364.


LaTeX Warning: Reference `fig:Acou_CHXout_H1H2_High' on page 69 undefined on in
put line 370.

LaTeX Info: Symbol \textminus not provided by
            font family iwonal in TS1 encoding.
            Default family used instead on input line 374.
LaTeX Info: Symbol \textminus not provided by
            font family iwonal in TS1 encoding.
            Default family used instead on input line 374.

LaTeX Warning: Reference `fig:Acou_CHXout_H1H2_Low' on page 69 undefined on inp
ut line 376.


LaTeX Warning: Reference `fig:Acou_CHXout_V1V2' on page 69 undefined on input l
ine 380.

(../fig/fig_ConvNat_Acou/tex/fig_Acou_CHXout_V1V2_Low.tex
Missing character: There is no ; in font nullfont!
Missing character: There is no ; in font nullfont!
Missing character: There is no ; in font nullfont!
Missing character: There is no ; in font nullfont!
PGFPlots: reading {{../fig/fig_ConvNat_Acou/data/DataMatTxtV1V2Low/data_TC0_0be
g_RixLow_PhaseRIXHP-60°_OrientationV1_Qc0W_Serie1.txt}}
PGFPlots: reading {{../fig/fig_ConvNat_Acou/data/DataMatTxtV1V2Low/data_TC1_0be
g_RixLow_PhaseRIXHP-60°_OrientationV1_Qc0W_Serie1.txt}}
PGFPlots: reading {{../fig/fig_ConvNat_Acou/data/DataMatTxtV1V2Low/data_TC2_0be
g_RixLow_PhaseRIXHP-60°_OrientationV1_Qc0W_Serie1.txt}}
PGFPlots: reading {{../fig/fig_ConvNat_Acou/data/DataMatTxtV1V2Low/data_TC3_0be
g_RixLow_PhaseRIXHP-60°_OrientationV1_Qc0W_Serie1.txt}}
PGFPlots: reading {{../fig/fig_ConvNat_Acou/data/DataMatTxtV1V2Low/data_TC0_0be
g_RixLow_PhaseRIXHP-60°_OrientationV2_Qc0W_Serie1.txt}}
PGFPlots: reading {{../fig/fig_ConvNat_Acou/data/DataMatTxtV1V2Low/data_TC1_0be
g_RixLow_PhaseRIXHP-60°_OrientationV2_Qc0W_Serie1.txt}}
PGFPlots: reading {{../fig/fig_ConvNat_Acou/data/DataMatTxtV1V2Low/data_TC2_0be
g_RixLow_PhaseRIXHP-60°_OrientationV2_Qc0W_Serie1.txt}}
PGFPlots: reading {{../fig/fig_ConvNat_Acou/data/DataMatTxtV1V2Low/data_TC3_0be
g_RixLow_PhaseRIXHP-60°_OrientationV2_Qc0W_Serie1.txt}}
) (../fig/fig_ConvNat_Acou/tex/fig_Acou_CHXout_V1V2_Mid.tex
Missing character: There is no ; in font nullfont!
Missing character: There is no ; in font nullfont!
Missing character: There is no ; in font nullfont!
Missing character: There is no ; in font nullfont!
PGFPlots: reading {{../fig/fig_ConvNat_Acou/data/DataMatTxtV1V2Mid/data_TC0_0be
g_RixMid_PhaseRIXHP-60°_OrientationV1_Qc0W_serie3.txt}}
PGFPlots: reading {{../fig/fig_ConvNat_Acou/data/DataMatTxtV1V2Mid/data_TC1_0be
g_RixMid_PhaseRIXHP-60°_OrientationV1_Qc0W_serie3.txt}}
PGFPlots: reading {{../fig/fig_ConvNat_Acou/data/DataMatTxtV1V2Mid/data_TC2_0be
g_RixMid_PhaseRIXHP-60°_OrientationV1_Qc0W_serie3.txt}}
PGFPlots: reading {{../fig/fig_ConvNat_Acou/data/DataMatTxtV1V2Mid/data_TC3_0be
g_RixMid_PhaseRIXHP-60°_OrientationV1_Qc0W_serie3.txt}}
PGFPlots: reading {{../fig/fig_ConvNat_Acou/data/DataMatTxtV1V2Mid/data_TC0_0be
g_RixMid_PhaseRIXHP-60°_OrientationV2_Qc0W_Serie1.txt}}
PGFPlots: reading {{../fig/fig_ConvNat_Acou/data/DataMatTxtV1V2Mid/data_TC1_0be
g_RixMid_PhaseRIXHP-60°_OrientationV2_Qc0W_Serie1.txt}}
PGFPlots: reading {{../fig/fig_ConvNat_Acou/data/DataMatTxtV1V2Mid/data_TC2_0be
g_RixMid_PhaseRIXHP-60°_OrientationV2_Qc0W_Serie1.txt}}
PGFPlots: reading {{../fig/fig_ConvNat_Acou/data/DataMatTxtV1V2Mid/data_TC3_0be
g_RixMid_PhaseRIXHP-60°_OrientationV2_Qc0W_Serie1.txt}}
) (../fig/fig_ConvNat_Acou/tex/fig_Acou_CHXout_V1V2_High.tex
Missing character: There is no ; in font nullfont!
Missing character: There is no ; in font nullfont!
Missing character: There is no ; in font nullfont!
Missing character: There is no ; in font nullfont!
PGFPlots: reading {{../fig/fig_ConvNat_Acou/data/DataMatTxtV1V2High/data_TC0_0b
eg_RixHigh_PhaseRIXHP-60°_OrientationV1_Qc0W_Serie1.txt}}
PGFPlots: reading {{../fig/fig_ConvNat_Acou/data/DataMatTxtV1V2High/data_TC1_0b
eg_RixHigh_PhaseRIXHP-60°_OrientationV1_Qc0W_Serie1.txt}}
PGFPlots: reading {{../fig/fig_ConvNat_Acou/data/DataMatTxtV1V2High/data_TC2_0b
eg_RixHigh_PhaseRIXHP-60°_OrientationV1_Qc0W_Serie1.txt}}
PGFPlots: reading {{../fig/fig_ConvNat_Acou/data/DataMatTxtV1V2High/data_TC3_0b
eg_RixHigh_PhaseRIXHP-60°_OrientationV1_Qc0W_Serie1.txt}}
PGFPlots: reading {{../fig/fig_ConvNat_Acou/data/DataMatTxtV1V2High/data_TC0_0b
eg_RixHigh_PhaseRIXHP-60°_OrientationV2_Qc0W_Serie1.txt}}
PGFPlots: reading {{../fig/fig_ConvNat_Acou/data/DataMatTxtV1V2High/data_TC1_0b
eg_RixHigh_PhaseRIXHP-60°_OrientationV2_Qc0W_Serie1.txt}}
PGFPlots: reading {{../fig/fig_ConvNat_Acou/data/DataMatTxtV1V2High/data_TC2_0b
eg_RixHigh_PhaseRIXHP-60°_OrientationV2_Qc0W_Serie1.txt}}
PGFPlots: reading {{../fig/fig_ConvNat_Acou/data/DataMatTxtV1V2High/data_TC3_0b
eg_RixHigh_PhaseRIXHP-60°_OrientationV2_Qc0W_Serie1.txt}}
)

LaTeX Warning: Hyper reference `fig:Acou_CHXout_V1V2_Low' on page 69 undefined 
on input line 414.


LaTeX Warning: Reference `sub@fig:Acou_CHXout_V1V2_Low' on page 69 undefined on
 input line 414.


LaTeX Warning: Hyper reference `fig:Acou_CHXout_V1V2_Mid' on page 69 undefined 
on input line 414.


LaTeX Warning: Reference `sub@fig:Acou_CHXout_V1V2_Mid' on page 69 undefined on
 input line 414.


LaTeX Warning: Hyper reference `fig:Acou_CHXout_V1V2_High' on page 69 undefined
 on input line 414.


LaTeX Warning: Reference `sub@fig:Acou_CHXout_V1V2_High' on page 69 undefined o
n input line 414.


LaTeX Warning: Hyper reference `fig:Acou_CHXout_V1V2_Low' on page 69 undefined 
on input line 414.


LaTeX Warning: Reference `sub@fig:Acou_CHXout_V1V2_Low' on page 69 undefined on
 input line 414.


LaTeX Warning: Hyper reference `fig:Acou_CHXout_V1V2_Mid' on page 69 undefined 
on input line 414.


LaTeX Warning: Reference `sub@fig:Acou_CHXout_V1V2_Mid' on page 69 undefined on
 input line 414.


LaTeX Warning: Hyper reference `fig:Acou_CHXout_V1V2_High' on page 69 undefined
 on input line 414.


LaTeX Warning: Reference `sub@fig:Acou_CHXout_V1V2_High' on page 69 undefined o
n input line 414.


LaTeX Warning: Reference `fig:Acou_CHXout_V1V2_Low' on page 69 undefined on inp
ut line 418.

LaTeX Info: Symbol \textminus not provided by
            font family iwonal in TS1 encoding.
            Default family used instead on input line 423.
LaTeX Info: Symbol \textminus not provided by
            font family iwonal in TS1 encoding.
            Default family used instead on input line 423.




LaTeX Info: Symbol \textminus not provided by
            font family iwonal in TS1 encoding.
            Default family used instead on input line 425.
LaTeX Info: Symbol \textminus not provided by
            font family iwonal in TS1 encoding.
            Default family used instead on input line 425.
LaTeX Info: Symbol \textminus not provided by
            font family iwonal in TS1 encoding.
            Default family used instead on input line 425.
LaTeX Info: Symbol \textminus not provided by
            font family iwonal in TS1 encoding.
            Default family used instead on input line 425.

LaTeX Warning: Reference `fig:Acou_CHXout_V1V2_Low' on page 71 undefined on inp
ut line 429.


LaTeX Warning: Reference `fig:Comsol_CHXout_V1V2_Low' on page 71 undefined on i
nput line 429.


LaTeX Warning: Reference `tab:RecapResultExpe' on page 71 undefined on input li
ne 429.

(../fig/fig_ConvNatComsol_Resultats/tex/fig_Comsol_CHXout_V1V2_Low.tex
Missing character: There is no ; in font nullfont!
Missing character: There is no ; in font nullfont!
Missing character: There is no ; in font nullfont!
Missing character: There is no ; in font nullfont!
PGFPlots: reading {{../fig/fig_ConvNatComsol_Resultats/Profil_CHXout/V1_Comsol.
txt}}
PGFPlots: reading {{../fig/fig_ConvNatComsol_Resultats/Profil_CHXout/V2_Comsol.
txt}}
)

LaTeX Warning: Reference `fig:Acou_CHXout_V1V2_Low' on page 71 undefined on inp
ut line 442.


LaTeX Warning: Reference `fig:Acou_CHXout_V1V2_Mid' on page 71 undefined on inp
ut line 446.



LaTeX Info: Symbol \textminus not provided by
            font family iwonal in TS1 encoding.
            Default family used instead on input line 451.
LaTeX Info: Symbol \textminus not provided by
            font family iwonal in TS1 encoding.
            Default family used instead on input line 451.
LaTeX Info: Symbol \textminus not provided by
            font family iwonal in TS1 encoding.
            Default family used instead on input line 451.
LaTeX Info: Symbol \textminus not provided by
            font family iwonal in TS1 encoding.
            Default family used instead on input line 451.
LaTeX Info: Symbol \textminus not provided by
            font family iwonal in TS1 encoding.
            Default family used instead on input line 451.
LaTeX Info: Symbol \textminus not provided by
            font family iwonal in TS1 encoding.
            Default family used instead on input line 451.

LaTeX Warning: Reference `fig:Acou_CHXout_V1V2_High' on page 72 undefined on in
put line 456.

LaTeX Info: Symbol \textminus not provided by
            font family iwonal in TS1 encoding.
            Default family used instead on input line 460.
LaTeX Info: Symbol \textminus not provided by
            font family iwonal in TS1 encoding.
            Default family used instead on input line 460.
LaTeX Info: Symbol \textminus not provided by
            font family iwonal in TS1 encoding.
            Default family used instead on input line 460.
LaTeX Info: Symbol \textminus not provided by
            font family iwonal in TS1 encoding.
            Default family used instead on input line 460.
LaTeX Info: Symbol \textminus not provided by
            font family iwonal in TS1 encoding.
            Default family used instead on input line 460.
LaTeX Info: Symbol \textminus not provided by
            font family iwonal in TS1 encoding.
            Default family used instead on input line 460.
LaTeX Info: Symbol \textminus not provided by
            font family iwonal in TS1 encoding.
            Default family used instead on input line 460.
LaTeX Info: Symbol \textminus not provided by
            font family iwonal in TS1 encoding.
            Default family used instead on input line 460.
LaTeX Info: Symbol \textminus not provided by
            font family iwonal in TS1 encoding.
            Default family used instead on input line 464.
LaTeX Info: Symbol \textminus not provided by
            font family iwonal in TS1 encoding.
            Default family used instead on input line 464.

LaTeX Warning: Reference `chap:DistribTemp_CavAdaptImped' on page 72 undefined 
on input line 472.


LaTeX Warning: Reference `chap:SimusRealisees' on page 72 undefined on input li
ne 472.


LaTeX Warning: Reference `chap:Acou_Regen_Low' on page 72 undefined on input li
ne 478.


LaTeX Warning: Reference `chap:Acou_Regen_High' on page 72 undefined on input l
ine 478.




LaTeX Warning: Reference `fig:Acou_Regen_H1H2_Low' on page 73 undefined on inpu
t line 481.

(../fig/fig_ConvNat_Acou/tex/fig_Acou_CHXin_H1H2_Low.tex
Missing character: There is no ; in font nullfont!
Missing character: There is no ; in font nullfont!
Missing character: There is no ; in font nullfont!
Missing character: There is no ; in font nullfont!
PGFPlots: reading {{../fig/fig_ConvNat_Acou/data/DataMatTxtH1H2Low/data_TC4_0be
g_RixLow_PhaseRIXHP-60°_OrientationH1_Qc0W_Serie1.txt}}
PGFPlots: reading {{../fig/fig_ConvNat_Acou/data/DataMatTxtH1H2Low/data_TC5_0be
g_RixLow_PhaseRIXHP-60°_OrientationH1_Qc0W_Serie1.txt}}
PGFPlots: reading {{../fig/fig_ConvNat_Acou/data/DataMatTxtH1H2Low/data_TC6_0be
g_RixLow_PhaseRIXHP-60°_OrientationH1_Qc0W_Serie1.txt}}
PGFPlots: reading {{../fig/fig_ConvNat_Acou/data/DataMatTxtH1H2Low/data_TC4_0be
g_RixLow_PhaseRIXHP-60°_OrientationH2_Qc0W_Serie1.txt}}
PGFPlots: reading {{../fig/fig_ConvNat_Acou/data/DataMatTxtH1H2Low/data_TC5_0be
g_RixLow_PhaseRIXHP-60°_OrientationH2_Qc0W_Serie1.txt}}
PGFPlots: reading {{../fig/fig_ConvNat_Acou/data/DataMatTxtH1H2Low/data_TC6_0be
g_RixLow_PhaseRIXHP-60°_OrientationH2_Qc0W_Serie1.txt}}
) (../fig/fig_ConvNat_Acou/tex/fig_Acou_Regmid_H1H2_Low.tex
Missing character: There is no ; in font nullfont!
Missing character: There is no ; in font nullfont!
Missing character: There is no ; in font nullfont!
Missing character: There is no ; in font nullfont!
Missing character: There is no ; in font nullfont!
Missing character: There is no ; in font nullfont!
Missing character: There is no ; in font nullfont!
Missing character: There is no ; in font nullfont!
PGFPlots: reading {{../fig/fig_ConvNat_Acou/data/DataMatTxtH1H2Low/data_TC7_0be
g_RixLow_PhaseRIXHP-60°_OrientationH1_Qc0W_Serie1.txt}}
PGFPlots: reading {{../fig/fig_ConvNat_Acou/data/DataMatTxtH1H2Low/data_TC8_0be
g_RixLow_PhaseRIXHP-60°_OrientationH1_Qc0W_Serie1.txt}}
PGFPlots: reading {{../fig/fig_ConvNat_Acou/data/DataMatTxtH1H2Low/data_TC9_0be
g_RixLow_PhaseRIXHP-60°_OrientationH1_Qc0W_Serie1.txt}}
PGFPlots: reading {{../fig/fig_ConvNat_Acou/data/DataMatTxtH1H2Low/data_TC7_0be
g_RixLow_PhaseRIXHP-60°_OrientationH2_Qc0W_Serie1.txt}}
PGFPlots: reading {{../fig/fig_ConvNat_Acou/data/DataMatTxtH1H2Low/data_TC8_0be
g_RixLow_PhaseRIXHP-60°_OrientationH2_Qc0W_Serie1.txt}}
PGFPlots: reading {{../fig/fig_ConvNat_Acou/data/DataMatTxtH1H2Low/data_TC9_0be
g_RixLow_PhaseRIXHP-60°_OrientationH2_Qc0W_Serie1.txt}}
PGFPlots: reading {{../fig/fig_ConvNat_Acou/data/DataMatTxtH1H2Low/data_TC7_0be
g_RixLow_PhaseRIXHP-60°_OrientationH1_Qc0W_Serie1.txt}}
PGFPlots: reading {{../fig/fig_ConvNat_Acou/data/DataMatTxtH1H2Low/data_TC8_0be
g_RixLow_PhaseRIXHP-60°_OrientationH1_Qc0W_Serie1.txt}}
PGFPlots: reading {{../fig/fig_ConvNat_Acou/data/DataMatTxtH1H2Low/data_TC9_0be
g_RixLow_PhaseRIXHP-60°_OrientationH1_Qc0W_Serie1.txt}}
PGFPlots: reading {{../fig/fig_ConvNat_Acou/data/DataMatTxtH1H2Low/data_TC7_0be
g_RixLow_PhaseRIXHP-60°_OrientationH2_Qc0W_Serie1.txt}}
PGFPlots: reading {{../fig/fig_ConvNat_Acou/data/DataMatTxtH1H2Low/data_TC8_0be
g_RixLow_PhaseRIXHP-60°_OrientationH2_Qc0W_Serie1.txt}}
PGFPlots: reading {{../fig/fig_ConvNat_Acou/data/DataMatTxtH1H2Low/data_TC9_0be
g_RixLow_PhaseRIXHP-60°_OrientationH2_Qc0W_Serie1.txt}}
) (../fig/fig_ConvNat_Acou/tex/fig_Acou_AHXin_H1H2_Low.tex
Missing character: There is no ; in font nullfont!
Missing character: There is no ; in font nullfont!
Missing character: There is no ; in font nullfont!
Missing character: There is no ; in font nullfont!
PGFPlots: reading {{../fig/fig_ConvNat_Acou/data/DataMatTxtH1H2Low/data_TC10_0b
eg_RixLow_PhaseRIXHP-60°_OrientationH1_Qc0W_Serie1.txt}}
PGFPlots: reading {{../fig/fig_ConvNat_Acou/data/DataMatTxtH1H2Low/data_TC11_0b
eg_RixLow_PhaseRIXHP-60°_OrientationH1_Qc0W_Serie1.txt}}
PGFPlots: reading {{../fig/fig_ConvNat_Acou/data/DataMatTxtH1H2Low/data_TC12_0b
eg_RixLow_PhaseRIXHP-60°_OrientationH1_Qc0W_Serie1.txt}}
PGFPlots: reading {{../fig/fig_ConvNat_Acou/data/DataMatTxtH1H2Low/data_TC10_0b
eg_RixLow_PhaseRIXHP-60°_OrientationH2_Qc0W_Serie1.txt}}
PGFPlots: reading {{../fig/fig_ConvNat_Acou/data/DataMatTxtH1H2Low/data_TC11_0b
eg_RixLow_PhaseRIXHP-60°_OrientationH2_Qc0W_Serie1.txt}}
PGFPlots: reading {{../fig/fig_ConvNat_Acou/data/DataMatTxtH1H2Low/data_TC12_0b
eg_RixLow_PhaseRIXHP-60°_OrientationH2_Qc0W_Serie1.txt}}
)
File: ./external/fig_OrientationCore_H10.pdf Graphic file (type pdf)
<use ./external/fig_OrientationCore_H10.pdf>
Package pdftex.def Info: ./external/fig_OrientationCore_H10.pdf  used on input 
line 518.
(pdftex.def)             Requested size: 61.86597pt x 98.40991pt.
File: ./external/fig_OrientationCore_H20.pdf Graphic file (type pdf)
<use ./external/fig_OrientationCore_H20.pdf>
Package pdftex.def Info: ./external/fig_OrientationCore_H20.pdf  used on input 
line 522.
(pdftex.def)             Requested size: 78.28377pt x 94.151pt.

LaTeX Warning: Hyper reference `fig:Acou_CHXin_H1H2_Low' on page 73 undefined o
n input line 527.


LaTeX Warning: Reference `sub@fig:Acou_CHXin_H1H2_Low' on page 73 undefined on 
input line 527.


LaTeX Warning: Hyper reference `fig:Acou_Regmid_H1H2_Low' on page 73 undefined 
on input line 527.


LaTeX Warning: Reference `sub@fig:Acou_Regmid_H1H2_Low' on page 73 undefined on
 input line 527.


LaTeX Warning: Hyper reference `fig:Acou_AHXin_H1H2_Low' on page 73 undefined o
n input line 527.


LaTeX Warning: Reference `sub@fig:Acou_AHXin_H1H2_Low' on page 73 undefined on 
input line 527.


LaTeX Warning: Hyper reference `fig:Acou_CHXin_H1H2_Low' on page 73 undefined o
n input line 527.


LaTeX Warning: Reference `sub@fig:Acou_CHXin_H1H2_Low' on page 73 undefined on 
input line 527.


LaTeX Warning: Hyper reference `fig:Acou_Regmid_H1H2_Low' on page 73 undefined 
on input line 527.


LaTeX Warning: Reference `sub@fig:Acou_Regmid_H1H2_Low' on page 73 undefined on
 input line 527.


LaTeX Warning: Hyper reference `fig:Acou_AHXin_H1H2_Low' on page 73 undefined o
n input line 527.


LaTeX Warning: Reference `sub@fig:Acou_AHXin_H1H2_Low' on page 73 undefined on 
input line 527.


LaTeX Warning: Reference `fig:Acou_CHXin_H1H2_Low' on page 73 undefined on inpu
t line 531.


LaTeX Warning: Reference `fig:SuperpositionComsol' on page 73 undefined on inpu
t line 533.


LaTeX Warning: Reference `fig:Acou_Regmid_H1H2_Low' on page 73 undefined on inp
ut line 535.

LaTeX Info: Symbol \textminus not provided by
            font family iwonal in TS1 encoding.
            Default family used instead on input line 535.

LaTeX Warning: Reference `fig:Acou_AHXin_H1H2_Low' on page 73 undefined on inpu
t line 539.






LaTeX Warning: Reference `fig:Acou_Regen_V1V2_Low' on page 75 undefined on inpu
t line 543.

(../fig/fig_ConvNat_Acou/tex/fig_Acou_CHXin_V1V2_Low.tex
Missing character: There is no ; in font nullfont!
Missing character: There is no ; in font nullfont!
Missing character: There is no ; in font nullfont!
Missing character: There is no ; in font nullfont!
PGFPlots: reading {{../fig/fig_ConvNat_Acou/data/DataMatTxtV1V2Low/data_TC4_0be
g_RixLow_PhaseRIXHP-60°_OrientationV1_Qc0W_Serie1.txt}}
PGFPlots: reading {{../fig/fig_ConvNat_Acou/data/DataMatTxtV1V2Low/data_TC5_0be
g_RixLow_PhaseRIXHP-60°_OrientationV1_Qc0W_Serie1.txt}}
PGFPlots: reading {{../fig/fig_ConvNat_Acou/data/DataMatTxtV1V2Low/data_TC6_0be
g_RixLow_PhaseRIXHP-60°_OrientationV1_Qc0W_Serie1.txt}}
PGFPlots: reading {{../fig/fig_ConvNat_Acou/data/DataMatTxtV1V2Low/data_TC4_0be
g_RixLow_PhaseRIXHP-60°_OrientationV2_Qc0W_Serie1.txt}}
PGFPlots: reading {{../fig/fig_ConvNat_Acou/data/DataMatTxtV1V2Low/data_TC5_0be
g_RixLow_PhaseRIXHP-60°_OrientationV2_Qc0W_Serie1.txt}}
PGFPlots: reading {{../fig/fig_ConvNat_Acou/data/DataMatTxtV1V2Low/data_TC6_0be
g_RixLow_PhaseRIXHP-60°_OrientationV2_Qc0W_Serie1.txt}}
) (../fig/fig_ConvNat_Acou/tex/fig_Acou_Regmid_V1V2_Low.tex
Missing character: There is no ; in font nullfont!
Missing character: There is no ; in font nullfont!
Missing character: There is no ; in font nullfont!
Missing character: There is no ; in font nullfont!
PGFPlots: reading {{../fig/fig_ConvNat_Acou/data/DataMatTxtV1V2Low/data_TC7_0be
g_RixLow_PhaseRIXHP-60°_OrientationV1_Qc0W_Serie1.txt}}
PGFPlots: reading {{../fig/fig_ConvNat_Acou/data/DataMatTxtV1V2Low/data_TC8_0be
g_RixLow_PhaseRIXHP-60°_OrientationV1_Qc0W_Serie1.txt}}
PGFPlots: reading {{../fig/fig_ConvNat_Acou/data/DataMatTxtV1V2Low/data_TC9_0be
g_RixLow_PhaseRIXHP-60°_OrientationV1_Qc0W_Serie1.txt}}
PGFPlots: reading {{../fig/fig_ConvNat_Acou/data/DataMatTxtV1V2Low/data_TC7_0be
g_RixLow_PhaseRIXHP-60°_OrientationV2_Qc0W_Serie1.txt}}
PGFPlots: reading {{../fig/fig_ConvNat_Acou/data/DataMatTxtV1V2Low/data_TC8_0be
g_RixLow_PhaseRIXHP-60°_OrientationV2_Qc0W_Serie1.txt}}
PGFPlots: reading {{../fig/fig_ConvNat_Acou/data/DataMatTxtV1V2Low/data_TC9_0be
g_RixLow_PhaseRIXHP-60°_OrientationV2_Qc0W_Serie1.txt}}
) (../fig/fig_ConvNat_Acou/tex/fig_Acou_AHXin_V1V2_Low.tex
Missing character: There is no ; in font nullfont!
Missing character: There is no ; in font nullfont!
Missing character: There is no ; in font nullfont!
Missing character: There is no ; in font nullfont!
PGFPlots: reading {{../fig/fig_ConvNat_Acou/data/DataMatTxtV1V2Low/data_TC10_0b
eg_RixLow_PhaseRIXHP-60°_OrientationV1_Qc0W_Serie1.txt}}
PGFPlots: reading {{../fig/fig_ConvNat_Acou/data/DataMatTxtV1V2Low/data_TC11_0b
eg_RixLow_PhaseRIXHP-60°_OrientationV1_Qc0W_Serie1.txt}}
PGFPlots: reading {{../fig/fig_ConvNat_Acou/data/DataMatTxtV1V2Low/data_TC12_0b
eg_RixLow_PhaseRIXHP-60°_OrientationV1_Qc0W_Serie1.txt}}
PGFPlots: reading {{../fig/fig_ConvNat_Acou/data/DataMatTxtV1V2Low/data_TC10_0b
eg_RixLow_PhaseRIXHP-60°_OrientationV2_Qc0W_Serie1.txt}}
PGFPlots: reading {{../fig/fig_ConvNat_Acou/data/DataMatTxtV1V2Low/data_TC11_0b
eg_RixLow_PhaseRIXHP-60°_OrientationV2_Qc0W_Serie1.txt}}
PGFPlots: reading {{../fig/fig_ConvNat_Acou/data/DataMatTxtV1V2Low/data_TC12_0b
eg_RixLow_PhaseRIXHP-60°_OrientationV2_Qc0W_Serie1.txt}}
)
File: ./external/fig_OrientationCore_V10.pdf Graphic file (type pdf)
<use ./external/fig_OrientationCore_V10.pdf>
Package pdftex.def Info: ./external/fig_OrientationCore_V10.pdf  used on input 
line 578.
(pdftex.def)             Requested size: 75.50389pt x 94.151pt.
File: ./external/fig_OrientationCore_V20.pdf Graphic file (type pdf)
<use ./external/fig_OrientationCore_V20.pdf>
Package pdftex.def Info: ./external/fig_OrientationCore_V20.pdf  used on input 
line 582.
(pdftex.def)             Requested size: 75.50389pt x 94.151pt.

LaTeX Warning: Hyper reference `fig:Acou_CHXin_V1V2_Low' on page 75 undefined o
n input line 586.


LaTeX Warning: Reference `sub@fig:Acou_CHXin_V1V2_Low' on page 75 undefined on 
input line 586.


LaTeX Warning: Hyper reference `fig:Acou_Regmid_V1V2_Low' on page 75 undefined 
on input line 586.


LaTeX Warning: Reference `sub@fig:Acou_Regmid_V1V2_Low' on page 75 undefined on
 input line 586.


LaTeX Warning: Hyper reference `fig:Acou_AHXin_V1V2_Low' on page 75 undefined o
n input line 586.


LaTeX Warning: Reference `sub@fig:Acou_AHXin_V1V2_Low' on page 75 undefined on 
input line 586.


LaTeX Warning: Hyper reference `fig:Acou_CHXin_V1V2_Low' on page 75 undefined o
n input line 586.


LaTeX Warning: Reference `sub@fig:Acou_CHXin_V1V2_Low' on page 75 undefined on 
input line 586.


LaTeX Warning: Hyper reference `fig:Acou_Regmid_V1V2_Low' on page 75 undefined 
on input line 586.


LaTeX Warning: Reference `sub@fig:Acou_Regmid_V1V2_Low' on page 75 undefined on
 input line 586.


LaTeX Warning: Hyper reference `fig:Acou_AHXin_V1V2_Low' on page 75 undefined o
n input line 586.


LaTeX Warning: Reference `sub@fig:Acou_AHXin_V1V2_Low' on page 75 undefined on 
input line 586.

LaTeX Info: Symbol \textminus not provided by
            font family iwonal in TS1 encoding.
            Default family used instead on input line 591.
LaTeX Info: Symbol \textminus not provided by
            font family iwonal in TS1 encoding.
            Default family used instead on input line 591.
LaTeX Info: Symbol \textminus not provided by
            font family iwonal in TS1 encoding.
            Default family used instead on input line 591.

LaTeX Warning: Reference `fig:Acou_CHXout_V1V2_Low' on page 75 undefined on inp
ut line 593.


LaTeX Warning: Reference `fig:Acou_CHXout_V1V2_Low' on page 75 undefined on inp
ut line 593.


LaTeX Warning: Reference `fig:Acou_Regmid_V1V2_Low' on page 75 undefined on inp
ut line 595.


LaTeX Warning: Reference `fig:Acou_Regmid_H1H2_Low' on page 75 undefined on inp
ut line 595.


LaTeX Warning: Reference `fig:Acou_AHXin_V1V2_Low' on page 75 undefined on inpu
t line 599.


LaTeX Warning: Reference `fig:Acou_axProfile_V1V2_Low' on page 75 undefined on 
input line 603.

(../fig/fig_ConvNat_Acou/tex/fig_Acou_axProfile_V1V2_Low.tex
Missing character: There is no ; in font nullfont!
Missing character: There is no ; in font nullfont!
Missing character: There is no ; in font nullfont!
Missing character: There is no ; in font nullfont!
PGFPlots: reading {{../fig/fig_ConvNat_Acou/data/DataMatTxtV1V2Low/data_axProfi
l_4710_RixLow_PhaseRIXHP-60°_OrientationV1_Qc0W_Serie1.txt}}
PGFPlots: reading {{../fig/fig_ConvNat_Acou/data/DataMatTxtV1V2Low/data_axProfi
l_5811_RixLow_PhaseRIXHP-60°_OrientationV1_Qc0W_Serie1.txt}}
PGFPlots: reading {{../fig/fig_ConvNat_Acou/data/DataMatTxtV1V2Low/data_axProfi
l_6912_RixLow_PhaseRIXHP-60°_OrientationV1_Qc0W_Serie1.txt}}
PGFPlots: reading {{../fig/fig_ConvNat_Acou/data/DataMatTxtV1V2Low/data_axProfi
l_4710_RixLow_PhaseRIXHP-60°_OrientationV2_Qc0W_Serie1.txt}}
PGFPlots: reading {{../fig/fig_ConvNat_Acou/data/DataMatTxtV1V2Low/data_axProfi
l_5811_RixLow_PhaseRIXHP-60°_OrientationV2_Qc0W_Serie1.txt}}
PGFPlots: reading {{../fig/fig_ConvNat_Acou/data/DataMatTxtV1V2Low/data_axProfi
l_6912_RixLow_PhaseRIXHP-60°_OrientationV2_Qc0W_Serie1.txt}}
)




LaTeX Warning: Reference `chap:SimusRealisees' on page 77 undefined on input li
ne 620.


LaTeX Warning: Reference `chap:Rayleigh_NonPoreux' on page 77 undefined on inpu
t line 622.


LaTeX Warning: Reference `fig:ConvNatComsol_V2_ConeParamRix' on page 77 undefin
ed on input line 622.


LaTeX Warning: Reference `chap:FEM' on page 77 undefined on input line 622.


LaTeX Warning: Reference `fig:Acou_axProfile_V1V2_Low' on page 77 undefined on 
input line 624.


LaTeX Warning: Reference `fig:Acou_Regen_H1H2_Mid' on page 77 undefined on inpu
t line 627.

(../fig/fig_ConvNat_Acou/tex/fig_Acou_CHXin_H1H2_Mid.tex
Missing character: There is no ; in font nullfont!
Missing character: There is no ; in font nullfont!
Missing character: There is no ; in font nullfont!
Missing character: There is no ; in font nullfont!
PGFPlots: reading {{../fig/fig_ConvNat_Acou/data/DataMatTxtH1H2Mid/data_TC4_0be
g_RixMid_PhaseRIXHP-60°_OrientationH1_Qc0W_Serie1.txt}}
PGFPlots: reading {{../fig/fig_ConvNat_Acou/data/DataMatTxtH1H2Mid/data_TC5_0be
g_RixMid_PhaseRIXHP-60°_OrientationH1_Qc0W_Serie1.txt}}
PGFPlots: reading {{../fig/fig_ConvNat_Acou/data/DataMatTxtH1H2Mid/data_TC6_0be
g_RixMid_PhaseRIXHP-60°_OrientationH1_Qc0W_Serie1.txt}}
PGFPlots: reading {{../fig/fig_ConvNat_Acou/data/DataMatTxtH1H2Mid/data_TC4_0be
g_RixMid_PhaseRIXHP-60°_OrientationH2_Qc0W_Serie1.txt}}
PGFPlots: reading {{../fig/fig_ConvNat_Acou/data/DataMatTxtH1H2Mid/data_TC5_0be
g_RixMid_PhaseRIXHP-60°_OrientationH2_Qc0W_Serie1.txt}}
PGFPlots: reading {{../fig/fig_ConvNat_Acou/data/DataMatTxtH1H2Mid/data_TC6_0be
g_RixMid_PhaseRIXHP-60°_OrientationH2_Qc0W_Serie1.txt}}
) (../fig/fig_ConvNat_Acou/tex/fig_Acou_Regmid_H1H2_Mid.tex
Missing character: There is no ; in font nullfont!
Missing character: There is no ; in font nullfont!
Missing character: There is no ; in font nullfont!
Missing character: There is no ; in font nullfont!
PGFPlots: reading {{../fig/fig_ConvNat_Acou/data/DataMatTxtH1H2Mid/data_TC7_0be
g_RixMid_PhaseRIXHP-60°_OrientationH1_Qc0W_Serie1.txt}}
PGFPlots: reading {{../fig/fig_ConvNat_Acou/data/DataMatTxtH1H2Mid/data_TC8_0be
g_RixMid_PhaseRIXHP-60°_OrientationH1_Qc0W_Serie1.txt}}
PGFPlots: reading {{../fig/fig_ConvNat_Acou/data/DataMatTxtH1H2Mid/data_TC9_0be
g_RixMid_PhaseRIXHP-60°_OrientationH1_Qc0W_Serie1.txt}}
PGFPlots: reading {{../fig/fig_ConvNat_Acou/data/DataMatTxtH1H2Mid/data_TC7_0be
g_RixMid_PhaseRIXHP-60°_OrientationH2_Qc0W_Serie1.txt}}
PGFPlots: reading {{../fig/fig_ConvNat_Acou/data/DataMatTxtH1H2Mid/data_TC8_0be
g_RixMid_PhaseRIXHP-60°_OrientationH2_Qc0W_Serie1.txt}}
PGFPlots: reading {{../fig/fig_ConvNat_Acou/data/DataMatTxtH1H2Mid/data_TC9_0be
g_RixMid_PhaseRIXHP-60°_OrientationH2_Qc0W_Serie1.txt}}
) (../fig/fig_ConvNat_Acou/tex/fig_Acou_AHXin_H1H2_Mid.tex
Missing character: There is no ; in font nullfont!
Missing character: There is no ; in font nullfont!
Missing character: There is no ; in font nullfont!
Missing character: There is no ; in font nullfont!
PGFPlots: reading {{../fig/fig_ConvNat_Acou/data/DataMatTxtH1H2Mid/data_TC10_0b
eg_RixMid_PhaseRIXHP-60°_OrientationH1_Qc0W_Serie1.txt}}
PGFPlots: reading {{../fig/fig_ConvNat_Acou/data/DataMatTxtH1H2Mid/data_TC11_0b
eg_RixMid_PhaseRIXHP-60°_OrientationH1_Qc0W_Serie1.txt}}
PGFPlots: reading {{../fig/fig_ConvNat_Acou/data/DataMatTxtH1H2Mid/data_TC12_0b
eg_RixMid_PhaseRIXHP-60°_OrientationH1_Qc0W_Serie1.txt}}
PGFPlots: reading {{../fig/fig_ConvNat_Acou/data/DataMatTxtH1H2Mid/data_TC10_0b
eg_RixMid_PhaseRIXHP-60°_OrientationH2_Qc0W_Serie1.txt}}
PGFPlots: reading {{../fig/fig_ConvNat_Acou/data/DataMatTxtH1H2Mid/data_TC11_0b
eg_RixMid_PhaseRIXHP-60°_OrientationH2_Qc0W_Serie1.txt}}
PGFPlots: reading {{../fig/fig_ConvNat_Acou/data/DataMatTxtH1H2Mid/data_TC12_0b
eg_RixMid_PhaseRIXHP-60°_OrientationH2_Qc0W_Serie1.txt}}
)
File: ./external/fig_OrientationCore_H10.pdf Graphic file (type pdf)
<use ./external/fig_OrientationCore_H10.pdf>
Package pdftex.def Info: ./external/fig_OrientationCore_H10.pdf  used on input 
line 662.
(pdftex.def)             Requested size: 61.86597pt x 98.40991pt.
File: ./external/fig_OrientationCore_H20.pdf Graphic file (type pdf)
<use ./external/fig_OrientationCore_H20.pdf>
Package pdftex.def Info: ./external/fig_OrientationCore_H20.pdf  used on input 
line 666.
(pdftex.def)             Requested size: 78.28377pt x 94.151pt.

LaTeX Warning: Hyper reference `fig:Acou_CHXin_H1H2_Mid' on page 77 undefined o
n input line 670.


LaTeX Warning: Reference `sub@fig:Acou_CHXin_H1H2_Mid' on page 77 undefined on 
input line 670.


LaTeX Warning: Hyper reference `fig:Acou_Regmid_H1H2_Mid' on page 77 undefined 
on input line 670.


LaTeX Warning: Reference `sub@fig:Acou_Regmid_H1H2_Mid' on page 77 undefined on
 input line 670.


LaTeX Warning: Hyper reference `fig:Acou_AHXin_H1H2_Mid' on page 77 undefined o
n input line 670.


LaTeX Warning: Reference `sub@fig:Acou_AHXin_H1H2_Mid' on page 77 undefined on 
input line 670.


LaTeX Warning: Hyper reference `fig:Acou_CHXin_H1H2_Mid' on page 77 undefined o
n input line 670.


LaTeX Warning: Reference `sub@fig:Acou_CHXin_H1H2_Mid' on page 77 undefined on 
input line 670.


LaTeX Warning: Hyper reference `fig:Acou_Regmid_H1H2_Mid' on page 77 undefined 
on input line 670.


LaTeX Warning: Reference `sub@fig:Acou_Regmid_H1H2_Mid' on page 77 undefined on
 input line 670.


LaTeX Warning: Hyper reference `fig:Acou_AHXin_H1H2_Mid' on page 77 undefined o
n input line 670.


LaTeX Warning: Reference `sub@fig:Acou_AHXin_H1H2_Mid' on page 77 undefined on 
input line 670.


LaTeX Warning: Reference `fig:Acou_CHXin_H1H2_Mid' on page 77 undefined on inpu
t line 674.


LaTeX Warning: Reference `fig:Acou_CHXout_H1H2_Mid' on page 77 undefined on inp
ut line 676.






LaTeX Warning: Reference `fig:Acou_Regmid_H1H2_Mid' on page 79 undefined on inp
ut line 678.


LaTeX Warning: Reference `fig:Acou_AHXin_H1H2_Mid' on page 79 undefined on inpu
t line 684.


LaTeX Warning: Reference `chap:ModeleTemporel' on page 79 undefined on input li
ne 686.


LaTeX Warning: Reference `fig:ExempleTransitoireH2' on page 79 undefined on inp
ut line 686.


LaTeX Warning: Reference `fig:Acou_Regen_V1V2_Mid' on page 79 undefined on inpu
t line 690.

(../fig/fig_ConvNat_Acou/tex/fig_Acou_CHXin_V1V2_Mid.tex
Missing character: There is no ; in font nullfont!
Missing character: There is no ; in font nullfont!
Missing character: There is no ; in font nullfont!
Missing character: There is no ; in font nullfont!
PGFPlots: reading {{../fig/fig_ConvNat_Acou/data/DataMatTxtV1V2Mid/data_TC4_0be
g_RixMid_PhaseRIXHP-60°_OrientationV1_Qc0W_Serie3.txt}}
PGFPlots: reading {{../fig/fig_ConvNat_Acou/data/DataMatTxtV1V2Mid/data_TC5_0be
g_RixMid_PhaseRIXHP-60°_OrientationV1_Qc0W_Serie3.txt}}
PGFPlots: reading {{../fig/fig_ConvNat_Acou/data/DataMatTxtV1V2Mid/data_TC6_0be
g_RixMid_PhaseRIXHP-60°_OrientationV1_Qc0W_Serie3.txt}}
PGFPlots: reading {{../fig/fig_ConvNat_Acou/data/DataMatTxtV1V2Mid/data_TC4_0be
g_RixMid_PhaseRIXHP-60°_OrientationV2_Qc0W_Serie1.txt}}
PGFPlots: reading {{../fig/fig_ConvNat_Acou/data/DataMatTxtV1V2Mid/data_TC5_0be
g_RixMid_PhaseRIXHP-60°_OrientationV2_Qc0W_Serie1.txt}}
PGFPlots: reading {{../fig/fig_ConvNat_Acou/data/DataMatTxtV1V2Mid/data_TC6_0be
g_RixMid_PhaseRIXHP-60°_OrientationV2_Qc0W_Serie1.txt}}
)
File: ./external/fig_OrientationCore_V10.pdf Graphic file (type pdf)
<use ./external/fig_OrientationCore_V10.pdf>
Package pdftex.def Info: ./external/fig_OrientationCore_V10.pdf  used on input 
line 707.
(pdftex.def)             Requested size: 75.50389pt x 94.151pt.
File: ./external/fig_OrientationCore_V20.pdf Graphic file (type pdf)
<use ./external/fig_OrientationCore_V20.pdf>
Package pdftex.def Info: ./external/fig_OrientationCore_V20.pdf  used on input 
line 711.
(pdftex.def)             Requested size: 75.50389pt x 94.151pt.
(../fig/fig_ConvNat_Acou/tex/fig_Acou_Regmid_V1V2_Mid.tex
Missing character: There is no ; in font nullfont!
Missing character: There is no ; in font nullfont!
Missing character: There is no ; in font nullfont!
Missing character: There is no ; in font nullfont!
PGFPlots: reading {{../fig/fig_ConvNat_Acou/data/DataMatTxtV1V2Mid/data_TC7_0be
g_RixMid_PhaseRIXHP-60°_OrientationV1_Qc0W_Serie3.txt}}
PGFPlots: reading {{../fig/fig_ConvNat_Acou/data/DataMatTxtV1V2Mid/data_TC8_0be
g_RixMid_PhaseRIXHP-60°_OrientationV1_Qc0W_Serie3.txt}}
PGFPlots: reading {{../fig/fig_ConvNat_Acou/data/DataMatTxtV1V2Mid/data_TC9_0be
g_RixMid_PhaseRIXHP-60°_OrientationV1_Qc0W_Serie3.txt}}
PGFPlots: reading {{../fig/fig_ConvNat_Acou/data/DataMatTxtV1V2Mid/data_TC7_0be
g_RixMid_PhaseRIXHP-60°_OrientationV2_Qc0W_Serie1.txt}}
PGFPlots: reading {{../fig/fig_ConvNat_Acou/data/DataMatTxtV1V2Mid/data_TC8_0be
g_RixMid_PhaseRIXHP-60°_OrientationV2_Qc0W_Serie1.txt}}
PGFPlots: reading {{../fig/fig_ConvNat_Acou/data/DataMatTxtV1V2Mid/data_TC9_0be
g_RixMid_PhaseRIXHP-60°_OrientationV2_Qc0W_Serie1.txt}}
) (../fig/fig_ConvNat_Acou/tex/fig_Acou_AHXin_V1V2_Mid.tex
Missing character: There is no ; in font nullfont!
Missing character: There is no ; in font nullfont!
Missing character: There is no ; in font nullfont!
Missing character: There is no ; in font nullfont!
PGFPlots: reading {{../fig/fig_ConvNat_Acou/data/DataMatTxtV1V2Mid/data_TC10_0b
eg_RixMid_PhaseRIXHP-60°_OrientationV1_Qc0W_Serie3.txt}}
PGFPlots: reading {{../fig/fig_ConvNat_Acou/data/DataMatTxtV1V2Mid/data_TC11_0b
eg_RixMid_PhaseRIXHP-60°_OrientationV1_Qc0W_Serie3.txt}}
PGFPlots: reading {{../fig/fig_ConvNat_Acou/data/DataMatTxtV1V2Mid/data_TC12_0b
eg_RixMid_PhaseRIXHP-60°_OrientationV1_Qc0W_Serie3.txt}}
PGFPlots: reading {{../fig/fig_ConvNat_Acou/data/DataMatTxtV1V2Mid/data_TC10_0b
eg_RixMid_PhaseRIXHP-60°_OrientationV2_Qc0W_Serie1.txt}}
PGFPlots: reading {{../fig/fig_ConvNat_Acou/data/DataMatTxtV1V2Mid/data_TC11_0b
eg_RixMid_PhaseRIXHP-60°_OrientationV2_Qc0W_Serie1.txt}}
PGFPlots: reading {{../fig/fig_ConvNat_Acou/data/DataMatTxtV1V2Mid/data_TC12_0b
eg_RixMid_PhaseRIXHP-60°_OrientationV2_Qc0W_Serie1.txt}}
)

LaTeX Warning: Hyper reference `fig:Acou_CHXin_V1V2_Mid' on page 79 undefined o
n input line 735.


LaTeX Warning: Reference `sub@fig:Acou_CHXin_V1V2_Mid' on page 79 undefined on 
input line 735.


LaTeX Warning: Hyper reference `fig:Acou_Regmid_V1V2_Mid' on page 79 undefined 
on input line 735.


LaTeX Warning: Reference `sub@fig:Acou_Regmid_V1V2_Mid' on page 79 undefined on
 input line 735.


LaTeX Warning: Hyper reference `fig:Acou_AHXin_V1V2_Mid' on page 79 undefined o
n input line 735.


LaTeX Warning: Reference `sub@fig:Acou_AHXin_V1V2_Mid' on page 79 undefined on 
input line 735.


LaTeX Warning: Hyper reference `fig:Acou_CHXin_V1V2_Mid' on page 79 undefined o
n input line 735.


LaTeX Warning: Reference `sub@fig:Acou_CHXin_V1V2_Mid' on page 79 undefined on 
input line 735.


LaTeX Warning: Hyper reference `fig:Acou_Regmid_V1V2_Mid' on page 79 undefined 
on input line 735.


LaTeX Warning: Reference `sub@fig:Acou_Regmid_V1V2_Mid' on page 79 undefined on
 input line 735.


LaTeX Warning: Hyper reference `fig:Acou_AHXin_V1V2_Mid' on page 79 undefined o
n input line 735.


LaTeX Warning: Reference `sub@fig:Acou_AHXin_V1V2_Mid' on page 79 undefined on 
input line 735.


LaTeX Warning: Reference `fig:Acou_CHXin_V1V2_Mid' on page 79 undefined on inpu
t line 740.

LaTeX Info: Symbol \textminus not provided by
            font family iwonal in TS1 encoding.
            Default family used instead on input line 740.

LaTeX Warning: Reference `fig:Acou_CHXout_V1V2_Mid' on page 79 undefined on inp
ut line 742.






LaTeX Warning: Reference `fig:Acou_Regmid_V1V2_Mid' on page 81 undefined on inp
ut line 746.

LaTeX Info: Symbol \textminus not provided by
            font family iwonal in TS1 encoding.
            Default family used instead on input line 746.
LaTeX Info: Symbol \textminus not provided by
            font family iwonal in TS1 encoding.
            Default family used instead on input line 746.
LaTeX Info: Symbol \textminus not provided by
            font family iwonal in TS1 encoding.
            Default family used instead on input line 746.
LaTeX Info: Symbol \textminus not provided by
            font family iwonal in TS1 encoding.
            Default family used instead on input line 746.

LaTeX Warning: Reference `fig:Acou_AHXin_V1V2_Mid' on page 81 undefined on inpu
t line 750.


LaTeX Warning: Reference `fig:Acou_Regen_H1H2_High' on page 81 undefined on inp
ut line 756.

(../fig/fig_ConvNat_Acou/tex/fig_Acou_CHXin_H1H2_High.tex
Missing character: There is no ; in font nullfont!
Missing character: There is no ; in font nullfont!
Missing character: There is no ; in font nullfont!
Missing character: There is no ; in font nullfont!
PGFPlots: reading {{../fig/fig_ConvNat_Acou/data/DataMatTxtH1H2High/data_TC4_0b
eg_RixHigh_PhaseRIXHP-60°_OrientationH1_Qc0W_Serie1.txt}}
PGFPlots: reading {{../fig/fig_ConvNat_Acou/data/DataMatTxtH1H2High/data_TC5_0b
eg_RixHigh_PhaseRIXHP-60°_OrientationH1_Qc0W_Serie1.txt}}
PGFPlots: reading {{../fig/fig_ConvNat_Acou/data/DataMatTxtH1H2High/data_TC6_0b
eg_RixHigh_PhaseRIXHP-60°_OrientationH1_Qc0W_Serie1.txt}}
PGFPlots: reading {{../fig/fig_ConvNat_Acou/data/DataMatTxtH1H2High/data_TC4_0b
eg_RixHigh_PhaseRIXHP-60°_OrientationH2_Qc0W_Serie1.txt}}
PGFPlots: reading {{../fig/fig_ConvNat_Acou/data/DataMatTxtH1H2High/data_TC5_0b
eg_RixHigh_PhaseRIXHP-60°_OrientationH2_Qc0W_Serie1.txt}}
PGFPlots: reading {{../fig/fig_ConvNat_Acou/data/DataMatTxtH1H2High/data_TC6_0b
eg_RixHigh_PhaseRIXHP-60°_OrientationH2_Qc0W_Serie1.txt}}
) (../fig/fig_ConvNat_Acou/tex/fig_Acou_Regmid_H1H2_High.tex
Missing character: There is no ; in font nullfont!
Missing character: There is no ; in font nullfont!
Missing character: There is no ; in font nullfont!
Missing character: There is no ; in font nullfont!
PGFPlots: reading {{../fig/fig_ConvNat_Acou/data/DataMatTxtH1H2High/data_TC7_0b
eg_RixHigh_PhaseRIXHP-60°_OrientationH1_Qc0W_Serie1.txt}}
PGFPlots: reading {{../fig/fig_ConvNat_Acou/data/DataMatTxtH1H2High/data_TC8_0b
eg_RixHigh_PhaseRIXHP-60°_OrientationH1_Qc0W_Serie1.txt}}
PGFPlots: reading {{../fig/fig_ConvNat_Acou/data/DataMatTxtH1H2High/data_TC9_0b
eg_RixHigh_PhaseRIXHP-60°_OrientationH1_Qc0W_Serie1.txt}}
PGFPlots: reading {{../fig/fig_ConvNat_Acou/data/DataMatTxtH1H2High/data_TC7_0b
eg_RixHigh_PhaseRIXHP-60°_OrientationH2_Qc0W_Serie1.txt}}
PGFPlots: reading {{../fig/fig_ConvNat_Acou/data/DataMatTxtH1H2High/data_TC8_0b
eg_RixHigh_PhaseRIXHP-60°_OrientationH2_Qc0W_Serie1.txt}}
PGFPlots: reading {{../fig/fig_ConvNat_Acou/data/DataMatTxtH1H2High/data_TC9_0b
eg_RixHigh_PhaseRIXHP-60°_OrientationH2_Qc0W_Serie1.txt}}
) (../fig/fig_ConvNat_Acou/tex/fig_Acou_AHXin_H1H2_High.tex
Missing character: There is no ; in font nullfont!
Missing character: There is no ; in font nullfont!
Missing character: There is no ; in font nullfont!
Missing character: There is no ; in font nullfont!
PGFPlots: reading {{../fig/fig_ConvNat_Acou/data/DataMatTxtH1H2High/data_TC10_0
beg_RixHigh_PhaseRIXHP-60°_OrientationH1_Qc0W_Serie1.txt}}
PGFPlots: reading {{../fig/fig_ConvNat_Acou/data/DataMatTxtH1H2High/data_TC11_0
beg_RixHigh_PhaseRIXHP-60°_OrientationH1_Qc0W_Serie1.txt}}
PGFPlots: reading {{../fig/fig_ConvNat_Acou/data/DataMatTxtH1H2High/data_TC12_0
beg_RixHigh_PhaseRIXHP-60°_OrientationH1_Qc0W_Serie1.txt}}
PGFPlots: reading {{../fig/fig_ConvNat_Acou/data/DataMatTxtH1H2High/data_TC10_0
beg_RixHigh_PhaseRIXHP-60°_OrientationH2_Qc0W_Serie1.txt}}
PGFPlots: reading {{../fig/fig_ConvNat_Acou/data/DataMatTxtH1H2High/data_TC11_0
beg_RixHigh_PhaseRIXHP-60°_OrientationH2_Qc0W_Serie1.txt}}
PGFPlots: reading {{../fig/fig_ConvNat_Acou/data/DataMatTxtH1H2High/data_TC12_0
beg_RixHigh_PhaseRIXHP-60°_OrientationH2_Qc0W_Serie1.txt}}
)
File: ./external/fig_OrientationCore_H10.pdf Graphic file (type pdf)
<use ./external/fig_OrientationCore_H10.pdf>
Package pdftex.def Info: ./external/fig_OrientationCore_H10.pdf  used on input 
line 793.
(pdftex.def)             Requested size: 61.86597pt x 98.40991pt.
File: ./external/fig_OrientationCore_H20.pdf Graphic file (type pdf)
<use ./external/fig_OrientationCore_H20.pdf>
Package pdftex.def Info: ./external/fig_OrientationCore_H20.pdf  used on input 
line 797.
(pdftex.def)             Requested size: 78.28377pt x 94.151pt.

LaTeX Warning: Hyper reference `fig:Acou_CHXin_H1H2_High' on page 81 undefined 
on input line 801.


LaTeX Warning: Reference `sub@fig:Acou_CHXin_H1H2_High' on page 81 undefined on
 input line 801.


LaTeX Warning: Hyper reference `fig:Acou_Regmid_H1H2_High' on page 81 undefined
 on input line 801.


LaTeX Warning: Reference `sub@fig:Acou_Regmid_H1H2_High' on page 81 undefined o
n input line 801.


LaTeX Warning: Hyper reference `fig:Acou_AHXin_H1H2_High' on page 81 undefined 
on input line 801.


LaTeX Warning: Reference `sub@fig:Acou_AHXin_H1H2_High' on page 81 undefined on
 input line 801.


LaTeX Warning: Hyper reference `fig:Acou_CHXin_H1H2_High' on page 81 undefined 
on input line 801.


LaTeX Warning: Reference `sub@fig:Acou_CHXin_H1H2_High' on page 81 undefined on
 input line 801.


LaTeX Warning: Hyper reference `fig:Acou_Regmid_H1H2_High' on page 81 undefined
 on input line 801.


LaTeX Warning: Reference `sub@fig:Acou_Regmid_H1H2_High' on page 81 undefined o
n input line 801.


LaTeX Warning: Hyper reference `fig:Acou_AHXin_H1H2_High' on page 81 undefined 
on input line 801.


LaTeX Warning: Reference `sub@fig:Acou_AHXin_H1H2_High' on page 81 undefined on
 input line 801.


LaTeX Warning: Reference `fig:Acou_CHXin_H1H2_High' on page 81 undefined on inp
ut line 805.

LaTeX Info: Symbol \textminus not provided by
            font family iwonal in TS1 encoding.
            Default family used instead on input line 805.
LaTeX Info: Symbol \textminus not provided by
            font family iwonal in TS1 encoding.
            Default family used instead on input line 805.

LaTeX Warning: Reference `fig:Acou_CHXout_H1H2_High' on page 81 undefined on in
put line 807.


LaTeX Warning: Reference `fig:Acou_Regmid_H1H2_High' on page 81 undefined on in
put line 809.

LaTeX Info: Symbol \textminus not provided by
            font family iwonal in TS1 encoding.
            Default family used instead on input line 809.
LaTeX Info: Symbol \textminus not provided by
            font family iwonal in TS1 encoding.
            Default family used instead on input line 809.
LaTeX Info: Symbol \textminus not provided by
            font family iwonal in TS1 encoding.
            Default family used instead on input line 809.





LaTeX Warning: Reference `fig:Acou_AHXin_H1H2_High' on page 83 undefined on inp
ut line 812.


LaTeX Warning: Reference `fig:Acou_Regmid_H1H2_High' on page 83 undefined on in
put line 814.


LaTeX Warning: Hyper reference `fig:Acou_AHXin_H1H2_High' on page 83 undefined 
on input line 814.


LaTeX Warning: Reference `sub@fig:Acou_AHXin_H1H2_High' on page 83 undefined on
 input line 814.


LaTeX Warning: Reference `fig:Acou_Regen_V1V2_High' on page 83 undefined on inp
ut line 816.

(../fig/fig_ConvNat_Acou/tex/fig_Acou_CHXin_V1V2_High.tex
Missing character: There is no ; in font nullfont!
Missing character: There is no ; in font nullfont!
Missing character: There is no ; in font nullfont!
Missing character: There is no ; in font nullfont!
PGFPlots: reading {{../fig/fig_ConvNat_Acou/data/DataMatTxtV1V2High/data_TC4_0b
eg_RixHigh_PhaseRIXHP-60°_OrientationV1_Qc0W_Serie1.txt}}
PGFPlots: reading {{../fig/fig_ConvNat_Acou/data/DataMatTxtV1V2High/data_TC5_0b
eg_RixHigh_PhaseRIXHP-60°_OrientationV1_Qc0W_Serie1.txt}}
PGFPlots: reading {{../fig/fig_ConvNat_Acou/data/DataMatTxtV1V2High/data_TC6_0b
eg_RixHigh_PhaseRIXHP-60°_OrientationV1_Qc0W_Serie1.txt}}
PGFPlots: reading {{../fig/fig_ConvNat_Acou/data/DataMatTxtV1V2High/data_TC4_0b
eg_RixHigh_PhaseRIXHP-60°_OrientationV2_Qc0W_Serie1.txt}}
PGFPlots: reading {{../fig/fig_ConvNat_Acou/data/DataMatTxtV1V2High/data_TC5_0b
eg_RixHigh_PhaseRIXHP-60°_OrientationV2_Qc0W_Serie1.txt}}
PGFPlots: reading {{../fig/fig_ConvNat_Acou/data/DataMatTxtV1V2High/data_TC6_0b
eg_RixHigh_PhaseRIXHP-60°_OrientationV2_Qc0W_Serie1.txt}}
)
File: ./external/fig_OrientationCore_V10.pdf Graphic file (type pdf)
<use ./external/fig_OrientationCore_V10.pdf>
Package pdftex.def Info: ./external/fig_OrientationCore_V10.pdf  used on input 
line 833.
(pdftex.def)             Requested size: 75.50389pt x 94.151pt.
File: ./external/fig_OrientationCore_V20.pdf Graphic file (type pdf)
<use ./external/fig_OrientationCore_V20.pdf>
Package pdftex.def Info: ./external/fig_OrientationCore_V20.pdf  used on input 
line 837.
(pdftex.def)             Requested size: 75.50389pt x 94.151pt.
(../fig/fig_ConvNat_Acou/tex/fig_Acou_Regmid_V1V2_High.tex
Missing character: There is no ; in font nullfont!
Missing character: There is no ; in font nullfont!
Missing character: There is no ; in font nullfont!
Missing character: There is no ; in font nullfont!
PGFPlots: reading {{../fig/fig_ConvNat_Acou/data/DataMatTxtV1V2High/data_TC7_0b
eg_RixHigh_PhaseRIXHP-60°_OrientationV1_Qc0W_Serie1.txt}}
PGFPlots: reading {{../fig/fig_ConvNat_Acou/data/DataMatTxtV1V2High/data_TC8_0b
eg_RixHigh_PhaseRIXHP-60°_OrientationV1_Qc0W_Serie1.txt}}
PGFPlots: reading {{../fig/fig_ConvNat_Acou/data/DataMatTxtV1V2High/data_TC9_0b
eg_RixHigh_PhaseRIXHP-60°_OrientationV1_Qc0W_Serie1.txt}}
PGFPlots: reading {{../fig/fig_ConvNat_Acou/data/DataMatTxtV1V2High/data_TC7_0b
eg_RixHigh_PhaseRIXHP-60°_OrientationV2_Qc0W_Serie1.txt}}
PGFPlots: reading {{../fig/fig_ConvNat_Acou/data/DataMatTxtV1V2High/data_TC8_0b
eg_RixHigh_PhaseRIXHP-60°_OrientationV2_Qc0W_Serie1.txt}}
PGFPlots: reading {{../fig/fig_ConvNat_Acou/data/DataMatTxtV1V2High/data_TC9_0b
eg_RixHigh_PhaseRIXHP-60°_OrientationV2_Qc0W_Serie1.txt}}
) (../fig/fig_ConvNat_Acou/tex/fig_Acou_AHXin_V1V2_High.tex
Missing character: There is no ; in font nullfont!
Missing character: There is no ; in font nullfont!
Missing character: There is no ; in font nullfont!
Missing character: There is no ; in font nullfont!
PGFPlots: reading {{../fig/fig_ConvNat_Acou/data/DataMatTxtV1V2High/data_TC10_0
beg_RixHigh_PhaseRIXHP-60°_OrientationV1_Qc0W_Serie1.txt}}
PGFPlots: reading {{../fig/fig_ConvNat_Acou/data/DataMatTxtV1V2High/data_TC11_0
beg_RixHigh_PhaseRIXHP-60°_OrientationV1_Qc0W_Serie1.txt}}
PGFPlots: reading {{../fig/fig_ConvNat_Acou/data/DataMatTxtV1V2High/data_TC12_0
beg_RixHigh_PhaseRIXHP-60°_OrientationV1_Qc0W_Serie1.txt}}
PGFPlots: reading {{../fig/fig_ConvNat_Acou/data/DataMatTxtV1V2High/data_TC10_0
beg_RixHigh_PhaseRIXHP-60°_OrientationV2_Qc0W_Serie1.txt}}
PGFPlots: reading {{../fig/fig_ConvNat_Acou/data/DataMatTxtV1V2High/data_TC11_0
beg_RixHigh_PhaseRIXHP-60°_OrientationV2_Qc0W_Serie1.txt}}
PGFPlots: reading {{../fig/fig_ConvNat_Acou/data/DataMatTxtV1V2High/data_TC12_0
beg_RixHigh_PhaseRIXHP-60°_OrientationV2_Qc0W_Serie1.txt}}
)

LaTeX Warning: Hyper reference `fig:Acou_CHXin_V1V2_High' on page 83 undefined 
on input line 859.


LaTeX Warning: Reference `sub@fig:Acou_CHXin_V1V2_High' on page 83 undefined on
 input line 859.


LaTeX Warning: Hyper reference `fig:Acou_Regmid_V1V2_High' on page 83 undefined
 on input line 859.


LaTeX Warning: Reference `sub@fig:Acou_Regmid_V1V2_High' on page 83 undefined o
n input line 859.


LaTeX Warning: Hyper reference `fig:Acou_AHXin_V1V2_High' on page 83 undefined 
on input line 859.


LaTeX Warning: Reference `sub@fig:Acou_AHXin_V1V2_High' on page 83 undefined on
 input line 859.


LaTeX Warning: Hyper reference `fig:Acou_CHXin_V1V2_High' on page 83 undefined 
on input line 859.


LaTeX Warning: Reference `sub@fig:Acou_CHXin_V1V2_High' on page 83 undefined on
 input line 859.


LaTeX Warning: Hyper reference `fig:Acou_Regmid_V1V2_High' on page 83 undefined
 on input line 859.


LaTeX Warning: Reference `sub@fig:Acou_Regmid_V1V2_High' on page 83 undefined o
n input line 859.


LaTeX Warning: Hyper reference `fig:Acou_AHXin_V1V2_High' on page 83 undefined 
on input line 859.


LaTeX Warning: Reference `sub@fig:Acou_AHXin_V1V2_High' on page 83 undefined on
 input line 859.


LaTeX Warning: Reference `fig:Acou_CHXin_V1V2_High' on page 83 undefined on inp
ut line 863.

LaTeX Info: Symbol \textminus not provided by
            font family iwonal in TS1 encoding.
            Default family used instead on input line 863.

LaTeX Warning: Reference `fig:Acou_CHXout_V1V2_High' on page 83 undefined on in
put line 865.


LaTeX Warning: Reference `fig:Acou_Regmid_V1V2_High' on page 83 undefined on in
put line 867.

LaTeX Info: Symbol \textminus not provided by
            font family iwonal in TS1 encoding.
            Default family used instead on input line 867.
LaTeX Info: Symbol \textminus not provided by
            font family iwonal in TS1 encoding.
            Default family used instead on input line 867.
LaTeX Info: Symbol \textminus not provided by
            font family iwonal in TS1 encoding.
            Default family used instead on input line 867.

LaTeX Warning: Reference `fig:Acou_AHXin_V1V2_High' on page 83 undefined on inp
ut line 869.






LaTeX Warning: Reference `fig:Acou_Regmid_V1V2_High' on page 85 undefined on in
put line 871.


LaTeX Warning: Hyper reference `fig:Acou_AHXin_V1V2_High' on page 85 undefined 
on input line 871.


LaTeX Warning: Reference `sub@fig:Acou_AHXin_V1V2_High' on page 85 undefined on
 input line 871.


LaTeX Warning: Reference `fig:OrientationCore' on page 85 undefined on input li
ne 877.


LaTeX Warning: Reference `chap:MesureAvecAcou' on page 85 undefined on input li
ne 877.


LaTeX Warning: Reference `tab:RecapResultExpe' on page 85 undefined on input li
ne 877.


LaTeX Warning: Reference `fig:PerfConvNat_TaTf_DR' on page 85 undefined on inpu
t line 883.


LaTeX Warning: Hyper reference `fig:PerfConvNat_TaTf_DR2' on page 85 undefined 
on input line 883.


LaTeX Warning: Reference `sub@fig:PerfConvNat_TaTf_DR2' on page 85 undefined on
 input line 883.


LaTeX Warning: Hyper reference `fig:PerfConvNat_TaTf_DR35' on page 85 undefined
 on input line 883.


LaTeX Warning: Reference `sub@fig:PerfConvNat_TaTf_DR35' on page 85 undefined o
n input line 883.

(../fig/fig_PerfConvNat/tex/fig_PerfConvNat_TaTf_DR2.tex
Missing character: There is no ; in font nullfont!
Missing character: There is no ; in font nullfont!
PGFPlots: reading {../fig/fig_PerfConvNat/data/V1_Thetaf_Qc_DR2.txt}
Missing character: There is no ; in font nullfont!
PGFPlots: reading {../fig/fig_PerfConvNat/data/V1_Thetaa_Qc_DR2.txt}
Missing character: There is no ; in font nullfont!
PGFPlots: reading {../fig/fig_PerfConvNat/data/V2_Thetaf_Qc_DR2.txt}
Missing character: There is no ; in font nullfont!
PGFPlots: reading {../fig/fig_PerfConvNat/data/V2_Thetaa_Qc_DR2.txt}
Missing character: There is no ; in font nullfont!
PGFPlots: reading {../fig/fig_PerfConvNat/data/H1_Thetaf_Qc_DR2.txt}
Missing character: There is no ; in font nullfont!
PGFPlots: reading {../fig/fig_PerfConvNat/data/H1_Thetaa_Qc_DR2.txt}
Missing character: There is no ; in font nullfont!
PGFPlots: reading {../fig/fig_PerfConvNat/data/H2_Thetaf_Qc_DR2.txt}
Missing character: There is no ; in font nullfont!
PGFPlots: reading {../fig/fig_PerfConvNat/data/H2_Thetaa_Qc_DR2.txt}
Missing character: There is no ; in font nullfont!
) (../fig/fig_PerfConvNat/tex/fig_PerfConvNat_TaTf_DR35.tex
Missing character: There is no ; in font nullfont!
Missing character: There is no ; in font nullfont!
PGFPlots: reading {../fig/fig_PerfConvNat/data/V1_Thetaf_Qc_DR35.txt}
PGFPlots: reading {../fig/fig_PerfConvNat/data/V2_Thetaf_Qc_DR35.txt}
PGFPlots: reading {../fig/fig_PerfConvNat/data/H1_Thetaf_Qc_DR35.txt}
PGFPlots: reading {../fig/fig_PerfConvNat/data/H2_Thetaf_Qc_DR35.txt}
PGFPlots: reading {../fig/fig_PerfConvNat/data/V1_Thetaa_Qc_DR35.txt}
PGFPlots: reading {../fig/fig_PerfConvNat/data/V2_Thetaa_Qc_DR35.txt}
PGFPlots: reading {../fig/fig_PerfConvNat/data/H1_Thetaa_Qc_DR35.txt}
PGFPlots: reading {../fig/fig_PerfConvNat/data/H2_Thetaa_Qc_DR35.txt}
)
File: ./external/fig_OrientationCore_V10.pdf Graphic file (type pdf)
<use ./external/fig_OrientationCore_V10.pdf>
Package pdftex.def Info: ./external/fig_OrientationCore_V10.pdf  used on input 
line 941.
(pdftex.def)             Requested size: 95.13564pt x 118.63118pt.
File: ./external/fig_OrientationCore_V20.pdf Graphic file (type pdf)
<use ./external/fig_OrientationCore_V20.pdf>
Package pdftex.def Info: ./external/fig_OrientationCore_V20.pdf  used on input 
line 944.
(pdftex.def)             Requested size: 95.13564pt x 118.63118pt.
File: ./external/fig_OrientationCore_H10.pdf Graphic file (type pdf)
<use ./external/fig_OrientationCore_H10.pdf>
Package pdftex.def Info: ./external/fig_OrientationCore_H10.pdf  used on input 
line 947.
(pdftex.def)             Requested size: 77.95172pt x 123.99745pt.
File: ./external/fig_OrientationCore_H20.pdf Graphic file (type pdf)
<use ./external/fig_OrientationCore_H20.pdf>
Package pdftex.def Info: ./external/fig_OrientationCore_H20.pdf  used on input 
line 950.
(pdftex.def)             Requested size: 98.6383pt x 118.63118pt.

LaTeX Warning: Hyper reference `fig:PerfConvNat_TaTf_DR2' on page 85 undefined 
on input line 952.


LaTeX Warning: Reference `sub@fig:PerfConvNat_TaTf_DR2' on page 85 undefined on
 input line 952.


LaTeX Warning: Hyper reference `fig:PerfConvNat_TaTf_DR35' on page 85 undefined
 on input line 952.


LaTeX Warning: Reference `sub@fig:PerfConvNat_TaTf_DR35' on page 85 undefined o
n input line 952.


LaTeX Warning: Hyper reference `fig:PerfConvNat_TaTf_DR2' on page 85 undefined 
on input line 952.


LaTeX Warning: Reference `sub@fig:PerfConvNat_TaTf_DR2' on page 85 undefined on
 input line 952.


LaTeX Warning: Hyper reference `fig:PerfConvNat_TaTf_DR35' on page 85 undefined
 on input line 952.


LaTeX Warning: Reference `sub@fig:PerfConvNat_TaTf_DR35' on page 85 undefined o
n input line 952.


LaTeX Warning: Reference `fig:PerfConvNat_Qa_DR' on page 85 undefined on input 
line 1046.


LaTeX Warning: Hyper reference `fig:PerfConvNat_Qa_DR2' on page 85 undefined on
 input line 1046.


LaTeX Warning: Reference `sub@fig:PerfConvNat_Qa_DR2' on page 85 undefined on i
nput line 1046.


LaTeX Warning: Hyper reference `fig:PerfConvNat_Qa_DR35' on page 85 undefined o
n input line 1046.


LaTeX Warning: Reference `sub@fig:PerfConvNat_Qa_DR35' on page 85 undefined on 
input line 1046.

(../fig/fig_PerfConvNat/tex/fig_PerfConvNat_Qa_DR2.tex
Missing character: There is no ; in font nullfont!
Missing character: There is no ; in font nullfont!
PGFPlots: reading {../fig/fig_PerfConvNat/data/V1_Qa_Qc_DR2.txt}
Missing character: There is no ; in font nullfont!
PGFPlots: reading {../fig/fig_PerfConvNat/data/V2_Qa_Qc_DR2.txt}
Missing character: There is no ; in font nullfont!
PGFPlots: reading {../fig/fig_PerfConvNat/data/H1_Qa_Qc_DR2.txt}
Missing character: There is no ; in font nullfont!
PGFPlots: reading {../fig/fig_PerfConvNat/data/H2_Qa_Qc_DR2.txt}
Missing character: There is no ; in font nullfont!
PGFPlots: reading {../fig/fig_PerfConvNat/data/DeltaEC_V1_Qa_Qc_DR2.txt}
PGFPlots: reading {../fig/fig_PerfConvNat/data/DeltaEC_V2_Qa_Qc_DR2.txt}
PGFPlots: reading {../fig/fig_PerfConvNat/data/DeltaEC_H1_Qa_Qc_DR2.txt}
PGFPlots: reading {../fig/fig_PerfConvNat/data/DeltaEC_H2_Qa_Qc_DR2.txt}
) (../fig/fig_PerfConvNat/tex/fig_PerfConvNat_Qa_DR35.tex
Missing character: There is no ; in font nullfont!
Missing character: There is no ; in font nullfont!
PGFPlots: reading {../fig/fig_PerfConvNat/data/V1_Qa_Qc_DR35.txt}
PGFPlots: reading {../fig/fig_PerfConvNat/data/V2_Qa_Qc_DR35.txt}
PGFPlots: reading {../fig/fig_PerfConvNat/data/H1_Qa_Qc_DR35.txt}
PGFPlots: reading {../fig/fig_PerfConvNat/data/H2_Qa_Qc_DR35.txt}
PGFPlots: reading {../fig/fig_PerfConvNat/data/DeltaEC_V1_Qa_Qc_DR35.txt}
PGFPlots: reading {../fig/fig_PerfConvNat/data/DeltaEC_V2_Qa_Qc_DR35.txt}
PGFPlots: reading {../fig/fig_PerfConvNat/data/DeltaEC_H1_Qa_Qc_DR35.txt}
PGFPlots: reading {../fig/fig_PerfConvNat/data/DeltaEC_H2_Qa_Qc_DR35.txt}
)
File: ./external/fig_OrientationCore_V10.pdf Graphic file (type pdf)
<use ./external/fig_OrientationCore_V10.pdf>
Package pdftex.def Info: ./external/fig_OrientationCore_V10.pdf  used on input 
line 1068.
(pdftex.def)             Requested size: 98.15413pt x 122.39516pt.
File: ./external/fig_OrientationCore_V20.pdf Graphic file (type pdf)
<use ./external/fig_OrientationCore_V20.pdf>
Package pdftex.def Info: ./external/fig_OrientationCore_V20.pdf  used on input 
line 1071.
(pdftex.def)             Requested size: 98.15413pt x 122.39516pt.
File: ./external/fig_OrientationCore_H10.pdf Graphic file (type pdf)
<use ./external/fig_OrientationCore_H10.pdf>
Package pdftex.def Info: ./external/fig_OrientationCore_H10.pdf  used on input 
line 1074.
(pdftex.def)             Requested size: 80.42499pt x 127.93169pt.
File: ./external/fig_OrientationCore_H20.pdf Graphic file (type pdf)
<use ./external/fig_OrientationCore_H20.pdf>
Package pdftex.def Info: ./external/fig_OrientationCore_H20.pdf  used on input 
line 1077.
(pdftex.def)             Requested size: 101.76793pt x 122.39516pt.

LaTeX Warning: Hyper reference `fig:PerfConvNat_Qa_DR2' on page 85 undefined on
 input line 1079.


LaTeX Warning: Reference `sub@fig:PerfConvNat_Qa_DR2' on page 85 undefined on i
nput line 1079.


LaTeX Warning: Hyper reference `fig:PerfConvNat_Qa_DR35' on page 85 undefined o
n input line 1079.


LaTeX Warning: Reference `sub@fig:PerfConvNat_Qa_DR35' on page 85 undefined on 
input line 1079.


LaTeX Warning: Hyper reference `fig:PerfConvNat_Qa_DR2' on page 85 undefined on
 input line 1079.


LaTeX Warning: Reference `sub@fig:PerfConvNat_Qa_DR2' on page 85 undefined on i
nput line 1079.


LaTeX Warning: Hyper reference `fig:PerfConvNat_Qa_DR35' on page 85 undefined o
n input line 1079.


LaTeX Warning: Reference `sub@fig:PerfConvNat_Qa_DR35' on page 85 undefined on 
input line 1079.


LaTeX Warning: Reference `fig:PerfConvNat_Qa_DR' on page 85 undefined on input 
line 1083.




LaTeX Warning: Reference `fig:PerfConvNat_COP_DR' on page 86 undefined on input
 line 1099.


LaTeX Warning: Hyper reference `fig:PerfConvNat_COP_DR2' on page 86 undefined o
n input line 1099.


LaTeX Warning: Reference `sub@fig:PerfConvNat_COP_DR2' on page 86 undefined on 
input line 1099.


LaTeX Warning: Hyper reference `fig:PerfConvNat_COP_DR35' on page 86 undefined 
on input line 1099.


LaTeX Warning: Reference `sub@fig:PerfConvNat_COP_DR35' on page 86 undefined on
 input line 1099.

Excluding 'comment' comment. (../fig/fig_PerfConvNat/tex/fig_PerfConvNat_COP_DR
2.tex
Missing character: There is no ; in font nullfont!
Missing character: There is no ; in font nullfont!
PGFPlots: reading {../fig/fig_PerfConvNat/data/V1_COP_Qc_DR2.txt}
Missing character: There is no ; in font nullfont!
PGFPlots: reading {../fig/fig_PerfConvNat/data/V2_COP_Qc_DR2.txt}
Missing character: There is no ; in font nullfont!
PGFPlots: reading {../fig/fig_PerfConvNat/data/H1_COP_Qc_DR2.txt}
Missing character: There is no ; in font nullfont!
PGFPlots: reading {../fig/fig_PerfConvNat/data/H2_COP_Qc_DR2.txt}
Missing character: There is no ; in font nullfont!
) (../fig/fig_PerfConvNat/tex/fig_PerfConvNat_COP_DR35.tex
Missing character: There is no ; in font nullfont!
Missing character: There is no ; in font nullfont!
PGFPlots: reading {../fig/fig_PerfConvNat/data/V1_COP_Qc_DR35.txt}
PGFPlots: reading {../fig/fig_PerfConvNat/data/V2_COP_Qc_DR35.txt}
PGFPlots: reading {../fig/fig_PerfConvNat/data/H1_COP_Qc_DR35.txt}
PGFPlots: reading {../fig/fig_PerfConvNat/data/H2_COP_Qc_DR35.txt}
)
File: ./external/fig_OrientationCore_V10.pdf Graphic file (type pdf)
<use ./external/fig_OrientationCore_V10.pdf>
Package pdftex.def Info: ./external/fig_OrientationCore_V10.pdf  used on input 
line 1300.
(pdftex.def)             Requested size: 98.15413pt x 122.39516pt.
File: ./external/fig_OrientationCore_V20.pdf Graphic file (type pdf)
<use ./external/fig_OrientationCore_V20.pdf>
Package pdftex.def Info: ./external/fig_OrientationCore_V20.pdf  used on input 
line 1303.
(pdftex.def)             Requested size: 98.15413pt x 122.39516pt.
File: ./external/fig_OrientationCore_H10.pdf Graphic file (type pdf)
<use ./external/fig_OrientationCore_H10.pdf>
Package pdftex.def Info: ./external/fig_OrientationCore_H10.pdf  used on input 
line 1306.
(pdftex.def)             Requested size: 80.42499pt x 127.93169pt.
File: ./external/fig_OrientationCore_H20.pdf Graphic file (type pdf)
<use ./external/fig_OrientationCore_H20.pdf>
Package pdftex.def Info: ./external/fig_OrientationCore_H20.pdf  used on input 
line 1309.
(pdftex.def)             Requested size: 101.76793pt x 122.39516pt.

LaTeX Warning: Hyper reference `fig:PerfConvNat_COP_DR2' on page 86 undefined o
n input line 1311.


LaTeX Warning: Reference `sub@fig:PerfConvNat_COP_DR2' on page 86 undefined on 
input line 1311.


LaTeX Warning: Hyper reference `fig:PerfConvNat_COP_DR35' on page 86 undefined 
on input line 1311.


LaTeX Warning: Reference `sub@fig:PerfConvNat_COP_DR35' on page 86 undefined on
 input line 1311.


LaTeX Warning: Hyper reference `fig:PerfConvNat_COP_DR2' on page 86 undefined o
n input line 1311.


LaTeX Warning: Reference `sub@fig:PerfConvNat_COP_DR2' on page 86 undefined on 
input line 1311.


LaTeX Warning: Hyper reference `fig:PerfConvNat_COP_DR35' on page 86 undefined 
on input line 1311.


LaTeX Warning: Reference `sub@fig:PerfConvNat_COP_DR35' on page 86 undefined on
 input line 1311.


LaTeX Warning: Reference `fig:PerfConvNat_COP_DR' on page 86 undefined on input
 line 1315.


LaTeX Warning: Reference `fig:PerfConvNat_COP_DR2' on page 86 undefined on inpu
t line 1315.


LaTeX Warning: Reference `fig:PerfConvNat_COP_DR35' on page 86 undefined on inp
ut line 1315.




LaTeX Warning: Reference `fig:OrientationCore' on page 87 undefined on input li
ne 1336.




LaTeX Warning: Reference `fig:SuperpositionComsol' on page 88 undefined on inpu
t line 1342.




LaTeX Warning: Reference `fig:Acou_Regen_H1H2_High' on page 89 undefined on inp
ut line 1344.


LaTeX Warning: Reference `fig:Acou_Regen_V1V2_High' on page 89 undefined on inp
ut line 1344.


LaTeX Warning: Reference `chap:EtudeExpe' on page 89 undefined on input line 13
44.

) (Conclusion.tex



Chapitre V.



LaTeX Warning: Reference `chap:EtudeExpe' on page 92 undefined on input line 58
.


LaTeX Warning: Citation 'mergui_convection_1996' on page 92 undefined on input 
line 58.




LaTeX Warning: Reference `fig:CanisterPlastique' on page 93 undefined on input 
line 65.

<../fig/fig_CanisterPlastique/fig_CanisterPlastique.pdf, id=131, 2810.21107pt x
 1378.27618pt>
File: ../fig/fig_CanisterPlastique/fig_CanisterPlastique.pdf Graphic file (type
 pdf)
<use ../fig/fig_CanisterPlastique/fig_CanisterPlastique.pdf>
Package pdftex.def Info: ../fig/fig_CanisterPlastique/fig_CanisterPlastique.pdf
  used on input line 69.
(pdftex.def)             Requested size: 338.5863pt x 166.05899pt.

LaTeX Warning: Reference `fig:Comsol_CHXout_H1H2_Low' on page 93 undefined on i
nput line 75.


LaTeX Warning: Reference `fig:Comsol_CHXout_V1V2_Low' on page 93 undefined on i
nput line 75.


LaTeX Warning: Reference `eq:ConductiviteTensiorielle' on page 93 undefined on 
input line 75.


LaTeX Warning: Reference `fig:ActiveControl_ADAU1701' on page 93 undefined on i
nput line 93.


LaTeX Warning: Reference `fig:ActiveControl_Teensy41' on page 93 undefined on i
nput line 93.



<../fig/fig_ActiveControl/ADAU1701.png, id=132, 444.91219pt x 422.32782pt>
File: ../fig/fig_ActiveControl/ADAU1701.png Graphic file (type png)
<use ../fig/fig_ActiveControl/ADAU1701.png>
Package pdftex.def Info: ../fig/fig_ActiveControl/ADAU1701.png  used on input l
ine 102.
(pdftex.def)             Requested size: 149.87643pt x 142.26378pt.
<../fig/fig_ActiveControl/Teensy41.png, id=133, 807.7678pt x 589.4522pt>
File: ../fig/fig_ActiveControl/Teensy41.png Graphic file (type png)
<use ../fig/fig_ActiveControl/Teensy41.png>
Package pdftex.def Info: ../fig/fig_ActiveControl/Teensy41.png  used on input l
ine 109.
(pdftex.def)             Requested size: 194.95288pt x 142.26378pt.

LaTeX Warning: Hyper reference `fig:ActiveControl_ADAU1701' on page 94 undefine
d on input line 113.


LaTeX Warning: Reference `sub@fig:ActiveControl_ADAU1701' on page 94 undefined 
on input line 113.


LaTeX Warning: Hyper reference `fig:ActiveControl_Teensy41' on page 94 undefine
d on input line 113.


LaTeX Warning: Reference `sub@fig:ActiveControl_Teensy41' on page 94 undefined 
on input line 113.


LaTeX Warning: Hyper reference `fig:ActiveControl_ADAU1701' on page 94 undefine
d on input line 113.


LaTeX Warning: Reference `sub@fig:ActiveControl_ADAU1701' on page 94 undefined 
on input line 113.


LaTeX Warning: Hyper reference `fig:ActiveControl_Teensy41' on page 94 undefine
d on input line 113.


LaTeX Warning: Reference `sub@fig:ActiveControl_Teensy41' on page 94 undefined 
on input line 113.

LaTeX Info: Symbol \textmu not provided by
            font family iwonal in TS1 encoding.
            Default family used instead on input line 117.

LaTeX Warning: Reference `fig:CiareCSW7012EVO' on page 94 undefined on input li
ne 121.

<../fig/fig_CiareCSW7012EVO/CSW7012EVO.jpg, id=134, 501.875pt x 501.875pt>
File: ../fig/fig_CiareCSW7012EVO/CSW7012EVO.jpg Graphic file (type jpg)
<use ../fig/fig_CiareCSW7012EVO/CSW7012EVO.jpg>
Package pdftex.def Info: ../fig/fig_CiareCSW7012EVO/CSW7012EVO.jpg  used on inp
ut line 125.
(pdftex.def)             Requested size: 142.26239pt x 142.26378pt.



LaTeX Warning: Reference `chap:FEM' on page 95 undefined on input line 135.


LaTeX Warning: Reference `fig:Geometrie_FeedbackLoop' on page 95 undefined on i
nput line 137.

(../fig/fig_ConvNatComsol/tex/fig_Geometrie_FeedbackLoop.tex
Missing character: There is no ; in font nullfont!
Missing character: There is no ; in font nullfont!
Missing character: There is no ; in font nullfont!
Missing character: There is no ; in font nullfont!
Missing character: There is no ; in font nullfont!
Missing character: There is no ; in font nullfont!
Missing character: There is no ; in font nullfont!
Missing character: There is no ; in font nullfont!
Missing character: There is no ; in font nullfont!
Missing character: There is no ; in font nullfont!
Missing character: There is no ; in font nullfont!
)

LaTeX Warning: Reference `chap:FEM' on page 95 undefined on input line 152.



)

(CoeffH_Transitoire.tex
Annexe A.

LaTeX Warning: Reference `tab:CoeffH_Transitoire' on page a undefined on input 
line 3.


LaTeX Warning: Reference `fig:ExempleTransitoireH2' on page a undefined on inpu
t line 3.

LaTeX Info: Symbol \textminus not provided by
            font family iwonal in TS1 encoding.
            Default family used instead on input line 7.
LaTeX Info: Symbol \textminus not provided by
            font family iwonal in TS1 encoding.
            Default family used instead on input line 7.
LaTeX Info: Symbol \textminus not provided by
            font family iwonal in TS1 encoding.
            Default family used instead on input line 7.
LaTeX Info: Symbol \textminus not provided by
            font family iwonal in TS1 encoding.
            Default family used instead on input line 7.
) (InstrumHP.tex



Annexe B.

LaTeX Warning: Reference `fig:HPPeerless_WithAcc' on page c undefined on input 
line 13.

<../fig/fig_InstrumentationHP/HPPeerless_WithAcc.png, id=135, 667.0521pt x 557.
2017pt>
File: ../fig/fig_InstrumentationHP/HPPeerless_WithAcc.png Graphic file (type pn
g)
<use ../fig/fig_InstrumentationHP/HPPeerless_WithAcc.png>
Package pdftex.def Info: ../fig/fig_InstrumentationHP/HPPeerless_WithAcc.png  u
sed on input line 19.
(pdftex.def)             Requested size: 338.5863pt x 282.83426pt.
) (RecapCondExpe.tex



Annexe C.

LaTeX Warning: Reference `chap:EtudeExpe' on page e undefined on input line 3.


LaTeX Warning: Reference `tab:RecapCondExpe' on page e undefined on input line 
3.


LaTeX Warning: Reference `tab:RecapResultExpe' on page e undefined on input lin
e 5.

LaTeX Info: Symbol \textminus not provided by
            font family iwonal in TS1 encoding.
            Default family used instead on input line 14.

LaTeX Warning: Reference `tab:RecapCondExpe' on page e undefined on input line 
16.

LaTeX Info: Symbol \textminus not provided by
            font family iwonal in TS1 encoding.
            Default family used instead on input line 19.
LaTeX Info: Symbol \textminus not provided by
            font family iwonal in TS1 encoding.
            Default family used instead on input line 26.
LaTeX Info: Symbol \textminus not provided by
            font family iwonal in TS1 encoding.
            Default family used instead on input line 27.
LaTeX Info: Symbol \textminus not provided by
            font family iwonal in TS1 encoding.
            Default family used instead on input line 28.
LaTeX Info: Symbol \textminus not provided by
            font family iwonal in TS1 encoding.
            Default family used instead on input line 29.
LaTeX Info: Symbol \textminus not provided by
            font family iwonal in TS1 encoding.
            Default family used instead on input line 30.
LaTeX Info: Symbol \textminus not provided by
            font family iwonal in TS1 encoding.
            Default family used instead on input line 31.
LaTeX Info: Symbol \textminus not provided by
            font family iwonal in TS1 encoding.
            Default family used instead on input line 32.
LaTeX Info: Symbol \textminus not provided by
            font family iwonal in TS1 encoding.
            Default family used instead on input line 36.
LaTeX Info: Symbol \textminus not provided by
            font family iwonal in TS1 encoding.
            Default family used instead on input line 37.
LaTeX Info: Symbol \textminus not provided by
            font family iwonal in TS1 encoding.
            Default family used instead on input line 38.
LaTeX Info: Symbol \textminus not provided by
            font family iwonal in TS1 encoding.
            Default family used instead on input line 39.
LaTeX Info: Symbol \textminus not provided by
            font family iwonal in TS1 encoding.
            Default family used instead on input line 40.
LaTeX Info: Symbol \textminus not provided by
            font family iwonal in TS1 encoding.
            Default family used instead on input line 41.
LaTeX Info: Symbol \textminus not provided by
            font family iwonal in TS1 encoding.
            Default family used instead on input line 42.
LaTeX Info: Symbol \textminus not provided by
            font family iwonal in TS1 encoding.
            Default family used instead on input line 46.
LaTeX Info: Symbol \textminus not provided by
            font family iwonal in TS1 encoding.
            Default family used instead on input line 47.
LaTeX Info: Symbol \textminus not provided by
            font family iwonal in TS1 encoding.
            Default family used instead on input line 48.
LaTeX Info: Symbol \textminus not provided by
            font family iwonal in TS1 encoding.
            Default family used instead on input line 49.
LaTeX Info: Symbol \textminus not provided by
            font family iwonal in TS1 encoding.
            Default family used instead on input line 50.
LaTeX Info: Symbol \textminus not provided by
            font family iwonal in TS1 encoding.
            Default family used instead on input line 51.
LaTeX Info: Symbol \textminus not provided by
            font family iwonal in TS1 encoding.
            Default family used instead on input line 52.
LaTeX Info: Symbol \textminus not provided by
            font family iwonal in TS1 encoding.
            Default family used instead on input line 56.
LaTeX Info: Symbol \textminus not provided by
            font family iwonal in TS1 encoding.
            Default family used instead on input line 57.
LaTeX Info: Symbol \textminus not provided by
            font family iwonal in TS1 encoding.
            Default family used instead on input line 58.
LaTeX Info: Symbol \textminus not provided by
            font family iwonal in TS1 encoding.
            Default family used instead on input line 59.
LaTeX Info: Symbol \textminus not provided by
            font family iwonal in TS1 encoding.
            Default family used instead on input line 60.
LaTeX Info: Symbol \textminus not provided by
            font family iwonal in TS1 encoding.
            Default family used instead on input line 61.
LaTeX Info: Symbol \textminus not provided by
            font family iwonal in TS1 encoding.
            Default family used instead on input line 62.

Package longtable Warning: Column widths have changed
(longtable)                in table C.1 on input line 63.

) (DeltaECProgrammeComplet.tex

Annexe D.

LaTeX Warning: Reference `fig:PerfConvNat_TaTf_DR' on page g undefined on input
 line 3.


LaTeX Warning: Reference `fig:PerfConvNat_Qa_DR' on page g undefined on input l
ine 3.


LaTeX Warning: Reference `fig:PerfConvNat_COP_DR' on page g undefined on input 
line 3.















)


LaTeX Warning: Empty bibliography on input line 516.

(Abstract.tex)


Package longtable Warning: Table widths have changed. Rerun LaTeX.

 ***********
LaTeX2e <2024-11-01> patch level 2
L3 programming layer <2025-01-18>
 ***********

LaTeX Warning: There were undefined references.


Package biblatex Warning: Please (re)run Biber on the file:
(biblatex)                external/fig_ExempleTransitoireH2_Mid0
(biblatex)                and rerun LaTeX afterwards.

Package logreq Info: Writing requests to 'external/fig_ExempleTransitoireH2_Mid
0.run.xml'.
\openout1 = `external/fig_ExempleTransitoireH2_Mid0.run.xml'.

 ) 
Here is how much of TeX's memory you used:
 81772 strings out of 473523
 2119034 string characters out of 5707334
 3532192 words of memory out of 5000000
 103048 multiletter control sequences out of 15000+600000
 746859 words of font info for 209 fonts, out of 8000000 for 9000
 1141 hyphenation exceptions out of 8191
 93i,22n,162p,2782b,3309s stack positions out of 10000i,1000n,20000p,200000b,200000s
<C:/Users/juliette utilisateur/AppData/Local/Programs/MiKTeX/fonts/type1/nowa
cki/iwona/iwonal.pfb><C:/Users/juliette utilisateur/AppData/Local/Programs/MiKT
eX/fonts/type1/nowacki/iwona/iwonali.pfb>
Output written on external/fig_ExempleTransitoireH2_Mid0.pdf (1 page, 408818 by
tes).
PDF statistics:
 155 PDF objects out of 1000 (max. 8388607)
 2 named destinations out of 1000 (max. 500000)
 487 words of extra memory for PDF output out of 10000 (max. 10000000)

