   3.0000000e-04  -3.0000000e+01  -2.2957000e-02
   3.0000000e-04  -2.7000000e+01  -9.3320000e-03
   3.0000000e-04  -2.4000000e+01   2.2654000e-03
   3.0000000e-04  -2.1000000e+01   1.1844000e-02
   3.0000000e-04  -1.8000000e+01   1.9416000e-02
   3.0000000e-04  -1.5000000e+01   2.4995000e-02
   3.0000000e-04  -1.2000000e+01   2.8596000e-02
   3.0000000e-04  -9.0000000e+00   3.0236000e-02
   3.0000000e-04  -6.0000000e+00   2.9935000e-02
   3.0000000e-04  -3.0000000e+00   2.7711000e-02
   3.0000000e-04  -1.3323000e-15   2.3586000e-02
   3.0000000e-04   3.0000000e+00   1.7582000e-02
   3.0000000e-04   6.0000000e+00   9.7214000e-03
   3.0000000e-04   9.0000000e+00   2.7693000e-05
   3.0000000e-04   1.2000000e+01  -1.1474000e-02
   3.0000000e-04   1.5000000e+01  -2.4759000e-02
   3.0000000e-04   1.8000000e+01  -3.9800000e-02
   3.0000000e-04   2.1000000e+01  -5.6569000e-02
   3.0000000e-04   2.4000000e+01  -7.5035000e-02
   3.0000000e-04   2.7000000e+01  -9.5169000e-02
   3.0000000e-04   3.0000000e+01  -1.1693000e-01
   4.9850000e-04   2.7300000e+01   2.5230000e-01
   4.9850000e-04   2.4300000e+01   2.8205000e-01
   4.9850000e-04   2.1300000e+01   3.0942000e-01
   4.9850000e-04   1.8300000e+01   3.3439000e-01
   4.9850000e-04   1.5300000e+01   3.5693000e-01
   4.9850000e-04   1.2300000e+01   3.7704000e-01
   4.9850000e-04   9.3000000e+00   3.9469000e-01
   4.9850000e-04   6.3000000e+00   4.0985000e-01
   4.9850000e-04   3.3000000e+00   4.2251000e-01
   4.9850000e-04   3.0000000e-01   4.3262000e-01
   4.9850000e-04  -2.7000000e+00   4.4016000e-01
   4.9850000e-04  -5.7000000e+00   4.4509000e-01
   4.9850000e-04  -8.7000000e+00   4.4737000e-01
   4.9850000e-04  -1.1700000e+01   4.4695000e-01
   4.9850000e-04  -1.4700000e+01   4.4380000e-01
   4.9850000e-04  -1.7700000e+01   4.3784000e-01
   4.9850000e-04  -2.0700000e+01   4.2905000e-01
   4.9850000e-04  -2.3700000e+01   4.1735000e-01
   4.9850000e-04  -2.6700000e+01   4.0270000e-01
   4.9850000e-04  -2.9700000e+01   3.8503000e-01
   6.9700000e-04  -2.7600000e+01   7.3616000e-01
   6.9700000e-04  -2.4600000e+01   7.5279000e-01
   6.9700000e-04  -2.1600000e+01   7.6580000e-01
   6.9700000e-04  -1.8600000e+01   7.7528000e-01
   6.9700000e-04  -1.5600000e+01   7.8136000e-01
   6.9700000e-04  -1.2600000e+01   7.8412000e-01
   6.9700000e-04  -9.6000000e+00   7.8365000e-01
   6.9700000e-04  -6.6000000e+00   7.8002000e-01
   6.9700000e-04  -3.6000000e+00   7.7332000e-01
   6.9700000e-04  -6.0000000e-01   7.6359000e-01
   6.9700000e-04   2.4000000e+00   7.5088000e-01
   6.9700000e-04   5.4000000e+00   7.3525000e-01
   6.9700000e-04   8.4000000e+00   7.1671000e-01
   6.9700000e-04   1.1400000e+01   6.9529000e-01
   6.9700000e-04   1.4400000e+01   6.7100000e-01
   6.9700000e-04   1.7400000e+01   6.4387000e-01
   6.9700000e-04   2.0400000e+01   6.1387000e-01
   6.9700000e-04   2.3400000e+01   5.8102000e-01
   6.9700000e-04   2.6400000e+01   5.4529000e-01
   6.9700000e-04   2.9400000e+01   5.0667000e-01
   8.9550000e-04   2.7900000e+01   7.5597000e-01
   8.9550000e-04   2.4900000e+01   7.9799000e-01
   8.9550000e-04   2.1900000e+01   8.3679000e-01
   8.9550000e-04   1.8900000e+01   8.7241000e-01
   8.9550000e-04   1.5900000e+01   9.0490000e-01
   8.9550000e-04   1.2900000e+01   9.3429000e-01
   8.9550000e-04   9.9000000e+00   9.6059000e-01
   8.9550000e-04   6.9000000e+00   9.8381000e-01
   8.9550000e-04   3.9000000e+00   1.0040000e+00
   8.9550000e-04   9.0000000e-01   1.0210000e+00
   8.9550000e-04  -2.1000000e+00   1.0349000e+00
   8.9550000e-04  -5.1000000e+00   1.0456000e+00
   8.9550000e-04  -8.1000000e+00   1.0531000e+00
   8.9550000e-04  -1.1100000e+01   1.0572000e+00
   8.9550000e-04  -1.4100000e+01   1.0579000e+00
   8.9550000e-04  -1.7100000e+01   1.0551000e+00
   8.9550000e-04  -2.0100000e+01   1.0486000e+00
   8.9550000e-04  -2.3100000e+01   1.0383000e+00
   8.9550000e-04  -2.6100000e+01   1.0240000e+00
   8.9550000e-04  -2.9100000e+01   1.0057000e+00
   1.0940000e-03  -2.8200000e+01   1.2430000e+00
   1.0940000e-03  -2.5200000e+01   1.2591000e+00
   1.0940000e-03  -2.2200000e+01   1.2709000e+00
   1.0940000e-03  -1.9200000e+01   1.2786000e+00
   1.0940000e-03  -1.6200000e+01   1.2823000e+00
   1.0940000e-03  -1.3200000e+01   1.2824000e+00
   1.0940000e-03  -1.0200000e+01   1.2788000e+00
   1.0940000e-03  -7.2000000e+00   1.2717000e+00
   1.0940000e-03  -4.2000000e+00   1.2613000e+00
   1.0940000e-03  -1.2000000e+00   1.2475000e+00
   1.0940000e-03   1.8000000e+00   1.2306000e+00
   1.0940000e-03   4.8000000e+00   1.2105000e+00
   1.0940000e-03   7.8000000e+00   1.1872000e+00
   1.0940000e-03   1.0800000e+01   1.1607000e+00
   1.0940000e-03   1.3800000e+01   1.1311000e+00
   1.0940000e-03   1.6800000e+01   1.0983000e+00
   1.0940000e-03   1.9800000e+01   1.0623000e+00
   1.0940000e-03   2.2800000e+01   1.0229000e+00
   1.0940000e-03   2.5800000e+01   9.8019000e-01
   1.0940000e-03   2.8800000e+01   9.3397000e-01
   1.2925000e-03   2.8500000e+01   1.1017000e+00
   1.2925000e-03   2.5500000e+01   1.1495000e+00
   1.2925000e-03   2.2500000e+01   1.1936000e+00
   1.2925000e-03   1.9500000e+01   1.2342000e+00
   1.2925000e-03   1.6500000e+01   1.2715000e+00
   1.2925000e-03   1.3500000e+01   1.3055000e+00
   1.2925000e-03   1.0500000e+01   1.3363000e+00
   1.2925000e-03   7.5000000e+00   1.3639000e+00
   1.2925000e-03   4.5000000e+00   1.3883000e+00
   1.2925000e-03   1.5000000e+00   1.4097000e+00
   1.2925000e-03  -1.5000000e+00   1.4278000e+00
   1.2925000e-03  -4.5000000e+00   1.4428000e+00
   1.2925000e-03  -7.5000000e+00   1.4545000e+00
   1.2925000e-03  -1.0500000e+01   1.4629000e+00
   1.2925000e-03  -1.3500000e+01   1.4677000e+00
   1.2925000e-03  -1.6500000e+01   1.4690000e+00
   1.2925000e-03  -1.9500000e+01   1.4664000e+00
   1.2925000e-03  -2.2500000e+01   1.4599000e+00
   1.2925000e-03  -2.5500000e+01   1.4491000e+00
   1.2925000e-03  -2.8500000e+01   1.4339000e+00
   1.4910000e-03  -2.8800000e+01   1.5935000e+00
   1.4910000e-03  -2.5800000e+01   1.6078000e+00
   1.4910000e-03  -2.2800000e+01   1.6175000e+00
   1.4910000e-03  -1.9800000e+01   1.6229000e+00
   1.4910000e-03  -1.6800000e+01   1.6244000e+00
   1.4910000e-03  -1.3800000e+01   1.6221000e+00
   1.4910000e-03  -1.0800000e+01   1.6162000e+00
   1.4910000e-03  -7.8000000e+00   1.6068000e+00
   1.4910000e-03  -4.8000000e+00   1.5942000e+00
   1.4910000e-03  -1.8000000e+00   1.5784000e+00
   1.4910000e-03   1.2000000e+00   1.5595000e+00
   1.4910000e-03   4.2000000e+00   1.5374000e+00
   1.4910000e-03   7.2000000e+00   1.5123000e+00
   1.4910000e-03   1.0200000e+01   1.4841000e+00
   1.4910000e-03   1.3200000e+01   1.4528000e+00
   1.4910000e-03   1.6200000e+01   1.4184000e+00
   1.4910000e-03   1.9200000e+01   1.3806000e+00
   1.4910000e-03   2.2200000e+01   1.3395000e+00
   1.4910000e-03   2.5200000e+01   1.2949000e+00
   1.4910000e-03   2.8200000e+01   1.2466000e+00
   1.6895000e-03   2.9100000e+01   1.3520000e+00
   1.6895000e-03   2.6100000e+01   1.4017000e+00
   1.6895000e-03   2.3100000e+01   1.4477000e+00
   1.6895000e-03   2.0100000e+01   1.4900000e+00
   1.6895000e-03   1.7100000e+01   1.5290000e+00
   1.6895000e-03   1.4100000e+01   1.5648000e+00
   1.6895000e-03   1.1100000e+01   1.5974000e+00
   1.6895000e-03   8.1000000e+00   1.6269000e+00
   1.6895000e-03   5.1000000e+00   1.6535000e+00
   1.6895000e-03   2.1000000e+00   1.6770000e+00
   1.6895000e-03  -9.0000000e-01   1.6976000e+00
   1.6895000e-03  -3.9000000e+00   1.7152000e+00
   1.6895000e-03  -6.9000000e+00   1.7297000e+00
   1.6895000e-03  -9.9000000e+00   1.7411000e+00
   1.6895000e-03  -1.2900000e+01   1.7491000e+00
   1.6895000e-03  -1.5900000e+01   1.7538000e+00
   1.6895000e-03  -1.8900000e+01   1.7548000e+00
   1.6895000e-03  -2.1900000e+01   1.7519000e+00
   1.6895000e-03  -2.4900000e+01   1.7449000e+00
   1.6895000e-03  -2.7900000e+01   1.7334000e+00
   1.8880000e-03  -2.9400000e+01   1.8403000e+00
   1.8880000e-03  -2.6400000e+01   1.8528000e+00
   1.8880000e-03  -2.3400000e+01   1.8607000e+00
   1.8880000e-03  -2.0400000e+01   1.8644000e+00
   1.8880000e-03  -1.7400000e+01   1.8642000e+00
   1.8880000e-03  -1.4400000e+01   1.8603000e+00
   1.8880000e-03  -1.1400000e+01   1.8530000e+00
   1.8880000e-03  -8.4000000e+00   1.8424000e+00
   1.8880000e-03  -5.4000000e+00   1.8288000e+00
   1.8880000e-03  -2.4000000e+00   1.8121000e+00
   1.8880000e-03   6.0000000e-01   1.7925000e+00
   1.8880000e-03   3.6000000e+00   1.7700000e+00
   1.8880000e-03   6.6000000e+00   1.7447000e+00
   1.8880000e-03   9.6000000e+00   1.7165000e+00
   1.8880000e-03   1.2600000e+01   1.6853000e+00
   1.8880000e-03   1.5600000e+01   1.6512000e+00
   1.8880000e-03   1.8600000e+01   1.6139000e+00
   1.8880000e-03   2.1600000e+01   1.5734000e+00
   1.8880000e-03   2.4600000e+01   1.5294000e+00
   1.8880000e-03   2.7600000e+01   1.4817000e+00
   2.0865000e-03   2.9700000e+01   1.5369000e+00
   2.0865000e-03   2.6700000e+01   1.5868000e+00
   2.0865000e-03   2.3700000e+01   1.6329000e+00
   2.0865000e-03   2.0700000e+01   1.6754000e+00
   2.0865000e-03   1.7700000e+01   1.7145000e+00
   2.0865000e-03   1.4700000e+01   1.7506000e+00
   2.0865000e-03   1.1700000e+01   1.7836000e+00
   2.0865000e-03   8.7000000e+00   1.8138000e+00
   2.0865000e-03   5.7000000e+00   1.8411000e+00
   2.0865000e-03   2.7000000e+00   1.8657000e+00
   2.0865000e-03  -3.0000000e-01   1.8875000e+00
   2.0865000e-03  -3.3000000e+00   1.9066000e+00
   2.0865000e-03  -6.3000000e+00   1.9228000e+00
   2.0865000e-03  -9.3000000e+00   1.9362000e+00
   2.0865000e-03  -1.2300000e+01   1.9465000e+00
   2.0865000e-03  -1.5300000e+01   1.9536000e+00
   2.0865000e-03  -1.8300000e+01   1.9573000e+00
   2.0865000e-03  -2.1300000e+01   1.9573000e+00
   2.0865000e-03  -2.4300000e+01   1.9535000e+00
   2.0865000e-03  -2.7300000e+01   1.9453000e+00
   2.2850000e-03  -3.0000000e+01   2.0160000e+00
   2.2850000e-03  -2.7000000e+01   2.0272000e+00
   2.2850000e-03  -2.4000000e+01   2.0339000e+00
   2.2850000e-03  -2.1000000e+01   2.0365000e+00
   2.2850000e-03  -1.8000000e+01   2.0352000e+00
   2.2850000e-03  -1.5000000e+01   2.0305000e+00
   2.2850000e-03  -1.2000000e+01   2.0224000e+00
   2.2850000e-03  -9.0000000e+00   2.0113000e+00
   2.2850000e-03  -6.0000000e+00   1.9973000e+00
   2.2850000e-03  -3.0000000e+00   1.9805000e+00
   2.2850000e-03  -1.3323000e-15   1.9610000e+00
   2.2850000e-03   3.0000000e+00   1.9388000e+00
   2.2850000e-03   6.0000000e+00   1.9140000e+00
   2.2850000e-03   9.0000000e+00   1.8865000e+00
   2.2850000e-03   1.2000000e+01   1.8563000e+00
   2.2850000e-03   1.5000000e+01   1.8234000e+00
   2.2850000e-03   1.8000000e+01   1.7875000e+00
   2.2850000e-03   2.1000000e+01   1.7485000e+00
   2.2850000e-03   2.4000000e+01   1.7062000e+00
   2.2850000e-03   2.7000000e+01   1.6604000e+00
   2.2850000e-03   3.0000000e+01   1.6108000e+00
   2.4835000e-03   2.7300000e+01   1.7238000e+00
   2.4835000e-03   2.4300000e+01   1.7692000e+00
   2.4835000e-03   2.1300000e+01   1.8112000e+00
   2.4835000e-03   1.8300000e+01   1.8498000e+00
   2.4835000e-03   1.5300000e+01   1.8855000e+00
   2.4835000e-03   1.2300000e+01   1.9183000e+00
   2.4835000e-03   9.3000000e+00   1.9484000e+00
   2.4835000e-03   6.3000000e+00   1.9759000e+00
   2.4835000e-03   3.3000000e+00   2.0008000e+00
   2.4835000e-03   3.0000000e-01   2.0232000e+00
   2.4835000e-03  -2.7000000e+00   2.0430000e+00
   2.4835000e-03  -5.7000000e+00   2.0602000e+00
   2.4835000e-03  -8.7000000e+00   2.0748000e+00
   2.4835000e-03  -1.1700000e+01   2.0865000e+00
   2.4835000e-03  -1.4700000e+01   2.0953000e+00
   2.4835000e-03  -1.7700000e+01   2.1010000e+00
   2.4835000e-03  -2.0700000e+01   2.1033000e+00
   2.4835000e-03  -2.3700000e+01   2.1019000e+00
   2.4835000e-03  -2.6700000e+01   2.0964000e+00
   2.4835000e-03  -2.9700000e+01   2.0865000e+00
   2.6820000e-03  -2.7600000e+01   2.1519000e+00
   2.6820000e-03  -2.4600000e+01   2.1579000e+00
   2.6820000e-03  -2.1600000e+01   2.1599000e+00
   2.6820000e-03  -1.8600000e+01   2.1582000e+00
   2.6820000e-03  -1.5600000e+01   2.1531000e+00
   2.6820000e-03  -1.2600000e+01   2.1448000e+00
   2.6820000e-03  -9.6000000e+00   2.1337000e+00
   2.6820000e-03  -6.6000000e+00   2.1197000e+00
   2.6820000e-03  -3.6000000e+00   2.1032000e+00
   2.6820000e-03  -6.0000000e-01   2.0842000e+00
   2.6820000e-03   2.4000000e+00   2.0627000e+00
   2.6820000e-03   5.4000000e+00   2.0388000e+00
   2.6820000e-03   8.4000000e+00   2.0124000e+00
   2.6820000e-03   1.1400000e+01   1.9835000e+00
   2.6820000e-03   1.4400000e+01   1.9520000e+00
   2.6820000e-03   1.7400000e+01   1.9177000e+00
   2.6820000e-03   2.0400000e+01   1.8806000e+00
   2.6820000e-03   2.3400000e+01   1.8404000e+00
   2.6820000e-03   2.6400000e+01   1.7969000e+00
   2.6820000e-03   2.9400000e+01   1.7496000e+00
   2.8805000e-03   2.7900000e+01   1.8255000e+00
   2.8805000e-03   2.4900000e+01   1.8700000e+00
   2.8805000e-03   2.1900000e+01   1.9111000e+00
   2.8805000e-03   1.8900000e+01   1.9490000e+00
   2.8805000e-03   1.5900000e+01   1.9840000e+00
   2.8805000e-03   1.2900000e+01   2.0163000e+00
   2.8805000e-03   9.9000000e+00   2.0460000e+00
   2.8805000e-03   6.9000000e+00   2.0733000e+00
   2.8805000e-03   3.9000000e+00   2.0981000e+00
   2.8805000e-03   9.0000000e-01   2.1206000e+00
   2.8805000e-03  -2.1000000e+00   2.1407000e+00
   2.8805000e-03  -5.1000000e+00   2.1585000e+00
   2.8805000e-03  -8.1000000e+00   2.1737000e+00
   2.8805000e-03  -1.1100000e+01   2.1864000e+00
   2.8805000e-03  -1.4100000e+01   2.1964000e+00
   2.8805000e-03  -1.7100000e+01   2.2034000e+00
   2.8805000e-03  -2.0100000e+01   2.2072000e+00
   2.8805000e-03  -2.3100000e+01   2.2075000e+00
   2.8805000e-03  -2.6100000e+01   2.2041000e+00
   2.8805000e-03  -2.9100000e+01   2.1964000e+00
   3.0790000e-03  -2.8200000e+01   2.2404000e+00
   3.0790000e-03  -2.5200000e+01   2.2464000e+00
   3.0790000e-03  -2.2200000e+01   2.2483000e+00
   3.0790000e-03  -1.9200000e+01   2.2465000e+00
   3.0790000e-03  -1.6200000e+01   2.2415000e+00
   3.0790000e-03  -1.3200000e+01   2.2334000e+00
   3.0790000e-03  -1.0200000e+01   2.2226000e+00
   3.0790000e-03  -7.2000000e+00   2.2091000e+00
   3.0790000e-03  -4.2000000e+00   2.1931000e+00
   3.0790000e-03  -1.2000000e+00   2.1748000e+00
   3.0790000e-03   1.8000000e+00   2.1542000e+00
   3.0790000e-03   4.8000000e+00   2.1313000e+00
   3.0790000e-03   7.8000000e+00   2.1061000e+00
   3.0790000e-03   1.0800000e+01   2.0786000e+00
   3.0790000e-03   1.3800000e+01   2.0486000e+00
   3.0790000e-03   1.6800000e+01   2.0161000e+00
   3.0790000e-03   1.9800000e+01   1.9809000e+00
   3.0790000e-03   2.2800000e+01   1.9428000e+00
   3.0790000e-03   2.5800000e+01   1.9015000e+00
   3.0790000e-03   2.8800000e+01   1.8567000e+00
   3.2775000e-03   2.8500000e+01   1.9007000e+00
   3.2775000e-03   2.5500000e+01   1.9443000e+00
   3.2775000e-03   2.2500000e+01   1.9845000e+00
   3.2775000e-03   1.9500000e+01   2.0216000e+00
   3.2775000e-03   1.6500000e+01   2.0559000e+00
   3.2775000e-03   1.3500000e+01   2.0876000e+00
   3.2775000e-03   1.0500000e+01   2.1168000e+00
   3.2775000e-03   7.5000000e+00   2.1436000e+00
   3.2775000e-03   4.5000000e+00   2.1682000e+00
   3.2775000e-03   1.5000000e+00   2.1905000e+00
   3.2775000e-03  -1.5000000e+00   2.2107000e+00
   3.2775000e-03  -4.5000000e+00   2.2286000e+00
   3.2775000e-03  -7.5000000e+00   2.2442000e+00
   3.2775000e-03  -1.0500000e+01   2.2574000e+00
   3.2775000e-03  -1.3500000e+01   2.2680000e+00
   3.2775000e-03  -1.6500000e+01   2.2758000e+00
   3.2775000e-03  -1.9500000e+01   2.2807000e+00
   3.2775000e-03  -2.2500000e+01   2.2823000e+00
   3.2775000e-03  -2.5500000e+01   2.2802000e+00
   3.2775000e-03  -2.8500000e+01   2.2741000e+00
   3.4760000e-03  -2.8800000e+01   2.3020000e+00
   3.4760000e-03  -2.5800000e+01   2.3084000e+00
   3.4760000e-03  -2.2800000e+01   2.3106000e+00
   3.4760000e-03  -1.9800000e+01   2.3093000e+00
   3.4760000e-03  -1.6800000e+01   2.3047000e+00
   3.4760000e-03  -1.3800000e+01   2.2971000e+00
   3.4760000e-03  -1.0800000e+01   2.2868000e+00
   3.4760000e-03  -7.8000000e+00   2.2740000e+00
   3.4760000e-03  -4.8000000e+00   2.2588000e+00
   3.4760000e-03  -1.8000000e+00   2.2414000e+00
   3.4760000e-03   1.2000000e+00   2.2217000e+00
   3.4760000e-03   4.2000000e+00   2.2000000e+00
   3.4760000e-03   7.2000000e+00   2.1760000e+00
   3.4760000e-03   1.0200000e+01   2.1498000e+00
   3.4760000e-03   1.3200000e+01   2.1214000e+00
   3.4760000e-03   1.6200000e+01   2.0906000e+00
   3.4760000e-03   1.9200000e+01   2.0572000e+00
   3.4760000e-03   2.2200000e+01   2.0210000e+00
   3.4760000e-03   2.5200000e+01   1.9819000e+00
   3.4760000e-03   2.8200000e+01   1.9394000e+00
   3.6745000e-03   2.9100000e+01   1.9559000e+00
   3.6745000e-03   2.6100000e+01   1.9987000e+00
   3.6745000e-03   2.3100000e+01   2.0381000e+00
   3.6745000e-03   2.0100000e+01   2.0744000e+00
   3.6745000e-03   1.7100000e+01   2.1080000e+00
   3.6745000e-03   1.4100000e+01   2.1390000e+00
   3.6745000e-03   1.1100000e+01   2.1676000e+00
   3.6745000e-03   8.1000000e+00   2.1940000e+00
   3.6745000e-03   5.1000000e+00   2.2182000e+00
   3.6745000e-03   2.1000000e+00   2.2402000e+00
   3.6745000e-03  -9.0000000e-01   2.2602000e+00
   3.6745000e-03  -3.9000000e+00   2.2780000e+00
   3.6745000e-03  -6.9000000e+00   2.2937000e+00
   3.6745000e-03  -9.9000000e+00   2.3070000e+00
   3.6745000e-03  -1.2900000e+01   2.3179000e+00
   3.6745000e-03  -1.5900000e+01   2.3263000e+00
   3.6745000e-03  -1.8900000e+01   2.3317000e+00
   3.6745000e-03  -2.1900000e+01   2.3341000e+00
   3.6745000e-03  -2.4900000e+01   2.3330000e+00
   3.6745000e-03  -2.7900000e+01   2.3280000e+00
   3.8730000e-03  -2.9400000e+01   2.3432000e+00
   3.8730000e-03  -2.6400000e+01   2.3503000e+00
   3.8730000e-03  -2.3400000e+01   2.3533000e+00
   3.8730000e-03  -2.0400000e+01   2.3526000e+00
   3.8730000e-03  -1.7400000e+01   2.3488000e+00
   3.8730000e-03  -1.4400000e+01   2.3420000e+00
   3.8730000e-03  -1.1400000e+01   2.3325000e+00
   3.8730000e-03  -8.4000000e+00   2.3205000e+00
   3.8730000e-03  -5.4000000e+00   2.3063000e+00
   3.8730000e-03  -2.4000000e+00   2.2898000e+00
   3.8730000e-03   6.0000000e-01   2.2713000e+00
   3.8730000e-03   3.6000000e+00   2.2506000e+00
   3.8730000e-03   6.6000000e+00   2.2279000e+00
   3.8730000e-03   9.6000000e+00   2.2031000e+00
   3.8730000e-03   1.2600000e+01   2.1762000e+00
   3.8730000e-03   1.5600000e+01   2.1469000e+00
   3.8730000e-03   1.8600000e+01   2.1153000e+00
   3.8730000e-03   2.1600000e+01   2.0810000e+00
   3.8730000e-03   2.4600000e+01   2.0438000e+00
   3.8730000e-03   2.7600000e+01   2.0034000e+00
   4.0715000e-03   2.9700000e+01   1.9959000e+00
   4.0715000e-03   2.6700000e+01   2.0380000e+00
   4.0715000e-03   2.3700000e+01   2.0767000e+00
   4.0715000e-03   2.0700000e+01   2.1124000e+00
   4.0715000e-03   1.7700000e+01   2.1452000e+00
   4.0715000e-03   1.4700000e+01   2.1756000e+00
   4.0715000e-03   1.1700000e+01   2.2036000e+00
   4.0715000e-03   8.7000000e+00   2.2294000e+00
   4.0715000e-03   5.7000000e+00   2.2531000e+00
   4.0715000e-03   2.7000000e+00   2.2747000e+00
   4.0715000e-03  -3.0000000e-01   2.2944000e+00
   4.0715000e-03  -3.3000000e+00   2.3119000e+00
   4.0715000e-03  -6.3000000e+00   2.3274000e+00
   4.0715000e-03  -9.3000000e+00   2.3407000e+00
   4.0715000e-03  -1.2300000e+01   2.3517000e+00
   4.0715000e-03  -1.5300000e+01   2.3602000e+00
   4.0715000e-03  -1.8300000e+01   2.3660000e+00
   4.0715000e-03  -2.1300000e+01   2.3688000e+00
   4.0715000e-03  -2.4300000e+01   2.3682000e+00
   4.0715000e-03  -2.7300000e+01   2.3640000e+00
   4.2700000e-03  -3.0000000e+01   2.3684000e+00
   4.2700000e-03  -2.7000000e+01   2.3766000e+00
   4.2700000e-03  -2.4000000e+01   2.3806000e+00
   4.2700000e-03  -2.1000000e+01   2.3810000e+00
   4.2700000e-03  -1.8000000e+01   2.3781000e+00
   4.2700000e-03  -1.5000000e+01   2.3723000e+00
   4.2700000e-03  -1.2000000e+01   2.3638000e+00
   4.2700000e-03  -9.0000000e+00   2.3529000e+00
   4.2700000e-03  -6.0000000e+00   2.3396000e+00
   4.2700000e-03  -3.0000000e+00   2.3243000e+00
   4.2700000e-03  -1.3323000e-15   2.3069000e+00
   4.2700000e-03   3.0000000e+00   2.2875000e+00
   4.2700000e-03   6.0000000e+00   2.2661000e+00
   4.2700000e-03   9.0000000e+00   2.2426000e+00
   4.2700000e-03   1.2000000e+01   2.2171000e+00
   4.2700000e-03   1.5000000e+01   2.1894000e+00
   4.2700000e-03   1.8000000e+01   2.1594000e+00
   4.2700000e-03   2.1000000e+01   2.1269000e+00
   4.2700000e-03   2.4000000e+01   2.0916000e+00
   4.2700000e-03   2.7000000e+01   2.0532000e+00
   4.2700000e-03   3.0000000e+01   2.0114000e+00
   4.4685000e-03   2.7300000e+01   2.0659000e+00
   4.4685000e-03   2.4300000e+01   2.1039000e+00
   4.4685000e-03   2.1300000e+01   2.1389000e+00
   4.4685000e-03   1.8300000e+01   2.1711000e+00
   4.4685000e-03   1.5300000e+01   2.2008000e+00
   4.4685000e-03   1.2300000e+01   2.2282000e+00
   4.4685000e-03   9.3000000e+00   2.2534000e+00
   4.4685000e-03   6.3000000e+00   2.2766000e+00
   4.4685000e-03   3.3000000e+00   2.2977000e+00
   4.4685000e-03   3.0000000e-01   2.3169000e+00
   4.4685000e-03  -2.7000000e+00   2.3341000e+00
   4.4685000e-03  -5.7000000e+00   2.3493000e+00
   4.4685000e-03  -8.7000000e+00   2.3623000e+00
   4.4685000e-03  -1.1700000e+01   2.3732000e+00
   4.4685000e-03  -1.4700000e+01   2.3816000e+00
   4.4685000e-03  -1.7700000e+01   2.3874000e+00
   4.4685000e-03  -2.0700000e+01   2.3903000e+00
   4.4685000e-03  -2.3700000e+01   2.3901000e+00
   4.4685000e-03  -2.6700000e+01   2.3862000e+00
   4.4685000e-03  -2.9700000e+01   2.3782000e+00
   4.6670000e-03  -2.7600000e+01   2.3905000e+00
   4.6670000e-03  -2.4600000e+01   2.3959000e+00
   4.6670000e-03  -2.1600000e+01   2.3975000e+00
   4.6670000e-03  -1.8600000e+01   2.3958000e+00
   4.6670000e-03  -1.5600000e+01   2.3912000e+00
   4.6670000e-03  -1.2600000e+01   2.3838000e+00
   4.6670000e-03  -9.6000000e+00   2.3740000e+00
   4.6670000e-03  -6.6000000e+00   2.3620000e+00
   4.6670000e-03  -3.6000000e+00   2.3478000e+00
   4.6670000e-03  -6.0000000e-01   2.3317000e+00
   4.6670000e-03   2.4000000e+00   2.3135000e+00
   4.6670000e-03   5.4000000e+00   2.2934000e+00
   4.6670000e-03   8.4000000e+00   2.2714000e+00
   4.6670000e-03   1.1400000e+01   2.2473000e+00
   4.6670000e-03   1.4400000e+01   2.2211000e+00
   4.6670000e-03   1.7400000e+01   2.1927000e+00
   4.6670000e-03   2.0400000e+01   2.1619000e+00
   4.6670000e-03   2.3400000e+01   2.1283000e+00
   4.6670000e-03   2.6400000e+01   2.0919000e+00
   4.6670000e-03   2.9400000e+01   2.0521000e+00
   4.8655000e-03   2.7900000e+01   2.0850000e+00
   4.8655000e-03   2.4900000e+01   2.1224000e+00
   4.8655000e-03   2.1900000e+01   2.1568000e+00
   4.8655000e-03   1.8900000e+01   2.1883000e+00
   4.8655000e-03   1.5900000e+01   2.2174000e+00
   4.8655000e-03   1.2900000e+01   2.2441000e+00
   4.8655000e-03   9.9000000e+00   2.2687000e+00
   4.8655000e-03   6.9000000e+00   2.2912000e+00
   4.8655000e-03   3.9000000e+00   2.3118000e+00
   4.8655000e-03   9.0000000e-01   2.3304000e+00
   4.8655000e-03  -2.1000000e+00   2.3472000e+00
   4.8655000e-03  -5.1000000e+00   2.3619000e+00
   4.8655000e-03  -8.1000000e+00   2.3746000e+00
   4.8655000e-03  -1.1100000e+01   2.3851000e+00
   4.8655000e-03  -1.4100000e+01   2.3933000e+00
   4.8655000e-03  -1.7100000e+01   2.3990000e+00
   4.8655000e-03  -2.0100000e+01   2.4018000e+00
   4.8655000e-03  -2.3100000e+01   2.4016000e+00
   4.8655000e-03  -2.6100000e+01   2.3978000e+00
   4.8655000e-03  -2.9100000e+01   2.3901000e+00
   5.0640000e-03  -2.8200000e+01   2.3945000e+00
   5.0640000e-03  -2.5200000e+01   2.4014000e+00
   5.0640000e-03  -2.2200000e+01   2.4045000e+00
   5.0640000e-03  -1.9200000e+01   2.4042000e+00
   5.0640000e-03  -1.6200000e+01   2.4009000e+00
   5.0640000e-03  -1.3200000e+01   2.3948000e+00
   5.0640000e-03  -1.0200000e+01   2.3863000e+00
   5.0640000e-03  -7.2000000e+00   2.3756000e+00
   5.0640000e-03  -4.2000000e+00   2.3627000e+00
   5.0640000e-03  -1.2000000e+00   2.3478000e+00
   5.0640000e-03   1.8000000e+00   2.3310000e+00
   5.0640000e-03   4.8000000e+00   2.3122000e+00
   5.0640000e-03   7.8000000e+00   2.2916000e+00
   5.0640000e-03   1.0800000e+01   2.2690000e+00
   5.0640000e-03   1.3800000e+01   2.2443000e+00
   5.0640000e-03   1.6800000e+01   2.2175000e+00
   5.0640000e-03   1.9800000e+01   2.1883000e+00
   5.0640000e-03   2.2800000e+01   2.1565000e+00
   5.0640000e-03   2.5800000e+01   2.1219000e+00
   5.0640000e-03   2.8800000e+01   2.0841000e+00
   5.2625000e-03   2.8500000e+01   2.0973000e+00
   5.2625000e-03   2.5500000e+01   2.1342000e+00
   5.2625000e-03   2.2500000e+01   2.1679000e+00
   5.2625000e-03   1.9500000e+01   2.1988000e+00
   5.2625000e-03   1.6500000e+01   2.2272000e+00
   5.2625000e-03   1.3500000e+01   2.2532000e+00
   5.2625000e-03   1.0500000e+01   2.2771000e+00
   5.2625000e-03   7.5000000e+00   2.2990000e+00
   5.2625000e-03   4.5000000e+00   2.3190000e+00
   5.2625000e-03   1.5000000e+00   2.3370000e+00
   5.2625000e-03  -1.5000000e+00   2.3532000e+00
   5.2625000e-03  -4.5000000e+00   2.3674000e+00
   5.2625000e-03  -7.5000000e+00   2.3796000e+00
   5.2625000e-03  -1.0500000e+01   2.3897000e+00
   5.2625000e-03  -1.3500000e+01   2.3975000e+00
   5.2625000e-03  -1.6500000e+01   2.4028000e+00
   5.2625000e-03  -1.9500000e+01   2.4054000e+00
   5.2625000e-03  -2.2500000e+01   2.4050000e+00
   5.2625000e-03  -2.5500000e+01   2.4011000e+00
   5.2625000e-03  -2.8500000e+01   2.3934000e+00
   5.4610000e-03  -2.8800000e+01   2.3904000e+00
   5.4610000e-03  -2.5800000e+01   2.3990000e+00
   5.4610000e-03  -2.2800000e+01   2.4037000e+00
   5.4610000e-03  -1.9800000e+01   2.4050000e+00
   5.4610000e-03  -1.6800000e+01   2.4031000e+00
   5.4610000e-03  -1.3800000e+01   2.3985000e+00
   5.4610000e-03  -1.0800000e+01   2.3914000e+00
   5.4610000e-03  -7.8000000e+00   2.3820000e+00
   5.4610000e-03  -4.8000000e+00   2.3705000e+00
   5.4610000e-03  -1.8000000e+00   2.3569000e+00
   5.4610000e-03   1.2000000e+00   2.3415000e+00
   5.4610000e-03   4.2000000e+00   2.3241000e+00
   5.4610000e-03   7.2000000e+00   2.3049000e+00
   5.4610000e-03   1.0200000e+01   2.2837000e+00
   5.4610000e-03   1.3200000e+01   2.2606000e+00
   5.4610000e-03   1.6200000e+01   2.2353000e+00
   5.4610000e-03   1.9200000e+01   2.2078000e+00
   5.4610000e-03   2.2200000e+01   2.1777000e+00
   5.4610000e-03   2.5200000e+01   2.1449000e+00
   5.4610000e-03   2.8200000e+01   2.1091000e+00
   5.6595000e-03   2.9100000e+01   2.1045000e+00
   5.6595000e-03   2.6100000e+01   2.1407000e+00
   5.6595000e-03   2.3100000e+01   2.1738000e+00
   5.6595000e-03   2.0100000e+01   2.2040000e+00
   5.6595000e-03   1.7100000e+01   2.2316000e+00
   5.6595000e-03   1.4100000e+01   2.2570000e+00
   5.6595000e-03   1.1100000e+01   2.2802000e+00
   5.6595000e-03   8.1000000e+00   2.3014000e+00
   5.6595000e-03   5.1000000e+00   2.3207000e+00
   5.6595000e-03   2.1000000e+00   2.3380000e+00
   5.6595000e-03  -9.0000000e-01   2.3536000e+00
   5.6595000e-03  -3.9000000e+00   2.3672000e+00
   5.6595000e-03  -6.9000000e+00   2.3788000e+00
   5.6595000e-03  -9.9000000e+00   2.3884000e+00
   5.6595000e-03  -1.2900000e+01   2.3957000e+00
   5.6595000e-03  -1.5900000e+01   2.4006000e+00
   5.6595000e-03  -1.8900000e+01   2.4028000e+00
   5.6595000e-03  -2.1900000e+01   2.4021000e+00
   5.6595000e-03  -2.4900000e+01   2.3980000e+00
   5.6595000e-03  -2.7900000e+01   2.3901000e+00
   5.8580000e-03  -2.9400000e+01   2.3796000e+00
   5.8580000e-03  -2.6400000e+01   2.3901000e+00
   5.8580000e-03  -2.3400000e+01   2.3965000e+00
   5.8580000e-03  -2.0400000e+01   2.3994000e+00
   5.8580000e-03  -1.7400000e+01   2.3992000e+00
   5.8580000e-03  -1.4400000e+01   2.3961000e+00
   5.8580000e-03  -1.1400000e+01   2.3905000e+00
   5.8580000e-03  -8.4000000e+00   2.3825000e+00
   5.8580000e-03  -5.4000000e+00   2.3724000e+00
   5.8580000e-03  -2.4000000e+00   2.3603000e+00
   5.8580000e-03   6.0000000e-01   2.3462000e+00
   5.8580000e-03   3.6000000e+00   2.3303000e+00
   5.8580000e-03   6.6000000e+00   2.3125000e+00
   5.8580000e-03   9.6000000e+00   2.2928000e+00
   5.8580000e-03   1.2600000e+01   2.2712000e+00
   5.8580000e-03   1.5600000e+01   2.2475000e+00
   5.8580000e-03   1.8600000e+01   2.2216000e+00
   5.8580000e-03   2.1600000e+01   2.1933000e+00
   5.8580000e-03   2.4600000e+01   2.1624000e+00
   5.8580000e-03   2.7600000e+01   2.1284000e+00
   6.0565000e-03   2.9700000e+01   2.1076000e+00
   6.0565000e-03   2.6700000e+01   2.1432000e+00
   6.0565000e-03   2.3700000e+01   2.1755000e+00
   6.0565000e-03   2.0700000e+01   2.2050000e+00
   6.0565000e-03   1.7700000e+01   2.2319000e+00
   6.0565000e-03   1.4700000e+01   2.2566000e+00
   6.0565000e-03   1.1700000e+01   2.2790000e+00
   6.0565000e-03   8.7000000e+00   2.2995000e+00
   6.0565000e-03   5.7000000e+00   2.3180000e+00
   6.0565000e-03   2.7000000e+00   2.3347000e+00
   6.0565000e-03  -3.0000000e-01   2.3495000e+00
   6.0565000e-03  -3.3000000e+00   2.3625000e+00
   6.0565000e-03  -6.3000000e+00   2.3735000e+00
   6.0565000e-03  -9.3000000e+00   2.3825000e+00
   6.0565000e-03  -1.2300000e+01   2.3892000e+00
   6.0565000e-03  -1.5300000e+01   2.3936000e+00
   6.0565000e-03  -1.8300000e+01   2.3953000e+00
   6.0565000e-03  -2.1300000e+01   2.3941000e+00
   6.0565000e-03  -2.4300000e+01   2.3897000e+00
   6.0565000e-03  -2.7300000e+01   2.3815000e+00
   6.2550000e-03  -3.0000000e+01   2.3631000e+00
   6.2550000e-03  -2.7000000e+01   2.3756000e+00
   6.2550000e-03  -2.4000000e+01   2.3839000e+00
   6.2550000e-03  -2.1000000e+01   2.3886000e+00
   6.2550000e-03  -1.8000000e+01   2.3901000e+00
   6.2550000e-03  -1.5000000e+01   2.3886000e+00
   6.2550000e-03  -1.2000000e+01   2.3845000e+00
   6.2550000e-03  -9.0000000e+00   2.3781000e+00
   6.2550000e-03  -6.0000000e+00   2.3694000e+00
   6.2550000e-03  -3.0000000e+00   2.3587000e+00
   6.2550000e-03  -1.3323000e-15   2.3461000e+00
   6.2550000e-03   3.0000000e+00   2.3317000e+00
   6.2550000e-03   6.0000000e+00   2.3154000e+00
   6.2550000e-03   9.0000000e+00   2.2972000e+00
   6.2550000e-03   1.2000000e+01   2.2771000e+00
   6.2550000e-03   1.5000000e+01   2.2550000e+00
   6.2550000e-03   1.8000000e+01   2.2308000e+00
   6.2550000e-03   2.1000000e+01   2.2042000e+00
   6.2550000e-03   2.4000000e+01   2.1751000e+00
   6.2550000e-03   2.7000000e+01   2.1431000e+00
   6.2550000e-03   3.0000000e+01   2.1079000e+00
   6.4535000e-03   2.7300000e+01   2.1424000e+00
   6.4535000e-03   2.4300000e+01   2.1740000e+00
   6.4535000e-03   2.1300000e+01   2.2027000e+00
   6.4535000e-03   1.8300000e+01   2.2289000e+00
   6.4535000e-03   1.5300000e+01   2.2527000e+00
   6.4535000e-03   1.2300000e+01   2.2744000e+00
   6.4535000e-03   9.3000000e+00   2.2941000e+00
   6.4535000e-03   6.3000000e+00   2.3119000e+00
   6.4535000e-03   3.3000000e+00   2.3278000e+00
   6.4535000e-03   3.0000000e-01   2.3419000e+00
   6.4535000e-03  -2.7000000e+00   2.3542000e+00
   6.4535000e-03  -5.7000000e+00   2.3645000e+00
   6.4535000e-03  -8.7000000e+00   2.3728000e+00
   6.4535000e-03  -1.1700000e+01   2.3789000e+00
   6.4535000e-03  -1.4700000e+01   2.3827000e+00
   6.4535000e-03  -1.7700000e+01   2.3839000e+00
   6.4535000e-03  -2.0700000e+01   2.3822000e+00
   6.4535000e-03  -2.3700000e+01   2.3773000e+00
   6.4535000e-03  -2.6700000e+01   2.3687000e+00
   6.4535000e-03  -2.9700000e+01   2.3560000e+00
   6.6520000e-03  -2.7600000e+01   2.3564000e+00
   6.6520000e-03  -2.4600000e+01   2.3667000e+00
   6.6520000e-03  -2.1600000e+01   2.3733000e+00
   6.6520000e-03  -1.8600000e+01   2.3765000e+00
   6.6520000e-03  -1.5600000e+01   2.3767000e+00
   6.6520000e-03  -1.2600000e+01   2.3743000e+00
   6.6520000e-03  -9.6000000e+00   2.3694000e+00
   6.6520000e-03  -6.6000000e+00   2.3623000e+00
   6.6520000e-03  -3.6000000e+00   2.3531000e+00
   6.6520000e-03  -6.0000000e-01   2.3420000e+00
   6.6520000e-03   2.4000000e+00   2.3290000e+00
   6.6520000e-03   5.4000000e+00   2.3142000e+00
   6.6520000e-03   8.4000000e+00   2.2975000e+00
   6.6520000e-03   1.1400000e+01   2.2790000e+00
   6.6520000e-03   1.4400000e+01   2.2585000e+00
   6.6520000e-03   1.7400000e+01   2.2359000e+00
   6.6520000e-03   2.0400000e+01   2.2111000e+00
   6.6520000e-03   2.3400000e+01   2.1839000e+00
   6.6520000e-03   2.6400000e+01   2.1538000e+00
   6.6520000e-03   2.9400000e+01   2.1207000e+00
   6.8505000e-03   2.7900000e+01   2.1390000e+00
   6.8505000e-03   2.4900000e+01   2.1698000e+00
   6.8505000e-03   2.1900000e+01   2.1978000e+00
   6.8505000e-03   1.8900000e+01   2.2231000e+00
   6.8505000e-03   1.5900000e+01   2.2461000e+00
   6.8505000e-03   1.2900000e+01   2.2670000e+00
   6.8505000e-03   9.9000000e+00   2.2859000e+00
   6.8505000e-03   6.9000000e+00   2.3029000e+00
   6.8505000e-03   3.9000000e+00   2.3181000e+00
   6.8505000e-03   9.0000000e-01   2.3314000e+00
   6.8505000e-03  -2.1000000e+00   2.3429000e+00
   6.8505000e-03  -5.1000000e+00   2.3525000e+00
   6.8505000e-03  -8.1000000e+00   2.3601000e+00
   6.8505000e-03  -1.1100000e+01   2.3656000e+00
   6.8505000e-03  -1.4100000e+01   2.3687000e+00
   6.8505000e-03  -1.7100000e+01   2.3693000e+00
   6.8505000e-03  -2.0100000e+01   2.3670000e+00
   6.8505000e-03  -2.3100000e+01   2.3616000e+00
   6.8505000e-03  -2.6100000e+01   2.3526000e+00
   6.8505000e-03  -2.9100000e+01   2.3395000e+00
   7.0490000e-03  -2.8200000e+01   2.3332000e+00
   7.0490000e-03  -2.5200000e+01   2.3456000e+00
   7.0490000e-03  -2.2200000e+01   2.3541000e+00
   7.0490000e-03  -1.9200000e+01   2.3592000e+00
   7.0490000e-03  -1.6200000e+01   2.3612000e+00
   7.0490000e-03  -1.3200000e+01   2.3604000e+00
   7.0490000e-03  -1.0200000e+01   2.3571000e+00
   7.0490000e-03  -7.2000000e+00   2.3516000e+00
   7.0490000e-03  -4.2000000e+00   2.3439000e+00
   7.0490000e-03  -1.2000000e+00   2.3343000e+00
   7.0490000e-03   1.8000000e+00   2.3228000e+00
   7.0490000e-03   4.8000000e+00   2.3095000e+00
   7.0490000e-03   7.8000000e+00   2.2944000e+00
   7.0490000e-03   1.0800000e+01   2.2774000e+00
   7.0490000e-03   1.3800000e+01   2.2585000e+00
   7.0490000e-03   1.6800000e+01   2.2376000e+00
   7.0490000e-03   1.9800000e+01   2.2146000e+00
   7.0490000e-03   2.2800000e+01   2.1891000e+00
   7.0490000e-03   2.5800000e+01   2.1611000e+00
   7.0490000e-03   2.8800000e+01   2.1301000e+00
   7.2475000e-03   2.8500000e+01   2.1335000e+00
   7.2475000e-03   2.5500000e+01   2.1635000e+00
   7.2475000e-03   2.2500000e+01   2.1906000e+00
   7.2475000e-03   1.9500000e+01   2.2151000e+00
   7.2475000e-03   1.6500000e+01   2.2373000e+00
   7.2475000e-03   1.3500000e+01   2.2573000e+00
   7.2475000e-03   1.0500000e+01   2.2754000e+00
   7.2475000e-03   7.5000000e+00   2.2916000e+00
   7.2475000e-03   4.5000000e+00   2.3060000e+00
   7.2475000e-03   1.5000000e+00   2.3186000e+00
   7.2475000e-03  -1.5000000e+00   2.3293000e+00
   7.2475000e-03  -4.5000000e+00   2.3382000e+00
   7.2475000e-03  -7.5000000e+00   2.3450000e+00
   7.2475000e-03  -1.0500000e+01   2.3498000e+00
   7.2475000e-03  -1.3500000e+01   2.3522000e+00
   7.2475000e-03  -1.6500000e+01   2.3522000e+00
   7.2475000e-03  -1.9500000e+01   2.3493000e+00
   7.2475000e-03  -2.2500000e+01   2.3433000e+00
   7.2475000e-03  -2.5500000e+01   2.3337000e+00
   7.2475000e-03  -2.8500000e+01   2.3202000e+00
   7.4460000e-03  -2.8800000e+01   2.3064000e+00
   7.4460000e-03  -2.5800000e+01   2.3211000e+00
   7.4460000e-03  -2.2800000e+01   2.3316000e+00
   7.4460000e-03  -1.9800000e+01   2.3386000e+00
   7.4460000e-03  -1.6800000e+01   2.3424000e+00
   7.4460000e-03  -1.3800000e+01   2.3433000e+00
   7.4460000e-03  -1.0800000e+01   2.3417000e+00
   7.4460000e-03  -7.8000000e+00   2.3377000e+00
   7.4460000e-03  -4.8000000e+00   2.3316000e+00
   7.4460000e-03  -1.8000000e+00   2.3236000e+00
   7.4460000e-03   1.2000000e+00   2.3136000e+00
   7.4460000e-03   4.2000000e+00   2.3018000e+00
   7.4460000e-03   7.2000000e+00   2.2882000e+00
   7.4460000e-03   1.0200000e+01   2.2727000e+00
   7.4460000e-03   1.3200000e+01   2.2554000e+00
   7.4460000e-03   1.6200000e+01   2.2362000e+00
   7.4460000e-03   1.9200000e+01   2.2149000e+00
   7.4460000e-03   2.2200000e+01   2.1913000e+00
   7.4460000e-03   2.5200000e+01   2.1652000e+00
   7.4460000e-03   2.8200000e+01   2.1362000e+00
   7.6445000e-03   2.9100000e+01   2.1262000e+00
   7.6445000e-03   2.6100000e+01   2.1553000e+00
   7.6445000e-03   2.3100000e+01   2.1815000e+00
   7.6445000e-03   2.0100000e+01   2.2052000e+00
   7.6445000e-03   1.7100000e+01   2.2265000e+00
   7.6445000e-03   1.4100000e+01   2.2457000e+00
   7.6445000e-03   1.1100000e+01   2.2630000e+00
   7.6445000e-03   8.1000000e+00   2.2784000e+00
   7.6445000e-03   5.1000000e+00   2.2919000e+00
   7.6445000e-03   2.1000000e+00   2.3037000e+00
   7.6445000e-03  -9.0000000e-01   2.3137000e+00
   7.6445000e-03  -3.9000000e+00   2.3218000e+00
   7.6445000e-03  -6.9000000e+00   2.3279000e+00
   7.6445000e-03  -9.9000000e+00   2.3319000e+00
   7.6445000e-03  -1.2900000e+01   2.3337000e+00
   7.6445000e-03  -1.5900000e+01   2.3329000e+00
   7.6445000e-03  -1.8900000e+01   2.3294000e+00
   7.6445000e-03  -2.1900000e+01   2.3228000e+00
   7.6445000e-03  -2.4900000e+01   2.3127000e+00
   7.6445000e-03  -2.7900000e+01   2.2987000e+00
   7.8430000e-03  -2.9400000e+01   2.2747000e+00
   7.8430000e-03  -2.6400000e+01   2.2935000e+00
   7.8430000e-03  -2.3400000e+01   2.3061000e+00
   7.8430000e-03  -2.0400000e+01   2.3151000e+00
   7.8430000e-03  -1.7400000e+01   2.3207000e+00
   7.8430000e-03  -1.4400000e+01   2.3234000e+00
   7.8430000e-03  -1.1400000e+01   2.3235000e+00
   7.8430000e-03  -8.4000000e+00   2.3212000e+00
   7.8430000e-03  -5.4000000e+00   2.3166000e+00
   7.8430000e-03  -2.4000000e+00   2.3101000e+00
   7.8430000e-03   6.0000000e-01   2.3016000e+00
   7.8430000e-03   3.6000000e+00   2.2913000e+00
   7.8430000e-03   6.6000000e+00   2.2792000e+00
   7.8430000e-03   9.6000000e+00   2.2654000e+00
   7.8430000e-03   1.2600000e+01   2.2496000e+00
   7.8430000e-03   1.5600000e+01   2.2320000e+00
   7.8430000e-03   1.8600000e+01   2.2124000e+00
   7.8430000e-03   2.1600000e+01   2.1906000e+00
   7.8430000e-03   2.4600000e+01   2.1664000e+00
   7.8430000e-03   2.7600000e+01   2.1395000e+00
   8.0415000e-03   2.9700000e+01   2.1174000e+00
   8.0415000e-03   2.6700000e+01   2.1456000e+00
   8.0415000e-03   2.3700000e+01   2.1709000e+00
   8.0415000e-03   2.0700000e+01   2.1937000e+00
   8.0415000e-03   1.7700000e+01   2.2141000e+00
   8.0415000e-03   1.4700000e+01   2.2325000e+00
   8.0415000e-03   1.1700000e+01   2.2489000e+00
   8.0415000e-03   8.7000000e+00   2.2635000e+00
   8.0415000e-03   5.7000000e+00   2.2763000e+00
   8.0415000e-03   2.7000000e+00   2.2872000e+00
   8.0415000e-03  -3.0000000e-01   2.2964000e+00
   8.0415000e-03  -3.3000000e+00   2.3038000e+00
   8.0415000e-03  -6.3000000e+00   2.3091000e+00
   8.0415000e-03  -9.3000000e+00   2.3124000e+00
   8.0415000e-03  -1.2300000e+01   2.3135000e+00
   8.0415000e-03  -1.5300000e+01   2.3120000e+00
   8.0415000e-03  -1.8300000e+01   2.3079000e+00
   8.0415000e-03  -2.1300000e+01   2.3007000e+00
   8.0415000e-03  -2.4300000e+01   2.2900000e+00
   8.0415000e-03  -2.7300000e+01   2.2736000e+00
   8.2400000e-03  -3.0000000e+01   2.2355000e+00
   8.2400000e-03  -2.7000000e+01   2.2587000e+00
   8.2400000e-03  -2.4000000e+01   2.2781000e+00
   8.2400000e-03  -2.1000000e+01   2.2890000e+00
   8.2400000e-03  -1.8000000e+01   2.2966000e+00
   8.2400000e-03  -1.5000000e+01   2.3011000e+00
   8.2400000e-03  -1.2000000e+01   2.3028000e+00
   8.2400000e-03  -9.0000000e+00   2.3021000e+00
   8.2400000e-03  -6.0000000e+00   2.2992000e+00
   8.2400000e-03  -3.0000000e+00   2.2942000e+00
   8.2400000e-03  -1.3323000e-15   2.2873000e+00
   8.2400000e-03   3.0000000e+00   2.2785000e+00
   8.2400000e-03   6.0000000e+00   2.2679000e+00
   8.2400000e-03   9.0000000e+00   2.2555000e+00
   8.2400000e-03   1.2000000e+01   2.2414000e+00
   8.2400000e-03   1.5000000e+01   2.2254000e+00
   8.2400000e-03   1.8000000e+01   2.2074000e+00
   8.2400000e-03   2.1000000e+01   2.1874000e+00
   8.2400000e-03   2.4000000e+01   2.1651000e+00
   8.2400000e-03   2.7000000e+01   2.1402000e+00
   8.2400000e-03   3.0000000e+01   2.1125000e+00
   8.4385000e-03   2.7300000e+01   2.1345000e+00
   8.4385000e-03   2.4300000e+01   2.1589000e+00
   8.4385000e-03   2.1300000e+01   2.1808000e+00
   8.4385000e-03   1.8300000e+01   2.2004000e+00
   8.4385000e-03   1.5300000e+01   2.2179000e+00
   8.4385000e-03   1.2300000e+01   2.2335000e+00
   8.4385000e-03   9.3000000e+00   2.2472000e+00
   8.4385000e-03   6.3000000e+00   2.2592000e+00
   8.4385000e-03   3.3000000e+00   2.2694000e+00
   8.4385000e-03   3.0000000e-01   2.2778000e+00
   8.4385000e-03  -2.7000000e+00   2.2844000e+00
   8.4385000e-03  -5.7000000e+00   2.2890000e+00
   8.4385000e-03  -8.7000000e+00   2.2916000e+00
   8.4385000e-03  -1.1700000e+01   2.2919000e+00
   8.4385000e-03  -1.4700000e+01   2.2898000e+00
   8.4385000e-03  -1.7700000e+01   2.2850000e+00
   8.4385000e-03  -2.0700000e+01   2.2771000e+00
   8.4385000e-03  -2.3700000e+01   2.2634000e+00
   8.4385000e-03  -2.6700000e+01   2.2436000e+00
   8.4385000e-03  -2.9700000e+01   2.2202000e+00
   8.6370000e-03  -2.7600000e+01   2.2192000e+00
   8.6370000e-03  -2.4600000e+01   2.2405000e+00
   8.6370000e-03  -2.1600000e+01   2.2586000e+00
   8.6370000e-03  -1.8600000e+01   2.2702000e+00
   8.6370000e-03  -1.5600000e+01   2.2765000e+00
   8.6370000e-03  -1.2600000e+01   2.2800000e+00
   8.6370000e-03  -9.6000000e+00   2.2810000e+00
   8.6370000e-03  -6.6000000e+00   2.2796000e+00
   8.6370000e-03  -3.6000000e+00   2.2762000e+00
   8.6370000e-03  -6.0000000e-01   2.2707000e+00
   8.6370000e-03   2.4000000e+00   2.2634000e+00
   8.6370000e-03   5.4000000e+00   2.2544000e+00
   8.6370000e-03   8.4000000e+00   2.2435000e+00
   8.6370000e-03   1.1400000e+01   2.2309000e+00
   8.6370000e-03   1.4400000e+01   2.2165000e+00
   8.6370000e-03   1.7400000e+01   2.2001000e+00
   8.6370000e-03   2.0400000e+01   2.1818000e+00
   8.6370000e-03   2.3400000e+01   2.1613000e+00
   8.6370000e-03   2.6400000e+01   2.1384000e+00
   8.6370000e-03   2.9400000e+01   2.1128000e+00
   8.8355000e-03   2.7900000e+01   2.1221000e+00
   8.8355000e-03   2.4900000e+01   2.1456000e+00
   8.8355000e-03   2.1900000e+01   2.1667000e+00
   8.8355000e-03   1.8900000e+01   2.1854000e+00
   8.8355000e-03   1.5900000e+01   2.2021000e+00
   8.8355000e-03   1.2900000e+01   2.2169000e+00
   8.8355000e-03   9.9000000e+00   2.2298000e+00
   8.8355000e-03   6.9000000e+00   2.2410000e+00
   8.8355000e-03   3.9000000e+00   2.2504000e+00
   8.8355000e-03   9.0000000e-01   2.2580000e+00
   8.8355000e-03  -2.1000000e+00   2.2638000e+00
   8.8355000e-03  -5.1000000e+00   2.2677000e+00
   8.8355000e-03  -8.1000000e+00   2.2696000e+00
   8.8355000e-03  -1.1100000e+01   2.2692000e+00
   8.8355000e-03  -1.4100000e+01   2.2664000e+00
   8.8355000e-03  -1.7100000e+01   2.2609000e+00
   8.8355000e-03  -2.0100000e+01   2.2497000e+00
   8.8355000e-03  -2.3100000e+01   2.2326000e+00
   8.8355000e-03  -2.6100000e+01   2.2124000e+00
   8.8355000e-03  -2.9100000e+01   2.1888000e+00
   9.0340000e-03  -2.8200000e+01   2.1778000e+00
   9.0340000e-03  -2.5200000e+01   2.2008000e+00
   9.0340000e-03  -2.2200000e+01   2.2205000e+00
   9.0340000e-03  -1.9200000e+01   2.2373000e+00
   9.0340000e-03  -1.6200000e+01   2.2499000e+00
   9.0340000e-03  -1.3200000e+01   2.2552000e+00
   9.0340000e-03  -1.0200000e+01   2.2578000e+00
   9.0340000e-03  -7.2000000e+00   2.2581000e+00
   9.0340000e-03  -4.2000000e+00   2.2562000e+00
   9.0340000e-03  -1.2000000e+00   2.2522000e+00
   9.0340000e-03   1.8000000e+00   2.2464000e+00
   9.0340000e-03   4.8000000e+00   2.2388000e+00
   9.0340000e-03   7.8000000e+00   2.2295000e+00
   9.0340000e-03   1.0800000e+01   2.2183000e+00
   9.0340000e-03   1.3800000e+01   2.2054000e+00
   9.0340000e-03   1.6800000e+01   2.1907000e+00
   9.0340000e-03   1.9800000e+01   2.1740000e+00
   9.0340000e-03   2.2800000e+01   2.1552000e+00
   9.0340000e-03   2.5800000e+01   2.1342000e+00
   9.0340000e-03   2.8800000e+01   2.1106000e+00
   9.2325000e-03   2.8500000e+01   2.1086000e+00
   9.2325000e-03   2.5500000e+01   2.1313000e+00
   9.2325000e-03   2.2500000e+01   2.1514000e+00
   9.2325000e-03   1.9500000e+01   2.1694000e+00
   9.2325000e-03   1.6500000e+01   2.1852000e+00
   9.2325000e-03   1.3500000e+01   2.1992000e+00
   9.2325000e-03   1.0500000e+01   2.2113000e+00
   9.2325000e-03   7.5000000e+00   2.2217000e+00
   9.2325000e-03   4.5000000e+00   2.2304000e+00
   9.2325000e-03   1.5000000e+00   2.2373000e+00
   9.2325000e-03  -1.5000000e+00   2.2423000e+00
   9.2325000e-03  -4.5000000e+00   2.2455000e+00
   9.2325000e-03  -7.5000000e+00   2.2466000e+00
   9.2325000e-03  -1.0500000e+01   2.2456000e+00
   9.2325000e-03  -1.3500000e+01   2.2421000e+00
   9.2325000e-03  -1.6500000e+01   2.2335000e+00
   9.2325000e-03  -1.9500000e+01   2.2184000e+00
   9.2325000e-03  -2.2500000e+01   2.2008000e+00
   9.2325000e-03  -2.5500000e+01   2.1804000e+00
   9.2325000e-03  -2.8500000e+01   2.1566000e+00
   9.4310000e-03  -2.8800000e+01   2.1349000e+00
   9.4310000e-03  -2.5800000e+01   2.1596000e+00
   9.4310000e-03  -2.2800000e+01   2.1808000e+00
   9.4310000e-03  -1.9800000e+01   2.1991000e+00
   9.4310000e-03  -1.6800000e+01   2.2149000e+00
   9.4310000e-03  -1.3800000e+01   2.2285000e+00
   9.4310000e-03  -1.0800000e+01   2.2329000e+00
   9.4310000e-03  -7.8000000e+00   2.2348000e+00
   9.4310000e-03  -4.8000000e+00   2.2344000e+00
   9.4310000e-03  -1.8000000e+00   2.2320000e+00
   9.4310000e-03   1.2000000e+00   2.2276000e+00
   9.4310000e-03   4.2000000e+00   2.2215000e+00
   9.4310000e-03   7.2000000e+00   2.2136000e+00
   9.4310000e-03   1.0200000e+01   2.2039000e+00
   9.4310000e-03   1.3200000e+01   2.1925000e+00
   9.4310000e-03   1.6200000e+01   2.1793000e+00
   9.4310000e-03   1.9200000e+01   2.1642000e+00
   9.4310000e-03   2.2200000e+01   2.1471000e+00
   9.4310000e-03   2.5200000e+01   2.1278000e+00
   9.4310000e-03   2.8200000e+01   2.1061000e+00
   9.6295000e-03   2.9100000e+01   2.0940000e+00
   9.6295000e-03   2.6100000e+01   2.1158000e+00
   9.6295000e-03   2.3100000e+01   2.1352000e+00
   9.6295000e-03   2.0100000e+01   2.1523000e+00
   9.6295000e-03   1.7100000e+01   2.1674000e+00
   9.6295000e-03   1.4100000e+01   2.1806000e+00
   9.6295000e-03   1.1100000e+01   2.1920000e+00
   9.6295000e-03   8.1000000e+00   2.2016000e+00
   9.6295000e-03   5.1000000e+00   2.2095000e+00
   9.6295000e-03   2.1000000e+00   2.2157000e+00
   9.6295000e-03  -9.0000000e-01   2.2200000e+00
   9.6295000e-03  -3.9000000e+00   2.2225000e+00
   9.6295000e-03  -6.9000000e+00   2.2229000e+00
   9.6295000e-03  -9.9000000e+00   2.2212000e+00
   9.6295000e-03  -1.2900000e+01   2.2153000e+00
   9.6295000e-03  -1.5900000e+01   2.2019000e+00
   9.6295000e-03  -1.8900000e+01   2.1864000e+00
   9.6295000e-03  -2.1900000e+01   2.1684000e+00
   9.6295000e-03  -2.4900000e+01   2.1477000e+00
   9.6295000e-03  -2.7900000e+01   2.1237000e+00
   9.8280000e-03  -2.9400000e+01   2.0908000e+00
   9.8280000e-03  -2.6400000e+01   2.1171000e+00
   9.8280000e-03  -2.3400000e+01   2.1398000e+00
   9.8280000e-03  -2.0400000e+01   2.1596000e+00
   9.8280000e-03  -1.7400000e+01   2.1767000e+00
   9.8280000e-03  -1.4400000e+01   2.1915000e+00
   9.8280000e-03  -1.1400000e+01   2.2045000e+00
   9.8280000e-03  -8.4000000e+00   2.2098000e+00
   9.8280000e-03  -5.4000000e+00   2.2110000e+00
   9.8280000e-03  -2.4000000e+00   2.2101000e+00
   9.8280000e-03   6.0000000e-01   2.2072000e+00
   9.8280000e-03   3.6000000e+00   2.2025000e+00
   9.8280000e-03   6.6000000e+00   2.1960000e+00
   9.8280000e-03   9.6000000e+00   2.1877000e+00
   9.8280000e-03   1.2600000e+01   2.1778000e+00
   9.8280000e-03   1.5600000e+01   2.1661000e+00
   9.8280000e-03   1.8600000e+01   2.1525000e+00
   9.8280000e-03   2.1600000e+01   2.1370000e+00
   9.8280000e-03   2.4600000e+01   2.1194000e+00
   9.8280000e-03   2.7600000e+01   2.0995000e+00
   1.0026000e-02   2.9700000e+01   2.0784000e+00
   1.0026000e-02   2.6700000e+01   2.0994000e+00
   1.0026000e-02   2.3700000e+01   2.1180000e+00
   1.0026000e-02   2.0700000e+01   2.1343000e+00
   1.0026000e-02   1.7700000e+01   2.1487000e+00
   1.0026000e-02   1.4700000e+01   2.1611000e+00
   1.0026000e-02   1.1700000e+01   2.1718000e+00
   1.0026000e-02   8.7000000e+00   2.1807000e+00
   1.0026000e-02   5.7000000e+00   2.1879000e+00
   1.0026000e-02   2.7000000e+00   2.1933000e+00
   1.0026000e-02  -3.0000000e-01   2.1970000e+00
   1.0026000e-02  -3.3000000e+00   2.1988000e+00
   1.0026000e-02  -6.3000000e+00   2.1985000e+00
   1.0026000e-02  -9.3000000e+00   2.1957000e+00
   1.0026000e-02  -1.2300000e+01   2.1836000e+00
   1.0026000e-02  -1.5300000e+01   2.1697000e+00
   1.0026000e-02  -1.8300000e+01   2.1538000e+00
   1.0026000e-02  -2.1300000e+01   2.1355000e+00
   1.0026000e-02  -2.4300000e+01   2.1145000e+00
   1.0026000e-02  -2.7300000e+01   2.0903000e+00
   1.0225000e-02  -3.0000000e+01   2.0456000e+00
   1.0225000e-02  -2.7000000e+01   2.0735000e+00
   1.0225000e-02  -2.4000000e+01   2.0978000e+00
   1.0225000e-02  -2.1000000e+01   2.1189000e+00
   1.0225000e-02  -1.8000000e+01   2.1373000e+00
   1.0225000e-02  -1.5000000e+01   2.1534000e+00
   1.0225000e-02  -1.2000000e+01   2.1675000e+00
   1.0225000e-02  -9.0000000e+00   2.1798000e+00
   1.0225000e-02  -6.0000000e+00   2.1861000e+00
   1.0225000e-02  -3.0000000e+00   2.1867000e+00
   1.0225000e-02  -1.3323000e-15   2.1853000e+00
   1.0225000e-02   3.0000000e+00   2.1819000e+00
   1.0225000e-02   6.0000000e+00   2.1768000e+00
   1.0225000e-02   9.0000000e+00   2.1700000e+00
   1.0225000e-02   1.2000000e+01   2.1614000e+00
   1.0225000e-02   1.5000000e+01   2.1511000e+00
   1.0225000e-02   1.8000000e+01   2.1390000e+00
   1.0225000e-02   2.1000000e+01   2.1250000e+00
   1.0225000e-02   2.4000000e+01   2.1090000e+00
   1.0225000e-02   2.7000000e+01   2.0908000e+00
   1.0225000e-02   3.0000000e+01   2.0702000e+00
   1.0423000e-02   2.7300000e+01   2.0820000e+00
   1.0423000e-02   2.4300000e+01   2.0999000e+00
   1.0423000e-02   2.1300000e+01   2.1155000e+00
   1.0423000e-02   1.8300000e+01   2.1292000e+00
   1.0423000e-02   1.5300000e+01   2.1409000e+00
   1.0423000e-02   1.2300000e+01   2.1509000e+00
   1.0423000e-02   9.3000000e+00   2.1591000e+00
   1.0423000e-02   6.3000000e+00   2.1656000e+00
   1.0423000e-02   3.3000000e+00   2.1704000e+00
   1.0423000e-02   3.0000000e-01   2.1734000e+00
   1.0423000e-02  -2.7000000e+00   2.1745000e+00
   1.0423000e-02  -5.7000000e+00   2.1736000e+00
   1.0423000e-02  -8.7000000e+00   2.1639000e+00
   1.0423000e-02  -1.1700000e+01   2.1513000e+00
   1.0423000e-02  -1.4700000e+01   2.1371000e+00
   1.0423000e-02  -1.7700000e+01   2.1208000e+00
   1.0423000e-02  -2.0700000e+01   2.1022000e+00
   1.0423000e-02  -2.3700000e+01   2.0810000e+00
   1.0423000e-02  -2.6700000e+01   2.0567000e+00
   1.0423000e-02  -2.9700000e+01   2.0287000e+00
   1.0622000e-02  -2.7600000e+01   2.0290000e+00
   1.0622000e-02  -2.4600000e+01   2.0548000e+00
   1.0622000e-02  -2.1600000e+01   2.0773000e+00
   1.0622000e-02  -1.8600000e+01   2.0970000e+00
   1.0622000e-02  -1.5600000e+01   2.1143000e+00
   1.0622000e-02  -1.2600000e+01   2.1295000e+00
   1.0622000e-02  -9.6000000e+00   2.1429000e+00
   1.0622000e-02  -6.6000000e+00   2.1547000e+00
   1.0622000e-02  -3.6000000e+00   2.1620000e+00
   1.0622000e-02  -6.0000000e-01   2.1619000e+00
   1.0622000e-02   2.4000000e+00   2.1600000e+00
   1.0622000e-02   5.4000000e+00   2.1562000e+00
   1.0622000e-02   8.4000000e+00   2.1507000e+00
   1.0622000e-02   1.1400000e+01   2.1435000e+00
   1.0622000e-02   1.4400000e+01   2.1346000e+00
   1.0622000e-02   1.7400000e+01   2.1239000e+00
   1.0622000e-02   2.0400000e+01   2.1114000e+00
   1.0622000e-02   2.3400000e+01   2.0969000e+00
   1.0622000e-02   2.6400000e+01   2.0803000e+00
   1.0622000e-02   2.9400000e+01   2.0613000e+00
   1.0820000e-02   2.7900000e+01   2.0637000e+00
   1.0820000e-02   2.4900000e+01   2.0809000e+00
   1.0820000e-02   2.1900000e+01   2.0959000e+00
   1.0820000e-02   1.8900000e+01   2.1089000e+00
   1.0820000e-02   1.5900000e+01   2.1200000e+00
   1.0820000e-02   1.2900000e+01   2.1293000e+00
   1.0820000e-02   9.9000000e+00   2.1369000e+00
   1.0820000e-02   6.9000000e+00   2.1427000e+00
   1.0820000e-02   3.9000000e+00   2.1469000e+00
   1.0820000e-02   9.0000000e-01   2.1492000e+00
   1.0820000e-02  -2.1000000e+00   2.1497000e+00
   1.0820000e-02  -5.1000000e+00   2.1431000e+00
   1.0820000e-02  -8.1000000e+00   2.1317000e+00
   1.0820000e-02  -1.1100000e+01   2.1188000e+00
   1.0820000e-02  -1.4100000e+01   2.1042000e+00
   1.0820000e-02  -1.7100000e+01   2.0876000e+00
   1.0820000e-02  -2.0100000e+01   2.0688000e+00
   1.0820000e-02  -2.3100000e+01   2.0473000e+00
   1.0820000e-02  -2.6100000e+01   2.0229000e+00
   1.0820000e-02  -2.9100000e+01   1.9949000e+00
   1.1019000e-02  -2.8200000e+01   1.9839000e+00
   1.1019000e-02  -2.5200000e+01   2.0111000e+00
   1.1019000e-02  -2.2200000e+01   2.0350000e+00
   1.1019000e-02  -1.9200000e+01   2.0560000e+00
   1.1019000e-02  -1.6200000e+01   2.0744000e+00
   1.1019000e-02  -1.3200000e+01   2.0907000e+00
   1.1019000e-02  -1.0200000e+01   2.1052000e+00
   1.1019000e-02  -7.2000000e+00   2.1180000e+00
   1.1019000e-02  -4.2000000e+00   2.1293000e+00
   1.1019000e-02  -1.2000000e+00   2.1373000e+00
   1.1019000e-02   1.8000000e+00   2.1367000e+00
   1.1019000e-02   4.8000000e+00   2.1343000e+00
   1.1019000e-02   7.8000000e+00   2.1301000e+00
   1.1019000e-02   1.0800000e+01   2.1242000e+00
   1.1019000e-02   1.3800000e+01   2.1166000e+00
   1.1019000e-02   1.6800000e+01   2.1073000e+00
   1.1019000e-02   1.9800000e+01   2.0961000e+00
   1.1019000e-02   2.2800000e+01   2.0830000e+00
   1.1019000e-02   2.5800000e+01   2.0679000e+00
   1.1019000e-02   2.8800000e+01   2.0505000e+00
   1.1217000e-02   2.8500000e+01   2.0445000e+00
   1.1217000e-02   2.5500000e+01   2.0611000e+00
   1.1217000e-02   2.2500000e+01   2.0755000e+00
   1.1217000e-02   1.9500000e+01   2.0879000e+00
   1.1217000e-02   1.6500000e+01   2.0984000e+00
   1.1217000e-02   1.3500000e+01   2.1071000e+00
   1.1217000e-02   1.0500000e+01   2.1141000e+00
   1.1217000e-02   7.5000000e+00   2.1194000e+00
   1.1217000e-02   4.5000000e+00   2.1229000e+00
   1.1217000e-02   1.5000000e+00   2.1247000e+00
   1.1217000e-02  -1.5000000e+00   2.1216000e+00
   1.1217000e-02  -4.5000000e+00   2.1111000e+00
   1.1217000e-02  -7.5000000e+00   2.0993000e+00
   1.1217000e-02  -1.0500000e+01   2.0860000e+00
   1.1217000e-02  -1.3500000e+01   2.0711000e+00
   1.1217000e-02  -1.6500000e+01   2.0542000e+00
   1.1217000e-02  -1.9500000e+01   2.0352000e+00
   1.1217000e-02  -2.2500000e+01   2.0136000e+00
   1.1217000e-02  -2.5500000e+01   1.9890000e+00
   1.1217000e-02  -2.8500000e+01   1.9611000e+00
   1.1416000e-02  -2.8800000e+01   1.9381000e+00
   1.1416000e-02  -2.5800000e+01   1.9668000e+00
   1.1416000e-02  -2.2800000e+01   1.9920000e+00
   1.1416000e-02  -1.9800000e+01   2.0143000e+00
   1.1416000e-02  -1.6800000e+01   2.0339000e+00
   1.1416000e-02  -1.3800000e+01   2.0513000e+00
   1.1416000e-02  -1.0800000e+01   2.0667000e+00
   1.1416000e-02  -7.8000000e+00   2.0804000e+00
   1.1416000e-02  -4.8000000e+00   2.0927000e+00
   1.1416000e-02  -1.8000000e+00   2.1036000e+00
   1.1416000e-02   1.2000000e+00   2.1123000e+00
   1.1416000e-02   4.2000000e+00   2.1112000e+00
   1.1416000e-02   7.2000000e+00   2.1083000e+00
   1.1416000e-02   1.0200000e+01   2.1036000e+00
   1.1416000e-02   1.3200000e+01   2.0973000e+00
   1.1416000e-02   1.6200000e+01   2.0892000e+00
   1.1416000e-02   1.9200000e+01   2.0793000e+00
   1.1416000e-02   2.2200000e+01   2.0676000e+00
   1.1416000e-02   2.5200000e+01   2.0539000e+00
   1.1416000e-02   2.8200000e+01   2.0380000e+00
   1.1614000e-02   2.9100000e+01   2.0243000e+00
   1.1614000e-02   2.6100000e+01   2.0405000e+00
   1.1614000e-02   2.3100000e+01   2.0544000e+00
   1.1614000e-02   2.0100000e+01   2.0662000e+00
   1.1614000e-02   1.7100000e+01   2.0762000e+00
   1.1614000e-02   1.4100000e+01   2.0844000e+00
   1.1614000e-02   1.1100000e+01   2.0908000e+00
   1.1614000e-02   8.1000000e+00   2.0955000e+00
   1.1614000e-02   5.1000000e+00   2.0985000e+00
   1.1614000e-02   2.1000000e+00   2.0992000e+00
   1.1614000e-02  -9.0000000e-01   2.0896000e+00
   1.1614000e-02  -3.9000000e+00   2.0788000e+00
   1.1614000e-02  -6.9000000e+00   2.0667000e+00
   1.1614000e-02  -9.9000000e+00   2.0531000e+00
   1.1614000e-02  -1.2900000e+01   2.0379000e+00
   1.1614000e-02  -1.5900000e+01   2.0208000e+00
   1.1614000e-02  -1.8900000e+01   2.0016000e+00
   1.1614000e-02  -2.1900000e+01   1.9799000e+00
   1.1614000e-02  -2.4900000e+01   1.9552000e+00
   1.1614000e-02  -2.7900000e+01   1.9273000e+00
   1.1813000e-02  -2.9400000e+01   1.8919000e+00
   1.1813000e-02  -2.6400000e+01   1.9221000e+00
   1.1813000e-02  -2.3400000e+01   1.9486000e+00
   1.1813000e-02  -2.0400000e+01   1.9721000e+00
   1.1813000e-02  -1.7400000e+01   1.9928000e+00
   1.1813000e-02  -1.4400000e+01   2.0112000e+00
   1.1813000e-02  -1.1400000e+01   2.0276000e+00
   1.1813000e-02  -8.4000000e+00   2.0423000e+00
   1.1813000e-02  -5.4000000e+00   2.0554000e+00
   1.1813000e-02  -2.4000000e+00   2.0671000e+00
   1.1813000e-02   6.0000000e-01   2.0776000e+00
   1.1813000e-02   3.6000000e+00   2.0869000e+00
   1.1813000e-02   6.6000000e+00   2.0853000e+00
   1.1813000e-02   9.6000000e+00   2.0818000e+00
   1.1813000e-02   1.2600000e+01   2.0767000e+00
   1.1813000e-02   1.5600000e+01   2.0698000e+00
   1.1813000e-02   1.8600000e+01   2.0612000e+00
   1.1813000e-02   2.1600000e+01   2.0507000e+00
   1.1813000e-02   2.4600000e+01   2.0383000e+00
   1.1813000e-02   2.7600000e+01   2.0238000e+00
   1.2011000e-02   2.9700000e+01   2.0033000e+00
   1.2011000e-02   2.6700000e+01   2.0190000e+00
   1.2011000e-02   2.3700000e+01   2.0325000e+00
   1.2011000e-02   2.0700000e+01   2.0439000e+00
   1.2011000e-02   1.7700000e+01   2.0534000e+00
   1.2011000e-02   1.4700000e+01   2.0611000e+00
   1.2011000e-02   1.1700000e+01   2.0670000e+00
   1.2011000e-02   8.7000000e+00   2.0712000e+00
   1.2011000e-02   5.7000000e+00   2.0737000e+00
   1.2011000e-02   2.7000000e+00   2.0674000e+00
   1.2011000e-02  -3.0000000e-01   2.0574000e+00
   1.2011000e-02  -3.3000000e+00   2.0463000e+00
   1.2011000e-02  -6.3000000e+00   2.0339000e+00
   1.2011000e-02  -9.3000000e+00   2.0201000e+00
   1.2011000e-02  -1.2300000e+01   2.0047000e+00
   1.2011000e-02  -1.5300000e+01   1.9874000e+00
   1.2011000e-02  -1.8300000e+01   1.9681000e+00
   1.2011000e-02  -2.1300000e+01   1.9462000e+00
   1.2011000e-02  -2.4300000e+01   1.9216000e+00
   1.2011000e-02  -2.7300000e+01   1.8937000e+00
   1.2210000e-02  -3.0000000e+01   1.8446000e+00
   1.2210000e-02  -2.7000000e+01   1.8763000e+00
   1.2210000e-02  -2.4000000e+01   1.9044000e+00
   1.2210000e-02  -2.1000000e+01   1.9292000e+00
   1.2210000e-02  -1.8000000e+01   1.9513000e+00
   1.2210000e-02  -1.5000000e+01   1.9708000e+00
   1.2210000e-02  -1.2000000e+01   1.9881000e+00
   1.2210000e-02  -9.0000000e+00   2.0037000e+00
   1.2210000e-02  -6.0000000e+00   2.0176000e+00
   1.2210000e-02  -3.0000000e+00   2.0301000e+00
   1.2210000e-02  -1.3323000e-15   2.0413000e+00
   1.2210000e-02   3.0000000e+00   2.0513000e+00
   1.2210000e-02   6.0000000e+00   2.0603000e+00
   1.2210000e-02   9.0000000e+00   2.0589000e+00
   1.2210000e-02   1.2000000e+01   2.0550000e+00
   1.2210000e-02   1.5000000e+01   2.0493000e+00
   1.2210000e-02   1.8000000e+01   2.0418000e+00
   1.2210000e-02   2.1000000e+01   2.0325000e+00
   1.2210000e-02   2.4000000e+01   2.0213000e+00
   1.2210000e-02   2.7000000e+01   2.0080000e+00
   1.2210000e-02   3.0000000e+01   1.9924000e+00
   1.2408000e-02   2.7300000e+01   1.9968000e+00
   1.2408000e-02   2.4300000e+01   2.0099000e+00
   1.2408000e-02   2.1300000e+01   2.0210000e+00
   1.2408000e-02   1.8300000e+01   2.0297000e+00
   1.2408000e-02   1.5300000e+01   2.0367000e+00
   1.2408000e-02   1.2300000e+01   2.0418000e+00
   1.2408000e-02   9.3000000e+00   2.0453000e+00
   1.2408000e-02   6.3000000e+00   2.0428000e+00
   1.2408000e-02   3.3000000e+00   2.0335000e+00
   1.2408000e-02   3.0000000e-01   2.0230000e+00
   1.2408000e-02  -2.7000000e+00   2.0114000e+00
   1.2408000e-02  -5.7000000e+00   1.9986000e+00
   1.2408000e-02  -8.7000000e+00   1.9843000e+00
   1.2408000e-02  -1.1700000e+01   1.9685000e+00
   1.2408000e-02  -1.4700000e+01   1.9509000e+00
   1.2408000e-02  -1.7700000e+01   1.9313000e+00
   1.2408000e-02  -2.0700000e+01   1.9093000e+00
   1.2408000e-02  -2.3700000e+01   1.8845000e+00
   1.2408000e-02  -2.6700000e+01   1.8567000e+00
   1.2408000e-02  -2.9700000e+01   1.8252000e+00
   1.2607000e-02  -2.7600000e+01   1.8252000e+00
   1.2607000e-02  -2.4600000e+01   1.8542000e+00
   1.2607000e-02  -2.1600000e+01   1.8800000e+00
   1.2607000e-02  -1.8600000e+01   1.9029000e+00
   1.2607000e-02  -1.5600000e+01   1.9233000e+00
   1.2607000e-02  -1.2600000e+01   1.9417000e+00
   1.2607000e-02  -9.6000000e+00   1.9581000e+00
   1.2607000e-02  -6.6000000e+00   1.9730000e+00
   1.2607000e-02  -3.6000000e+00   1.9864000e+00
   1.2607000e-02  -6.0000000e-01   1.9985000e+00
   1.2607000e-02   2.4000000e+00   2.0094000e+00
   1.2607000e-02   5.4000000e+00   2.0192000e+00
   1.2607000e-02   8.4000000e+00   2.0280000e+00
   1.2607000e-02   1.1400000e+01   2.0269000e+00
   1.2607000e-02   1.4400000e+01   2.0227000e+00
   1.2607000e-02   1.7400000e+01   2.0167000e+00
   1.2607000e-02   2.0400000e+01   2.0089000e+00
   1.2607000e-02   2.3400000e+01   1.9992000e+00
   1.2607000e-02   2.6400000e+01   1.9875000e+00
   1.2607000e-02   2.9400000e+01   1.9734000e+00
   1.2805000e-02   2.7900000e+01   1.9668000e+00
   1.2805000e-02   2.4900000e+01   1.9793000e+00
   1.2805000e-02   2.1900000e+01   1.9896000e+00
   1.2805000e-02   1.8900000e+01   1.9979000e+00
   1.2805000e-02   1.5900000e+01   2.0044000e+00
   1.2805000e-02   1.2900000e+01   2.0091000e+00
   1.2805000e-02   9.9000000e+00   2.0114000e+00
   1.2805000e-02   6.9000000e+00   2.0030000e+00
   1.2805000e-02   3.9000000e+00   1.9936000e+00
   1.2805000e-02   9.0000000e-01   1.9831000e+00
   1.2805000e-02  -2.1000000e+00   1.9714000e+00
   1.2805000e-02  -5.1000000e+00   1.9585000e+00
   1.2805000e-02  -8.1000000e+00   1.9443000e+00
   1.2805000e-02  -1.1100000e+01   1.9285000e+00
   1.2805000e-02  -1.4100000e+01   1.9110000e+00
   1.2805000e-02  -1.7100000e+01   1.8916000e+00
   1.2805000e-02  -2.0100000e+01   1.8698000e+00
   1.2805000e-02  -2.3100000e+01   1.8453000e+00
   1.2805000e-02  -2.6100000e+01   1.8179000e+00
   1.2805000e-02  -2.9100000e+01   1.7869000e+00
   1.3004000e-02  -2.8200000e+01   1.7744000e+00
   1.3004000e-02  -2.5200000e+01   1.8044000e+00
   1.3004000e-02  -2.2200000e+01   1.8311000e+00
   1.3004000e-02  -1.9200000e+01   1.8548000e+00
   1.3004000e-02  -1.6200000e+01   1.8760000e+00
   1.3004000e-02  -1.3200000e+01   1.8950000e+00
   1.3004000e-02  -1.0200000e+01   1.9121000e+00
   1.3004000e-02  -7.2000000e+00   1.9275000e+00
   1.3004000e-02  -4.2000000e+00   1.9414000e+00
   1.3004000e-02  -1.2000000e+00   1.9540000e+00
   1.3004000e-02   1.8000000e+00   1.9655000e+00
   1.3004000e-02   4.8000000e+00   1.9758000e+00
   1.3004000e-02   7.8000000e+00   1.9850000e+00
   1.3004000e-02   1.0800000e+01   1.9932000e+00
   1.3004000e-02   1.3800000e+01   1.9919000e+00
   1.3004000e-02   1.6800000e+01   1.9871000e+00
   1.3004000e-02   1.9800000e+01   1.9805000e+00
   1.3004000e-02   2.2800000e+01   1.9720000e+00
   1.3004000e-02   2.5800000e+01   1.9614000e+00
   1.3004000e-02   2.8800000e+01   1.9487000e+00
   1.3202000e-02   2.8500000e+01   1.9360000e+00
   1.3202000e-02   2.5500000e+01   1.9481000e+00
   1.3202000e-02   2.2500000e+01   1.9580000e+00
   1.3202000e-02   1.9500000e+01   1.9659000e+00
   1.3202000e-02   1.6500000e+01   1.9720000e+00
   1.3202000e-02   1.3500000e+01   1.9763000e+00
   1.3202000e-02   1.0500000e+01   1.9720000e+00
   1.3202000e-02   7.5000000e+00   1.9636000e+00
   1.3202000e-02   4.5000000e+00   1.9542000e+00
   1.3202000e-02   1.5000000e+00   1.9436000e+00
   1.3202000e-02  -1.5000000e+00   1.9319000e+00
   1.3202000e-02  -4.5000000e+00   1.9191000e+00
   1.3202000e-02  -7.5000000e+00   1.9049000e+00
   1.3202000e-02  -1.0500000e+01   1.8892000e+00
   1.3202000e-02  -1.3500000e+01   1.8718000e+00
   1.3202000e-02  -1.6500000e+01   1.8525000e+00
   1.3202000e-02  -1.9500000e+01   1.8309000e+00
   1.3202000e-02  -2.2500000e+01   1.8068000e+00
   1.3202000e-02  -2.5500000e+01   1.7797000e+00
   1.3202000e-02  -2.8500000e+01   1.7492000e+00
   1.3401000e-02  -2.8800000e+01   1.7241000e+00
   1.3401000e-02  -2.5800000e+01   1.7551000e+00
   1.3401000e-02  -2.2800000e+01   1.7826000e+00
   1.3401000e-02  -1.9800000e+01   1.8072000e+00
   1.3401000e-02  -1.6800000e+01   1.8291000e+00
   1.3401000e-02  -1.3800000e+01   1.8487000e+00
   1.3401000e-02  -1.0800000e+01   1.8664000e+00
   1.3401000e-02  -7.8000000e+00   1.8824000e+00
   1.3401000e-02  -4.8000000e+00   1.8968000e+00
   1.3401000e-02  -1.8000000e+00   1.9099000e+00
   1.3401000e-02   1.2000000e+00   1.9218000e+00
   1.3401000e-02   4.2000000e+00   1.9326000e+00
   1.3401000e-02   7.2000000e+00   1.9423000e+00
   1.3401000e-02   1.0200000e+01   1.9509000e+00
   1.3401000e-02   1.3200000e+01   1.9584000e+00
   1.3401000e-02   1.6200000e+01   1.9568000e+00
   1.3401000e-02   1.9200000e+01   1.9513000e+00
   1.3401000e-02   2.2200000e+01   1.9439000e+00
   1.3401000e-02   2.5200000e+01   1.9345000e+00
   1.3401000e-02   2.8200000e+01   1.9230000e+00
   1.3599000e-02   2.9100000e+01   1.9047000e+00
   1.3599000e-02   2.6100000e+01   1.9166000e+00
   1.3599000e-02   2.3100000e+01   1.9263000e+00
   1.3599000e-02   2.0100000e+01   1.9339000e+00
   1.3599000e-02   1.7100000e+01   1.9397000e+00
   1.3599000e-02   1.4100000e+01   1.9402000e+00
   1.3599000e-02   1.1100000e+01   1.9330000e+00
   1.3599000e-02   8.1000000e+00   1.9246000e+00
   1.3599000e-02   5.1000000e+00   1.9152000e+00
   1.3599000e-02   2.1000000e+00   1.9047000e+00
   1.3599000e-02  -9.0000000e-01   1.8930000e+00
   1.3599000e-02  -3.9000000e+00   1.8802000e+00
   1.3599000e-02  -6.9000000e+00   1.8660000e+00
   1.3599000e-02  -9.9000000e+00   1.8504000e+00
   1.3599000e-02  -1.2900000e+01   1.8332000e+00
   1.3599000e-02  -1.5900000e+01   1.8140000e+00
   1.3599000e-02  -1.8900000e+01   1.7927000e+00
   1.3599000e-02  -2.1900000e+01   1.7689000e+00
   1.3599000e-02  -2.4900000e+01   1.7422000e+00
   1.3599000e-02  -2.7900000e+01   1.7122000e+00
   1.3798000e-02  -2.9400000e+01   1.6743000e+00
   1.3798000e-02  -2.6400000e+01   1.7063000e+00
   1.3798000e-02  -2.3400000e+01   1.7347000e+00
   1.3798000e-02  -2.0400000e+01   1.7600000e+00
   1.3798000e-02  -1.7400000e+01   1.7826000e+00
   1.3798000e-02  -1.4400000e+01   1.8029000e+00
   1.3798000e-02  -1.1400000e+01   1.8212000e+00
   1.3798000e-02  -8.4000000e+00   1.8377000e+00
   1.3798000e-02  -5.4000000e+00   1.8526000e+00
   1.3798000e-02  -2.4000000e+00   1.8662000e+00
   1.3798000e-02   6.0000000e-01   1.8785000e+00
   1.3798000e-02   3.6000000e+00   1.8897000e+00
   1.3798000e-02   6.6000000e+00   1.8998000e+00
   1.3798000e-02   9.6000000e+00   1.9088000e+00
   1.3798000e-02   1.2600000e+01   1.9167000e+00
   1.3798000e-02   1.5600000e+01   1.9234000e+00
   1.3798000e-02   1.8600000e+01   1.9215000e+00
   1.3798000e-02   2.1600000e+01   1.9151000e+00
   1.3798000e-02   2.4600000e+01   1.9068000e+00
   1.3798000e-02   2.7600000e+01   1.8964000e+00
   1.3996000e-02   2.9700000e+01   1.8732000e+00
   1.3996000e-02   2.6700000e+01   1.8849000e+00
   1.3996000e-02   2.3700000e+01   1.8944000e+00
   1.3996000e-02   2.0700000e+01   1.9018000e+00
   1.3996000e-02   1.7700000e+01   1.9073000e+00
   1.3996000e-02   1.4700000e+01   1.9015000e+00
   1.3996000e-02   1.1700000e+01   1.8944000e+00
   1.3996000e-02   8.7000000e+00   1.8861000e+00
   1.3996000e-02   5.7000000e+00   1.8767000e+00
   1.3996000e-02   2.7000000e+00   1.8662000e+00
   1.3996000e-02  -3.0000000e-01   1.8546000e+00
   1.3996000e-02  -3.3000000e+00   1.8419000e+00
   1.3996000e-02  -6.3000000e+00   1.8278000e+00
   1.3996000e-02  -9.3000000e+00   1.8123000e+00
   1.3996000e-02  -1.2300000e+01   1.7952000e+00
   1.3996000e-02  -1.5300000e+01   1.7763000e+00
   1.3996000e-02  -1.8300000e+01   1.7552000e+00
   1.3996000e-02  -2.1300000e+01   1.7317000e+00
   1.3996000e-02  -2.4300000e+01   1.7054000e+00
   1.3996000e-02  -2.7300000e+01   1.6759000e+00
   1.4195000e-02  -3.0000000e+01   1.6251000e+00
   1.4195000e-02  -2.7000000e+01   1.6580000e+00
   1.4195000e-02  -2.4000000e+01   1.6873000e+00
   1.4195000e-02  -2.1000000e+01   1.7134000e+00
   1.4195000e-02  -1.8000000e+01   1.7367000e+00
   1.4195000e-02  -1.5000000e+01   1.7576000e+00
   1.4195000e-02  -1.2000000e+01   1.7765000e+00
   1.4195000e-02  -9.0000000e+00   1.7935000e+00
   1.4195000e-02  -6.0000000e+00   1.8089000e+00
   1.4195000e-02  -3.0000000e+00   1.8229000e+00
   1.4195000e-02  -1.3323000e-15   1.8357000e+00
   1.4195000e-02   3.0000000e+00   1.8472000e+00
   1.4195000e-02   6.0000000e+00   1.8577000e+00
   1.4195000e-02   9.0000000e+00   1.8670000e+00
   1.4195000e-02   1.2000000e+01   1.8753000e+00
   1.4195000e-02   1.5000000e+01   1.8823000e+00
   1.4195000e-02   1.8000000e+01   1.8881000e+00
   1.4195000e-02   2.1000000e+01   1.8857000e+00
   1.4195000e-02   2.4000000e+01   1.8784000e+00
   1.4195000e-02   2.7000000e+01   1.8690000e+00
   1.4195000e-02   3.0000000e+01   1.8573000e+00
   1.4393000e-02   2.7300000e+01   1.8530000e+00
   1.4393000e-02   2.4300000e+01   1.8624000e+00
   1.4393000e-02   2.1300000e+01   1.8696000e+00
   1.4393000e-02   1.8300000e+01   1.8689000e+00
   1.4393000e-02   1.5300000e+01   1.8632000e+00
   1.4393000e-02   1.2300000e+01   1.8562000e+00
   1.4393000e-02   9.3000000e+00   1.8480000e+00
   1.4393000e-02   6.3000000e+00   1.8387000e+00
   1.4393000e-02   3.3000000e+00   1.8283000e+00
   1.4393000e-02   3.0000000e-01   1.8168000e+00
   1.4393000e-02  -2.7000000e+00   1.8041000e+00
   1.4393000e-02  -5.7000000e+00   1.7902000e+00
   1.4393000e-02  -8.7000000e+00   1.7749000e+00
   1.4393000e-02  -1.1700000e+01   1.7579000e+00
   1.4393000e-02  -1.4700000e+01   1.7392000e+00
   1.4393000e-02  -1.7700000e+01   1.7184000e+00
   1.4393000e-02  -2.0700000e+01   1.6952000e+00
   1.4393000e-02  -2.3700000e+01   1.6693000e+00
   1.4393000e-02  -2.6700000e+01   1.6403000e+00
   1.4393000e-02  -2.9700000e+01   1.6077000e+00
   1.4592000e-02  -2.7600000e+01   1.6103000e+00
   1.4592000e-02  -2.4600000e+01   1.6404000e+00
   1.4592000e-02  -2.1600000e+01   1.6673000e+00
   1.4592000e-02  -1.8600000e+01   1.6913000e+00
   1.4592000e-02  -1.5600000e+01   1.7129000e+00
   1.4592000e-02  -1.2600000e+01   1.7323000e+00
   1.4592000e-02  -9.6000000e+00   1.7498000e+00
   1.4592000e-02  -6.6000000e+00   1.7657000e+00
   1.4592000e-02  -3.6000000e+00   1.7801000e+00
   1.4592000e-02  -6.0000000e-01   1.7932000e+00
   1.4592000e-02   2.4000000e+00   1.8051000e+00
   1.4592000e-02   5.4000000e+00   1.8159000e+00
   1.4592000e-02   8.4000000e+00   1.8256000e+00
   1.4592000e-02   1.1400000e+01   1.8342000e+00
   1.4592000e-02   1.4400000e+01   1.8416000e+00
   1.4592000e-02   1.7400000e+01   1.8477000e+00
   1.4592000e-02   2.0400000e+01   1.8524000e+00
   1.4592000e-02   2.3400000e+01   1.8495000e+00
   1.4592000e-02   2.6400000e+01   1.8410000e+00
   1.4592000e-02   2.9400000e+01   1.8302000e+00
   1.4790000e-02   2.7900000e+01   1.8209000e+00
   1.4790000e-02   2.4900000e+01   1.8302000e+00
   1.4790000e-02   2.1900000e+01   1.8347000e+00
   1.4790000e-02   1.8900000e+01   1.8307000e+00
   1.4790000e-02   1.5900000e+01   1.8253000e+00
   1.4790000e-02   1.2900000e+01   1.8185000e+00
   1.4790000e-02   9.9000000e+00   1.8104000e+00
   1.4790000e-02   6.9000000e+00   1.8013000e+00
   1.4790000e-02   3.9000000e+00   1.7910000e+00
   1.4790000e-02   9.0000000e-01   1.7796000e+00
   1.4790000e-02  -2.1000000e+00   1.7670000e+00
   1.4790000e-02  -5.1000000e+00   1.7532000e+00
   1.4790000e-02  -8.1000000e+00   1.7380000e+00
   1.4790000e-02  -1.1100000e+01   1.7213000e+00
   1.4790000e-02  -1.4100000e+01   1.7028000e+00
   1.4790000e-02  -1.7100000e+01   1.6823000e+00
   1.4790000e-02  -2.0100000e+01   1.6594000e+00
   1.4790000e-02  -2.3100000e+01   1.6339000e+00
   1.4790000e-02  -2.6100000e+01   1.6054000e+00
   1.4790000e-02  -2.9100000e+01   1.5733000e+00
   1.4989000e-02  -2.8200000e+01   1.5631000e+00
   1.4989000e-02  -2.5200000e+01   1.5941000e+00
   1.4989000e-02  -2.2200000e+01   1.6218000e+00
   1.4989000e-02  -1.9200000e+01   1.6465000e+00
   1.4989000e-02  -1.6200000e+01   1.6687000e+00
   1.4989000e-02  -1.3200000e+01   1.6887000e+00
   1.4989000e-02  -1.0200000e+01   1.7067000e+00
   1.4989000e-02  -7.2000000e+00   1.7230000e+00
   1.4989000e-02  -4.2000000e+00   1.7378000e+00
   1.4989000e-02  -1.2000000e+00   1.7513000e+00
   1.4989000e-02   1.8000000e+00   1.7636000e+00
   1.4989000e-02   4.8000000e+00   1.7747000e+00
   1.4989000e-02   7.8000000e+00   1.7846000e+00
   1.4989000e-02   1.0800000e+01   1.7935000e+00
   1.4989000e-02   1.3800000e+01   1.8012000e+00
   1.4989000e-02   1.6800000e+01   1.8076000e+00
   1.4989000e-02   1.9800000e+01   1.8127000e+00
   1.4989000e-02   2.2800000e+01   1.8161000e+00
   1.4989000e-02   2.5800000e+01   1.8124000e+00
   1.4989000e-02   2.8800000e+01   1.8025000e+00
   1.5187000e-02   2.8500000e+01   1.7885000e+00
   1.5187000e-02   2.5500000e+01   1.7980000e+00
   1.5187000e-02   2.2500000e+01   1.7965000e+00
   1.5187000e-02   1.9500000e+01   1.7929000e+00
   1.5187000e-02   1.6500000e+01   1.7877000e+00
   1.5187000e-02   1.3500000e+01   1.7812000e+00
   1.5187000e-02   1.0500000e+01   1.7733000e+00
   1.5187000e-02   7.5000000e+00   1.7643000e+00
   1.5187000e-02   4.5000000e+00   1.7542000e+00
   1.5187000e-02   1.5000000e+00   1.7430000e+00
   1.5187000e-02  -1.5000000e+00   1.7306000e+00
   1.5187000e-02  -4.5000000e+00   1.7169000e+00
   1.5187000e-02  -7.5000000e+00   1.7019000e+00
   1.5187000e-02  -1.0500000e+01   1.6853000e+00
   1.5187000e-02  -1.3500000e+01   1.6671000e+00
   1.5187000e-02  -1.6500000e+01   1.6468000e+00
   1.5187000e-02  -1.9500000e+01   1.6243000e+00
   1.5187000e-02  -2.2500000e+01   1.5992000e+00
   1.5187000e-02  -2.5500000e+01   1.5712000e+00
   1.5187000e-02  -2.8500000e+01   1.5397000e+00
   1.5386000e-02  -2.8800000e+01   1.5164000e+00
   1.5386000e-02  -2.5800000e+01   1.5483000e+00
   1.5386000e-02  -2.2800000e+01   1.5768000e+00
   1.5386000e-02  -1.9800000e+01   1.6023000e+00
   1.5386000e-02  -1.6800000e+01   1.6251000e+00
   1.5386000e-02  -1.3800000e+01   1.6456000e+00
   1.5386000e-02  -1.0800000e+01   1.6641000e+00
   1.5386000e-02  -7.8000000e+00   1.6809000e+00
   1.5386000e-02  -4.8000000e+00   1.6961000e+00
   1.5386000e-02  -1.8000000e+00   1.7099000e+00
   1.5386000e-02   1.2000000e+00   1.7225000e+00
   1.5386000e-02   4.2000000e+00   1.7339000e+00
   1.5386000e-02   7.2000000e+00   1.7441000e+00
   1.5386000e-02   1.0200000e+01   1.7533000e+00
   1.5386000e-02   1.3200000e+01   1.7612000e+00
   1.5386000e-02   1.6200000e+01   1.7679000e+00
   1.5386000e-02   1.9200000e+01   1.7732000e+00
   1.5386000e-02   2.2200000e+01   1.7770000e+00
   1.5386000e-02   2.5200000e+01   1.7789000e+00
   1.5386000e-02   2.8200000e+01   1.7743000e+00
   1.5584000e-02   2.9100000e+01   1.7559000e+00
   1.5584000e-02   2.6100000e+01   1.7598000e+00
   1.5584000e-02   2.3100000e+01   1.7586000e+00
   1.5584000e-02   2.0100000e+01   1.7554000e+00
   1.5584000e-02   1.7100000e+01   1.7506000e+00
   1.5584000e-02   1.4100000e+01   1.7443000e+00
   1.5584000e-02   1.1100000e+01   1.7367000e+00
   1.5584000e-02   8.1000000e+00   1.7279000e+00
   1.5584000e-02   5.1000000e+00   1.7180000e+00
   1.5584000e-02   2.1000000e+00   1.7069000e+00
   1.5584000e-02  -9.0000000e-01   1.6947000e+00
   1.5584000e-02  -3.9000000e+00   1.6812000e+00
   1.5584000e-02  -6.9000000e+00   1.6664000e+00
   1.5584000e-02  -9.9000000e+00   1.6501000e+00
   1.5584000e-02  -1.2900000e+01   1.6320000e+00
   1.5584000e-02  -1.5900000e+01   1.6121000e+00
   1.5584000e-02  -1.8900000e+01   1.5899000e+00
   1.5584000e-02  -2.1900000e+01   1.5652000e+00
   1.5584000e-02  -2.4900000e+01   1.5376000e+00
   1.5584000e-02  -2.7900000e+01   1.5067000e+00
   1.5783000e-02  -2.9400000e+01   1.4704000e+00
   1.5783000e-02  -2.6400000e+01   1.5032000e+00
   1.5783000e-02  -2.3400000e+01   1.5324000e+00
   1.5783000e-02  -2.0400000e+01   1.5586000e+00
   1.5783000e-02  -1.7400000e+01   1.5820000e+00
   1.5783000e-02  -1.4400000e+01   1.6031000e+00
   1.5783000e-02  -1.1400000e+01   1.6221000e+00
   1.5783000e-02  -8.4000000e+00   1.6393000e+00
   1.5783000e-02  -5.4000000e+00   1.6549000e+00
   1.5783000e-02  -2.4000000e+00   1.6691000e+00
   1.5783000e-02   6.0000000e-01   1.6820000e+00
   1.5783000e-02   3.6000000e+00   1.6937000e+00
   1.5783000e-02   6.6000000e+00   1.7042000e+00
   1.5783000e-02   9.6000000e+00   1.7135000e+00
   1.5783000e-02   1.2600000e+01   1.7217000e+00
   1.5783000e-02   1.5600000e+01   1.7287000e+00
   1.5783000e-02   1.8600000e+01   1.7342000e+00
   1.5783000e-02   2.1600000e+01   1.7382000e+00
   1.5783000e-02   2.4600000e+01   1.7404000e+00
   1.5783000e-02   2.7600000e+01   1.7405000e+00
   1.5981000e-02   2.9700000e+01   1.7199000e+00
   1.5981000e-02   2.6700000e+01   1.7217000e+00
   1.5981000e-02   2.3700000e+01   1.7210000e+00
   1.5981000e-02   2.0700000e+01   1.7183000e+00
   1.5981000e-02   1.7700000e+01   1.7138000e+00
   1.5981000e-02   1.4700000e+01   1.7079000e+00
   1.5981000e-02   1.1700000e+01   1.7006000e+00
   1.5981000e-02   8.7000000e+00   1.6920000e+00
   1.5981000e-02   5.7000000e+00   1.6823000e+00
   1.5981000e-02   2.7000000e+00   1.6715000e+00
   1.5981000e-02  -3.0000000e-01   1.6594000e+00
   1.5981000e-02  -3.3000000e+00   1.6462000e+00
   1.5981000e-02  -6.3000000e+00   1.6315000e+00
   1.5981000e-02  -9.3000000e+00   1.6154000e+00
   1.5981000e-02  -1.2300000e+01   1.5977000e+00
   1.5981000e-02  -1.5300000e+01   1.5780000e+00
   1.5981000e-02  -1.8300000e+01   1.5562000e+00
   1.5981000e-02  -2.1300000e+01   1.5319000e+00
   1.5981000e-02  -2.4300000e+01   1.5048000e+00
   1.5981000e-02  -2.7300000e+01   1.4744000e+00
   1.6180000e-02  -3.0000000e+01   1.4249000e+00
   1.6180000e-02  -2.7000000e+01   1.4586000e+00
   1.6180000e-02  -2.4000000e+01   1.4886000e+00
   1.6180000e-02  -2.1000000e+01   1.5155000e+00
   1.6180000e-02  -1.8000000e+01   1.5396000e+00
   1.6180000e-02  -1.5000000e+01   1.5612000e+00
   1.6180000e-02  -1.2000000e+01   1.5807000e+00
   1.6180000e-02  -9.0000000e+00   1.5984000e+00
   1.6180000e-02  -6.0000000e+00   1.6144000e+00
   1.6180000e-02  -3.0000000e+00   1.6289000e+00
   1.6180000e-02  -1.3323000e-15   1.6420000e+00
   1.6180000e-02   3.0000000e+00   1.6540000e+00
   1.6180000e-02   6.0000000e+00   1.6647000e+00
   1.6180000e-02   9.0000000e+00   1.6743000e+00
   1.6180000e-02   1.2000000e+01   1.6827000e+00
   1.6180000e-02   1.5000000e+01   1.6898000e+00
   1.6180000e-02   1.8000000e+01   1.6956000e+00
   1.6180000e-02   2.1000000e+01   1.6999000e+00
   1.6180000e-02   2.4000000e+01   1.7023000e+00
   1.6180000e-02   2.7000000e+01   1.7027000e+00
   1.6180000e-02   3.0000000e+01   1.7006000e+00
   1.6378000e-02   2.7300000e+01   1.6838000e+00
   1.6378000e-02   2.4300000e+01   1.6837000e+00
   1.6378000e-02   2.1300000e+01   1.6815000e+00
   1.6378000e-02   1.8300000e+01   1.6775000e+00
   1.6378000e-02   1.5300000e+01   1.6719000e+00
   1.6378000e-02   1.2300000e+01   1.6649000e+00
   1.6378000e-02   9.3000000e+00   1.6567000e+00
   1.6378000e-02   6.3000000e+00   1.6472000e+00
   1.6378000e-02   3.3000000e+00   1.6366000e+00
   1.6378000e-02   3.0000000e-01   1.6248000e+00
   1.6378000e-02  -2.7000000e+00   1.6117000e+00
   1.6378000e-02  -5.7000000e+00   1.5973000e+00
   1.6378000e-02  -8.7000000e+00   1.5815000e+00
   1.6378000e-02  -1.1700000e+01   1.5640000e+00
   1.6378000e-02  -1.4700000e+01   1.5446000e+00
   1.6378000e-02  -1.7700000e+01   1.5231000e+00
   1.6378000e-02  -2.0700000e+01   1.4993000e+00
   1.6378000e-02  -2.3700000e+01   1.4726000e+00
   1.6378000e-02  -2.6700000e+01   1.4428000e+00
   1.6378000e-02  -2.9700000e+01   1.4095000e+00
   1.6577000e-02  -2.7600000e+01   1.4145000e+00
   1.6577000e-02  -2.4600000e+01   1.4454000e+00
   1.6577000e-02  -2.1600000e+01   1.4730000e+00
   1.6577000e-02  -1.8600000e+01   1.4977000e+00
   1.6577000e-02  -1.5600000e+01   1.5199000e+00
   1.6577000e-02  -1.2600000e+01   1.5399000e+00
   1.6577000e-02  -9.6000000e+00   1.5580000e+00
   1.6577000e-02  -6.6000000e+00   1.5744000e+00
   1.6577000e-02  -3.6000000e+00   1.5892000e+00
   1.6577000e-02  -6.0000000e-01   1.6027000e+00
   1.6577000e-02   2.4000000e+00   1.6148000e+00
   1.6577000e-02   5.4000000e+00   1.6258000e+00
   1.6577000e-02   8.4000000e+00   1.6356000e+00
   1.6577000e-02   1.1400000e+01   1.6442000e+00
   1.6577000e-02   1.4400000e+01   1.6516000e+00
   1.6577000e-02   1.7400000e+01   1.6575000e+00
   1.6577000e-02   2.0400000e+01   1.6620000e+00
   1.6577000e-02   2.3400000e+01   1.6647000e+00
   1.6577000e-02   2.6400000e+01   1.6653000e+00
   1.6577000e-02   2.9400000e+01   1.6635000e+00
   1.6775000e-02   2.7900000e+01   1.6461000e+00
   1.6775000e-02   2.4900000e+01   1.6468000e+00
   1.6775000e-02   2.1900000e+01   1.6451000e+00
   1.6775000e-02   1.8900000e+01   1.6416000e+00
   1.6775000e-02   1.5900000e+01   1.6364000e+00
   1.6775000e-02   1.2900000e+01   1.6298000e+00
   1.6775000e-02   9.9000000e+00   1.6218000e+00
   1.6775000e-02   6.9000000e+00   1.6127000e+00
   1.6775000e-02   3.9000000e+00   1.6023000e+00
   1.6775000e-02   9.0000000e-01   1.5907000e+00
   1.6775000e-02  -2.1000000e+00   1.5779000e+00
   1.6775000e-02  -5.1000000e+00   1.5638000e+00
   1.6775000e-02  -8.1000000e+00   1.5482000e+00
   1.6775000e-02  -1.1100000e+01   1.5309000e+00
   1.6775000e-02  -1.4100000e+01   1.5119000e+00
   1.6775000e-02  -1.7100000e+01   1.4908000e+00
   1.6775000e-02  -2.0100000e+01   1.4673000e+00
   1.6775000e-02  -2.3100000e+01   1.4411000e+00
   1.6775000e-02  -2.6100000e+01   1.4119000e+00
   1.6775000e-02  -2.9100000e+01   1.3792000e+00
   1.6974000e-02  -2.8200000e+01   1.3711000e+00
   1.6974000e-02  -2.5200000e+01   1.4027000e+00
   1.6974000e-02  -2.2200000e+01   1.4310000e+00
   1.6974000e-02  -1.9200000e+01   1.4564000e+00
   1.6974000e-02  -1.6200000e+01   1.4792000e+00
   1.6974000e-02  -1.3200000e+01   1.4997000e+00
   1.6974000e-02  -1.0200000e+01   1.5182000e+00
   1.6974000e-02  -7.2000000e+00   1.5350000e+00
   1.6974000e-02  -4.2000000e+00   1.5501000e+00
   1.6974000e-02  -1.2000000e+00   1.5639000e+00
   1.6974000e-02   1.8000000e+00   1.5763000e+00
   1.6974000e-02   4.8000000e+00   1.5875000e+00
   1.6974000e-02   7.8000000e+00   1.5975000e+00
   1.6974000e-02   1.0800000e+01   1.6063000e+00
   1.6974000e-02   1.3800000e+01   1.6138000e+00
   1.6974000e-02   1.6800000e+01   1.6200000e+00
   1.6974000e-02   1.9800000e+01   1.6246000e+00
   1.6974000e-02   2.2800000e+01   1.6275000e+00
   1.6974000e-02   2.5800000e+01   1.6284000e+00
   1.6974000e-02   2.8800000e+01   1.6269000e+00
   1.7172000e-02   2.8500000e+01   1.6087000e+00
   1.7172000e-02   2.5500000e+01   1.6101000e+00
   1.7172000e-02   2.2500000e+01   1.6091000e+00
   1.7172000e-02   1.9500000e+01   1.6061000e+00
   1.7172000e-02   1.6500000e+01   1.6014000e+00
   1.7172000e-02   1.3500000e+01   1.5951000e+00
   1.7172000e-02   1.0500000e+01   1.5875000e+00
   1.7172000e-02   7.5000000e+00   1.5787000e+00
   1.7172000e-02   4.5000000e+00   1.5686000e+00
   1.7172000e-02   1.5000000e+00   1.5573000e+00
   1.7172000e-02  -1.5000000e+00   1.5447000e+00
   1.7172000e-02  -4.5000000e+00   1.5308000e+00
   1.7172000e-02  -7.5000000e+00   1.5155000e+00
   1.7172000e-02  -1.0500000e+01   1.4985000e+00
   1.7172000e-02  -1.3500000e+01   1.4798000e+00
   1.7172000e-02  -1.6500000e+01   1.4590000e+00
   1.7172000e-02  -1.9500000e+01   1.4360000e+00
   1.7172000e-02  -2.2500000e+01   1.4103000e+00
   1.7172000e-02  -2.5500000e+01   1.3816000e+00
   1.7172000e-02  -2.8500000e+01   1.3495000e+00
   1.7371000e-02  -2.8800000e+01   1.3282000e+00
   1.7371000e-02  -2.5800000e+01   1.3606000e+00
   1.7371000e-02  -2.2800000e+01   1.3897000e+00
   1.7371000e-02  -1.9800000e+01   1.4157000e+00
   1.7371000e-02  -1.6800000e+01   1.4390000e+00
   1.7371000e-02  -1.3800000e+01   1.4601000e+00
   1.7371000e-02  -1.0800000e+01   1.4790000e+00
   1.7371000e-02  -7.8000000e+00   1.4961000e+00
   1.7371000e-02  -4.8000000e+00   1.5117000e+00
   1.7371000e-02  -1.8000000e+00   1.5257000e+00
   1.7371000e-02   1.2000000e+00   1.5384000e+00
   1.7371000e-02   4.2000000e+00   1.5498000e+00
   1.7371000e-02   7.2000000e+00   1.5600000e+00
   1.7371000e-02   1.0200000e+01   1.5689000e+00
   1.7371000e-02   1.3200000e+01   1.5766000e+00
   1.7371000e-02   1.6200000e+01   1.5829000e+00
   1.7371000e-02   1.9200000e+01   1.5877000e+00
   1.7371000e-02   2.2200000e+01   1.5908000e+00
   1.7371000e-02   2.5200000e+01   1.5919000e+00
   1.7371000e-02   2.8200000e+01   1.5907000e+00
   1.7569000e-02   2.9100000e+01   1.5716000e+00
   1.7569000e-02   2.6100000e+01   1.5738000e+00
   1.7569000e-02   2.3100000e+01   1.5734000e+00
   1.7569000e-02   2.0100000e+01   1.5710000e+00
   1.7569000e-02   1.7100000e+01   1.5667000e+00
   1.7569000e-02   1.4100000e+01   1.5609000e+00
   1.7569000e-02   1.1100000e+01   1.5537000e+00
   1.7569000e-02   8.1000000e+00   1.5452000e+00
   1.7569000e-02   5.1000000e+00   1.5354000e+00
   1.7569000e-02   2.1000000e+00   1.5244000e+00
   1.7569000e-02  -9.0000000e-01   1.5121000e+00
   1.7569000e-02  -3.9000000e+00   1.4985000e+00
   1.7569000e-02  -6.9000000e+00   1.4834000e+00
   1.7569000e-02  -9.9000000e+00   1.4668000e+00
   1.7569000e-02  -1.2900000e+01   1.4484000e+00
   1.7569000e-02  -1.5900000e+01   1.4280000e+00
   1.7569000e-02  -1.8900000e+01   1.4053000e+00
   1.7569000e-02  -2.1900000e+01   1.3801000e+00
   1.7569000e-02  -2.4900000e+01   1.3520000e+00
   1.7569000e-02  -2.7900000e+01   1.3205000e+00
   1.7768000e-02  -2.9400000e+01   1.2858000e+00
   1.7768000e-02  -2.6400000e+01   1.3191000e+00
   1.7768000e-02  -2.3400000e+01   1.3489000e+00
   1.7768000e-02  -2.0400000e+01   1.3756000e+00
   1.7768000e-02  -1.7400000e+01   1.3995000e+00
   1.7768000e-02  -1.4400000e+01   1.4210000e+00
   1.7768000e-02  -1.1400000e+01   1.4404000e+00
   1.7768000e-02  -8.4000000e+00   1.4579000e+00
   1.7768000e-02  -5.4000000e+00   1.4738000e+00
   1.7768000e-02  -2.4000000e+00   1.4881000e+00
   1.7768000e-02   6.0000000e-01   1.5010000e+00
   1.7768000e-02   3.6000000e+00   1.5126000e+00
   1.7768000e-02   6.6000000e+00   1.5230000e+00
   1.7768000e-02   9.6000000e+00   1.5321000e+00
   1.7768000e-02   1.2600000e+01   1.5400000e+00
   1.7768000e-02   1.5600000e+01   1.5464000e+00
   1.7768000e-02   1.8600000e+01   1.5514000e+00
   1.7768000e-02   2.1600000e+01   1.5547000e+00
   1.7768000e-02   2.4600000e+01   1.5560000e+00
   1.7768000e-02   2.7600000e+01   1.5550000e+00
   1.7966000e-02   2.9700000e+01   1.5347000e+00
   1.7966000e-02   2.6700000e+01   1.5377000e+00
   1.7966000e-02   2.3700000e+01   1.5381000e+00
   1.7966000e-02   2.0700000e+01   1.5363000e+00
   1.7966000e-02   1.7700000e+01   1.5326000e+00
   1.7966000e-02   1.4700000e+01   1.5272000e+00
   1.7966000e-02   1.1700000e+01   1.5204000e+00
   1.7966000e-02   8.7000000e+00   1.5122000e+00
   1.7966000e-02   5.7000000e+00   1.5028000e+00
   1.7966000e-02   2.7000000e+00   1.4921000e+00
   1.7966000e-02  -3.0000000e-01   1.4801000e+00
   1.7966000e-02  -3.3000000e+00   1.4667000e+00
   1.7966000e-02  -6.3000000e+00   1.4520000e+00
   1.7966000e-02  -9.3000000e+00   1.4356000e+00
   1.7966000e-02  -1.2300000e+01   1.4176000e+00
   1.7966000e-02  -1.5300000e+01   1.3975000e+00
   1.7966000e-02  -1.8300000e+01   1.3753000e+00
   1.7966000e-02  -2.1300000e+01   1.3505000e+00
   1.7966000e-02  -2.4300000e+01   1.3230000e+00
   1.7966000e-02  -2.7300000e+01   1.2921000e+00
   1.8165000e-02  -3.0000000e+01   1.2440000e+00
   1.8165000e-02  -2.7000000e+01   1.2782000e+00
   1.8165000e-02  -2.4000000e+01   1.3087000e+00
   1.8165000e-02  -2.1000000e+01   1.3360000e+00
   1.8165000e-02  -1.8000000e+01   1.3605000e+00
   1.8165000e-02  -1.5000000e+01   1.3826000e+00
   1.8165000e-02  -1.2000000e+01   1.4024000e+00
   1.8165000e-02  -9.0000000e+00   1.4203000e+00
   1.8165000e-02  -6.0000000e+00   1.4365000e+00
   1.8165000e-02  -3.0000000e+00   1.4511000e+00
   1.8165000e-02  -1.3323000e-15   1.4643000e+00
   1.8165000e-02   3.0000000e+00   1.4761000e+00
   1.8165000e-02   6.0000000e+00   1.4867000e+00
   1.8165000e-02   9.0000000e+00   1.4959000e+00
   1.8165000e-02   1.2000000e+01   1.5039000e+00
   1.8165000e-02   1.5000000e+01   1.5105000e+00
   1.8165000e-02   1.8000000e+01   1.5156000e+00
   1.8165000e-02   2.1000000e+01   1.5191000e+00
   1.8165000e-02   2.4000000e+01   1.5206000e+00
   1.8165000e-02   2.7000000e+01   1.5198000e+00
   1.8165000e-02   3.0000000e+01   1.5164000e+00
   1.8363000e-02   2.7300000e+01   1.5020000e+00
   1.8363000e-02   2.4300000e+01   1.5031000e+00
   1.8363000e-02   2.1300000e+01   1.5019000e+00
   1.8363000e-02   1.8300000e+01   1.4988000e+00
   1.8363000e-02   1.5300000e+01   1.4939000e+00
   1.8363000e-02   1.2300000e+01   1.4876000e+00
   1.8363000e-02   9.3000000e+00   1.4798000e+00
   1.8363000e-02   6.3000000e+00   1.4707000e+00
   1.8363000e-02   3.3000000e+00   1.4603000e+00
   1.8363000e-02   3.0000000e-01   1.4486000e+00
   1.8363000e-02  -2.7000000e+00   1.4356000e+00
   1.8363000e-02  -5.7000000e+00   1.4211000e+00
   1.8363000e-02  -8.7000000e+00   1.4051000e+00
   1.8363000e-02  -1.1700000e+01   1.3874000e+00
   1.8363000e-02  -1.4700000e+01   1.3677000e+00
   1.8363000e-02  -1.7700000e+01   1.3459000e+00
   1.8363000e-02  -2.0700000e+01   1.3216000e+00
   1.8363000e-02  -2.3700000e+01   1.2945000e+00
   1.8363000e-02  -2.6700000e+01   1.2643000e+00
   1.8363000e-02  -2.9700000e+01   1.2306000e+00
   1.8562000e-02  -2.7600000e+01   1.2377000e+00
   1.8562000e-02  -2.4600000e+01   1.2690000e+00
   1.8562000e-02  -2.1600000e+01   1.2970000e+00
   1.8562000e-02  -1.8600000e+01   1.3221000e+00
   1.8562000e-02  -1.5600000e+01   1.3447000e+00
   1.8562000e-02  -1.2600000e+01   1.3650000e+00
   1.8562000e-02  -9.6000000e+00   1.3833000e+00
   1.8562000e-02  -6.6000000e+00   1.3998000e+00
   1.8562000e-02  -3.6000000e+00   1.4147000e+00
   1.8562000e-02  -6.0000000e-01   1.4281000e+00
   1.8562000e-02   2.4000000e+00   1.4402000e+00
   1.8562000e-02   5.4000000e+00   1.4509000e+00
   1.8562000e-02   8.4000000e+00   1.4603000e+00
   1.8562000e-02   1.1400000e+01   1.4684000e+00
   1.8562000e-02   1.4400000e+01   1.4752000e+00
   1.8562000e-02   1.7400000e+01   1.4804000e+00
   1.8562000e-02   2.0400000e+01   1.4840000e+00
   1.8562000e-02   2.3400000e+01   1.4857000e+00
   1.8562000e-02   2.6400000e+01   1.4851000e+00
   1.8562000e-02   2.9400000e+01   1.4820000e+00
   1.8760000e-02   2.7900000e+01   1.4665000e+00
   1.8760000e-02   2.4900000e+01   1.4685000e+00
   1.8760000e-02   2.1900000e+01   1.4680000e+00
   1.8760000e-02   1.8900000e+01   1.4655000e+00
   1.8760000e-02   1.5900000e+01   1.4611000e+00
   1.8760000e-02   1.2900000e+01   1.4552000e+00
   1.8760000e-02   9.9000000e+00   1.4478000e+00
   1.8760000e-02   6.9000000e+00   1.4391000e+00
   1.8760000e-02   3.9000000e+00   1.4291000e+00
   1.8760000e-02   9.0000000e-01   1.4177000e+00
   1.8760000e-02  -2.1000000e+00   1.4050000e+00
   1.8760000e-02  -5.1000000e+00   1.3909000e+00
   1.8760000e-02  -8.1000000e+00   1.3752000e+00
   1.8760000e-02  -1.1100000e+01   1.3578000e+00
   1.8760000e-02  -1.4100000e+01   1.3385000e+00
   1.8760000e-02  -1.7100000e+01   1.3171000e+00
   1.8760000e-02  -2.0100000e+01   1.2933000e+00
   1.8760000e-02  -2.3100000e+01   1.2667000e+00
   1.8760000e-02  -2.6100000e+01   1.2371000e+00
   1.8760000e-02  -2.9100000e+01   1.2040000e+00
   1.8959000e-02  -2.8200000e+01   1.1978000e+00
   1.8959000e-02  -2.5200000e+01   1.2299000e+00
   1.8959000e-02  -2.2200000e+01   1.2585000e+00
   1.8959000e-02  -1.9200000e+01   1.2842000e+00
   1.8959000e-02  -1.6200000e+01   1.3073000e+00
   1.8959000e-02  -1.3200000e+01   1.3281000e+00
   1.8959000e-02  -1.0200000e+01   1.3468000e+00
   1.8959000e-02  -7.2000000e+00   1.3637000e+00
   1.8959000e-02  -4.2000000e+00   1.3789000e+00
   1.8959000e-02  -1.2000000e+00   1.3925000e+00
   1.8959000e-02   1.8000000e+00   1.4048000e+00
   1.8959000e-02   4.8000000e+00   1.4157000e+00
   1.8959000e-02   7.8000000e+00   1.4253000e+00
   1.8959000e-02   1.0800000e+01   1.4336000e+00
   1.8959000e-02   1.3800000e+01   1.4404000e+00
   1.8959000e-02   1.6800000e+01   1.4458000e+00
   1.8959000e-02   1.9800000e+01   1.4495000e+00
   1.8959000e-02   2.2800000e+01   1.4514000e+00
   1.8959000e-02   2.5800000e+01   1.4510000e+00
   1.8959000e-02   2.8800000e+01   1.4481000e+00
   1.9157000e-02   2.8500000e+01   1.4314000e+00
   1.9157000e-02   2.5500000e+01   1.4342000e+00
   1.9157000e-02   2.2500000e+01   1.4344000e+00
   1.9157000e-02   1.9500000e+01   1.4325000e+00
   1.9157000e-02   1.6500000e+01   1.4287000e+00
   1.9157000e-02   1.3500000e+01   1.4233000e+00
   1.9157000e-02   1.0500000e+01   1.4164000e+00
   1.9157000e-02   7.5000000e+00   1.4080000e+00
   1.9157000e-02   4.5000000e+00   1.3984000e+00
   1.9157000e-02   1.5000000e+00   1.3874000e+00
   1.9157000e-02  -1.5000000e+00   1.3750000e+00
   1.9157000e-02  -4.5000000e+00   1.3612000e+00
   1.9157000e-02  -7.5000000e+00   1.3458000e+00
   1.9157000e-02  -1.0500000e+01   1.3288000e+00
   1.9157000e-02  -1.3500000e+01   1.3099000e+00
   1.9157000e-02  -1.6500000e+01   1.2889000e+00
   1.9157000e-02  -1.9500000e+01   1.2655000e+00
   1.9157000e-02  -2.2500000e+01   1.2395000e+00
   1.9157000e-02  -2.5500000e+01   1.2105000e+00
   1.9157000e-02  -2.8500000e+01   1.1781000e+00
   1.9356000e-02  -2.8800000e+01   1.1585000e+00
   1.9356000e-02  -2.5800000e+01   1.1913000e+00
   1.9356000e-02  -2.2800000e+01   1.2206000e+00
   1.9356000e-02  -1.9800000e+01   1.2469000e+00
   1.9356000e-02  -1.6800000e+01   1.2706000e+00
   1.9356000e-02  -1.3800000e+01   1.2918000e+00
   1.9356000e-02  -1.0800000e+01   1.3109000e+00
   1.9356000e-02  -7.8000000e+00   1.3281000e+00
   1.9356000e-02  -4.8000000e+00   1.3436000e+00
   1.9356000e-02  -1.8000000e+00   1.3576000e+00
   1.9356000e-02   1.2000000e+00   1.3700000e+00
   1.9356000e-02   4.2000000e+00   1.3811000e+00
   1.9356000e-02   7.2000000e+00   1.3909000e+00
   1.9356000e-02   1.0200000e+01   1.3993000e+00
   1.9356000e-02   1.3200000e+01   1.4063000e+00
   1.9356000e-02   1.6200000e+01   1.4118000e+00
   1.9356000e-02   1.9200000e+01   1.4156000e+00
   1.9356000e-02   2.2200000e+01   1.4176000e+00
   1.9356000e-02   2.5200000e+01   1.4175000e+00
   1.9356000e-02   2.8200000e+01   1.4148000e+00
   1.9554000e-02   2.9100000e+01   1.3965000e+00
   1.9554000e-02   2.6100000e+01   1.4002000e+00
   1.9554000e-02   2.3100000e+01   1.4012000e+00
   1.9554000e-02   2.0100000e+01   1.4000000e+00
   1.9554000e-02   1.7100000e+01   1.3968000e+00
   1.9554000e-02   1.4100000e+01   1.3919000e+00
   1.9554000e-02   1.1100000e+01   1.3854000e+00
   1.9554000e-02   8.1000000e+00   1.3775000e+00
   1.9554000e-02   5.1000000e+00   1.3682000e+00
   1.9554000e-02   2.1000000e+00   1.3575000e+00
   1.9554000e-02  -9.0000000e-01   1.3455000e+00
   1.9554000e-02  -3.9000000e+00   1.3320000e+00
   1.9554000e-02  -6.9000000e+00   1.3170000e+00
   1.9554000e-02  -9.9000000e+00   1.3004000e+00
   1.9554000e-02  -1.2900000e+01   1.2818000e+00
   1.9554000e-02  -1.5900000e+01   1.2612000e+00
   1.9554000e-02  -1.8900000e+01   1.2383000e+00
   1.9554000e-02  -2.1900000e+01   1.2129000e+00
   1.9554000e-02  -2.4900000e+01   1.1844000e+00
   1.9554000e-02  -2.7900000e+01   1.1527000e+00
   1.9753000e-02  -2.9400000e+01   1.1196000e+00
   1.9753000e-02  -2.6400000e+01   1.1532000e+00
   1.9753000e-02  -2.3400000e+01   1.1832000e+00
   1.9753000e-02  -2.0400000e+01   1.2102000e+00
   1.9753000e-02  -1.7400000e+01   1.2343000e+00
   1.9753000e-02  -1.4400000e+01   1.2560000e+00
   1.9753000e-02  -1.1400000e+01   1.2756000e+00
   1.9753000e-02  -8.4000000e+00   1.2932000e+00
   1.9753000e-02  -5.4000000e+00   1.3090000e+00
   1.9753000e-02  -2.4000000e+00   1.3232000e+00
   1.9753000e-02   6.0000000e-01   1.3359000e+00
   1.9753000e-02   3.6000000e+00   1.3472000e+00
   1.9753000e-02   6.6000000e+00   1.3571000e+00
   1.9753000e-02   9.6000000e+00   1.3656000e+00
   1.9753000e-02   1.2600000e+01   1.3727000e+00
   1.9753000e-02   1.5600000e+01   1.3784000e+00
   1.9753000e-02   1.8600000e+01   1.3823000e+00
   1.9753000e-02   2.1600000e+01   1.3845000e+00
   1.9753000e-02   2.4600000e+01   1.3845000e+00
   1.9753000e-02   2.7600000e+01   1.3820000e+00
   1.9951000e-02   2.9700000e+01   1.3619000e+00
   1.9951000e-02   2.6700000e+01   1.3665000e+00
   1.9951000e-02   2.3700000e+01   1.3683000e+00
   1.9951000e-02   2.0700000e+01   1.3678000e+00
   1.9951000e-02   1.7700000e+01   1.3652000e+00
   1.9951000e-02   1.4700000e+01   1.3608000e+00
   1.9951000e-02   1.1700000e+01   1.3549000e+00
   1.9951000e-02   8.7000000e+00   1.3474000e+00
   1.9951000e-02   5.7000000e+00   1.3385000e+00
   1.9951000e-02   2.7000000e+00   1.3282000e+00
   1.9951000e-02  -3.0000000e-01   1.3165000e+00
   1.9951000e-02  -3.3000000e+00   1.3034000e+00
   1.9951000e-02  -6.3000000e+00   1.2888000e+00
   1.9951000e-02  -9.3000000e+00   1.2725000e+00
   1.9951000e-02  -1.2300000e+01   1.2543000e+00
   1.9951000e-02  -1.5300000e+01   1.2342000e+00
   1.9951000e-02  -1.8300000e+01   1.2117000e+00
   1.9951000e-02  -2.1300000e+01   1.1867000e+00
   1.9951000e-02  -2.4300000e+01   1.1589000e+00
   1.9951000e-02  -2.7300000e+01   1.1278000e+00
   2.0150000e-02  -3.0000000e+01   1.0813000e+00
   2.0150000e-02  -2.7000000e+01   1.1156000e+00
   2.0150000e-02  -2.4000000e+01   1.1463000e+00
   2.0150000e-02  -2.1000000e+01   1.1739000e+00
   2.0150000e-02  -1.8000000e+01   1.1986000e+00
   2.0150000e-02  -1.5000000e+01   1.2208000e+00
   2.0150000e-02  -1.2000000e+01   1.2408000e+00
   2.0150000e-02  -9.0000000e+00   1.2587000e+00
   2.0150000e-02  -6.0000000e+00   1.2749000e+00
   2.0150000e-02  -3.0000000e+00   1.2893000e+00
   2.0150000e-02  -1.3323000e-15   1.3023000e+00
   2.0150000e-02   3.0000000e+00   1.3137000e+00
   2.0150000e-02   6.0000000e+00   1.3238000e+00
   2.0150000e-02   9.0000000e+00   1.3325000e+00
   2.0150000e-02   1.2000000e+01   1.3398000e+00
   2.0150000e-02   1.5000000e+01   1.3455000e+00
   2.0150000e-02   1.8000000e+01   1.3496000e+00
   2.0150000e-02   2.1000000e+01   1.3519000e+00
   2.0150000e-02   2.4000000e+01   1.3520000e+00
   2.0150000e-02   2.7000000e+01   1.3498000e+00
   2.0150000e-02   3.0000000e+01   1.3447000e+00
   2.0348000e-02   2.7300000e+01   1.3332000e+00
   2.0348000e-02   2.4300000e+01   1.3358000e+00
   2.0348000e-02   2.1300000e+01   1.3360000e+00
   2.0348000e-02   1.8300000e+01   1.3341000e+00
   2.0348000e-02   1.5300000e+01   1.3303000e+00
   2.0348000e-02   1.2300000e+01   1.3248000e+00
   2.0348000e-02   9.3000000e+00   1.3177000e+00
   2.0348000e-02   6.3000000e+00   1.3093000e+00
   2.0348000e-02   3.3000000e+00   1.2994000e+00
   2.0348000e-02   3.0000000e-01   1.2881000e+00
   2.0348000e-02  -2.7000000e+00   1.2753000e+00
   2.0348000e-02  -5.7000000e+00   1.2611000e+00
   2.0348000e-02  -8.7000000e+00   1.2451000e+00
   2.0348000e-02  -1.1700000e+01   1.2274000e+00
   2.0348000e-02  -1.4700000e+01   1.2076000e+00
   2.0348000e-02  -1.7700000e+01   1.1856000e+00
   2.0348000e-02  -2.0700000e+01   1.1612000e+00
   2.0348000e-02  -2.3700000e+01   1.1339000e+00
   2.0348000e-02  -2.6700000e+01   1.1035000e+00
   2.0348000e-02  -2.9700000e+01   1.0695000e+00
   2.0547000e-02  -2.7600000e+01   1.0785000e+00
   2.0547000e-02  -2.4600000e+01   1.1100000e+00
   2.0547000e-02  -2.1600000e+01   1.1381000e+00
   2.0547000e-02  -1.8600000e+01   1.1634000e+00
   2.0547000e-02  -1.5600000e+01   1.1861000e+00
   2.0547000e-02  -1.2600000e+01   1.2065000e+00
   2.0547000e-02  -9.6000000e+00   1.2248000e+00
   2.0547000e-02  -6.6000000e+00   1.2413000e+00
   2.0547000e-02  -3.6000000e+00   1.2560000e+00
   2.0547000e-02  -6.0000000e-01   1.2692000e+00
   2.0547000e-02   2.4000000e+00   1.2809000e+00
   2.0547000e-02   5.4000000e+00   1.2911000e+00
   2.0547000e-02   8.4000000e+00   1.3000000e+00
   2.0547000e-02   1.1400000e+01   1.3074000e+00
   2.0547000e-02   1.4400000e+01   1.3132000e+00
   2.0547000e-02   1.7400000e+01   1.3174000e+00
   2.0547000e-02   2.0400000e+01   1.3198000e+00
   2.0547000e-02   2.3400000e+01   1.3202000e+00
   2.0547000e-02   2.6400000e+01   1.3182000e+00
   2.0547000e-02   2.9400000e+01   1.3134000e+00
   2.0745000e-02   2.7900000e+01   1.3001000e+00
   2.0745000e-02   2.4900000e+01   1.3036000e+00
   2.0745000e-02   2.1900000e+01   1.3046000e+00
   2.0745000e-02   1.8900000e+01   1.3033000e+00
   2.0745000e-02   1.5900000e+01   1.3001000e+00
   2.0745000e-02   1.2900000e+01   1.2951000e+00
   2.0745000e-02   9.9000000e+00   1.2886000e+00
   2.0745000e-02   6.9000000e+00   1.2805000e+00
   2.0745000e-02   3.9000000e+00   1.2711000e+00
   2.0745000e-02   9.0000000e-01   1.2601000e+00
   2.0745000e-02  -2.1000000e+00   1.2478000e+00
   2.0745000e-02  -5.1000000e+00   1.2339000e+00
   2.0745000e-02  -8.1000000e+00   1.2183000e+00
   2.0745000e-02  -1.1100000e+01   1.2009000e+00
   2.0745000e-02  -1.4100000e+01   1.1816000e+00
   2.0745000e-02  -1.7100000e+01   1.1601000e+00
   2.0745000e-02  -2.0100000e+01   1.1361000e+00
   2.0745000e-02  -2.3100000e+01   1.1094000e+00
   2.0745000e-02  -2.6100000e+01   1.0796000e+00
   2.0745000e-02  -2.9100000e+01   1.0464000e+00
   2.0944000e-02  -2.8200000e+01   1.0419000e+00
   2.0944000e-02  -2.5200000e+01   1.0741000e+00
   2.0944000e-02  -2.2200000e+01   1.1029000e+00
   2.0944000e-02  -1.9200000e+01   1.1288000e+00
   2.0944000e-02  -1.6200000e+01   1.1520000e+00
   2.0944000e-02  -1.3200000e+01   1.1728000e+00
   2.0944000e-02  -1.0200000e+01   1.1915000e+00
   2.0944000e-02  -7.2000000e+00   1.2083000e+00
   2.0944000e-02  -4.2000000e+00   1.2233000e+00
   2.0944000e-02  -1.2000000e+00   1.2367000e+00
   2.0944000e-02   1.8000000e+00   1.2486000e+00
   2.0944000e-02   4.8000000e+00   1.2590000e+00
   2.0944000e-02   7.8000000e+00   1.2680000e+00
   2.0944000e-02   1.0800000e+01   1.2755000e+00
   2.0944000e-02   1.3800000e+01   1.2815000e+00
   2.0944000e-02   1.6800000e+01   1.2859000e+00
   2.0944000e-02   1.9800000e+01   1.2884000e+00
   2.0944000e-02   2.2800000e+01   1.2889000e+00
   2.0944000e-02   2.5800000e+01   1.2871000e+00
   2.0944000e-02   2.8800000e+01   1.2825000e+00
   2.1142000e-02   2.8500000e+01   1.2673000e+00
   2.1142000e-02   2.5500000e+01   1.2717000e+00
   2.1142000e-02   2.2500000e+01   1.2735000e+00
   2.1142000e-02   1.9500000e+01   1.2729000e+00
   2.1142000e-02   1.6500000e+01   1.2703000e+00
   2.1142000e-02   1.3500000e+01   1.2659000e+00
   2.1142000e-02   1.0500000e+01   1.2598000e+00
   2.1142000e-02   7.5000000e+00   1.2523000e+00
   2.1142000e-02   4.5000000e+00   1.2432000e+00
   2.1142000e-02   1.5000000e+00   1.2327000e+00
   2.1142000e-02  -1.5000000e+00   1.2207000e+00
   2.1142000e-02  -4.5000000e+00   1.2072000e+00
   2.1142000e-02  -7.5000000e+00   1.1920000e+00
   2.1142000e-02  -1.0500000e+01   1.1750000e+00
   2.1142000e-02  -1.3500000e+01   1.1561000e+00
   2.1142000e-02  -1.6500000e+01   1.1351000e+00
   2.1142000e-02  -1.9500000e+01   1.1116000e+00
   2.1142000e-02  -2.2500000e+01   1.0854000e+00
   2.1142000e-02  -2.5500000e+01   1.0563000e+00
   2.1142000e-02  -2.8500000e+01   1.0238000e+00
   2.1341000e-02  -2.8800000e+01   1.0057000e+00
   2.1341000e-02  -2.5800000e+01   1.0386000e+00
   2.1341000e-02  -2.2800000e+01   1.0681000e+00
   2.1341000e-02  -1.9800000e+01   1.0946000e+00
   2.1341000e-02  -1.6800000e+01   1.1183000e+00
   2.1341000e-02  -1.3800000e+01   1.1396000e+00
   2.1341000e-02  -1.0800000e+01   1.1587000e+00
   2.1341000e-02  -7.8000000e+00   1.1758000e+00
   2.1341000e-02  -4.8000000e+00   1.1911000e+00
   2.1341000e-02  -1.8000000e+00   1.2048000e+00
   2.1341000e-02   1.2000000e+00   1.2169000e+00
   2.1341000e-02   4.2000000e+00   1.2275000e+00
   2.1341000e-02   7.2000000e+00   1.2366000e+00
   2.1341000e-02   1.0200000e+01   1.2443000e+00
   2.1341000e-02   1.3200000e+01   1.2504000e+00
   2.1341000e-02   1.6200000e+01   1.2549000e+00
   2.1341000e-02   1.9200000e+01   1.2575000e+00
   2.1341000e-02   2.2200000e+01   1.2582000e+00
   2.1341000e-02   2.5200000e+01   1.2565000e+00
   2.1341000e-02   2.8200000e+01   1.2522000e+00
   2.1539000e-02   2.9100000e+01   1.2348000e+00
   2.1539000e-02   2.6100000e+01   1.2402000e+00
   2.1539000e-02   2.3100000e+01   1.2427000e+00
   2.1539000e-02   2.0100000e+01   1.2429000e+00
   2.1539000e-02   1.7100000e+01   1.2409000e+00
   2.1539000e-02   1.4100000e+01   1.2371000e+00
   2.1539000e-02   1.1100000e+01   1.2315000e+00
   2.1539000e-02   8.1000000e+00   1.2244000e+00
   2.1539000e-02   5.1000000e+00   1.2158000e+00
   2.1539000e-02   2.1000000e+00   1.2057000e+00
   2.1539000e-02  -9.0000000e-01   1.1941000e+00
   2.1539000e-02  -3.9000000e+00   1.1809000e+00
   2.1539000e-02  -6.9000000e+00   1.1661000e+00
   2.1539000e-02  -9.9000000e+00   1.1496000e+00
   2.1539000e-02  -1.2900000e+01   1.1311000e+00
   2.1539000e-02  -1.5900000e+01   1.1105000e+00
   2.1539000e-02  -1.8900000e+01   1.0875000e+00
   2.1539000e-02  -2.1900000e+01   1.0619000e+00
   2.1539000e-02  -2.4900000e+01   1.0334000e+00
   2.1539000e-02  -2.7900000e+01   1.0016000e+00
   2.1738000e-02  -2.9400000e+01   9.7005000e-01
   2.1738000e-02  -2.6400000e+01   1.0037000e+00
   2.1738000e-02  -2.3400000e+01   1.0338000e+00
   2.1738000e-02  -2.0400000e+01   1.0608000e+00
   2.1738000e-02  -1.7400000e+01   1.0851000e+00
   2.1738000e-02  -1.4400000e+01   1.1068000e+00
   2.1738000e-02  -1.1400000e+01   1.1263000e+00
   2.1738000e-02  -8.4000000e+00   1.1438000e+00
   2.1738000e-02  -5.4000000e+00   1.1594000e+00
   2.1738000e-02  -2.4000000e+00   1.1734000e+00
   2.1738000e-02   6.0000000e-01   1.1857000e+00
   2.1738000e-02   3.6000000e+00   1.1965000e+00
   2.1738000e-02   6.6000000e+00   1.2058000e+00
   2.1738000e-02   9.6000000e+00   1.2136000e+00
   2.1738000e-02   1.2600000e+01   1.2198000e+00
   2.1738000e-02   1.5600000e+01   1.2244000e+00
   2.1738000e-02   1.8600000e+01   1.2272000e+00
   2.1738000e-02   2.1600000e+01   1.2280000e+00
   2.1738000e-02   2.4600000e+01   1.2266000e+00
   2.1738000e-02   2.7600000e+01   1.2225000e+00
   2.1936000e-02   2.9700000e+01   1.2025000e+00
   2.1936000e-02   2.6700000e+01   1.2089000e+00
   2.1936000e-02   2.3700000e+01   1.2123000e+00
   2.1936000e-02   2.0700000e+01   1.2132000e+00
   2.1936000e-02   1.7700000e+01   1.2119000e+00
   2.1936000e-02   1.4700000e+01   1.2086000e+00
   2.1936000e-02   1.1700000e+01   1.2036000e+00
   2.1936000e-02   8.7000000e+00   1.1970000e+00
   2.1936000e-02   5.7000000e+00   1.1888000e+00
   2.1936000e-02   2.7000000e+00   1.1791000e+00
   2.1936000e-02  -3.0000000e-01   1.1679000e+00
   2.1936000e-02  -3.3000000e+00   1.1552000e+00
   2.1936000e-02  -6.3000000e+00   1.1408000e+00
   2.1936000e-02  -9.3000000e+00   1.1246000e+00
   2.1936000e-02  -1.2300000e+01   1.1066000e+00
   2.1936000e-02  -1.5300000e+01   1.0864000e+00
   2.1936000e-02  -1.8300000e+01   1.0640000e+00
   2.1936000e-02  -2.1300000e+01   1.0389000e+00
   2.1936000e-02  -2.4300000e+01   1.0110000e+00
   2.1936000e-02  -2.7300000e+01   9.7985000e-01
   2.2135000e-02  -3.0000000e+01   9.3480000e-01
   2.2135000e-02  -2.7000000e+01   9.6915000e-01
   2.2135000e-02  -2.4000000e+01   9.9996000e-01
   2.2135000e-02  -2.1000000e+01   1.0276000e+00
   2.2135000e-02  -1.8000000e+01   1.0524000e+00
   2.2135000e-02  -1.5000000e+01   1.0746000e+00
   2.2135000e-02  -1.2000000e+01   1.0945000e+00
   2.2135000e-02  -9.0000000e+00   1.1123000e+00
   2.2135000e-02  -6.0000000e+00   1.1283000e+00
   2.2135000e-02  -3.0000000e+00   1.1425000e+00
   2.2135000e-02  -1.3323000e-15   1.1550000e+00
   2.2135000e-02   3.0000000e+00   1.1660000e+00
   2.2135000e-02   6.0000000e+00   1.1755000e+00
   2.2135000e-02   9.0000000e+00   1.1834000e+00
   2.2135000e-02   1.2000000e+01   1.1898000e+00
   2.2135000e-02   1.5000000e+01   1.1945000e+00
   2.2135000e-02   1.8000000e+01   1.1975000e+00
   2.2135000e-02   2.1000000e+01   1.1985000e+00
   2.2135000e-02   2.4000000e+01   1.1972000e+00
   2.2135000e-02   2.7000000e+01   1.1933000e+00
   2.2135000e-02   3.0000000e+01   1.1865000e+00
   2.2333000e-02   2.7300000e+01   1.1779000e+00
   2.2333000e-02   2.4300000e+01   1.1821000e+00
   2.2333000e-02   2.1300000e+01   1.1838000e+00
   2.2333000e-02   1.8300000e+01   1.1832000e+00
   2.2333000e-02   1.5300000e+01   1.1806000e+00
   2.2333000e-02   1.2300000e+01   1.1761000e+00
   2.2333000e-02   9.3000000e+00   1.1700000e+00
   2.2333000e-02   6.3000000e+00   1.1623000e+00
   2.2333000e-02   3.3000000e+00   1.1530000e+00
   2.2333000e-02   3.0000000e-01   1.1422000e+00
   2.2333000e-02  -2.7000000e+00   1.1299000e+00
   2.2333000e-02  -5.7000000e+00   1.1159000e+00
   2.2333000e-02  -8.7000000e+00   1.1002000e+00
   2.2333000e-02  -1.1700000e+01   1.0825000e+00
   2.2333000e-02  -1.4700000e+01   1.0628000e+00
   2.2333000e-02  -1.7700000e+01   1.0409000e+00
   2.2333000e-02  -2.0700000e+01   1.0164000e+00
   2.2333000e-02  -2.3700000e+01   9.8903000e-01
   2.2333000e-02  -2.6700000e+01   9.5856000e-01
   2.2333000e-02  -2.9700000e+01   9.2459000e-01
   2.2532000e-02  -2.7600000e+01   9.3507000e-01
   2.2532000e-02  -2.4600000e+01   9.6655000e-01
   2.2532000e-02  -2.1600000e+01   9.9478000e-01
   2.2532000e-02  -1.8600000e+01   1.0201000e+00
   2.2532000e-02  -1.5600000e+01   1.0428000e+00
   2.2532000e-02  -1.2600000e+01   1.0631000e+00
   2.2532000e-02  -9.6000000e+00   1.0814000e+00
   2.2532000e-02  -6.6000000e+00   1.0976000e+00
   2.2532000e-02  -3.6000000e+00   1.1121000e+00
   2.2532000e-02  -6.0000000e-01   1.1249000e+00
   2.2532000e-02   2.4000000e+00   1.1361000e+00
   2.2532000e-02   5.4000000e+00   1.1457000e+00
   2.2532000e-02   8.4000000e+00   1.1538000e+00
   2.2532000e-02   1.1400000e+01   1.1603000e+00
   2.2532000e-02   1.4400000e+01   1.1652000e+00
   2.2532000e-02   1.7400000e+01   1.1683000e+00
   2.2532000e-02   2.0400000e+01   1.1694000e+00
   2.2532000e-02   2.3400000e+01   1.1683000e+00
   2.2532000e-02   2.6400000e+01   1.1647000e+00
   2.2532000e-02   2.9400000e+01   1.1582000e+00
   2.2730000e-02   2.7900000e+01   1.1471000e+00
   2.2730000e-02   2.4900000e+01   1.1523000e+00
   2.2730000e-02   2.1900000e+01   1.1548000e+00
   2.2730000e-02   1.8900000e+01   1.1549000e+00
   2.2730000e-02   1.5900000e+01   1.1529000e+00
   2.2730000e-02   1.2900000e+01   1.1490000e+00
   2.2730000e-02   9.9000000e+00   1.1434000e+00
   2.2730000e-02   6.9000000e+00   1.1361000e+00
   2.2730000e-02   3.9000000e+00   1.1273000e+00
   2.2730000e-02   9.0000000e-01   1.1170000e+00
   2.2730000e-02  -2.1000000e+00   1.1050000e+00
   2.2730000e-02  -5.1000000e+00   1.0914000e+00
   2.2730000e-02  -8.1000000e+00   1.0761000e+00
   2.2730000e-02  -1.1100000e+01   1.0589000e+00
   2.2730000e-02  -1.4100000e+01   1.0397000e+00
   2.2730000e-02  -1.7100000e+01   1.0182000e+00
   2.2730000e-02  -2.0100000e+01   9.9424000e-01
   2.2730000e-02  -2.3100000e+01   9.6750000e-01
   2.2730000e-02  -2.6100000e+01   9.3769000e-01
   2.2730000e-02  -2.9100000e+01   9.0446000e-01
   2.2929000e-02  -2.8200000e+01   9.0141000e-01
   2.2929000e-02  -2.5200000e+01   9.3357000e-01
   2.2929000e-02  -2.2200000e+01   9.6242000e-01
   2.2929000e-02  -1.9200000e+01   9.8829000e-01
   2.2929000e-02  -1.6200000e+01   1.0115000e+00
   2.2929000e-02  -1.3200000e+01   1.0323000e+00
   2.2929000e-02  -1.0200000e+01   1.0508000e+00
   2.2929000e-02  -7.2000000e+00   1.0674000e+00
   2.2929000e-02  -4.2000000e+00   1.0822000e+00
   2.2929000e-02  -1.2000000e+00   1.0952000e+00
   2.2929000e-02   1.8000000e+00   1.1066000e+00
   2.2929000e-02   4.8000000e+00   1.1165000e+00
   2.2929000e-02   7.8000000e+00   1.1247000e+00
   2.2929000e-02   1.0800000e+01   1.1314000e+00
   2.2929000e-02   1.3800000e+01   1.1364000e+00
   2.2929000e-02   1.6800000e+01   1.1396000e+00
   2.2929000e-02   1.9800000e+01   1.1409000e+00
   2.2929000e-02   2.2800000e+01   1.1400000e+00
   2.2929000e-02   2.5800000e+01   1.1366000e+00
   2.2929000e-02   2.8800000e+01   1.1303000e+00
   2.3127000e-02   2.8500000e+01   1.1166000e+00
   2.3127000e-02   2.5500000e+01   1.1228000e+00
   2.3127000e-02   2.2500000e+01   1.1260000e+00
   2.3127000e-02   1.9500000e+01   1.1269000e+00
   2.3127000e-02   1.6500000e+01   1.1255000e+00
   2.3127000e-02   1.3500000e+01   1.1222000e+00
   2.3127000e-02   1.0500000e+01   1.1171000e+00
   2.3127000e-02   7.5000000e+00   1.1104000e+00
   2.3127000e-02   4.5000000e+00   1.1020000e+00
   2.3127000e-02   1.5000000e+00   1.0921000e+00
   2.3127000e-02  -1.5000000e+00   1.0806000e+00
   2.3127000e-02  -4.5000000e+00   1.0674000e+00
   2.3127000e-02  -7.5000000e+00   1.0525000e+00
   2.3127000e-02  -1.0500000e+01   1.0358000e+00
   2.3127000e-02  -1.3500000e+01   1.0170000e+00
   2.3127000e-02  -1.6500000e+01   9.9598000e-01
   2.3127000e-02  -1.9500000e+01   9.7254000e-01
   2.3127000e-02  -2.2500000e+01   9.4639000e-01
   2.3127000e-02  -2.5500000e+01   9.1723000e-01
   2.3127000e-02  -2.8500000e+01   8.8474000e-01
   2.3326000e-02  -2.8800000e+01   8.6816000e-01
   2.3326000e-02  -2.5800000e+01   9.0100000e-01
   2.3326000e-02  -2.2800000e+01   9.3047000e-01
   2.3326000e-02  -1.9800000e+01   9.5690000e-01
   2.3326000e-02  -1.6800000e+01   9.8059000e-01
   2.3326000e-02  -1.3800000e+01   1.0018000e+00
   2.3326000e-02  -1.0800000e+01   1.0208000e+00
   2.3326000e-02  -7.8000000e+00   1.0377000e+00
   2.3326000e-02  -4.8000000e+00   1.0528000e+00
   2.3326000e-02  -1.8000000e+00   1.0661000e+00
   2.3326000e-02   1.2000000e+00   1.0777000e+00
   2.3326000e-02   4.2000000e+00   1.0877000e+00
   2.3326000e-02   7.2000000e+00   1.0961000e+00
   2.3326000e-02   1.0200000e+01   1.1030000e+00
   2.3326000e-02   1.3200000e+01   1.1081000e+00
   2.3326000e-02   1.6200000e+01   1.1115000e+00
   2.3326000e-02   1.9200000e+01   1.1129000e+00
   2.3326000e-02   2.2200000e+01   1.1122000e+00
   2.3326000e-02   2.5200000e+01   1.1090000e+00
   2.3326000e-02   2.8200000e+01   1.1031000e+00
   2.3524000e-02   2.9100000e+01   1.0864000e+00
   2.3524000e-02   2.6100000e+01   1.0935000e+00
   2.3524000e-02   2.3100000e+01   1.0976000e+00
   2.3524000e-02   2.0100000e+01   1.0992000e+00
   2.3524000e-02   1.7100000e+01   1.0985000e+00
   2.3524000e-02   1.4100000e+01   1.0958000e+00
   2.3524000e-02   1.1100000e+01   1.0913000e+00
   2.3524000e-02   8.1000000e+00   1.0850000e+00
   2.3524000e-02   5.1000000e+00   1.0771000e+00
   2.3524000e-02   2.1000000e+00   1.0676000e+00
   2.3524000e-02  -9.0000000e-01   1.0566000e+00
   2.3524000e-02  -3.9000000e+00   1.0438000e+00
   2.3524000e-02  -6.9000000e+00   1.0293000e+00
   2.3524000e-02  -9.9000000e+00   1.0130000e+00
   2.3524000e-02  -1.2900000e+01   9.9469000e-01
   2.3524000e-02  -1.5900000e+01   9.7418000e-01
   2.3524000e-02  -1.8900000e+01   9.5126000e-01
   2.3524000e-02  -2.1900000e+01   9.2569000e-01
   2.3524000e-02  -2.4900000e+01   8.9717000e-01
   2.3524000e-02  -2.7900000e+01   8.6539000e-01
   2.3723000e-02  -2.9400000e+01   8.3531000e-01
   2.3723000e-02  -2.6400000e+01   8.6884000e-01
   2.3723000e-02  -2.3400000e+01   8.9894000e-01
   2.3723000e-02  -2.0400000e+01   9.2594000e-01
   2.3723000e-02  -1.7400000e+01   9.5014000e-01
   2.3723000e-02  -1.4400000e+01   9.7181000e-01
   2.3723000e-02  -1.1400000e+01   9.9118000e-01
   2.3723000e-02  -8.4000000e+00   1.0085000e+00
   2.3723000e-02  -5.4000000e+00   1.0238000e+00
   2.3723000e-02  -2.4000000e+00   1.0374000e+00
   2.3723000e-02   6.0000000e-01   1.0492000e+00
   2.3723000e-02   3.6000000e+00   1.0595000e+00
   2.3723000e-02   6.6000000e+00   1.0681000e+00
   2.3723000e-02   9.6000000e+00   1.0751000e+00
   2.3723000e-02   1.2600000e+01   1.0804000e+00
   2.3723000e-02   1.5600000e+01   1.0839000e+00
   2.3723000e-02   1.8600000e+01   1.0855000e+00
   2.3723000e-02   2.1600000e+01   1.0849000e+00
   2.3723000e-02   2.4600000e+01   1.0820000e+00
   2.3723000e-02   2.7600000e+01   1.0763000e+00
   2.3921000e-02   2.9700000e+01   1.0564000e+00
   2.3921000e-02   2.6700000e+01   1.0644000e+00
   2.3921000e-02   2.3700000e+01   1.0694000e+00
   2.3921000e-02   2.0700000e+01   1.0718000e+00
   2.3921000e-02   1.7700000e+01   1.0718000e+00
   2.3921000e-02   1.4700000e+01   1.0697000e+00
   2.3921000e-02   1.1700000e+01   1.0657000e+00
   2.3921000e-02   8.7000000e+00   1.0600000e+00
   2.3921000e-02   5.7000000e+00   1.0526000e+00
   2.3921000e-02   2.7000000e+00   1.0436000e+00
   2.3921000e-02  -3.0000000e-01   1.0329000e+00
   2.3921000e-02  -3.3000000e+00   1.0206000e+00
   2.3921000e-02  -6.3000000e+00   1.0066000e+00
   2.3921000e-02  -9.3000000e+00   9.9067000e-01
   2.3921000e-02  -1.2300000e+01   9.7280000e-01
   2.3921000e-02  -1.5300000e+01   9.5278000e-01
   2.3921000e-02  -1.8300000e+01   9.3039000e-01
   2.3921000e-02  -2.1300000e+01   9.0539000e-01
   2.3921000e-02  -2.4300000e+01   8.7750000e-01
   2.3921000e-02  -2.7300000e+01   8.4642000e-01
   2.4120000e-02  -3.0000000e+01   8.0285000e-01
   2.4120000e-02  -2.7000000e+01   8.3707000e-01
   2.4120000e-02  -2.4000000e+01   8.6780000e-01
   2.4120000e-02  -2.1000000e+01   8.9538000e-01
   2.4120000e-02  -1.8000000e+01   9.2009000e-01
   2.4120000e-02  -1.5000000e+01   9.4223000e-01
   2.4120000e-02  -1.2000000e+01   9.6201000e-01
   2.4120000e-02  -9.0000000e+00   9.7965000e-01
   2.4120000e-02  -6.0000000e+00   9.9532000e-01
   2.4120000e-02  -3.0000000e+00   1.0092000e+00
   2.4120000e-02  -1.3323000e-15   1.0212000e+00
   2.4120000e-02   3.0000000e+00   1.0317000e+00
   2.4120000e-02   6.0000000e+00   1.0405000e+00
   2.4120000e-02   9.0000000e+00   1.0476000e+00
   2.4120000e-02   1.2000000e+01   1.0531000e+00
   2.4120000e-02   1.5000000e+01   1.0568000e+00
   2.4120000e-02   1.8000000e+01   1.0585000e+00
   2.4120000e-02   2.1000000e+01   1.0582000e+00
   2.4120000e-02   2.4000000e+01   1.0555000e+00
   2.4120000e-02   2.7000000e+01   1.0500000e+00
   2.4120000e-02   3.0000000e+01   1.0414000e+00
   2.4318000e-02   2.7300000e+01   1.0356000e+00
   2.4318000e-02   2.4300000e+01   1.0415000e+00
   2.4318000e-02   2.1300000e+01   1.0447000e+00
   2.4318000e-02   1.8300000e+01   1.0454000e+00
   2.4318000e-02   1.5300000e+01   1.0439000e+00
   2.4318000e-02   1.2300000e+01   1.0406000e+00
   2.4318000e-02   9.3000000e+00   1.0354000e+00
   2.4318000e-02   6.3000000e+00   1.0284000e+00
   2.4318000e-02   3.3000000e+00   1.0199000e+00
   2.4318000e-02   3.0000000e-01   1.0097000e+00
   2.4318000e-02  -2.7000000e+00   9.9779000e-01
   2.4318000e-02  -5.7000000e+00   9.8417000e-01
   2.4318000e-02  -8.7000000e+00   9.6873000e-01
   2.4318000e-02  -1.1700000e+01   9.5132000e-01
   2.4318000e-02  -1.4700000e+01   9.3177000e-01
   2.4318000e-02  -1.7700000e+01   9.0990000e-01
   2.4318000e-02  -2.0700000e+01   8.8546000e-01
   2.4318000e-02  -2.3700000e+01   8.5820000e-01
   2.4318000e-02  -2.6700000e+01   8.2781000e-01
   2.4318000e-02  -2.9700000e+01   7.9397000e-01
   2.4517000e-02  -2.7600000e+01   8.0568000e-01
   2.4517000e-02  -2.4600000e+01   8.3705000e-01
   2.4517000e-02  -2.1600000e+01   8.6521000e-01
   2.4517000e-02  -1.8600000e+01   8.9045000e-01
   2.4517000e-02  -1.5600000e+01   9.1306000e-01
   2.4517000e-02  -1.2600000e+01   9.3326000e-01
   2.4517000e-02  -9.6000000e+00   9.5127000e-01
   2.4517000e-02  -6.6000000e+00   9.6726000e-01
   2.4517000e-02  -3.6000000e+00   9.8138000e-01
   2.4517000e-02  -6.0000000e-01   9.9372000e-01
   2.4517000e-02   2.4000000e+00   1.0044000e+00
   2.4517000e-02   5.4000000e+00   1.0134000e+00
   2.4517000e-02   8.4000000e+00   1.0207000e+00
   2.4517000e-02   1.1400000e+01   1.0263000e+00
   2.4517000e-02   1.4400000e+01   1.0302000e+00
   2.4517000e-02   1.7400000e+01   1.0321000e+00
   2.4517000e-02   2.0400000e+01   1.0319000e+00
   2.4517000e-02   2.3400000e+01   1.0294000e+00
   2.4517000e-02   2.6400000e+01   1.0242000e+00
   2.4517000e-02   2.9400000e+01   1.0160000e+00
   2.4715000e-02   2.7900000e+01   1.0071000e+00
   2.4715000e-02   2.4900000e+01   1.0139000e+00
   2.4715000e-02   2.1900000e+01   1.0178000e+00
   2.4715000e-02   1.8900000e+01   1.0193000e+00
   2.4715000e-02   1.5900000e+01   1.0185000e+00
   2.4715000e-02   1.2900000e+01   1.0157000e+00
   2.4715000e-02   9.9000000e+00   1.0110000e+00
   2.4715000e-02   6.9000000e+00   1.0046000e+00
   2.4715000e-02   3.9000000e+00   9.9655000e-01
   2.4715000e-02   9.0000000e-01   9.8679000e-01
   2.4715000e-02  -2.1000000e+00   9.7535000e-01
   2.4715000e-02  -5.1000000e+00   9.6217000e-01
   2.4715000e-02  -8.1000000e+00   9.4716000e-01
   2.4715000e-02  -1.1100000e+01   9.3021000e-01
   2.4715000e-02  -1.4100000e+01   9.1115000e-01
   2.4715000e-02  -1.7100000e+01   8.8979000e-01
   2.4715000e-02  -2.0100000e+01   8.6591000e-01
   2.4715000e-02  -2.3100000e+01   8.3926000e-01
   2.4715000e-02  -2.6100000e+01   8.0955000e-01
   2.4715000e-02  -2.9100000e+01   7.7646000e-01
   2.4914000e-02  -2.8200000e+01   7.7466000e-01
   2.4914000e-02  -2.5200000e+01   8.0668000e-01
   2.4914000e-02  -2.2200000e+01   8.3542000e-01
   2.4914000e-02  -1.9200000e+01   8.6120000e-01
   2.4914000e-02  -1.6200000e+01   8.8428000e-01
   2.4914000e-02  -1.3200000e+01   9.0491000e-01
   2.4914000e-02  -1.0200000e+01   9.2330000e-01
   2.4914000e-02  -7.2000000e+00   9.3963000e-01
   2.4914000e-02  -4.2000000e+00   9.5404000e-01
   2.4914000e-02  -1.2000000e+00   9.6664000e-01
   2.4914000e-02   1.8000000e+00   9.7752000e-01
   2.4914000e-02   4.8000000e+00   9.8671000e-01
   2.4914000e-02   7.8000000e+00   9.9423000e-01
   2.4914000e-02   1.0800000e+01   1.0000000e+00
   2.4914000e-02   1.3800000e+01   1.0040000e+00
   2.4914000e-02   1.6800000e+01   1.0062000e+00
   2.4914000e-02   1.9800000e+01   1.0062000e+00
   2.4914000e-02   2.2800000e+01   1.0039000e+00
   2.4914000e-02   2.5800000e+01   9.9896000e-01
   2.4914000e-02   2.8800000e+01   9.9105000e-01
   2.5112000e-02   2.8500000e+01   9.7875000e-01
   2.5112000e-02   2.5500000e+01   9.8649000e-01
   2.5112000e-02   2.2500000e+01   9.9128000e-01
   2.5112000e-02   1.9500000e+01   9.9347000e-01
   2.5112000e-02   1.6500000e+01   9.9335000e-01
   2.5112000e-02   1.3500000e+01   9.9116000e-01
   2.5112000e-02   1.0500000e+01   9.8706000e-01
   2.5112000e-02   7.5000000e+00   9.8117000e-01
   2.5112000e-02   4.5000000e+00   9.7356000e-01
   2.5112000e-02   1.5000000e+00   9.6426000e-01
   2.5112000e-02  -1.5000000e+00   9.5326000e-01
   2.5112000e-02  -4.5000000e+00   9.4053000e-01
   2.5112000e-02  -7.5000000e+00   9.2597000e-01
   2.5112000e-02  -1.0500000e+01   9.0947000e-01
   2.5112000e-02  -1.3500000e+01   8.9089000e-01
   2.5112000e-02  -1.6500000e+01   8.7004000e-01
   2.5112000e-02  -1.9500000e+01   8.4672000e-01
   2.5112000e-02  -2.2500000e+01   8.2067000e-01
   2.5112000e-02  -2.5500000e+01   7.9162000e-01
   2.5112000e-02  -2.8500000e+01   7.5928000e-01
   2.5311000e-02  -2.8800000e+01   7.4399000e-01
   2.5311000e-02  -2.5800000e+01   7.7666000e-01
   2.5311000e-02  -2.2800000e+01   8.0600000e-01
   2.5311000e-02  -1.9800000e+01   8.3232000e-01
   2.5311000e-02  -1.6800000e+01   8.5590000e-01
   2.5311000e-02  -1.3800000e+01   8.7696000e-01
   2.5311000e-02  -1.0800000e+01   8.9574000e-01
   2.5311000e-02  -7.8000000e+00   9.1241000e-01
   2.5311000e-02  -4.8000000e+00   9.2712000e-01
   2.5311000e-02  -1.8000000e+00   9.3999000e-01
   2.5311000e-02   1.2000000e+00   9.5111000e-01
   2.5311000e-02   4.2000000e+00   9.6051000e-01
   2.5311000e-02   7.2000000e+00   9.6822000e-01
   2.5311000e-02   1.0200000e+01   9.7420000e-01
   2.5311000e-02   1.3200000e+01   9.7839000e-01
   2.5311000e-02   1.6200000e+01   9.8067000e-01
   2.5311000e-02   1.9200000e+01   9.8089000e-01
   2.5311000e-02   2.2200000e+01   9.7881000e-01
   2.5311000e-02   2.5200000e+01   9.7415000e-01
   2.5311000e-02   2.8200000e+01   9.6657000e-01
   2.5509000e-02   2.9100000e+01   9.5063000e-01
   2.5509000e-02   2.6100000e+01   9.5933000e-01
   2.5509000e-02   2.3100000e+01   9.6496000e-01
   2.5509000e-02   2.0100000e+01   9.6792000e-01
   2.5509000e-02   1.7100000e+01   9.6849000e-01
   2.5509000e-02   1.4100000e+01   9.6692000e-01
   2.5509000e-02   1.1100000e+01   9.6339000e-01
   2.5509000e-02   8.1000000e+00   9.5802000e-01
   2.5509000e-02   5.1000000e+00   9.5090000e-01
   2.5509000e-02   2.1000000e+00   9.4207000e-01
   2.5509000e-02  -9.0000000e-01   9.3153000e-01
   2.5509000e-02  -3.9000000e+00   9.1924000e-01
   2.5509000e-02  -6.9000000e+00   9.0513000e-01
   2.5509000e-02  -9.9000000e+00   8.8909000e-01
   2.5509000e-02  -1.2900000e+01   8.7099000e-01
   2.5509000e-02  -1.5900000e+01   8.5065000e-01
   2.5509000e-02  -1.8900000e+01   8.2787000e-01
   2.5509000e-02  -2.1900000e+01   8.0242000e-01
   2.5509000e-02  -2.4900000e+01   7.7403000e-01
   2.5509000e-02  -2.7900000e+01   7.4241000e-01
   2.5708000e-02  -2.9400000e+01   7.1366000e-01
   2.5708000e-02  -2.6400000e+01   7.4699000e-01
   2.5708000e-02  -2.3400000e+01   7.7694000e-01
   2.5708000e-02  -2.0400000e+01   8.0381000e-01
   2.5708000e-02  -1.7400000e+01   8.2788000e-01
   2.5708000e-02  -1.4400000e+01   8.4939000e-01
   2.5708000e-02  -1.1400000e+01   8.6857000e-01
   2.5708000e-02  -8.4000000e+00   8.8559000e-01
   2.5708000e-02  -5.4000000e+00   9.0062000e-01
   2.5708000e-02  -2.4000000e+00   9.1376000e-01
   2.5708000e-02   6.0000000e-01   9.2512000e-01
   2.5708000e-02   3.6000000e+00   9.3475000e-01
   2.5708000e-02   6.6000000e+00   9.4265000e-01
   2.5708000e-02   9.6000000e+00   9.4882000e-01
   2.5708000e-02   1.2600000e+01   9.5319000e-01
   2.5708000e-02   1.5600000e+01   9.5566000e-01
   2.5708000e-02   1.8600000e+01   9.5607000e-01
   2.5708000e-02   2.1600000e+01   9.5421000e-01
   2.5708000e-02   2.4600000e+01   9.4982000e-01
   2.5708000e-02   2.7600000e+01   9.4255000e-01
   2.5906000e-02   2.9700000e+01   9.2270000e-01
   2.5906000e-02   2.6700000e+01   9.3238000e-01
   2.5906000e-02   2.3700000e+01   9.3889000e-01
   2.5906000e-02   2.0700000e+01   9.4262000e-01
   2.5906000e-02   1.7700000e+01   9.4390000e-01
   2.5906000e-02   1.4700000e+01   9.4297000e-01
   2.5906000e-02   1.1700000e+01   9.4002000e-01
   2.5906000e-02   8.7000000e+00   9.3519000e-01
   2.5906000e-02   5.7000000e+00   9.2857000e-01
   2.5906000e-02   2.7000000e+00   9.2022000e-01
   2.5906000e-02  -3.0000000e-01   9.1013000e-01
   2.5906000e-02  -3.3000000e+00   8.9829000e-01
   2.5906000e-02  -6.3000000e+00   8.8463000e-01
   2.5906000e-02  -9.3000000e+00   8.6905000e-01
   2.5906000e-02  -1.2300000e+01   8.5143000e-01
   2.5906000e-02  -1.5300000e+01   8.3159000e-01
   2.5906000e-02  -1.8300000e+01   8.0936000e-01
   2.5906000e-02  -2.1300000e+01   7.8449000e-01
   2.5906000e-02  -2.4300000e+01   7.5674000e-01
   2.5906000e-02  -2.7300000e+01   7.2584000e-01
   2.6105000e-02  -3.0000000e+01   6.8368000e-01
   2.6105000e-02  -2.7000000e+01   7.1766000e-01
   2.6105000e-02  -2.4000000e+01   7.4822000e-01
   2.6105000e-02  -2.1000000e+01   7.7565000e-01
   2.6105000e-02  -1.8000000e+01   8.0022000e-01
   2.6105000e-02  -1.5000000e+01   8.2219000e-01
   2.6105000e-02  -1.2000000e+01   8.4177000e-01
   2.6105000e-02  -9.0000000e+00   8.5916000e-01
   2.6105000e-02  -6.0000000e+00   8.7451000e-01
   2.6105000e-02  -3.0000000e+00   8.8794000e-01
   2.6105000e-02  -1.3323000e-15   8.9955000e-01
   2.6105000e-02   3.0000000e+00   9.0941000e-01
   2.6105000e-02   6.0000000e+00   9.1752000e-01
   2.6105000e-02   9.0000000e+00   9.2388000e-01
   2.6105000e-02   1.2000000e+01   9.2844000e-01
   2.6105000e-02   1.5000000e+01   9.3109000e-01
   2.6105000e-02   1.8000000e+01   9.3170000e-01
   2.6105000e-02   2.1000000e+01   9.3007000e-01
   2.6105000e-02   2.4000000e+01   9.2594000e-01
   2.6105000e-02   2.7000000e+01   9.1898000e-01
   2.6105000e-02   3.0000000e+01   9.0881000e-01
   2.6303000e-02   2.7300000e+01   9.0564000e-01
   2.6303000e-02   2.4300000e+01   9.1304000e-01
   2.6303000e-02   2.1300000e+01   9.1757000e-01
   2.6303000e-02   1.8300000e+01   9.1957000e-01
   2.6303000e-02   1.5300000e+01   9.1929000e-01
   2.6303000e-02   1.2300000e+01   9.1693000e-01
   2.6303000e-02   9.3000000e+00   9.1265000e-01
   2.6303000e-02   6.3000000e+00   9.0654000e-01
   2.6303000e-02   3.3000000e+00   8.9867000e-01
   2.6303000e-02   3.0000000e-01   8.8906000e-01
   2.6303000e-02  -2.7000000e+00   8.7767000e-01
   2.6303000e-02  -5.7000000e+00   8.6447000e-01
   2.6303000e-02  -8.7000000e+00   8.4935000e-01
   2.6303000e-02  -1.1700000e+01   8.3220000e-01
   2.6303000e-02  -1.4700000e+01   8.1287000e-01
   2.6303000e-02  -1.7700000e+01   7.9117000e-01
   2.6303000e-02  -2.0700000e+01   7.6688000e-01
   2.6303000e-02  -2.3700000e+01   7.3977000e-01
   2.6303000e-02  -2.6700000e+01   7.0956000e-01
   2.6303000e-02  -2.9700000e+01   6.7596000e-01
   2.6502000e-02  -2.7600000e+01   6.8866000e-01
   2.6502000e-02  -2.4600000e+01   7.1983000e-01
   2.6502000e-02  -2.1600000e+01   7.4782000e-01
   2.6502000e-02  -1.8600000e+01   7.7291000e-01
   2.6502000e-02  -1.5600000e+01   7.9535000e-01
   2.6502000e-02  -1.2600000e+01   8.1535000e-01
   2.6502000e-02  -9.6000000e+00   8.3310000e-01
   2.6502000e-02  -6.6000000e+00   8.4878000e-01
   2.6502000e-02  -3.6000000e+00   8.6251000e-01
   2.6502000e-02  -6.0000000e-01   8.7439000e-01
   2.6502000e-02   2.4000000e+00   8.8448000e-01
   2.6502000e-02   5.4000000e+00   8.9281000e-01
   2.6502000e-02   8.4000000e+00   8.9937000e-01
   2.6502000e-02   1.1400000e+01   9.0412000e-01
   2.6502000e-02   1.4400000e+01   9.0697000e-01
   2.6502000e-02   1.7400000e+01   9.0778000e-01
   2.6502000e-02   2.0400000e+01   9.0637000e-01
   2.6502000e-02   2.3400000e+01   9.0250000e-01
   2.6502000e-02   2.6400000e+01   8.9586000e-01
   2.6502000e-02   2.9400000e+01   8.8606000e-01
   2.6700000e-02   2.7900000e+01   8.7909000e-01
   2.6700000e-02   2.4900000e+01   8.8741000e-01
   2.6700000e-02   2.1900000e+01   8.9276000e-01
   2.6700000e-02   1.8900000e+01   8.9549000e-01
   2.6700000e-02   1.5900000e+01   8.9587000e-01
   2.6700000e-02   1.2900000e+01   8.9412000e-01
   2.6700000e-02   9.9000000e+00   8.9040000e-01
   2.6700000e-02   6.9000000e+00   8.8482000e-01
   2.6700000e-02   3.9000000e+00   8.7744000e-01
   2.6700000e-02   9.0000000e-01   8.6829000e-01
   2.6700000e-02  -2.1000000e+00   8.5737000e-01
   2.6700000e-02  -5.1000000e+00   8.4462000e-01
   2.6700000e-02  -8.1000000e+00   8.2997000e-01
   2.6700000e-02  -1.1100000e+01   8.1329000e-01
   2.6700000e-02  -1.4100000e+01   7.9446000e-01
   2.6700000e-02  -1.7100000e+01   7.7329000e-01
   2.6700000e-02  -2.0100000e+01   7.4958000e-01
   2.6700000e-02  -2.3100000e+01   7.2309000e-01
   2.6700000e-02  -2.6100000e+01   6.9357000e-01
   2.6700000e-02  -2.9100000e+01   6.6073000e-01
   2.6899000e-02  -2.8200000e+01   6.5998000e-01
   2.6899000e-02  -2.5200000e+01   6.9177000e-01
   2.6899000e-02  -2.2200000e+01   7.2033000e-01
   2.6899000e-02  -1.9200000e+01   7.4594000e-01
   2.6899000e-02  -1.6200000e+01   7.6884000e-01
   2.6899000e-02  -1.3200000e+01   7.8927000e-01
   2.6899000e-02  -1.0200000e+01   8.0741000e-01
   2.6899000e-02  -7.2000000e+00   8.2343000e-01
   2.6899000e-02  -4.2000000e+00   8.3746000e-01
   2.6899000e-02  -1.2000000e+00   8.4961000e-01
   2.6899000e-02   1.8000000e+00   8.5995000e-01
   2.6899000e-02   4.8000000e+00   8.6850000e-01
   2.6899000e-02   7.8000000e+00   8.7527000e-01
   2.6899000e-02   1.0800000e+01   8.8022000e-01
   2.6899000e-02   1.3800000e+01   8.8327000e-01
   2.6899000e-02   1.6800000e+01   8.8429000e-01
   2.6899000e-02   1.9800000e+01   8.8311000e-01
   2.6899000e-02   2.2800000e+01   8.7950000e-01
   2.6899000e-02   2.5800000e+01   8.7316000e-01
   2.6899000e-02   2.8800000e+01   8.6374000e-01
   2.7098000e-02   2.8500000e+01   8.5273000e-01
   2.7098000e-02   2.5500000e+01   8.6198000e-01
   2.7098000e-02   2.2500000e+01   8.6816000e-01
   2.7098000e-02   1.9500000e+01   8.7164000e-01
   2.7098000e-02   1.6500000e+01   8.7271000e-01
   2.7098000e-02   1.3500000e+01   8.7158000e-01
   2.7098000e-02   1.0500000e+01   8.6842000e-01
   2.7098000e-02   7.5000000e+00   8.6337000e-01
   2.7098000e-02   4.5000000e+00   8.5649000e-01
   2.7098000e-02   1.5000000e+00   8.4783000e-01
   2.7098000e-02  -1.5000000e+00   8.3737000e-01
   2.7098000e-02  -4.5000000e+00   8.2508000e-01
   2.7098000e-02  -7.5000000e+00   8.1089000e-01
   2.7098000e-02  -1.0500000e+01   7.9470000e-01
   2.7098000e-02  -1.3500000e+01   7.7636000e-01
   2.7098000e-02  -1.6500000e+01   7.5572000e-01
   2.7098000e-02  -1.9500000e+01   7.3257000e-01
   2.7098000e-02  -2.2500000e+01   7.0670000e-01
   2.7098000e-02  -2.5500000e+01   6.7786000e-01
   2.7098000e-02  -2.8500000e+01   6.4576000e-01
   2.7296000e-02  -2.8800000e+01   6.3161000e-01
   2.7296000e-02  -2.5800000e+01   6.6402000e-01
   2.7296000e-02  -2.2800000e+01   6.9315000e-01
   2.7296000e-02  -1.9800000e+01   7.1929000e-01
   2.7296000e-02  -1.6800000e+01   7.4268000e-01
   2.7296000e-02  -1.3800000e+01   7.6354000e-01
   2.7296000e-02  -1.0800000e+01   7.8207000e-01
   2.7296000e-02  -7.8000000e+00   7.9844000e-01
   2.7296000e-02  -4.8000000e+00   8.1278000e-01
   2.7296000e-02  -1.8000000e+00   8.2521000e-01
   2.7296000e-02   1.2000000e+00   8.3580000e-01
   2.7296000e-02   4.2000000e+00   8.4459000e-01
   2.7296000e-02   7.2000000e+00   8.5157000e-01
   2.7296000e-02   1.0200000e+01   8.5673000e-01
   2.7296000e-02   1.3200000e+01   8.5999000e-01
   2.7296000e-02   1.6200000e+01   8.6122000e-01
   2.7296000e-02   1.9200000e+01   8.6027000e-01
   2.7296000e-02   2.2200000e+01   8.5692000e-01
   2.7296000e-02   2.5200000e+01   8.5089000e-01
   2.7296000e-02   2.8200000e+01   8.4183000e-01
   2.7495000e-02   2.9100000e+01   8.2655000e-01
   2.7495000e-02   2.6100000e+01   8.3674000e-01
   2.7495000e-02   2.3100000e+01   8.4377000e-01
   2.7495000e-02   2.0100000e+01   8.4802000e-01
   2.7495000e-02   1.7100000e+01   8.4978000e-01
   2.7495000e-02   1.4100000e+01   8.4928000e-01
   2.7495000e-02   1.1100000e+01   8.4671000e-01
   2.7495000e-02   8.1000000e+00   8.4220000e-01
   2.7495000e-02   5.1000000e+00   8.3583000e-01
   2.7495000e-02   2.1000000e+00   8.2765000e-01
   2.7495000e-02  -9.0000000e-01   8.1766000e-01
   2.7495000e-02  -3.9000000e+00   8.0584000e-01
   2.7495000e-02  -6.9000000e+00   7.9211000e-01
   2.7495000e-02  -9.9000000e+00   7.7640000e-01
   2.7495000e-02  -1.2900000e+01   7.5856000e-01
   2.7495000e-02  -1.5900000e+01   7.3844000e-01
   2.7495000e-02  -1.8900000e+01   7.1585000e-01
   2.7495000e-02  -2.1900000e+01   6.9059000e-01
   2.7495000e-02  -2.4900000e+01   6.6241000e-01
   2.7495000e-02  -2.7900000e+01   6.3104000e-01
   2.7693000e-02  -2.9400000e+01   6.0353000e-01
   2.7693000e-02  -2.6400000e+01   6.3657000e-01
   2.7693000e-02  -2.3400000e+01   6.6628000e-01
   2.7693000e-02  -2.0400000e+01   6.9295000e-01
   2.7693000e-02  -1.7400000e+01   7.1683000e-01
   2.7693000e-02  -1.4400000e+01   7.3813000e-01
   2.7693000e-02  -1.1400000e+01   7.5706000e-01
   2.7693000e-02  -8.4000000e+00   7.7379000e-01
   2.7693000e-02  -5.4000000e+00   7.8846000e-01
   2.7693000e-02  -2.4000000e+00   8.0118000e-01
   2.7693000e-02   6.0000000e-01   8.1203000e-01
   2.7693000e-02   3.6000000e+00   8.2106000e-01
   2.7693000e-02   6.6000000e+00   8.2827000e-01
   2.7693000e-02   9.6000000e+00   8.3364000e-01
   2.7693000e-02   1.2600000e+01   8.3710000e-01
   2.7693000e-02   1.5600000e+01   8.3856000e-01
   2.7693000e-02   1.8600000e+01   8.3785000e-01
   2.7693000e-02   2.1600000e+01   8.3476000e-01
   2.7693000e-02   2.4600000e+01   8.2903000e-01
   2.7693000e-02   2.7600000e+01   8.2033000e-01
   2.7892000e-02   2.9700000e+01   8.0054000e-01
   2.7892000e-02   2.6700000e+01   8.1169000e-01
   2.7892000e-02   2.3700000e+01   8.1959000e-01
   2.7892000e-02   2.0700000e+01   8.2462000e-01
   2.7892000e-02   1.7700000e+01   8.2708000e-01
   2.7892000e-02   1.4700000e+01   8.2723000e-01
   2.7892000e-02   1.1700000e+01   8.2525000e-01
   2.7892000e-02   8.7000000e+00   8.2129000e-01
   2.7892000e-02   5.7000000e+00   8.1544000e-01
   2.7892000e-02   2.7000000e+00   8.0775000e-01
   2.7892000e-02  -3.0000000e-01   7.9823000e-01
   2.7892000e-02  -3.3000000e+00   7.8688000e-01
   2.7892000e-02  -6.3000000e+00   7.7362000e-01
   2.7892000e-02  -9.3000000e+00   7.5838000e-01
   2.7892000e-02  -1.2300000e+01   7.4104000e-01
   2.7892000e-02  -1.5300000e+01   7.2144000e-01
   2.7892000e-02  -1.8300000e+01   6.9941000e-01
   2.7892000e-02  -2.1300000e+01   6.7475000e-01
   2.7892000e-02  -2.4300000e+01   6.4721000e-01
   2.7892000e-02  -2.7300000e+01   6.1656000e-01
   2.8090000e-02  -3.0000000e+01   5.7574000e-01
   2.8090000e-02  -2.7000000e+01   6.0941000e-01
   2.8090000e-02  -2.4000000e+01   6.3971000e-01
   2.8090000e-02  -2.1000000e+01   6.6692000e-01
   2.8090000e-02  -1.8000000e+01   6.9129000e-01
   2.8090000e-02  -1.5000000e+01   7.1304000e-01
   2.8090000e-02  -1.2000000e+01   7.3238000e-01
   2.8090000e-02  -9.0000000e+00   7.4948000e-01
   2.8090000e-02  -6.0000000e+00   7.6448000e-01
   2.8090000e-02  -3.0000000e+00   7.7750000e-01
   2.8090000e-02  -1.3323000e-15   7.8862000e-01
   2.8090000e-02   3.0000000e+00   7.9790000e-01
   2.8090000e-02   6.0000000e+00   8.0534000e-01
   2.8090000e-02   9.0000000e+00   8.1093000e-01
   2.8090000e-02   1.2000000e+01   8.1461000e-01
   2.8090000e-02   1.5000000e+01   8.1629000e-01
   2.8090000e-02   1.8000000e+01   8.1582000e-01
   2.8090000e-02   2.1000000e+01   8.1299000e-01
   2.8090000e-02   2.4000000e+01   8.0757000e-01
   2.8090000e-02   2.7000000e+01   7.9923000e-01
   2.8090000e-02   3.0000000e+01   7.8759000e-01
   2.8289000e-02   2.7300000e+01   7.8681000e-01
   2.8289000e-02   2.4300000e+01   7.9559000e-01
   2.8289000e-02   2.1300000e+01   8.0142000e-01
   2.8289000e-02   1.8300000e+01   8.0460000e-01
   2.8289000e-02   1.5300000e+01   8.0541000e-01
   2.8289000e-02   1.2300000e+01   8.0403000e-01
   2.8289000e-02   9.3000000e+00   8.0063000e-01
   2.8289000e-02   6.3000000e+00   7.9530000e-01
   2.8289000e-02   3.3000000e+00   7.8811000e-01
   2.8289000e-02   3.0000000e-01   7.7908000e-01
   2.8289000e-02  -2.7000000e+00   7.6819000e-01
   2.8289000e-02  -5.7000000e+00   7.5541000e-01
   2.8289000e-02  -8.7000000e+00   7.4065000e-01
   2.8289000e-02  -1.1700000e+01   7.2380000e-01
   2.8289000e-02  -1.4700000e+01   7.0471000e-01
   2.8289000e-02  -1.7700000e+01   6.8323000e-01
   2.8289000e-02  -2.0700000e+01   6.5916000e-01
   2.8289000e-02  -2.3700000e+01   6.3227000e-01
   2.8289000e-02  -2.6700000e+01   6.0232000e-01
   2.8289000e-02  -2.9700000e+01   5.6904000e-01
   2.8487000e-02  -2.7600000e+01   5.8253000e-01
   2.8487000e-02  -2.4600000e+01   6.1342000e-01
   2.8487000e-02  -2.1600000e+01   6.4118000e-01
   2.8487000e-02  -1.8600000e+01   6.6605000e-01
   2.8487000e-02  -1.5600000e+01   6.8826000e-01
   2.8487000e-02  -1.2600000e+01   7.0802000e-01
   2.8487000e-02  -9.6000000e+00   7.2550000e-01
   2.8487000e-02  -6.6000000e+00   7.4084000e-01
   2.8487000e-02  -3.6000000e+00   7.5416000e-01
   2.8487000e-02  -6.0000000e-01   7.6556000e-01
   2.8487000e-02   2.4000000e+00   7.7509000e-01
   2.8487000e-02   5.4000000e+00   7.8277000e-01
   2.8487000e-02   8.4000000e+00   7.8859000e-01
   2.8487000e-02   1.1400000e+01   7.9250000e-01
   2.8487000e-02   1.4400000e+01   7.9441000e-01
   2.8487000e-02   1.7400000e+01   7.9417000e-01
   2.8487000e-02   2.0400000e+01   7.9161000e-01
   2.8487000e-02   2.3400000e+01   7.8649000e-01
   2.8487000e-02   2.6400000e+01   7.7851000e-01
   2.8487000e-02   2.9400000e+01   7.6729000e-01
   2.8686000e-02   2.7900000e+01   7.6209000e-01
   2.8686000e-02   2.4900000e+01   7.7177000e-01
   2.8686000e-02   2.1900000e+01   7.7841000e-01
   2.8686000e-02   1.8900000e+01   7.8233000e-01
   2.8686000e-02   1.5900000e+01   7.8380000e-01
   2.8686000e-02   1.2900000e+01   7.8304000e-01
   2.8686000e-02   9.9000000e+00   7.8021000e-01
   2.8686000e-02   6.9000000e+00   7.7541000e-01
   2.8686000e-02   3.9000000e+00   7.6873000e-01
   2.8686000e-02   9.0000000e-01   7.6018000e-01
   2.8686000e-02  -2.1000000e+00   7.4977000e-01
   2.8686000e-02  -5.1000000e+00   7.3746000e-01
   2.8686000e-02  -8.1000000e+00   7.2318000e-01
   2.8686000e-02  -1.1100000e+01   7.0682000e-01
   2.8686000e-02  -1.4100000e+01   6.8825000e-01
   2.8686000e-02  -1.7100000e+01   6.6732000e-01
   2.8686000e-02  -2.0100000e+01   6.4383000e-01
   2.8686000e-02  -2.3100000e+01   6.1757000e-01
   2.8686000e-02  -2.6100000e+01   5.8830000e-01
   2.8686000e-02  -2.9100000e+01   5.5578000e-01
   2.8884000e-02  -2.8200000e+01   5.5593000e-01
   2.8884000e-02  -2.5200000e+01   5.8742000e-01
   2.8884000e-02  -2.2200000e+01   6.1572000e-01
   2.8884000e-02  -1.9200000e+01   6.4110000e-01
   2.8884000e-02  -1.6200000e+01   6.6378000e-01
   2.8884000e-02  -1.3200000e+01   6.8396000e-01
   2.8884000e-02  -1.0200000e+01   7.0182000e-01
   2.8884000e-02  -7.2000000e+00   7.1751000e-01
   2.8884000e-02  -4.2000000e+00   7.3116000e-01
   2.8884000e-02  -1.2000000e+00   7.4285000e-01
   2.8884000e-02   1.8000000e+00   7.5264000e-01
   2.8884000e-02   4.8000000e+00   7.6057000e-01
   2.8884000e-02   7.8000000e+00   7.6662000e-01
   2.8884000e-02   1.0800000e+01   7.7076000e-01
   2.8884000e-02   1.3800000e+01   7.7290000e-01
   2.8884000e-02   1.6800000e+01   7.7291000e-01
   2.8884000e-02   1.9800000e+01   7.7061000e-01
   2.8884000e-02   2.2800000e+01   7.6579000e-01
   2.8884000e-02   2.5800000e+01   7.5816000e-01
   2.8884000e-02   2.8800000e+01   7.4736000e-01
   2.9083000e-02   2.8500000e+01   7.3753000e-01
   2.9083000e-02   2.5500000e+01   7.4812000e-01
   2.9083000e-02   2.2500000e+01   7.5558000e-01
   2.9083000e-02   1.9500000e+01   7.6025000e-01
   2.9083000e-02   1.6500000e+01   7.6241000e-01
   2.9083000e-02   1.3500000e+01   7.6228000e-01
   2.9083000e-02   1.0500000e+01   7.6002000e-01
   2.9083000e-02   7.5000000e+00   7.5577000e-01
   2.9083000e-02   4.5000000e+00   7.4959000e-01
   2.9083000e-02   1.5000000e+00   7.4154000e-01
   2.9083000e-02  -1.5000000e+00   7.3161000e-01
   2.9083000e-02  -4.5000000e+00   7.1977000e-01
   2.9083000e-02  -7.5000000e+00   7.0597000e-01
   2.9083000e-02  -1.0500000e+01   6.9010000e-01
   2.9083000e-02  -1.3500000e+01   6.7204000e-01
   2.9083000e-02  -1.6500000e+01   6.5165000e-01
   2.9083000e-02  -1.9500000e+01   6.2873000e-01
   2.9083000e-02  -2.2500000e+01   6.0310000e-01
   2.9083000e-02  -2.5500000e+01   5.7451000e-01
   2.9083000e-02  -2.8500000e+01   5.4273000e-01
   2.9281000e-02  -2.8800000e+01   5.2960000e-01
   2.9281000e-02  -2.5800000e+01   5.6167000e-01
   2.9281000e-02  -2.2800000e+01   5.9054000e-01
   2.9281000e-02  -1.9800000e+01   6.1643000e-01
   2.9281000e-02  -1.6800000e+01   6.3958000e-01
   2.9281000e-02  -1.3800000e+01   6.6020000e-01
   2.9281000e-02  -1.0800000e+01   6.7845000e-01
   2.9281000e-02  -7.8000000e+00   6.9450000e-01
   2.9281000e-02  -4.8000000e+00   7.0847000e-01
   2.9281000e-02  -1.8000000e+00   7.2045000e-01
   2.9281000e-02   1.2000000e+00   7.3052000e-01
   2.9281000e-02   4.2000000e+00   7.3870000e-01
   2.9281000e-02   7.2000000e+00   7.4500000e-01
   2.9281000e-02   1.0200000e+01   7.4937000e-01
   2.9281000e-02   1.3200000e+01   7.5175000e-01
   2.9281000e-02   1.6200000e+01   7.5200000e-01
   2.9281000e-02   1.9200000e+01   7.4998000e-01
   2.9281000e-02   2.2200000e+01   7.4546000e-01
   2.9281000e-02   2.5200000e+01   7.3818000e-01
   2.9281000e-02   2.8200000e+01   7.2779000e-01
   2.9480000e-02   2.9100000e+01   7.1311000e-01
   2.9480000e-02   2.6100000e+01   7.2463000e-01
   2.9480000e-02   2.3100000e+01   7.3293000e-01
   2.9480000e-02   2.0100000e+01   7.3836000e-01
   2.9480000e-02   1.7100000e+01   7.4121000e-01
   2.9480000e-02   1.4100000e+01   7.4172000e-01
   2.9480000e-02   1.1100000e+01   7.4005000e-01
   2.9480000e-02   8.1000000e+00   7.3634000e-01
   2.9480000e-02   5.1000000e+00   7.3069000e-01
   2.9480000e-02   2.1000000e+00   7.2313000e-01
   2.9480000e-02  -9.0000000e-01   7.1369000e-01
   2.9480000e-02  -3.9000000e+00   7.0233000e-01
   2.9480000e-02  -6.9000000e+00   6.8900000e-01
   2.9480000e-02  -9.9000000e+00   6.7363000e-01
   2.9480000e-02  -1.2900000e+01   6.5608000e-01
   2.9480000e-02  -1.5900000e+01   6.3622000e-01
   2.9480000e-02  -1.8900000e+01   6.1387000e-01
   2.9480000e-02  -2.1900000e+01   5.8885000e-01
   2.9480000e-02  -2.4900000e+01   5.6093000e-01
   2.9480000e-02  -2.7900000e+01   5.2988000e-01
   2.9678000e-02  -2.9400000e+01   5.0352000e-01
   2.9678000e-02  -2.6400000e+01   5.3619000e-01
   2.9678000e-02  -2.3400000e+01   5.6562000e-01
   2.9678000e-02  -2.0400000e+01   5.9203000e-01
   2.9678000e-02  -1.7400000e+01   6.1566000e-01
   2.9678000e-02  -1.4400000e+01   6.3671000e-01
   2.9678000e-02  -1.1400000e+01   6.5537000e-01
   2.9678000e-02  -8.4000000e+00   6.7179000e-01
   2.9678000e-02  -5.4000000e+00   6.8609000e-01
   2.9678000e-02  -2.4000000e+00   6.9838000e-01
   2.9678000e-02   6.0000000e-01   7.0872000e-01
   2.9678000e-02   3.6000000e+00   7.1717000e-01
   2.9678000e-02   6.6000000e+00   7.2371000e-01
   2.9678000e-02   9.6000000e+00   7.2833000e-01
   2.9678000e-02   1.2600000e+01   7.3094000e-01
   2.9678000e-02   1.5600000e+01   7.3146000e-01
   2.9678000e-02   1.8600000e+01   7.2970000e-01
   2.9678000e-02   2.1600000e+01   7.2549000e-01
   2.9678000e-02   2.4600000e+01   7.1855000e-01
   2.9678000e-02   2.7600000e+01   7.0857000e-01
   2.9877000e-02   2.9700000e+01   6.8883000e-01
   2.9877000e-02   2.6700000e+01   7.0130000e-01
   2.9877000e-02   2.3700000e+01   7.1045000e-01
   2.9877000e-02   2.0700000e+01   7.1665000e-01
   2.9877000e-02   1.7700000e+01   7.2021000e-01
   2.9877000e-02   1.4700000e+01   7.2136000e-01
   2.9877000e-02   1.1700000e+01   7.2029000e-01
   2.9877000e-02   8.7000000e+00   7.1714000e-01
   2.9877000e-02   5.7000000e+00   7.1201000e-01
   2.9877000e-02   2.7000000e+00   7.0496000e-01
   2.9877000e-02  -3.0000000e-01   6.9600000e-01
   2.9877000e-02  -3.3000000e+00   6.8512000e-01
   2.9877000e-02  -6.3000000e+00   6.7228000e-01
   2.9877000e-02  -9.3000000e+00   6.5739000e-01
   2.9877000e-02  -1.2300000e+01   6.4035000e-01
   2.9877000e-02  -1.5300000e+01   6.2102000e-01
   2.9877000e-02  -1.8300000e+01   5.9924000e-01
   2.9877000e-02  -2.1300000e+01   5.7482000e-01
   2.9877000e-02  -2.4300000e+01   5.4756000e-01
   2.9877000e-02  -2.7300000e+01   5.1722000e-01
   3.0075000e-02  -3.0000000e+01   4.7769000e-01
   3.0075000e-02  -2.7000000e+01   5.1096000e-01
   3.0075000e-02  -2.4000000e+01   5.4095000e-01
   3.0075000e-02  -2.1000000e+01   5.6789000e-01
   3.0075000e-02  -1.8000000e+01   5.9201000e-01
   3.0075000e-02  -1.5000000e+01   6.1351000e-01
   3.0075000e-02  -1.2000000e+01   6.3257000e-01
   3.0075000e-02  -9.0000000e+00   6.4936000e-01
   3.0075000e-02  -6.0000000e+00   6.6400000e-01
   3.0075000e-02  -3.0000000e+00   6.7661000e-01
   3.0075000e-02  -1.3323000e-15   6.8724000e-01
   3.0075000e-02   3.0000000e+00   6.9596000e-01
   3.0075000e-02   6.0000000e+00   7.0276000e-01
   3.0075000e-02   9.0000000e+00   7.0762000e-01
   3.0075000e-02   1.2000000e+01   7.1048000e-01
   3.0075000e-02   1.5000000e+01   7.1125000e-01
   3.0075000e-02   1.8000000e+01   7.0977000e-01
   3.0075000e-02   2.1000000e+01   7.0586000e-01
   3.0075000e-02   2.4000000e+01   6.9926000e-01
   3.0075000e-02   2.7000000e+01   6.8968000e-01
   3.0075000e-02   3.0000000e+01   6.7674000e-01
   3.0274000e-02   2.7300000e+01   6.7810000e-01
   3.0274000e-02   2.4300000e+01   6.8812000e-01
   3.0274000e-02   2.1300000e+01   6.9511000e-01
   3.0274000e-02   1.8300000e+01   6.9938000e-01
   3.0274000e-02   1.5300000e+01   7.0119000e-01
   3.0274000e-02   1.2300000e+01   7.0073000e-01
   3.0274000e-02   9.3000000e+00   6.9815000e-01
   3.0274000e-02   6.3000000e+00   6.9355000e-01
   3.0274000e-02   3.3000000e+00   6.8701000e-01
   3.0274000e-02   3.0000000e-01   6.7854000e-01
   3.0274000e-02  -2.7000000e+00   6.6815000e-01
   3.0274000e-02  -5.7000000e+00   6.5579000e-01
   3.0274000e-02  -8.7000000e+00   6.4139000e-01
   3.0274000e-02  -1.1700000e+01   6.2485000e-01
   3.0274000e-02  -1.4700000e+01   6.0605000e-01
   3.0274000e-02  -1.7700000e+01   5.8482000e-01
   3.0274000e-02  -2.0700000e+01   5.6100000e-01
   3.0274000e-02  -2.3700000e+01   5.3439000e-01
   3.0274000e-02  -2.6700000e+01   5.0475000e-01
   3.0274000e-02  -2.9700000e+01   4.7186000e-01
   3.0472000e-02  -2.7600000e+01   4.8598000e-01
   3.0472000e-02  -2.4600000e+01   5.1653000e-01
   3.0472000e-02  -2.1600000e+01   5.4400000e-01
   3.0472000e-02  -1.8600000e+01   5.6861000e-01
   3.0472000e-02  -1.5600000e+01   5.9056000e-01
   3.0472000e-02  -1.2600000e+01   6.1004000e-01
   3.0472000e-02  -9.6000000e+00   6.2721000e-01
   3.0472000e-02  -6.6000000e+00   6.4221000e-01
   3.0472000e-02  -3.6000000e+00   6.5513000e-01
   3.0472000e-02  -6.0000000e-01   6.6606000e-01
   3.0472000e-02   2.4000000e+00   6.7505000e-01
   3.0472000e-02   5.4000000e+00   6.8211000e-01
   3.0472000e-02   8.4000000e+00   6.8723000e-01
   3.0472000e-02   1.1400000e+01   6.9035000e-01
   3.0472000e-02   1.4400000e+01   6.9138000e-01
   3.0472000e-02   1.7400000e+01   6.9018000e-01
   3.0472000e-02   2.0400000e+01   6.8656000e-01
   3.0472000e-02   2.3400000e+01   6.8031000e-01
   3.0472000e-02   2.6400000e+01   6.7112000e-01
   3.0472000e-02   2.9400000e+01   6.5865000e-01
   3.0671000e-02   2.7900000e+01   6.5503000e-01
   3.0671000e-02   2.4900000e+01   6.6593000e-01
   3.0671000e-02   2.1900000e+01   6.7372000e-01
   3.0671000e-02   1.8900000e+01   6.7872000e-01
   3.0671000e-02   1.5900000e+01   6.8120000e-01
   3.0671000e-02   1.2900000e+01   6.8136000e-01
   3.0671000e-02   9.9000000e+00   6.7935000e-01
   3.0671000e-02   6.9000000e+00   6.7529000e-01
   3.0671000e-02   3.9000000e+00   6.6926000e-01
   3.0671000e-02   9.0000000e-01   6.6130000e-01
   3.0671000e-02  -2.1000000e+00   6.5139000e-01
   3.0671000e-02  -5.1000000e+00   6.3951000e-01
   3.0671000e-02  -8.1000000e+00   6.2560000e-01
   3.0671000e-02  -1.1100000e+01   6.0957000e-01
   3.0671000e-02  -1.4100000e+01   5.9129000e-01
   3.0671000e-02  -1.7100000e+01   5.7062000e-01
   3.0671000e-02  -2.0100000e+01   5.4739000e-01
   3.0671000e-02  -2.3100000e+01   5.2141000e-01
   3.0671000e-02  -2.6100000e+01   4.9246000e-01
   3.0671000e-02  -2.9100000e+01   4.6032000e-01
   3.0869000e-02  -2.8200000e+01   4.6123000e-01
   3.0869000e-02  -2.5200000e+01   4.9235000e-01
   3.0869000e-02  -2.2200000e+01   5.2035000e-01
   3.0869000e-02  -1.9200000e+01   5.4545000e-01
   3.0869000e-02  -1.6200000e+01   5.6787000e-01
   3.0869000e-02  -1.3200000e+01   5.8778000e-01
   3.0869000e-02  -1.0200000e+01   6.0534000e-01
   3.0869000e-02  -7.2000000e+00   6.2069000e-01
   3.0869000e-02  -4.2000000e+00   6.3394000e-01
   3.0869000e-02  -1.2000000e+00   6.4518000e-01
   3.0869000e-02   1.8000000e+00   6.5445000e-01
   3.0869000e-02   4.8000000e+00   6.6178000e-01
   3.0869000e-02   7.8000000e+00   6.6716000e-01
   3.0869000e-02   1.0800000e+01   6.7053000e-01
   3.0869000e-02   1.3800000e+01   6.7183000e-01
   3.0869000e-02   1.6800000e+01   6.7090000e-01
   3.0869000e-02   1.9800000e+01   6.6760000e-01
   3.0869000e-02   2.2800000e+01   6.6168000e-01
   3.0869000e-02   2.5800000e+01   6.5289000e-01
   3.0869000e-02   2.8800000e+01   6.4087000e-01
   3.1068000e-02   2.8500000e+01   6.3210000e-01
   3.1068000e-02   2.5500000e+01   6.4388000e-01
   3.1068000e-02   2.2500000e+01   6.5249000e-01
   3.1068000e-02   1.9500000e+01   6.5823000e-01
   3.1068000e-02   1.6500000e+01   6.6138000e-01
   3.1068000e-02   1.3500000e+01   6.6217000e-01
   3.1068000e-02   1.0500000e+01   6.6074000e-01
   3.1068000e-02   7.5000000e+00   6.5724000e-01
   3.1068000e-02   4.5000000e+00   6.5173000e-01
   3.1068000e-02   1.5000000e+00   6.4426000e-01
   3.1068000e-02  -1.5000000e+00   6.3484000e-01
   3.1068000e-02  -4.5000000e+00   6.2345000e-01
   3.1068000e-02  -7.5000000e+00   6.1003000e-01
   3.1068000e-02  -1.0500000e+01   5.9450000e-01
   3.1068000e-02  -1.3500000e+01   5.7674000e-01
   3.1068000e-02  -1.6500000e+01   5.5662000e-01
   3.1068000e-02  -1.9500000e+01   5.3397000e-01
   3.1068000e-02  -2.2500000e+01   5.0861000e-01
   3.1068000e-02  -2.5500000e+01   4.8034000e-01
   3.1068000e-02  -2.8500000e+01   4.4894000e-01
   3.1266000e-02  -2.8800000e+01   4.3671000e-01
   3.1266000e-02  -2.5800000e+01   4.6839000e-01
   3.1266000e-02  -2.2800000e+01   4.9693000e-01
   3.1266000e-02  -1.9800000e+01   5.2254000e-01
   3.1266000e-02  -1.6800000e+01   5.4542000e-01
   3.1266000e-02  -1.3800000e+01   5.6576000e-01
   3.1266000e-02  -1.0800000e+01   5.8372000e-01
   3.1266000e-02  -7.8000000e+00   5.9944000e-01
   3.1266000e-02  -4.8000000e+00   6.1302000e-01
   3.1266000e-02  -1.8000000e+00   6.2457000e-01
   3.1266000e-02   1.2000000e+00   6.3414000e-01
   3.1266000e-02   4.2000000e+00   6.4174000e-01
   3.1266000e-02   7.2000000e+00   6.4739000e-01
   3.1266000e-02   1.0200000e+01   6.5103000e-01
   3.1266000e-02   1.3200000e+01   6.5259000e-01
   3.1266000e-02   1.6200000e+01   6.5194000e-01
   3.1266000e-02   1.9200000e+01   6.4894000e-01
   3.1266000e-02   2.2200000e+01   6.4337000e-01
   3.1266000e-02   2.5200000e+01   6.3496000e-01
   3.1266000e-02   2.8200000e+01   6.2339000e-01
   3.1465000e-02   2.9100000e+01   6.0927000e-01
   3.1465000e-02   2.6100000e+01   6.2197000e-01
   3.1465000e-02   2.3100000e+01   6.3139000e-01
   3.1465000e-02   2.0100000e+01   6.3789000e-01
   3.1465000e-02   1.7100000e+01   6.4173000e-01
   3.1465000e-02   1.4100000e+01   6.4315000e-01
   3.1465000e-02   1.1100000e+01   6.4232000e-01
   3.1465000e-02   8.1000000e+00   6.3936000e-01
   3.1465000e-02   5.1000000e+00   6.3438000e-01
   3.1465000e-02   2.1000000e+00   6.2742000e-01
   3.1465000e-02  -9.0000000e-01   6.1849000e-01
   3.1465000e-02  -3.9000000e+00   6.0759000e-01
   3.1465000e-02  -6.9000000e+00   5.9466000e-01
   3.1465000e-02  -9.9000000e+00   5.7963000e-01
   3.1465000e-02  -1.2900000e+01   5.6239000e-01
   3.1465000e-02  -1.5900000e+01   5.4281000e-01
   3.1465000e-02  -1.8900000e+01   5.2074000e-01
   3.1465000e-02  -2.1900000e+01   4.9600000e-01
   3.1465000e-02  -2.4900000e+01   4.6839000e-01
   3.1465000e-02  -2.7900000e+01   4.3771000e-01
   3.1663000e-02  -2.9400000e+01   4.1241000e-01
   3.1663000e-02  -2.6400000e+01   4.4467000e-01
   3.1663000e-02  -2.3400000e+01   4.7374000e-01
   3.1663000e-02  -2.0400000e+01   4.9986000e-01
   3.1663000e-02  -1.7400000e+01   5.2321000e-01
   3.1663000e-02  -1.4400000e+01   5.4399000e-01
   3.1663000e-02  -1.1400000e+01   5.6235000e-01
   3.1663000e-02  -8.4000000e+00   5.7844000e-01
   3.1663000e-02  -5.4000000e+00   5.9237000e-01
   3.1663000e-02  -2.4000000e+00   6.0424000e-01
   3.1663000e-02   6.0000000e-01   6.1410000e-01
   3.1663000e-02   3.6000000e+00   6.2199000e-01
   3.1663000e-02   6.6000000e+00   6.2791000e-01
   3.1663000e-02   9.6000000e+00   6.3182000e-01
   3.1663000e-02   1.2600000e+01   6.3365000e-01
   3.1663000e-02   1.5600000e+01   6.3329000e-01
   3.1663000e-02   1.8600000e+01   6.3059000e-01
   3.1663000e-02   2.1600000e+01   6.2536000e-01
   3.1663000e-02   2.4600000e+01   6.1733000e-01
   3.1663000e-02   2.7600000e+01   6.0621000e-01
   3.1862000e-02   2.9700000e+01   5.8656000e-01
   3.1862000e-02   2.6700000e+01   6.0017000e-01
   3.1862000e-02   2.3700000e+01   6.1043000e-01
   3.1862000e-02   2.0700000e+01   6.1769000e-01
   3.1862000e-02   1.7700000e+01   6.2223000e-01
   3.1862000e-02   1.4700000e+01   6.2430000e-01
   3.1862000e-02   1.1700000e+01   6.2406000e-01
   3.1862000e-02   8.7000000e+00   6.2167000e-01
   3.1862000e-02   5.7000000e+00   6.1722000e-01
   3.1862000e-02   2.7000000e+00   6.1077000e-01
   3.1862000e-02  -3.0000000e-01   6.0234000e-01
   3.1862000e-02  -3.3000000e+00   5.9193000e-01
   3.1862000e-02  -6.3000000e+00   5.7949000e-01
   3.1862000e-02  -9.3000000e+00   5.6496000e-01
   3.1862000e-02  -1.2300000e+01   5.4823000e-01
   3.1862000e-02  -1.5300000e+01   5.2919000e-01
   3.1862000e-02  -1.8300000e+01   5.0769000e-01
   3.1862000e-02  -2.1300000e+01   4.8356000e-01
   3.1862000e-02  -2.4300000e+01   4.5661000e-01
   3.1862000e-02  -2.7300000e+01   4.2664000e-01
   3.2060000e-02  -3.0000000e+01   3.8833000e-01
   3.2060000e-02  -2.7000000e+01   4.2115000e-01
   3.2060000e-02  -2.4000000e+01   4.5077000e-01
   3.2060000e-02  -2.1000000e+01   4.7740000e-01
   3.2060000e-02  -1.8000000e+01   5.0123000e-01
   3.2060000e-02  -1.5000000e+01   5.2245000e-01
   3.2060000e-02  -1.2000000e+01   5.4122000e-01
   3.2060000e-02  -9.0000000e+00   5.5769000e-01
   3.2060000e-02  -6.0000000e+00   5.7198000e-01
   3.2060000e-02  -3.0000000e+00   5.8417000e-01
   3.2060000e-02  -1.3323000e-15   5.9434000e-01
   3.2060000e-02   3.0000000e+00   6.0251000e-01
   3.2060000e-02   6.0000000e+00   6.0871000e-01
   3.2060000e-02   9.0000000e+00   6.1289000e-01
   3.2060000e-02   1.2000000e+01   6.1500000e-01
   3.2060000e-02   1.5000000e+01   6.1493000e-01
   3.2060000e-02   1.8000000e+01   6.1254000e-01
   3.2060000e-02   2.1000000e+01   6.0764000e-01
   3.2060000e-02   2.4000000e+01   6.0000000e-01
   3.2060000e-02   2.7000000e+01   5.8932000e-01
   3.2060000e-02   3.0000000e+01   5.7525000e-01
   3.2259000e-02   2.7300000e+01   5.7849000e-01
   3.2259000e-02   2.4300000e+01   5.8959000e-01
   3.2259000e-02   2.1300000e+01   5.9763000e-01
   3.2259000e-02   1.8300000e+01   6.0288000e-01
   3.2259000e-02   1.5300000e+01   6.0560000e-01
   3.2259000e-02   1.2300000e+01   6.0597000e-01
   3.2259000e-02   9.3000000e+00   6.0415000e-01
   3.2259000e-02   6.3000000e+00   6.0024000e-01
   3.2259000e-02   3.3000000e+00   5.9430000e-01
   3.2259000e-02   3.0000000e-01   5.8638000e-01
   3.2259000e-02  -2.7000000e+00   5.7645000e-01
   3.2259000e-02  -5.7000000e+00   5.6451000e-01
   3.2259000e-02  -8.7000000e+00   5.5047000e-01
   3.2259000e-02  -1.1700000e+01   5.3426000e-01
   3.2259000e-02  -1.4700000e+01   5.1575000e-01
   3.2259000e-02  -1.7700000e+01   4.9482000e-01
   3.2259000e-02  -2.0700000e+01   4.7128000e-01
   3.2259000e-02  -2.3700000e+01   4.4498000e-01
   3.2259000e-02  -2.6700000e+01   4.1571000e-01
   3.2259000e-02  -2.9700000e+01   3.8326000e-01
   3.2457000e-02  -2.7600000e+01   3.9785000e-01
   3.2457000e-02  -2.4600000e+01   4.2802000e-01
   3.2457000e-02  -2.1600000e+01   4.5516000e-01
   3.2457000e-02  -1.8600000e+01   4.7947000e-01
   3.2457000e-02  -1.5600000e+01   5.0114000e-01
   3.2457000e-02  -1.2600000e+01   5.2033000e-01
   3.2457000e-02  -9.6000000e+00   5.3718000e-01
   3.2457000e-02  -6.6000000e+00   5.5182000e-01
   3.2457000e-02  -3.6000000e+00   5.6435000e-01
   3.2457000e-02  -6.0000000e-01   5.7483000e-01
   3.2457000e-02   2.4000000e+00   5.8330000e-01
   3.2457000e-02   5.4000000e+00   5.8978000e-01
   3.2457000e-02   8.4000000e+00   5.9425000e-01
   3.2457000e-02   1.1400000e+01   5.9663000e-01
   3.2457000e-02   1.4400000e+01   5.9685000e-01
   3.2457000e-02   1.7400000e+01   5.9477000e-01
   3.2457000e-02   2.0400000e+01   5.9021000e-01
   3.2457000e-02   2.3400000e+01   5.8295000e-01
   3.2457000e-02   2.6400000e+01   5.7270000e-01
   3.2457000e-02   2.9400000e+01   5.5913000e-01
   3.2655000e-02   2.7900000e+01   5.5691000e-01
   3.2655000e-02   2.4900000e+01   5.6888000e-01
   3.2655000e-02   2.1900000e+01   5.7769000e-01
   3.2655000e-02   1.8900000e+01   5.8367000e-01
   3.2655000e-02   1.5900000e+01   5.8705000e-01
   3.2655000e-02   1.2900000e+01   5.8804000e-01
   3.2655000e-02   9.9000000e+00   5.8679000e-01
   3.2655000e-02   6.9000000e+00   5.8343000e-01
   3.2655000e-02   3.9000000e+00   5.7801000e-01
   3.2655000e-02   9.0000000e-01   5.7059000e-01
   3.2655000e-02  -2.1000000e+00   5.6116000e-01
   3.2655000e-02  -5.1000000e+00   5.4971000e-01
   3.2655000e-02  -8.1000000e+00   5.3617000e-01
   3.2655000e-02  -1.1100000e+01   5.2047000e-01
   3.2655000e-02  -1.4100000e+01   5.0249000e-01
   3.2655000e-02  -1.7100000e+01   4.8211000e-01
   3.2655000e-02  -2.0100000e+01   4.5917000e-01
   3.2655000e-02  -2.3100000e+01   4.3350000e-01
   3.2655000e-02  -2.6100000e+01   4.0491000e-01
   3.2655000e-02  -2.9100000e+01   3.7321000e-01
   3.2854000e-02  -2.8200000e+01   3.7475000e-01
   3.2854000e-02  -2.5200000e+01   4.0546000e-01
   3.2854000e-02  -2.2200000e+01   4.3312000e-01
   3.2854000e-02  -1.9200000e+01   4.5792000e-01
   3.2854000e-02  -1.6200000e+01   4.8004000e-01
   3.2854000e-02  -1.3200000e+01   4.9965000e-01
   3.2854000e-02  -1.0200000e+01   5.1690000e-01
   3.2854000e-02  -7.2000000e+00   5.3191000e-01
   3.2854000e-02  -4.2000000e+00   5.4478000e-01
   3.2854000e-02  -1.2000000e+00   5.5558000e-01
   3.2854000e-02   1.8000000e+00   5.6435000e-01
   3.2854000e-02   4.8000000e+00   5.7112000e-01
   3.2854000e-02   7.8000000e+00   5.7587000e-01
   3.2854000e-02   1.0800000e+01   5.7854000e-01
   3.2854000e-02   1.3800000e+01   5.7905000e-01
   3.2854000e-02   1.6800000e+01   5.7728000e-01
   3.2854000e-02   1.9800000e+01   5.7306000e-01
   3.2854000e-02   2.2800000e+01   5.6617000e-01
   3.2854000e-02   2.5800000e+01   5.5635000e-01
   3.2854000e-02   2.8800000e+01   5.4327000e-01
   3.3052000e-02   2.8500000e+01   5.3544000e-01
   3.3052000e-02   2.5500000e+01   5.4827000e-01
   3.3052000e-02   2.2500000e+01   5.5788000e-01
   3.3052000e-02   1.9500000e+01   5.6458000e-01
   3.3052000e-02   1.6500000e+01   5.6864000e-01
   3.3052000e-02   1.3500000e+01   5.7025000e-01
   3.3052000e-02   1.0500000e+01   5.6959000e-01
   3.3052000e-02   7.5000000e+00   5.6678000e-01
   3.3052000e-02   4.5000000e+00   5.6189000e-01
   3.3052000e-02   1.5000000e+00   5.5497000e-01
   3.3052000e-02  -1.5000000e+00   5.4604000e-01
   3.3052000e-02  -4.5000000e+00   5.3508000e-01
   3.3052000e-02  -7.5000000e+00   5.2204000e-01
   3.3052000e-02  -1.0500000e+01   5.0685000e-01
   3.3052000e-02  -1.3500000e+01   4.8940000e-01
   3.3052000e-02  -1.6500000e+01   4.6957000e-01
   3.3052000e-02  -1.9500000e+01   4.4722000e-01
   3.3052000e-02  -2.2500000e+01   4.2217000e-01
   3.3052000e-02  -2.5500000e+01   3.9426000e-01
   3.3052000e-02  -2.8500000e+01   3.6328000e-01
   3.3251000e-02  -2.8800000e+01   3.5185000e-01
   3.3251000e-02  -2.5800000e+01   3.8310000e-01
   3.3251000e-02  -2.2800000e+01   4.1128000e-01
   3.3251000e-02  -1.9800000e+01   4.3657000e-01
   3.3251000e-02  -1.6800000e+01   4.5915000e-01
   3.3251000e-02  -1.3800000e+01   4.7919000e-01
   3.3251000e-02  -1.0800000e+01   4.9684000e-01
   3.3251000e-02  -7.8000000e+00   5.1222000e-01
   3.3251000e-02  -4.8000000e+00   5.2544000e-01
   3.3251000e-02  -1.8000000e+00   5.3656000e-01
   3.3251000e-02   1.2000000e+00   5.4565000e-01
   3.3251000e-02   4.2000000e+00   5.5271000e-01
   3.3251000e-02   7.2000000e+00   5.5775000e-01
   3.3251000e-02   1.0200000e+01   5.6071000e-01
   3.3251000e-02   1.3200000e+01   5.6152000e-01
   3.3251000e-02   1.6200000e+01   5.6006000e-01
   3.3251000e-02   1.9200000e+01   5.5617000e-01
   3.3251000e-02   2.2200000e+01   5.4966000e-01
   3.3251000e-02   2.5200000e+01   5.4026000e-01
   3.3251000e-02   2.8200000e+01   5.2767000e-01
   3.3449000e-02   2.9100000e+01   5.1406000e-01
   3.3449000e-02   2.6100000e+01   5.2776000e-01
   3.3449000e-02   2.3100000e+01   5.3818000e-01
   3.3449000e-02   2.0100000e+01   5.4562000e-01
   3.3449000e-02   1.7100000e+01   5.5036000e-01
   3.3449000e-02   1.4100000e+01   5.5261000e-01
   3.3449000e-02   1.1100000e+01   5.5254000e-01
   3.3449000e-02   8.1000000e+00   5.5028000e-01
   3.3449000e-02   5.1000000e+00   5.4592000e-01
   3.3449000e-02   2.1000000e+00   5.3951000e-01
   3.3449000e-02  -9.0000000e-01   5.3108000e-01
   3.3449000e-02  -3.9000000e+00   5.2062000e-01
   3.3449000e-02  -6.9000000e+00   5.0808000e-01
   3.3449000e-02  -9.9000000e+00   4.9339000e-01
   3.3449000e-02  -1.2900000e+01   4.7647000e-01
   3.3449000e-02  -1.5900000e+01   4.5719000e-01
   3.3449000e-02  -1.8900000e+01   4.3541000e-01
   3.3449000e-02  -2.1900000e+01   4.1099000e-01
   3.3449000e-02  -2.4900000e+01   3.8373000e-01
   3.3449000e-02  -2.7900000e+01   3.5347000e-01
   3.3648000e-02  -2.9400000e+01   3.2914000e-01
   3.3648000e-02  -2.6400000e+01   3.6094000e-01
   3.3648000e-02  -2.3400000e+01   3.8964000e-01
   3.3648000e-02  -2.0400000e+01   4.1542000e-01
   3.3648000e-02  -1.7400000e+01   4.3847000e-01
   3.3648000e-02  -1.4400000e+01   4.5894000e-01
   3.3648000e-02  -1.1400000e+01   4.7700000e-01
   3.3648000e-02  -8.4000000e+00   4.9276000e-01
   3.3648000e-02  -5.4000000e+00   5.0633000e-01
   3.3648000e-02  -2.4000000e+00   5.1778000e-01
   3.3648000e-02   6.0000000e-01   5.2718000e-01
   3.3648000e-02   3.6000000e+00   5.3455000e-01
   3.3648000e-02   6.6000000e+00   5.3988000e-01
   3.3648000e-02   9.6000000e+00   5.4313000e-01
   3.3648000e-02   1.2600000e+01   5.4424000e-01
   3.3648000e-02   1.5600000e+01   5.4310000e-01
   3.3648000e-02   1.8600000e+01   5.3955000e-01
   3.3648000e-02   2.1600000e+01   5.3340000e-01
   3.3648000e-02   2.4600000e+01   5.2442000e-01
   3.3648000e-02   2.7600000e+01   5.1231000e-01
   3.3846000e-02   2.9700000e+01   4.9276000e-01
   3.3846000e-02   2.6700000e+01   5.0736000e-01
   3.3846000e-02   2.3700000e+01   5.1859000e-01
   3.3846000e-02   2.0700000e+01   5.2678000e-01
   3.3846000e-02   1.7700000e+01   5.3221000e-01
   3.3846000e-02   1.4700000e+01   5.3510000e-01
   3.3846000e-02   1.1700000e+01   5.3562000e-01
   3.3846000e-02   8.7000000e+00   5.3393000e-01
   3.3846000e-02   5.7000000e+00   5.3010000e-01
   3.3846000e-02   2.7000000e+00   5.2421000e-01
   3.3846000e-02  -3.0000000e-01   5.1629000e-01
   3.3846000e-02  -3.3000000e+00   5.0632000e-01
   3.3846000e-02  -6.3000000e+00   4.9427000e-01
   3.3846000e-02  -9.3000000e+00   4.8009000e-01
   3.3846000e-02  -1.2300000e+01   4.6369000e-01
   3.3846000e-02  -1.5300000e+01   4.4495000e-01
   3.3846000e-02  -1.8300000e+01   4.2375000e-01
   3.3846000e-02  -2.1300000e+01   3.9993000e-01
   3.3846000e-02  -2.4300000e+01   3.7333000e-01
   3.3846000e-02  -2.7300000e+01   3.4377000e-01
   3.4045000e-02  -3.0000000e+01   3.0662000e-01
   3.4045000e-02  -2.7000000e+01   3.3896000e-01
   3.4045000e-02  -2.4000000e+01   3.6818000e-01
   3.4045000e-02  -2.1000000e+01   3.9446000e-01
   3.4045000e-02  -1.8000000e+01   4.1797000e-01
   3.4045000e-02  -1.5000000e+01   4.3889000e-01
   3.4045000e-02  -1.2000000e+01   4.5736000e-01
   3.4045000e-02  -9.0000000e+00   4.7350000e-01
   3.4045000e-02  -6.0000000e+00   4.8743000e-01
   3.4045000e-02  -3.0000000e+00   4.9923000e-01
   3.4045000e-02  -1.3323000e-15   5.0895000e-01
   3.4045000e-02   3.0000000e+00   5.1662000e-01
   3.4045000e-02   6.0000000e+00   5.2225000e-01
   3.4045000e-02   9.0000000e+00   5.2580000e-01
   3.4045000e-02   1.2000000e+01   5.2722000e-01
   3.4045000e-02   1.5000000e+01   5.2639000e-01
   3.4045000e-02   1.8000000e+01   5.2318000e-01
   3.4045000e-02   2.1000000e+01   5.1740000e-01
   3.4045000e-02   2.4000000e+01   5.0883000e-01
   3.4045000e-02   2.7000000e+01   4.9719000e-01
   3.4045000e-02   3.0000000e+01   4.8214000e-01
   3.4243000e-02   2.7300000e+01   4.8704000e-01
   3.4243000e-02   2.4300000e+01   4.9909000e-01
   3.4243000e-02   2.1300000e+01   5.0804000e-01
   3.4243000e-02   1.8300000e+01   5.1417000e-01
   3.4243000e-02   1.5300000e+01   5.1771000e-01
   3.4243000e-02   1.2300000e+01   5.1884000e-01
   3.4243000e-02   9.3000000e+00   5.1772000e-01
   3.4243000e-02   6.3000000e+00   5.1443000e-01
   3.4243000e-02   3.3000000e+00   5.0906000e-01
   3.4243000e-02   3.0000000e-01   5.0164000e-01
   3.4243000e-02  -2.7000000e+00   4.9217000e-01
   3.4243000e-02  -5.7000000e+00   4.8063000e-01
   3.4243000e-02  -8.7000000e+00   4.6695000e-01
   3.4243000e-02  -1.1700000e+01   4.5106000e-01
   3.4243000e-02  -1.4700000e+01   4.3287000e-01
   3.4243000e-02  -1.7700000e+01   4.1223000e-01
   3.4243000e-02  -2.0700000e+01   3.8901000e-01
   3.4243000e-02  -2.3700000e+01   3.6305000e-01
   3.4243000e-02  -2.6700000e+01   3.3418000e-01
   3.4243000e-02  -2.9700000e+01   3.0221000e-01
   3.4442000e-02  -2.7600000e+01   3.1716000e-01
   3.4442000e-02  -2.4600000e+01   3.4690000e-01
   3.4442000e-02  -2.1600000e+01   3.7368000e-01
   3.4442000e-02  -1.8600000e+01   3.9767000e-01
   3.4442000e-02  -1.5600000e+01   4.1903000e-01
   3.4442000e-02  -1.2600000e+01   4.3792000e-01
   3.4442000e-02  -9.6000000e+00   4.5445000e-01
   3.4442000e-02  -6.6000000e+00   4.6875000e-01
   3.4442000e-02  -3.6000000e+00   4.8089000e-01
   3.4442000e-02  -6.0000000e-01   4.9093000e-01
   3.4442000e-02   2.4000000e+00   4.9892000e-01
   3.4442000e-02   5.4000000e+00   5.0486000e-01
   3.4442000e-02   8.4000000e+00   5.0871000e-01
   3.4442000e-02   1.1400000e+01   5.1043000e-01
   3.4442000e-02   1.4400000e+01   5.0992000e-01
   3.4442000e-02   1.7400000e+01   5.0704000e-01
   3.4442000e-02   2.0400000e+01   5.0163000e-01
   3.4442000e-02   2.3400000e+01   4.9347000e-01
   3.4442000e-02   2.6400000e+01   4.8230000e-01
   3.4442000e-02   2.9400000e+01   4.6779000e-01
   3.4640000e-02   2.7900000e+01   4.6681000e-01
   3.4640000e-02   2.4900000e+01   4.7969000e-01
   3.4640000e-02   2.1900000e+01   4.8941000e-01
   3.4640000e-02   1.8900000e+01   4.9625000e-01
   3.4640000e-02   1.5900000e+01   5.0044000e-01
   3.4640000e-02   1.2900000e+01   5.0219000e-01
   3.4640000e-02   9.9000000e+00   5.0164000e-01
   3.4640000e-02   6.9000000e+00   4.9890000e-01
   3.4640000e-02   3.9000000e+00   4.9405000e-01
   3.4640000e-02   9.0000000e-01   4.8714000e-01
   3.4640000e-02  -2.1000000e+00   4.7817000e-01
   3.4640000e-02  -5.1000000e+00   4.6712000e-01
   3.4640000e-02  -8.1000000e+00   4.5395000e-01
   3.4640000e-02  -1.1100000e+01   4.3858000e-01
   3.4640000e-02  -1.4100000e+01   4.2092000e-01
   3.4640000e-02  -1.7100000e+01   4.0084000e-01
   3.4640000e-02  -2.0100000e+01   3.7822000e-01
   3.4640000e-02  -2.3100000e+01   3.5289000e-01
   3.4640000e-02  -2.6100000e+01   3.2470000e-01
   3.4640000e-02  -2.9100000e+01   2.9346000e-01
   3.4839000e-02  -2.8200000e+01   2.9554000e-01
   3.4839000e-02  -2.5200000e+01   3.2580000e-01
   3.4839000e-02  -2.2200000e+01   3.5308000e-01
   3.4839000e-02  -1.9200000e+01   3.7755000e-01
   3.4839000e-02  -1.6200000e+01   3.9936000e-01
   3.4839000e-02  -1.3200000e+01   4.1866000e-01
   3.4839000e-02  -1.0200000e+01   4.3560000e-01
   3.4839000e-02  -7.2000000e+00   4.5026000e-01
   3.4839000e-02  -4.2000000e+00   4.6275000e-01
   3.4839000e-02  -1.2000000e+00   4.7313000e-01
   3.4839000e-02   1.8000000e+00   4.8144000e-01
   3.4839000e-02   4.8000000e+00   4.8768000e-01
   3.4839000e-02   7.8000000e+00   4.9185000e-01
   3.4839000e-02   1.0800000e+01   4.9387000e-01
   3.4839000e-02   1.3800000e+01   4.9368000e-01
   3.4839000e-02   1.6800000e+01   4.9115000e-01
   3.4839000e-02   1.9800000e+01   4.8610000e-01
   3.4839000e-02   2.2800000e+01   4.7835000e-01
   3.4839000e-02   2.5800000e+01   4.6763000e-01
   3.4839000e-02   2.8800000e+01   4.5364000e-01
   3.5037000e-02   2.8500000e+01   4.4665000e-01
   3.5037000e-02   2.5500000e+01   4.6038000e-01
   3.5037000e-02   2.2500000e+01   4.7087000e-01
   3.5037000e-02   1.9500000e+01   4.7842000e-01
   3.5037000e-02   1.6500000e+01   4.8328000e-01
   3.5037000e-02   1.3500000e+01   4.8565000e-01
   3.5037000e-02   1.0500000e+01   4.8568000e-01
   3.5037000e-02   7.5000000e+00   4.8350000e-01
   3.5037000e-02   4.5000000e+00   4.7918000e-01
   3.5037000e-02   1.5000000e+00   4.7278000e-01
   3.5037000e-02  -1.5000000e+00   4.6431000e-01
   3.5037000e-02  -4.5000000e+00   4.5376000e-01
   3.5037000e-02  -7.5000000e+00   4.4109000e-01
   3.5037000e-02  -1.0500000e+01   4.2624000e-01
   3.5037000e-02  -1.3500000e+01   4.0911000e-01
   3.5037000e-02  -1.6500000e+01   3.8959000e-01
   3.5037000e-02  -1.9500000e+01   3.6755000e-01
   3.5037000e-02  -2.2500000e+01   3.4285000e-01
   3.5037000e-02  -2.5500000e+01   3.1532000e-01
   3.5037000e-02  -2.8500000e+01   2.8480000e-01
   3.5236000e-02  -2.8800000e+01   2.7409000e-01
   3.5236000e-02  -2.5800000e+01   3.0487000e-01
   3.5236000e-02  -2.2800000e+01   3.3265000e-01
   3.5236000e-02  -1.9800000e+01   3.5760000e-01
   3.5236000e-02  -1.6800000e+01   3.7986000e-01
   3.5236000e-02  -1.3800000e+01   3.9959000e-01
   3.5236000e-02  -1.0800000e+01   4.1693000e-01
   3.5236000e-02  -7.8000000e+00   4.3197000e-01
   3.5236000e-02  -4.8000000e+00   4.4482000e-01
   3.5236000e-02  -1.8000000e+00   4.5554000e-01
   3.5236000e-02   1.2000000e+00   4.6417000e-01
   3.5236000e-02   4.2000000e+00   4.7073000e-01
   3.5236000e-02   7.2000000e+00   4.7520000e-01
   3.5236000e-02   1.0200000e+01   4.7754000e-01
   3.5236000e-02   1.3200000e+01   4.7767000e-01
   3.5236000e-02   1.6200000e+01   4.7548000e-01
   3.5236000e-02   1.9200000e+01   4.7080000e-01
   3.5236000e-02   2.2200000e+01   4.6345000e-01
   3.5236000e-02   2.5200000e+01   4.5318000e-01
   3.5236000e-02   2.8200000e+01   4.3971000e-01
   3.5434000e-02   2.9100000e+01   4.2657000e-01
   3.5434000e-02   2.6100000e+01   4.4114000e-01
   3.5434000e-02   2.3100000e+01   4.5242000e-01
   3.5434000e-02   2.0100000e+01   4.6070000e-01
   3.5434000e-02   1.7100000e+01   4.6623000e-01
   3.5434000e-02   1.4100000e+01   4.6923000e-01
   3.5434000e-02   1.1100000e+01   4.6985000e-01
   3.5434000e-02   8.1000000e+00   4.6822000e-01
   3.5434000e-02   5.1000000e+00   4.6444000e-01
   3.5434000e-02   2.1000000e+00   4.5855000e-01
   3.5434000e-02  -9.0000000e-01   4.5059000e-01
   3.5434000e-02  -3.9000000e+00   4.4054000e-01
   3.5434000e-02  -6.9000000e+00   4.2837000e-01
   3.5434000e-02  -9.9000000e+00   4.1403000e-01
   3.5434000e-02  -1.2900000e+01   3.9742000e-01
   3.5434000e-02  -1.5900000e+01   3.7845000e-01
   3.5434000e-02  -1.8900000e+01   3.5700000e-01
   3.5434000e-02  -2.1900000e+01   3.3291000e-01
   3.5434000e-02  -2.4900000e+01   3.0604000e-01
   3.5434000e-02  -2.7900000e+01   2.7622000e-01
   3.5633000e-02  -2.9400000e+01   2.5281000e-01
   3.5633000e-02  -2.6400000e+01   2.8411000e-01
   3.5633000e-02  -2.3400000e+01   3.1239000e-01
   3.5633000e-02  -2.0400000e+01   3.3781000e-01
   3.5633000e-02  -1.7400000e+01   3.6054000e-01
   3.5633000e-02  -1.4400000e+01   3.8070000e-01
   3.5633000e-02  -1.1400000e+01   3.9844000e-01
   3.5633000e-02  -8.4000000e+00   4.1387000e-01
   3.5633000e-02  -5.4000000e+00   4.2708000e-01
   3.5633000e-02  -2.4000000e+00   4.3814000e-01
   3.5633000e-02   6.0000000e-01   4.4710000e-01
   3.5633000e-02   3.6000000e+00   4.5398000e-01
   3.5633000e-02   6.6000000e+00   4.5877000e-01
   3.5633000e-02   9.6000000e+00   4.6143000e-01
   3.5633000e-02   1.2600000e+01   4.6188000e-01
   3.5633000e-02   1.5600000e+01   4.6002000e-01
   3.5633000e-02   1.8600000e+01   4.5571000e-01
   3.5633000e-02   2.1600000e+01   4.4876000e-01
   3.5633000e-02   2.4600000e+01   4.3894000e-01
   3.5633000e-02   2.7600000e+01   4.2597000e-01
   3.5831000e-02   2.9700000e+01   4.0655000e-01
   3.5831000e-02   2.6700000e+01   4.2199000e-01
   3.5831000e-02   2.3700000e+01   4.3406000e-01
   3.5831000e-02   2.0700000e+01   4.4307000e-01
   3.5831000e-02   1.7700000e+01   4.4928000e-01
   3.5831000e-02   1.4700000e+01   4.5291000e-01
   3.5831000e-02   1.1700000e+01   4.5412000e-01
   3.5831000e-02   8.7000000e+00   4.5306000e-01
   3.5831000e-02   5.7000000e+00   4.4981000e-01
   3.5831000e-02   2.7000000e+00   4.4444000e-01
   3.5831000e-02  -3.0000000e-01   4.3699000e-01
   3.5831000e-02  -3.3000000e+00   4.2744000e-01
   3.5831000e-02  -6.3000000e+00   4.1578000e-01
   3.5831000e-02  -9.3000000e+00   4.0194000e-01
   3.5831000e-02  -1.2300000e+01   3.8586000e-01
   3.5831000e-02  -1.5300000e+01   3.6744000e-01
   3.5831000e-02  -1.8300000e+01   3.4655000e-01
   3.5831000e-02  -2.1300000e+01   3.2307000e-01
   3.5831000e-02  -2.4300000e+01   2.9685000e-01
   3.5831000e-02  -2.7300000e+01   2.6772000e-01
   3.6030000e-02  -3.0000000e+01   2.3169000e-01
   3.6030000e-02  -2.7000000e+01   2.6350000e-01
   3.6030000e-02  -2.4000000e+01   2.9229000e-01
   3.6030000e-02  -2.1000000e+01   3.1819000e-01
   3.6030000e-02  -1.8000000e+01   3.4138000e-01
   3.6030000e-02  -1.5000000e+01   3.6198000e-01
   3.6030000e-02  -1.2000000e+01   3.8013000e-01
   3.6030000e-02  -9.0000000e+00   3.9595000e-01
   3.6030000e-02  -6.0000000e+00   4.0953000e-01
   3.6030000e-02  -3.0000000e+00   4.2094000e-01
   3.6030000e-02  -1.3323000e-15   4.3023000e-01
   3.6030000e-02   3.0000000e+00   4.3744000e-01
   3.6030000e-02   6.0000000e+00   4.4254000e-01
   3.6030000e-02   9.0000000e+00   4.4552000e-01
   3.6030000e-02   1.2000000e+01   4.4630000e-01
   3.6030000e-02   1.5000000e+01   4.4479000e-01
   3.6030000e-02   1.8000000e+01   4.4084000e-01
   3.6030000e-02   2.1000000e+01   4.3428000e-01
   3.6030000e-02   2.4000000e+01   4.2490000e-01
   3.6030000e-02   2.7000000e+01   4.1243000e-01
   3.6030000e-02   3.0000000e+01   3.9657000e-01
   3.6228000e-02   2.7300000e+01   4.0290000e-01
   3.6228000e-02   2.4300000e+01   4.1577000e-01
   3.6228000e-02   2.1300000e+01   4.2552000e-01
   3.6228000e-02   1.8300000e+01   4.3242000e-01
   3.6228000e-02   1.5300000e+01   4.3669000e-01
   3.6228000e-02   1.2300000e+01   4.3850000e-01
   3.6228000e-02   9.3000000e+00   4.3801000e-01
   3.6228000e-02   6.3000000e+00   4.3531000e-01
   3.6228000e-02   3.3000000e+00   4.3046000e-01
   3.6228000e-02   3.0000000e-01   4.2351000e-01
   3.6228000e-02  -2.7000000e+00   4.1447000e-01
   3.6228000e-02  -5.7000000e+00   4.0331000e-01
   3.6228000e-02  -8.7000000e+00   3.8998000e-01
   3.6228000e-02  -1.1700000e+01   3.7442000e-01
   3.6228000e-02  -1.4700000e+01   3.5654000e-01
   3.6228000e-02  -1.7700000e+01   3.3622000e-01
   3.6228000e-02  -2.0700000e+01   3.1334000e-01
   3.6228000e-02  -2.3700000e+01   2.8775000e-01
   3.6228000e-02  -2.6700000e+01   2.5931000e-01
   3.6228000e-02  -2.9700000e+01   2.2785000e-01
   3.6427000e-02  -2.7600000e+01   2.4306000e-01
   3.6427000e-02  -2.4600000e+01   2.7234000e-01
   3.6427000e-02  -2.1600000e+01   2.9873000e-01
   3.6427000e-02  -1.8600000e+01   3.2237000e-01
   3.6427000e-02  -1.5600000e+01   3.4342000e-01
   3.6427000e-02  -1.2600000e+01   3.6199000e-01
   3.6427000e-02  -9.6000000e+00   3.7820000e-01
   3.6427000e-02  -6.6000000e+00   3.9215000e-01
   3.6427000e-02  -3.6000000e+00   4.0392000e-01
   3.6427000e-02  -6.0000000e-01   4.1355000e-01
   3.6427000e-02   2.4000000e+00   4.2109000e-01
   3.6427000e-02   5.4000000e+00   4.2652000e-01
   3.6427000e-02   8.4000000e+00   4.2981000e-01
   3.6427000e-02   1.1400000e+01   4.3092000e-01
   3.6427000e-02   1.4400000e+01   4.2975000e-01
   3.6427000e-02   1.7400000e+01   4.2617000e-01
   3.6427000e-02   2.0400000e+01   4.2001000e-01
   3.6427000e-02   2.3400000e+01   4.1106000e-01
   3.6427000e-02   2.6400000e+01   3.9908000e-01
   3.6427000e-02   2.9400000e+01   3.8378000e-01
   3.6625000e-02   2.7900000e+01   3.8387000e-01
   3.6625000e-02   2.4900000e+01   3.9755000e-01
   3.6625000e-02   2.1900000e+01   4.0805000e-01
   3.6625000e-02   1.8900000e+01   4.1565000e-01
   3.6625000e-02   1.5900000e+01   4.2056000e-01
   3.6625000e-02   1.2900000e+01   4.2299000e-01
   3.6625000e-02   9.9000000e+00   4.2307000e-01
   3.6625000e-02   6.9000000e+00   4.2091000e-01
   3.6625000e-02   3.9000000e+00   4.1659000e-01
   3.6625000e-02   9.0000000e-01   4.1015000e-01
   3.6625000e-02  -2.1000000e+00   4.0161000e-01
   3.6625000e-02  -5.1000000e+00   3.9095000e-01
   3.6625000e-02  -8.1000000e+00   3.7814000e-01
   3.6625000e-02  -1.1100000e+01   3.6310000e-01
   3.6625000e-02  -1.4100000e+01   3.4575000e-01
   3.6625000e-02  -1.7100000e+01   3.2600000e-01
   3.6625000e-02  -2.0100000e+01   3.0370000e-01
   3.6625000e-02  -2.3100000e+01   2.7874000e-01
   3.6625000e-02  -2.6100000e+01   2.5097000e-01
   3.6625000e-02  -2.9100000e+01   2.2023000e-01
   3.6824000e-02  -2.8200000e+01   2.2276000e-01
   3.6824000e-02  -2.5200000e+01   2.5254000e-01
   3.6824000e-02  -2.2200000e+01   2.7942000e-01
   3.6824000e-02  -1.9200000e+01   3.0353000e-01
   3.6824000e-02  -1.6200000e+01   3.2501000e-01
   3.6824000e-02  -1.3200000e+01   3.4400000e-01
   3.6824000e-02  -1.0200000e+01   3.6061000e-01
   3.6824000e-02  -7.2000000e+00   3.7494000e-01
   3.6824000e-02  -4.2000000e+00   3.8707000e-01
   3.6824000e-02  -1.2000000e+00   3.9705000e-01
   3.6824000e-02   1.8000000e+00   4.0492000e-01
   3.6824000e-02   4.8000000e+00   4.1068000e-01
   3.6824000e-02   7.8000000e+00   4.1430000e-01
   3.6824000e-02   1.0800000e+01   4.1574000e-01
   3.6824000e-02   1.3800000e+01   4.1491000e-01
   3.6824000e-02   1.6800000e+01   4.1169000e-01
   3.6824000e-02   1.9800000e+01   4.0592000e-01
   3.6824000e-02   2.2800000e+01   3.9741000e-01
   3.6824000e-02   2.5800000e+01   3.8592000e-01
   3.6824000e-02   2.8800000e+01   3.7116000e-01
   3.7022000e-02   2.8500000e+01   3.6491000e-01
   3.7022000e-02   2.5500000e+01   3.7940000e-01
   3.7022000e-02   2.2500000e+01   3.9066000e-01
   3.7022000e-02   1.9500000e+01   3.9895000e-01
   3.7022000e-02   1.6500000e+01   4.0453000e-01
   3.7022000e-02   1.3500000e+01   4.0756000e-01
   3.7022000e-02   1.0500000e+01   4.0822000e-01
   3.7022000e-02   7.5000000e+00   4.0662000e-01
   3.7022000e-02   4.5000000e+00   4.0283000e-01
   3.7022000e-02   1.5000000e+00   3.9690000e-01
   3.7022000e-02  -1.5000000e+00   3.8887000e-01
   3.7022000e-02  -4.5000000e+00   3.7871000e-01
   3.7022000e-02  -7.5000000e+00   3.6640000e-01
   3.7022000e-02  -1.0500000e+01   3.5188000e-01
   3.7022000e-02  -1.3500000e+01   3.3507000e-01
   3.7022000e-02  -1.6500000e+01   3.1587000e-01
   3.7022000e-02  -1.9500000e+01   2.9416000e-01
   3.7022000e-02  -2.2500000e+01   2.6982000e-01
   3.7022000e-02  -2.5500000e+01   2.4270000e-01
   3.7022000e-02  -2.8500000e+01   2.1267000e-01
   3.7221000e-02  -2.8800000e+01   2.0261000e-01
   3.7221000e-02  -2.5800000e+01   2.3289000e-01
   3.7221000e-02  -2.2800000e+01   2.6025000e-01
   3.7221000e-02  -1.9800000e+01   2.8483000e-01
   3.7221000e-02  -1.6800000e+01   3.0676000e-01
   3.7221000e-02  -1.3800000e+01   3.2618000e-01
   3.7221000e-02  -1.0800000e+01   3.4319000e-01
   3.7221000e-02  -7.8000000e+00   3.5790000e-01
   3.7221000e-02  -4.8000000e+00   3.7040000e-01
   3.7221000e-02  -1.8000000e+00   3.8073000e-01
   3.7221000e-02   1.2000000e+00   3.8893000e-01
   3.7221000e-02   4.2000000e+00   3.9502000e-01
   3.7221000e-02   7.2000000e+00   3.9898000e-01
   3.7221000e-02   1.0200000e+01   4.0075000e-01
   3.7221000e-02   1.3200000e+01   4.0026000e-01
   3.7221000e-02   1.6200000e+01   3.9741000e-01
   3.7221000e-02   1.9200000e+01   3.9203000e-01
   3.7221000e-02   2.2200000e+01   3.8395000e-01
   3.7221000e-02   2.5200000e+01   3.7293000e-01
   3.7221000e-02   2.8200000e+01   3.5871000e-01
   3.7419000e-02   2.9100000e+01   3.4600000e-01
   3.7419000e-02   2.6100000e+01   3.6131000e-01
   3.7419000e-02   2.3100000e+01   3.7333000e-01
   3.7419000e-02   2.0100000e+01   3.8234000e-01
   3.7419000e-02   1.7100000e+01   3.8857000e-01
   3.7419000e-02   1.4100000e+01   3.9223000e-01
   3.7419000e-02   1.1100000e+01   3.9347000e-01
   3.7419000e-02   8.1000000e+00   3.9242000e-01
   3.7419000e-02   5.1000000e+00   3.8917000e-01
   3.7419000e-02   2.1000000e+00   3.8376000e-01
   3.7419000e-02  -9.0000000e-01   3.7623000e-01
   3.7419000e-02  -3.9000000e+00   3.6658000e-01
   3.7419000e-02  -6.9000000e+00   3.5478000e-01
   3.7419000e-02  -9.9000000e+00   3.4077000e-01
   3.7419000e-02  -1.2900000e+01   3.2449000e-01
   3.7419000e-02  -1.5900000e+01   3.0584000e-01
   3.7419000e-02  -1.8900000e+01   2.8471000e-01
   3.7419000e-02  -2.1900000e+01   2.6097000e-01
   3.7419000e-02  -2.4900000e+01   2.3451000e-01
   3.7419000e-02  -2.7900000e+01   2.0517000e-01
   3.7618000e-02  -2.9400000e+01   1.8261000e-01
   3.7618000e-02  -2.6400000e+01   2.1339000e-01
   3.7618000e-02  -2.3400000e+01   2.4123000e-01
   3.7618000e-02  -2.0400000e+01   2.6627000e-01
   3.7618000e-02  -1.7400000e+01   2.8865000e-01
   3.7618000e-02  -1.4400000e+01   3.0850000e-01
   3.7618000e-02  -1.1400000e+01   3.2592000e-01
   3.7618000e-02  -8.4000000e+00   3.4102000e-01
   3.7618000e-02  -5.4000000e+00   3.5388000e-01
   3.7618000e-02  -2.4000000e+00   3.6457000e-01
   3.7618000e-02   6.0000000e-01   3.7312000e-01
   3.7618000e-02   3.6000000e+00   3.7954000e-01
   3.7618000e-02   6.6000000e+00   3.8383000e-01
   3.7618000e-02   9.6000000e+00   3.8594000e-01
   3.7618000e-02   1.2600000e+01   3.8580000e-01
   3.7618000e-02   1.5600000e+01   3.8331000e-01
   3.7618000e-02   1.8600000e+01   3.7832000e-01
   3.7618000e-02   2.1600000e+01   3.7066000e-01
   3.7618000e-02   2.4600000e+01   3.6011000e-01
   3.7618000e-02   2.7600000e+01   3.4642000e-01
   3.7816000e-02   2.9700000e+01   3.2715000e-01
   3.7816000e-02   2.6700000e+01   3.4328000e-01
   3.7816000e-02   2.3700000e+01   3.5607000e-01
   3.7816000e-02   2.0700000e+01   3.6579000e-01
   3.7816000e-02   1.7700000e+01   3.7269000e-01
   3.7816000e-02   1.4700000e+01   3.7698000e-01
   3.7816000e-02   1.1700000e+01   3.7881000e-01
   3.7816000e-02   8.7000000e+00   3.7832000e-01
   3.7816000e-02   5.7000000e+00   3.7560000e-01
   3.7816000e-02   2.7000000e+00   3.7072000e-01
   3.7816000e-02  -3.0000000e-01   3.6370000e-01
   3.7816000e-02  -3.3000000e+00   3.5455000e-01
   3.7816000e-02  -6.3000000e+00   3.4325000e-01
   3.7816000e-02  -9.3000000e+00   3.2976000e-01
   3.7816000e-02  -1.2300000e+01   3.1400000e-01
   3.7816000e-02  -1.5300000e+01   2.9590000e-01
   3.7816000e-02  -1.8300000e+01   2.7534000e-01
   3.7816000e-02  -2.1300000e+01   2.5221000e-01
   3.7816000e-02  -2.4300000e+01   2.2638000e-01
   3.7816000e-02  -2.7300000e+01   1.9772000e-01
   3.8015000e-02  -3.0000000e+01   1.6275000e-01
   3.8015000e-02  -2.7000000e+01   1.9402000e-01
   3.8015000e-02  -2.4000000e+01   2.2234000e-01
   3.8015000e-02  -2.1000000e+01   2.4785000e-01
   3.8015000e-02  -1.8000000e+01   2.7069000e-01
   3.8015000e-02  -1.5000000e+01   2.9096000e-01
   3.8015000e-02  -1.2000000e+01   3.0880000e-01
   3.8015000e-02  -9.0000000e+00   3.2429000e-01
   3.8015000e-02  -6.0000000e+00   3.3753000e-01
   3.8015000e-02  -3.0000000e+00   3.4857000e-01
   3.8015000e-02  -1.3323000e-15   3.5747000e-01
   3.8015000e-02   3.0000000e+00   3.6423000e-01
   3.8015000e-02   6.0000000e+00   3.6885000e-01
   3.8015000e-02   9.0000000e+00   3.7130000e-01
   3.8015000e-02   1.2000000e+01   3.7151000e-01
   3.8015000e-02   1.5000000e+01   3.6938000e-01
   3.8015000e-02   1.8000000e+01   3.6478000e-01
   3.8015000e-02   2.1000000e+01   3.5754000e-01
   3.8015000e-02   2.4000000e+01   3.4746000e-01
   3.8015000e-02   2.7000000e+01   3.3429000e-01
   3.8015000e-02   3.0000000e+01   3.1774000e-01
   3.8213000e-02   2.7300000e+01   3.2530000e-01
   3.8213000e-02   2.4300000e+01   3.3886000e-01
   3.8213000e-02   2.1300000e+01   3.4931000e-01
   3.8213000e-02   1.8300000e+01   3.5689000e-01
   3.8213000e-02   1.5300000e+01   3.6180000e-01
   3.8213000e-02   1.2300000e+01   3.6423000e-01
   3.8213000e-02   9.3000000e+00   3.6431000e-01
   3.8213000e-02   6.3000000e+00   3.6213000e-01
   3.8213000e-02   3.3000000e+00   3.5777000e-01
   3.8213000e-02   3.0000000e-01   3.5126000e-01
   3.8213000e-02  -2.7000000e+00   3.4262000e-01
   3.8213000e-02  -5.7000000e+00   3.3183000e-01
   3.8213000e-02  -8.7000000e+00   3.1884000e-01
   3.8213000e-02  -1.1700000e+01   3.0361000e-01
   3.8213000e-02  -1.4700000e+01   2.8605000e-01
   3.8213000e-02  -1.7700000e+01   2.6605000e-01
   3.8213000e-02  -2.0700000e+01   2.4352000e-01
   3.8213000e-02  -2.3700000e+01   2.1832000e-01
   3.8213000e-02  -2.6700000e+01   1.9033000e-01
   3.8213000e-02  -2.9700000e+01   1.5942000e-01
   3.8412000e-02  -2.7600000e+01   1.7478000e-01
   3.8412000e-02  -2.4600000e+01   2.0359000e-01
   3.8412000e-02  -2.1600000e+01   2.2957000e-01
   3.8412000e-02  -1.8600000e+01   2.5285000e-01
   3.8412000e-02  -1.5600000e+01   2.7356000e-01
   3.8412000e-02  -1.2600000e+01   2.9181000e-01
   3.8412000e-02  -9.6000000e+00   3.0770000e-01
   3.8412000e-02  -6.6000000e+00   3.2132000e-01
   3.8412000e-02  -3.6000000e+00   3.3273000e-01
   3.8412000e-02  -6.0000000e-01   3.4198000e-01
   3.8412000e-02   2.4000000e+00   3.4908000e-01
   3.8412000e-02   5.4000000e+00   3.5405000e-01
   3.8412000e-02   8.4000000e+00   3.5684000e-01
   3.8412000e-02   1.1400000e+01   3.5739000e-01
   3.8412000e-02   1.4400000e+01   3.5563000e-01
   3.8412000e-02   1.7400000e+01   3.5141000e-01
   3.8412000e-02   2.0400000e+01   3.4459000e-01
   3.8412000e-02   2.3400000e+01   3.3497000e-01
   3.8412000e-02   2.6400000e+01   3.2231000e-01
   3.8412000e-02   2.9400000e+01   3.0634000e-01
   3.8610000e-02   2.7900000e+01   3.0737000e-01
   3.8610000e-02   2.4900000e+01   3.2171000e-01
   3.8610000e-02   2.1900000e+01   3.3289000e-01
   3.8610000e-02   1.8900000e+01   3.4114000e-01
   3.8610000e-02   1.5900000e+01   3.4670000e-01
   3.8610000e-02   1.2900000e+01   3.4973000e-01
   3.8610000e-02   9.9000000e+00   3.5038000e-01
   3.8610000e-02   6.9000000e+00   3.4874000e-01
   3.8610000e-02   3.9000000e+00   3.4491000e-01
   3.8610000e-02   9.0000000e-01   3.3891000e-01
   3.8610000e-02  -2.1000000e+00   3.3078000e-01
   3.8610000e-02  -5.1000000e+00   3.2049000e-01
   3.8610000e-02  -8.1000000e+00   3.0802000e-01
   3.8610000e-02  -1.1100000e+01   2.9331000e-01
   3.8610000e-02  -1.4100000e+01   2.7628000e-01
   3.8610000e-02  -1.7100000e+01   2.5685000e-01
   3.8610000e-02  -2.0100000e+01   2.3490000e-01
   3.8610000e-02  -2.3100000e+01   2.1032000e-01
   3.8610000e-02  -2.6100000e+01   1.8299000e-01
   3.8610000e-02  -2.9100000e+01   1.5278000e-01
   3.8809000e-02  -2.8200000e+01   1.5568000e-01
   3.8809000e-02  -2.5200000e+01   1.8496000e-01
   3.8809000e-02  -2.2200000e+01   2.1141000e-01
   3.8809000e-02  -1.9200000e+01   2.3515000e-01
   3.8809000e-02  -1.6200000e+01   2.5630000e-01
   3.8809000e-02  -1.3200000e+01   2.7497000e-01
   3.8809000e-02  -1.0200000e+01   2.9126000e-01
   3.8809000e-02  -7.2000000e+00   3.0526000e-01
   3.8809000e-02  -4.2000000e+00   3.1704000e-01
   3.8809000e-02  -1.2000000e+00   3.2664000e-01
   3.8809000e-02   1.8000000e+00   3.3409000e-01
   3.8809000e-02   4.8000000e+00   3.3940000e-01
   3.8809000e-02   7.8000000e+00   3.4253000e-01
   3.8809000e-02   1.0800000e+01   3.4344000e-01
   3.8809000e-02   1.3800000e+01   3.4204000e-01
   3.8809000e-02   1.6800000e+01   3.3821000e-01
   3.8809000e-02   1.9800000e+01   3.3180000e-01
   3.8809000e-02   2.2800000e+01   3.2263000e-01
   3.8809000e-02   2.5800000e+01   3.1048000e-01
   3.8809000e-02   2.8800000e+01   2.9507000e-01
   3.9007000e-02   2.8500000e+01   2.8949000e-01
   3.9007000e-02   2.5500000e+01   3.0461000e-01
   3.9007000e-02   2.2500000e+01   3.1652000e-01
   3.9007000e-02   1.9500000e+01   3.2547000e-01
   3.9007000e-02   1.6500000e+01   3.3167000e-01
   3.9007000e-02   1.3500000e+01   3.3530000e-01
   3.9007000e-02   1.0500000e+01   3.3652000e-01
   3.9007000e-02   7.5000000e+00   3.3544000e-01
   3.9007000e-02   4.5000000e+00   3.3213000e-01
   3.9007000e-02   1.5000000e+00   3.2665000e-01
   3.9007000e-02  -1.5000000e+00   3.1903000e-01
   3.9007000e-02  -4.5000000e+00   3.0924000e-01
   3.9007000e-02  -7.5000000e+00   2.9728000e-01
   3.9007000e-02  -1.0500000e+01   2.8309000e-01
   3.9007000e-02  -1.3500000e+01   2.6659000e-01
   3.9007000e-02  -1.6500000e+01   2.4771000e-01
   3.9007000e-02  -1.9500000e+01   2.2635000e-01
   3.9007000e-02  -2.2500000e+01   2.0238000e-01
   3.9007000e-02  -2.5500000e+01   1.7570000e-01
   3.9007000e-02  -2.8500000e+01   1.4618000e-01
   3.9206000e-02  -2.8800000e+01   1.3671000e-01
   3.9206000e-02  -2.5800000e+01   1.6646000e-01
   3.9206000e-02  -2.2800000e+01   1.9338000e-01
   3.9206000e-02  -1.9800000e+01   2.1757000e-01
   3.9206000e-02  -1.6800000e+01   2.3916000e-01
   3.9206000e-02  -1.3800000e+01   2.5825000e-01
   3.9206000e-02  -1.0800000e+01   2.7495000e-01
   3.9206000e-02  -7.8000000e+00   2.8934000e-01
   3.9206000e-02  -4.8000000e+00   3.0149000e-01
   3.9206000e-02  -1.8000000e+00   3.1145000e-01
   3.9206000e-02   1.2000000e+00   3.1925000e-01
   3.9206000e-02   4.2000000e+00   3.2491000e-01
   3.9206000e-02   7.2000000e+00   3.2839000e-01
   3.9206000e-02   1.0200000e+01   3.2965000e-01
   3.9206000e-02   1.3200000e+01   3.2861000e-01
   3.9206000e-02   1.6200000e+01   3.2516000e-01
   3.9206000e-02   1.9200000e+01   3.1917000e-01
   3.9206000e-02   2.2200000e+01   3.1045000e-01
   3.9206000e-02   2.5200000e+01   2.9879000e-01
   3.9206000e-02   2.8200000e+01   2.8394000e-01
   3.9404000e-02   2.9100000e+01   2.7164000e-01
   3.9404000e-02   2.6100000e+01   2.8756000e-01
   3.9404000e-02   2.3100000e+01   3.0021000e-01
   3.9404000e-02   2.0100000e+01   3.0984000e-01
   3.9404000e-02   1.7100000e+01   3.1669000e-01
   3.9404000e-02   1.4100000e+01   3.2094000e-01
   3.9404000e-02   1.1100000e+01   3.2274000e-01
   3.9404000e-02   8.1000000e+00   3.2221000e-01
   3.9404000e-02   5.1000000e+00   3.1944000e-01
   3.9404000e-02   2.1000000e+00   3.1448000e-01
   3.9404000e-02  -9.0000000e-01   3.0736000e-01
   3.9404000e-02  -3.9000000e+00   2.9808000e-01
   3.9404000e-02  -6.9000000e+00   2.8662000e-01
   3.9404000e-02  -9.9000000e+00   2.7295000e-01
   3.9404000e-02  -1.2900000e+01   2.5698000e-01
   3.9404000e-02  -1.5900000e+01   2.3865000e-01
   3.9404000e-02  -1.8900000e+01   2.1786000e-01
   3.9404000e-02  -2.1900000e+01   1.9450000e-01
   3.9404000e-02  -2.4900000e+01   1.6846000e-01
   3.9404000e-02  -2.7900000e+01   1.3961000e-01
   3.9603000e-02  -2.9400000e+01   1.1786000e-01
   3.9603000e-02  -2.6400000e+01   1.4809000e-01
   3.9603000e-02  -2.3400000e+01   1.7547000e-01
   3.9603000e-02  -2.0400000e+01   2.0012000e-01
   3.9603000e-02  -1.7400000e+01   2.2215000e-01
   3.9603000e-02  -1.4400000e+01   2.4166000e-01
   3.9603000e-02  -1.1400000e+01   2.5877000e-01
   3.9603000e-02  -8.4000000e+00   2.7354000e-01
   3.9603000e-02  -5.4000000e+00   2.8607000e-01
   3.9603000e-02  -2.4000000e+00   2.9640000e-01
   3.9603000e-02   6.0000000e-01   3.0456000e-01
   3.9603000e-02   3.6000000e+00   3.1056000e-01
   3.9603000e-02   6.6000000e+00   3.1439000e-01
   3.9603000e-02   9.6000000e+00   3.1600000e-01
   3.9603000e-02   1.2600000e+01   3.1533000e-01
   3.9603000e-02   1.5600000e+01   3.1227000e-01
   3.9603000e-02   1.8600000e+01   3.0668000e-01
   3.9603000e-02   2.1600000e+01   2.9841000e-01
   3.9603000e-02   2.4600000e+01   2.8724000e-01
   3.9603000e-02   2.7600000e+01   2.7294000e-01
   3.9801000e-02   2.9700000e+01   2.5384000e-01
   3.9801000e-02   2.6700000e+01   2.7055000e-01
   3.9801000e-02   2.3700000e+01   2.8394000e-01
   3.9801000e-02   2.0700000e+01   2.9427000e-01
   3.9801000e-02   1.7700000e+01   3.0178000e-01
   3.9801000e-02   1.4700000e+01   3.0664000e-01
   3.9801000e-02   1.1700000e+01   3.0903000e-01
   3.9801000e-02   8.7000000e+00   3.0906000e-01
   3.9801000e-02   5.7000000e+00   3.0682000e-01
   3.9801000e-02   2.7000000e+00   3.0238000e-01
   3.9801000e-02  -3.0000000e-01   2.9577000e-01
   3.9801000e-02  -3.3000000e+00   2.8700000e-01
   3.9801000e-02  -6.3000000e+00   2.7605000e-01
   3.9801000e-02  -9.3000000e+00   2.6289000e-01
   3.9801000e-02  -1.2300000e+01   2.4745000e-01
   3.9801000e-02  -1.5300000e+01   2.2966000e-01
   3.9801000e-02  -1.8300000e+01   2.0944000e-01
   3.9801000e-02  -2.1300000e+01   1.8668000e-01
   3.9801000e-02  -2.4300000e+01   1.6126000e-01
   3.9801000e-02  -2.7300000e+01   1.3308000e-01
   4.0000000e-02  -3.0000000e+01   9.9137000e-02
   4.0000000e-02  -2.7000000e+01   1.2983000e-01
   4.0000000e-02  -2.4000000e+01   1.5768000e-01
   4.0000000e-02  -2.1000000e+01   1.8278000e-01
   4.0000000e-02  -1.8000000e+01   2.0525000e-01
   4.0000000e-02  -1.5000000e+01   2.2519000e-01
   4.0000000e-02  -1.2000000e+01   2.4271000e-01
   4.0000000e-02  -9.0000000e+00   2.5788000e-01
   4.0000000e-02  -6.0000000e+00   2.7079000e-01
   4.0000000e-02  -3.0000000e+00   2.8148000e-01
   4.0000000e-02  -1.3323000e-15   2.9000000e-01
   4.0000000e-02   3.0000000e+00   2.9636000e-01
   4.0000000e-02   6.0000000e+00   3.0054000e-01
   4.0000000e-02   9.0000000e+00   3.0251000e-01
   4.0000000e-02   1.2000000e+01   3.0220000e-01
   4.0000000e-02   1.5000000e+01   2.9952000e-01
   4.0000000e-02   1.8000000e+01   2.9434000e-01
   4.0000000e-02   2.1000000e+01   2.8651000e-01
   4.0000000e-02   2.4000000e+01   2.7582000e-01
   4.0000000e-02   2.7000000e+01   2.6206000e-01
   4.0000000e-02   3.0000000e+01   2.4495000e-01
