   3.0000000e-04  -3.0000000e+01  -5.8974000e+01
   3.0000000e-04  -2.7000000e+01  -5.9224000e+01
   3.0000000e-04  -2.4000000e+01  -5.9463000e+01
   3.0000000e-04  -2.1000000e+01  -5.9691000e+01
   3.0000000e-04  -1.8000000e+01  -5.9908000e+01
   3.0000000e-04  -1.5000000e+01  -6.0113000e+01
   3.0000000e-04  -1.2000000e+01  -6.0305000e+01
   3.0000000e-04  -9.0000000e+00  -6.0484000e+01
   3.0000000e-04  -6.0000000e+00  -6.0649000e+01
   3.0000000e-04  -3.0000000e+00  -6.0800000e+01
   3.0000000e-04  -1.3323000e-15  -6.0936000e+01
   3.0000000e-04   3.0000000e+00  -6.1056000e+01
   3.0000000e-04   6.0000000e+00  -6.1161000e+01
   3.0000000e-04   9.0000000e+00  -6.1248000e+01
   3.0000000e-04   1.2000000e+01  -6.1318000e+01
   3.0000000e-04   1.5000000e+01  -6.1369000e+01
   3.0000000e-04   1.8000000e+01  -6.1401000e+01
   3.0000000e-04   2.1000000e+01  -6.1414000e+01
   3.0000000e-04   2.4000000e+01  -6.1406000e+01
   3.0000000e-04   2.7000000e+01  -6.1377000e+01
   3.0000000e-04   3.0000000e+01  -6.1326000e+01
   4.9850000e-04   2.7300000e+01  -6.3249000e+01
   4.9850000e-04   2.4300000e+01  -6.3287000e+01
   4.9850000e-04   2.1300000e+01  -6.3300000e+01
   4.9850000e-04   1.8300000e+01  -6.3287000e+01
   4.9850000e-04   1.5300000e+01  -6.3251000e+01
   4.9850000e-04   1.2300000e+01  -6.3190000e+01
   4.9850000e-04   9.3000000e+00  -6.3107000e+01
   4.9850000e-04   6.3000000e+00  -6.3002000e+01
   4.9850000e-04   3.3000000e+00  -6.2876000e+01
   4.9850000e-04   3.0000000e-01  -6.2729000e+01
   4.9850000e-04  -2.7000000e+00  -6.2562000e+01
   4.9850000e-04  -5.7000000e+00  -6.2376000e+01
   4.9850000e-04  -8.7000000e+00  -6.2171000e+01
   4.9850000e-04  -1.1700000e+01  -6.1948000e+01
   4.9850000e-04  -1.4700000e+01  -6.1708000e+01
   4.9850000e-04  -1.7700000e+01  -6.1451000e+01
   4.9850000e-04  -2.0700000e+01  -6.1178000e+01
   4.9850000e-04  -2.3700000e+01  -6.0890000e+01
   4.9850000e-04  -2.6700000e+01  -6.0587000e+01
   4.9850000e-04  -2.9700000e+01  -6.0271000e+01
   6.9700000e-04  -2.7600000e+01  -6.1367000e+01
   6.9700000e-04  -2.4600000e+01  -6.1708000e+01
   6.9700000e-04  -2.1600000e+01  -6.2030000e+01
   6.9700000e-04  -1.8600000e+01  -6.2334000e+01
   6.9700000e-04  -1.5600000e+01  -6.2618000e+01
   6.9700000e-04  -1.2600000e+01  -6.2882000e+01
   6.9700000e-04  -9.6000000e+00  -6.3124000e+01
   6.9700000e-04  -6.6000000e+00  -6.3344000e+01
   6.9700000e-04  -3.6000000e+00  -6.3540000e+01
   6.9700000e-04  -6.0000000e-01  -6.3713000e+01
   6.9700000e-04   2.4000000e+00  -6.3861000e+01
   6.9700000e-04   5.4000000e+00  -6.3983000e+01
   6.9700000e-04   8.4000000e+00  -6.4079000e+01
   6.9700000e-04   1.1400000e+01  -6.4148000e+01
   6.9700000e-04   1.4400000e+01  -6.4188000e+01
   6.9700000e-04   1.7400000e+01  -6.4199000e+01
   6.9700000e-04   2.0400000e+01  -6.4180000e+01
   6.9700000e-04   2.3400000e+01  -6.4131000e+01
   6.9700000e-04   2.6400000e+01  -6.4049000e+01
   6.9700000e-04   2.9400000e+01  -6.3935000e+01
   8.9550000e-04   2.7900000e+01  -6.4328000e+01
   8.9550000e-04   2.4900000e+01  -6.4490000e+01
   8.9550000e-04   2.1900000e+01  -6.4613000e+01
   8.9550000e-04   1.8900000e+01  -6.4699000e+01
   8.9550000e-04   1.5900000e+01  -6.4748000e+01
   8.9550000e-04   1.2900000e+01  -6.4762000e+01
   8.9550000e-04   9.9000000e+00  -6.4742000e+01
   8.9550000e-04   6.9000000e+00  -6.4688000e+01
   8.9550000e-04   3.9000000e+00  -6.4602000e+01
   8.9550000e-04   9.0000000e-01  -6.4485000e+01
   8.9550000e-04  -2.1000000e+00  -6.4339000e+01
   8.9550000e-04  -5.1000000e+00  -6.4163000e+01
   8.9550000e-04  -8.1000000e+00  -6.3959000e+01
   8.9550000e-04  -1.1100000e+01  -6.3728000e+01
   8.9550000e-04  -1.4100000e+01  -6.3471000e+01
   8.9550000e-04  -1.7100000e+01  -6.3189000e+01
   8.9550000e-04  -2.0100000e+01  -6.2884000e+01
   8.9550000e-04  -2.3100000e+01  -6.2555000e+01
   8.9550000e-04  -2.6100000e+01  -6.2205000e+01
   8.9550000e-04  -2.9100000e+01  -6.1833000e+01
   1.0940000e-03  -2.8200000e+01  -6.2478000e+01
   1.0940000e-03  -2.5200000e+01  -6.2858000e+01
   1.0940000e-03  -2.2200000e+01  -6.3214000e+01
   1.0940000e-03  -1.9200000e+01  -6.3546000e+01
   1.0940000e-03  -1.6200000e+01  -6.3850000e+01
   1.0940000e-03  -1.3200000e+01  -6.4128000e+01
   1.0940000e-03  -1.0200000e+01  -6.4377000e+01
   1.0940000e-03  -7.2000000e+00  -6.4595000e+01
   1.0940000e-03  -4.2000000e+00  -6.4783000e+01
   1.0940000e-03  -1.2000000e+00  -6.4939000e+01
   1.0940000e-03   1.8000000e+00  -6.5062000e+01
   1.0940000e-03   4.8000000e+00  -6.5150000e+01
   1.0940000e-03   7.8000000e+00  -6.5202000e+01
   1.0940000e-03   1.0800000e+01  -6.5218000e+01
   1.0940000e-03   1.3800000e+01  -6.5195000e+01
   1.0940000e-03   1.6800000e+01  -6.5134000e+01
   1.0940000e-03   1.9800000e+01  -6.5032000e+01
   1.0940000e-03   2.2800000e+01  -6.4889000e+01
   1.0940000e-03   2.5800000e+01  -6.4703000e+01
   1.0940000e-03   2.8800000e+01  -6.4474000e+01
   1.2925000e-03   2.8500000e+01  -6.4704000e+01
   1.2925000e-03   2.5500000e+01  -6.4972000e+01
   1.2925000e-03   2.2500000e+01  -6.5192000e+01
   1.2925000e-03   1.9500000e+01  -6.5367000e+01
   1.2925000e-03   1.6500000e+01  -6.5497000e+01
   1.2925000e-03   1.3500000e+01  -6.5584000e+01
   1.2925000e-03   1.0500000e+01  -6.5628000e+01
   1.2925000e-03   7.5000000e+00  -6.5631000e+01
   1.2925000e-03   4.5000000e+00  -6.5594000e+01
   1.2925000e-03   1.5000000e+00  -6.5518000e+01
   1.2925000e-03  -1.5000000e+00  -6.5404000e+01
   1.2925000e-03  -4.5000000e+00  -6.5254000e+01
   1.2925000e-03  -7.5000000e+00  -6.5068000e+01
   1.2925000e-03  -1.0500000e+01  -6.4849000e+01
   1.2925000e-03  -1.3500000e+01  -6.4598000e+01
   1.2925000e-03  -1.6500000e+01  -6.4315000e+01
   1.2925000e-03  -1.9500000e+01  -6.4002000e+01
   1.2925000e-03  -2.2500000e+01  -6.3660000e+01
   1.2925000e-03  -2.5500000e+01  -6.3290000e+01
   1.2925000e-03  -2.8500000e+01  -6.2894000e+01
   1.4910000e-03  -2.8800000e+01  -6.3259000e+01
   1.4910000e-03  -2.5800000e+01  -6.3670000e+01
   1.4910000e-03  -2.2800000e+01  -6.4052000e+01
   1.4910000e-03  -1.9800000e+01  -6.4405000e+01
   1.4910000e-03  -1.6800000e+01  -6.4727000e+01
   1.4910000e-03  -1.3800000e+01  -6.5017000e+01
   1.4910000e-03  -1.0800000e+01  -6.5273000e+01
   1.4910000e-03  -7.8000000e+00  -6.5495000e+01
   1.4910000e-03  -4.8000000e+00  -6.5680000e+01
   1.4910000e-03  -1.8000000e+00  -6.5828000e+01
   1.4910000e-03   1.2000000e+00  -6.5937000e+01
   1.4910000e-03   4.2000000e+00  -6.6006000e+01
   1.4910000e-03   7.2000000e+00  -6.6034000e+01
   1.4910000e-03   1.0200000e+01  -6.6019000e+01
   1.4910000e-03   1.3200000e+01  -6.5960000e+01
   1.4910000e-03   1.6200000e+01  -6.5856000e+01
   1.4910000e-03   1.9200000e+01  -6.5706000e+01
   1.4910000e-03   2.2200000e+01  -6.5509000e+01
   1.4910000e-03   2.5200000e+01  -6.5264000e+01
   1.4910000e-03   2.8200000e+01  -6.4969000e+01
   1.6895000e-03   2.9100000e+01  -6.5131000e+01
   1.6895000e-03   2.6100000e+01  -6.5465000e+01
   1.6895000e-03   2.3100000e+01  -6.5747000e+01
   1.6895000e-03   2.0100000e+01  -6.5979000e+01
   1.6895000e-03   1.7100000e+01  -6.6162000e+01
   1.6895000e-03   1.4100000e+01  -6.6296000e+01
   1.6895000e-03   1.1100000e+01  -6.6382000e+01
   1.6895000e-03   8.1000000e+00  -6.6422000e+01
   1.6895000e-03   5.1000000e+00  -6.6417000e+01
   1.6895000e-03   2.1000000e+00  -6.6368000e+01
   1.6895000e-03  -9.0000000e-01  -6.6276000e+01
   1.6895000e-03  -3.9000000e+00  -6.6143000e+01
   1.6895000e-03  -6.9000000e+00  -6.5970000e+01
   1.6895000e-03  -9.9000000e+00  -6.5759000e+01
   1.6895000e-03  -1.2900000e+01  -6.5510000e+01
   1.6895000e-03  -1.5900000e+01  -6.5226000e+01
   1.6895000e-03  -1.8900000e+01  -6.4907000e+01
   1.6895000e-03  -2.1900000e+01  -6.4555000e+01
   1.6895000e-03  -2.4900000e+01  -6.4172000e+01
   1.6895000e-03  -2.7900000e+01  -6.3759000e+01
   1.8880000e-03  -2.9400000e+01  -6.3881000e+01
   1.8880000e-03  -2.6400000e+01  -6.4321000e+01
   1.8880000e-03  -2.3400000e+01  -6.4730000e+01
   1.8880000e-03  -2.0400000e+01  -6.5107000e+01
   1.8880000e-03  -1.7400000e+01  -6.5450000e+01
   1.8880000e-03  -1.4400000e+01  -6.5757000e+01
   1.8880000e-03  -1.1400000e+01  -6.6029000e+01
   1.8880000e-03  -8.4000000e+00  -6.6262000e+01
   1.8880000e-03  -5.4000000e+00  -6.6456000e+01
   1.8880000e-03  -2.4000000e+00  -6.6609000e+01
   1.8880000e-03   6.0000000e-01  -6.6720000e+01
   1.8880000e-03   3.6000000e+00  -6.6787000e+01
   1.8880000e-03   6.6000000e+00  -6.6809000e+01
   1.8880000e-03   9.6000000e+00  -6.6785000e+01
   1.8880000e-03   1.2600000e+01  -6.6714000e+01
   1.8880000e-03   1.5600000e+01  -6.6593000e+01
   1.8880000e-03   1.8600000e+01  -6.6423000e+01
   1.8880000e-03   2.1600000e+01  -6.6202000e+01
   1.8880000e-03   2.4600000e+01  -6.5929000e+01
   1.8880000e-03   2.7600000e+01  -6.5604000e+01
   2.0865000e-03   2.9700000e+01  -6.5658000e+01
   2.0865000e-03   2.6700000e+01  -6.6034000e+01
   2.0865000e-03   2.3700000e+01  -6.6355000e+01
   2.0865000e-03   2.0700000e+01  -6.6623000e+01
   2.0865000e-03   1.7700000e+01  -6.6838000e+01
   2.0865000e-03   1.4700000e+01  -6.7000000e+01
   2.0865000e-03   1.1700000e+01  -6.7111000e+01
   2.0865000e-03   8.7000000e+00  -6.7173000e+01
   2.0865000e-03   5.7000000e+00  -6.7186000e+01
   2.0865000e-03   2.7000000e+00  -6.7152000e+01
   2.0865000e-03  -3.0000000e-01  -6.7072000e+01
   2.0865000e-03  -3.3000000e+00  -6.6947000e+01
   2.0865000e-03  -6.3000000e+00  -6.6779000e+01
   2.0865000e-03  -9.3000000e+00  -6.6570000e+01
   2.0865000e-03  -1.2300000e+01  -6.6320000e+01
   2.0865000e-03  -1.5300000e+01  -6.6031000e+01
   2.0865000e-03  -1.8300000e+01  -6.5705000e+01
   2.0865000e-03  -2.1300000e+01  -6.5343000e+01
   2.0865000e-03  -2.4300000e+01  -6.4947000e+01
   2.0865000e-03  -2.7300000e+01  -6.4518000e+01
   2.2850000e-03  -3.0000000e+01  -6.4400000e+01
   2.2850000e-03  -2.7000000e+01  -6.4869000e+01
   2.2850000e-03  -2.4000000e+01  -6.5306000e+01
   2.2850000e-03  -2.1000000e+01  -6.5709000e+01
   2.2850000e-03  -1.8000000e+01  -6.6076000e+01
   2.2850000e-03  -1.5000000e+01  -6.6407000e+01
   2.2850000e-03  -1.2000000e+01  -6.6699000e+01
   2.2850000e-03  -9.0000000e+00  -6.6950000e+01
   2.2850000e-03  -6.0000000e+00  -6.7161000e+01
   2.2850000e-03  -3.0000000e+00  -6.7328000e+01
   2.2850000e-03  -1.3323000e-15  -6.7452000e+01
   2.2850000e-03   3.0000000e+00  -6.7529000e+01
   2.2850000e-03   6.0000000e+00  -6.7559000e+01
   2.2850000e-03   9.0000000e+00  -6.7541000e+01
   2.2850000e-03   1.2000000e+01  -6.7473000e+01
   2.2850000e-03   1.5000000e+01  -6.7353000e+01
   2.2850000e-03   1.8000000e+01  -6.7182000e+01
   2.2850000e-03   2.1000000e+01  -6.6957000e+01
   2.2850000e-03   2.4000000e+01  -6.6677000e+01
   2.2850000e-03   2.7000000e+01  -6.6342000e+01
   2.2850000e-03   3.0000000e+01  -6.5951000e+01
   2.4835000e-03   2.7300000e+01  -6.6662000e+01
   2.4835000e-03   2.4300000e+01  -6.7007000e+01
   2.4835000e-03   2.1300000e+01  -6.7296000e+01
   2.4835000e-03   1.8300000e+01  -6.7529000e+01
   2.4835000e-03   1.5300000e+01  -6.7707000e+01
   2.4835000e-03   1.2300000e+01  -6.7832000e+01
   2.4835000e-03   9.3000000e+00  -6.7904000e+01
   2.4835000e-03   6.3000000e+00  -6.7926000e+01
   2.4835000e-03   3.3000000e+00  -6.7898000e+01
   2.4835000e-03   3.0000000e-01  -6.7821000e+01
   2.4835000e-03  -2.7000000e+00  -6.7699000e+01
   2.4835000e-03  -5.7000000e+00  -6.7530000e+01
   2.4835000e-03  -8.7000000e+00  -6.7318000e+01
   2.4835000e-03  -1.1700000e+01  -6.7063000e+01
   2.4835000e-03  -1.4700000e+01  -6.6768000e+01
   2.4835000e-03  -1.7700000e+01  -6.6433000e+01
   2.4835000e-03  -2.0700000e+01  -6.6060000e+01
   2.4835000e-03  -2.3700000e+01  -6.5650000e+01
   2.4835000e-03  -2.6700000e+01  -6.5206000e+01
   2.4835000e-03  -2.9700000e+01  -6.4728000e+01
   2.6820000e-03  -2.7600000e+01  -6.5339000e+01
   2.6820000e-03  -2.4600000e+01  -6.5805000e+01
   2.6820000e-03  -2.1600000e+01  -6.6235000e+01
   2.6820000e-03  -1.8600000e+01  -6.6629000e+01
   2.6820000e-03  -1.5600000e+01  -6.6985000e+01
   2.6820000e-03  -1.2600000e+01  -6.7301000e+01
   2.6820000e-03  -9.6000000e+00  -6.7575000e+01
   2.6820000e-03  -6.6000000e+00  -6.7808000e+01
   2.6820000e-03  -3.6000000e+00  -6.7996000e+01
   2.6820000e-03  -6.0000000e-01  -6.8138000e+01
   2.6820000e-03   2.4000000e+00  -6.8234000e+01
   2.6820000e-03   5.4000000e+00  -6.8281000e+01
   2.6820000e-03   8.4000000e+00  -6.8278000e+01
   2.6820000e-03   1.1400000e+01  -6.8224000e+01
   2.6820000e-03   1.4400000e+01  -6.8117000e+01
   2.6820000e-03   1.7400000e+01  -6.7956000e+01
   2.6820000e-03   2.0400000e+01  -6.7741000e+01
   2.6820000e-03   2.3400000e+01  -6.7469000e+01
   2.6820000e-03   2.6400000e+01  -6.7139000e+01
   2.6820000e-03   2.9400000e+01  -6.6751000e+01
   2.8805000e-03   2.7900000e+01  -6.7326000e+01
   2.8805000e-03   2.4900000e+01  -6.7684000e+01
   2.8805000e-03   2.1900000e+01  -6.7984000e+01
   2.8805000e-03   1.8900000e+01  -6.8225000e+01
   2.8805000e-03   1.5900000e+01  -6.8410000e+01
   2.8805000e-03   1.2900000e+01  -6.8539000e+01
   2.8805000e-03   9.9000000e+00  -6.8615000e+01
   2.8805000e-03   6.9000000e+00  -6.8639000e+01
   2.8805000e-03   3.9000000e+00  -6.8611000e+01
   2.8805000e-03   9.0000000e-01  -6.8534000e+01
   2.8805000e-03  -2.1000000e+00  -6.8408000e+01
   2.8805000e-03  -5.1000000e+00  -6.8235000e+01
   2.8805000e-03  -8.1000000e+00  -6.8018000e+01
   2.8805000e-03  -1.1100000e+01  -6.7756000e+01
   2.8805000e-03  -1.4100000e+01  -6.7452000e+01
   2.8805000e-03  -1.7100000e+01  -6.7107000e+01
   2.8805000e-03  -2.0100000e+01  -6.6722000e+01
   2.8805000e-03  -2.3100000e+01  -6.6299000e+01
   2.8805000e-03  -2.6100000e+01  -6.5841000e+01
   2.8805000e-03  -2.9100000e+01  -6.5347000e+01
   3.0790000e-03  -2.8200000e+01  -6.5742000e+01
   3.0790000e-03  -2.5200000e+01  -6.6237000e+01
   3.0790000e-03  -2.2200000e+01  -6.6695000e+01
   3.0790000e-03  -1.9200000e+01  -6.7117000e+01
   3.0790000e-03  -1.6200000e+01  -6.7499000e+01
   3.0790000e-03  -1.3200000e+01  -6.7841000e+01
   3.0790000e-03  -1.0200000e+01  -6.8142000e+01
   3.0790000e-03  -7.2000000e+00  -6.8399000e+01
   3.0790000e-03  -4.2000000e+00  -6.8611000e+01
   3.0790000e-03  -1.2000000e+00  -6.8777000e+01
   3.0790000e-03   1.8000000e+00  -6.8896000e+01
   3.0790000e-03   4.8000000e+00  -6.8965000e+01
   3.0790000e-03   7.8000000e+00  -6.8984000e+01
   3.0790000e-03   1.0800000e+01  -6.8951000e+01
   3.0790000e-03   1.3800000e+01  -6.8865000e+01
   3.0790000e-03   1.6800000e+01  -6.8724000e+01
   3.0790000e-03   1.9800000e+01  -6.8527000e+01
   3.0790000e-03   2.2800000e+01  -6.8273000e+01
   3.0790000e-03   2.5800000e+01  -6.7960000e+01
   3.0790000e-03   2.8800000e+01  -6.7586000e+01
   3.2775000e-03   2.8500000e+01  -6.8008000e+01
   3.2775000e-03   2.5500000e+01  -6.8370000e+01
   3.2775000e-03   2.2500000e+01  -6.8672000e+01
   3.2775000e-03   1.9500000e+01  -6.8914000e+01
   3.2775000e-03   1.6500000e+01  -6.9100000e+01
   3.2775000e-03   1.3500000e+01  -6.9228000e+01
   3.2775000e-03   1.0500000e+01  -6.9302000e+01
   3.2775000e-03   7.5000000e+00  -6.9323000e+01
   3.2775000e-03   4.5000000e+00  -6.9291000e+01
   3.2775000e-03   1.5000000e+00  -6.9209000e+01
   3.2775000e-03  -1.5000000e+00  -6.9078000e+01
   3.2775000e-03  -4.5000000e+00  -6.8899000e+01
   3.2775000e-03  -7.5000000e+00  -6.8674000e+01
   3.2775000e-03  -1.0500000e+01  -6.8404000e+01
   3.2775000e-03  -1.3500000e+01  -6.8090000e+01
   3.2775000e-03  -1.6500000e+01  -6.7735000e+01
   3.2775000e-03  -1.9500000e+01  -6.7338000e+01
   3.2775000e-03  -2.2500000e+01  -6.6903000e+01
   3.2775000e-03  -2.5500000e+01  -6.6431000e+01
   3.2775000e-03  -2.8500000e+01  -6.5922000e+01
   3.4760000e-03  -2.8800000e+01  -6.6088000e+01
   3.4760000e-03  -2.5800000e+01  -6.6611000e+01
   3.4760000e-03  -2.2800000e+01  -6.7097000e+01
   3.4760000e-03  -1.9800000e+01  -6.7546000e+01
   3.4760000e-03  -1.6800000e+01  -6.7956000e+01
   3.4760000e-03  -1.3800000e+01  -6.8325000e+01
   3.4760000e-03  -1.0800000e+01  -6.8652000e+01
   3.4760000e-03  -7.8000000e+00  -6.8936000e+01
   3.4760000e-03  -4.8000000e+00  -6.9174000e+01
   3.4760000e-03  -1.8000000e+00  -6.9366000e+01
   3.4760000e-03   1.2000000e+00  -6.9511000e+01
   3.4760000e-03   4.2000000e+00  -6.9606000e+01
   3.4760000e-03   7.2000000e+00  -6.9651000e+01
   3.4760000e-03   1.0200000e+01  -6.9643000e+01
   3.4760000e-03   1.3200000e+01  -6.9582000e+01
   3.4760000e-03   1.6200000e+01  -6.9467000e+01
   3.4760000e-03   1.9200000e+01  -6.9295000e+01
   3.4760000e-03   2.2200000e+01  -6.9065000e+01
   3.4760000e-03   2.5200000e+01  -6.8776000e+01
   3.4760000e-03   2.8200000e+01  -6.8427000e+01
   3.6745000e-03   2.9100000e+01  -6.8690000e+01
   3.6745000e-03   2.6100000e+01  -6.9050000e+01
   3.6745000e-03   2.3100000e+01  -6.9349000e+01
   3.6745000e-03   2.0100000e+01  -6.9587000e+01
   3.6745000e-03   1.7100000e+01  -6.9768000e+01
   3.6745000e-03   1.4100000e+01  -6.9892000e+01
   3.6745000e-03   1.1100000e+01  -6.9961000e+01
   3.6745000e-03   8.1000000e+00  -6.9975000e+01
   3.6745000e-03   5.1000000e+00  -6.9938000e+01
   3.6745000e-03   2.1000000e+00  -6.9849000e+01
   3.6745000e-03  -9.0000000e-01  -6.9711000e+01
   3.6745000e-03  -3.9000000e+00  -6.9524000e+01
   3.6745000e-03  -6.9000000e+00  -6.9290000e+01
   3.6745000e-03  -9.9000000e+00  -6.9011000e+01
   3.6745000e-03  -1.2900000e+01  -6.8688000e+01
   3.6745000e-03  -1.5900000e+01  -6.8322000e+01
   3.6745000e-03  -1.8900000e+01  -6.7915000e+01
   3.6745000e-03  -2.1900000e+01  -6.7468000e+01
   3.6745000e-03  -2.4900000e+01  -6.6982000e+01
   3.6745000e-03  -2.7900000e+01  -6.6460000e+01
   3.8730000e-03  -2.9400000e+01  -6.6382000e+01
   3.8730000e-03  -2.6400000e+01  -6.6932000e+01
   3.8730000e-03  -2.3400000e+01  -6.7446000e+01
   3.8730000e-03  -2.0400000e+01  -6.7922000e+01
   3.8730000e-03  -1.7400000e+01  -6.8359000e+01
   3.8730000e-03  -1.4400000e+01  -6.8755000e+01
   3.8730000e-03  -1.1400000e+01  -6.9109000e+01
   3.8730000e-03  -8.4000000e+00  -6.9419000e+01
   3.8730000e-03  -5.4000000e+00  -6.9685000e+01
   3.8730000e-03  -2.4000000e+00  -6.9904000e+01
   3.8730000e-03   6.0000000e-01  -7.0076000e+01
   3.8730000e-03   3.6000000e+00  -7.0198000e+01
   3.8730000e-03   6.6000000e+00  -7.0270000e+01
   3.8730000e-03   9.6000000e+00  -7.0291000e+01
   3.8730000e-03   1.2600000e+01  -7.0258000e+01
   3.8730000e-03   1.5600000e+01  -7.0171000e+01
   3.8730000e-03   1.8600000e+01  -7.0028000e+01
   3.8730000e-03   2.1600000e+01  -6.9828000e+01
   3.8730000e-03   2.4600000e+01  -6.9568000e+01
   3.8730000e-03   2.7600000e+01  -6.9248000e+01
   4.0715000e-03   2.9700000e+01  -6.9359000e+01
   4.0715000e-03   2.6700000e+01  -6.9712000e+01
   4.0715000e-03   2.3700000e+01  -7.0004000e+01
   4.0715000e-03   2.0700000e+01  -7.0235000e+01
   4.0715000e-03   1.7700000e+01  -7.0408000e+01
   4.0715000e-03   1.4700000e+01  -7.0525000e+01
   4.0715000e-03   1.1700000e+01  -7.0586000e+01
   4.0715000e-03   8.7000000e+00  -7.0593000e+01
   4.0715000e-03   5.7000000e+00  -7.0548000e+01
   4.0715000e-03   2.7000000e+00  -7.0452000e+01
   4.0715000e-03  -3.0000000e-01  -7.0305000e+01
   4.0715000e-03  -3.3000000e+00  -7.0111000e+01
   4.0715000e-03  -6.3000000e+00  -6.9868000e+01
   4.0715000e-03  -9.3000000e+00  -6.9580000e+01
   4.0715000e-03  -1.2300000e+01  -6.9248000e+01
   4.0715000e-03  -1.5300000e+01  -6.8872000e+01
   4.0715000e-03  -1.8300000e+01  -6.8454000e+01
   4.0715000e-03  -2.1300000e+01  -6.7996000e+01
   4.0715000e-03  -2.4300000e+01  -6.7499000e+01
   4.0715000e-03  -2.7300000e+01  -6.6964000e+01
   4.2700000e-03  -3.0000000e+01  -6.6628000e+01
   4.2700000e-03  -2.7000000e+01  -6.7205000e+01
   4.2700000e-03  -2.4000000e+01  -6.7746000e+01
   4.2700000e-03  -2.1000000e+01  -6.8248000e+01
   4.2700000e-03  -1.8000000e+01  -6.8711000e+01
   4.2700000e-03  -1.5000000e+01  -6.9134000e+01
   4.2700000e-03  -1.2000000e+01  -6.9514000e+01
   4.2700000e-03  -9.0000000e+00  -6.9851000e+01
   4.2700000e-03  -6.0000000e+00  -7.0144000e+01
   4.2700000e-03  -3.0000000e+00  -7.0390000e+01
   4.2700000e-03  -1.3323000e-15  -7.0589000e+01
   4.2700000e-03   3.0000000e+00  -7.0739000e+01
   4.2700000e-03   6.0000000e+00  -7.0840000e+01
   4.2700000e-03   9.0000000e+00  -7.0889000e+01
   4.2700000e-03   1.2000000e+01  -7.0886000e+01
   4.2700000e-03   1.5000000e+01  -7.0828000e+01
   4.2700000e-03   1.8000000e+01  -7.0716000e+01
   4.2700000e-03   2.1000000e+01  -7.0547000e+01
   4.2700000e-03   2.4000000e+01  -7.0321000e+01
   4.2700000e-03   2.7000000e+01  -7.0034000e+01
   4.2700000e-03   3.0000000e+01  -6.9685000e+01
   4.4685000e-03   2.7300000e+01  -7.0347000e+01
   4.4685000e-03   2.4300000e+01  -7.0629000e+01
   4.4685000e-03   2.1300000e+01  -7.0851000e+01
   4.4685000e-03   1.8300000e+01  -7.1015000e+01
   4.4685000e-03   1.5300000e+01  -7.1123000e+01
   4.4685000e-03   1.2300000e+01  -7.1176000e+01
   4.4685000e-03   9.3000000e+00  -7.1175000e+01
   4.4685000e-03   6.3000000e+00  -7.1122000e+01
   4.4685000e-03   3.3000000e+00  -7.1017000e+01
   4.4685000e-03   3.0000000e-01  -7.0863000e+01
   4.4685000e-03  -2.7000000e+00  -7.0660000e+01
   4.4685000e-03  -5.7000000e+00  -7.0410000e+01
   4.4685000e-03  -8.7000000e+00  -7.0114000e+01
   4.4685000e-03  -1.1700000e+01  -6.9772000e+01
   4.4685000e-03  -1.4700000e+01  -6.9387000e+01
   4.4685000e-03  -1.7700000e+01  -6.8960000e+01
   4.4685000e-03  -2.0700000e+01  -6.8492000e+01
   4.4685000e-03  -2.3700000e+01  -6.7985000e+01
   4.4685000e-03  -2.6700000e+01  -6.7439000e+01
   4.4685000e-03  -2.9700000e+01  -6.6856000e+01
   4.6670000e-03  -2.7600000e+01  -6.7435000e+01
   4.6670000e-03  -2.4600000e+01  -6.8001000e+01
   4.6670000e-03  -2.1600000e+01  -6.8529000e+01
   4.6670000e-03  -1.8600000e+01  -6.9017000e+01
   4.6670000e-03  -1.5600000e+01  -6.9465000e+01
   4.6670000e-03  -1.2600000e+01  -6.9871000e+01
   4.6670000e-03  -9.6000000e+00  -7.0234000e+01
   4.6670000e-03  -6.6000000e+00  -7.0553000e+01
   4.6670000e-03  -3.6000000e+00  -7.0826000e+01
   4.6670000e-03  -6.0000000e-01  -7.1051000e+01
   4.6670000e-03   2.4000000e+00  -7.1229000e+01
   4.6670000e-03   5.4000000e+00  -7.1357000e+01
   4.6670000e-03   8.4000000e+00  -7.1435000e+01
   4.6670000e-03   1.1400000e+01  -7.1461000e+01
   4.6670000e-03   1.4400000e+01  -7.1434000e+01
   4.6670000e-03   1.7400000e+01  -7.1352000e+01
   4.6670000e-03   2.0400000e+01  -7.1216000e+01
   4.6670000e-03   2.3400000e+01  -7.1022000e+01
   4.6670000e-03   2.6400000e+01  -7.0770000e+01
   4.6670000e-03   2.9400000e+01  -7.0457000e+01
   4.8655000e-03   2.7900000e+01  -7.0947000e+01
   4.8655000e-03   2.4900000e+01  -7.1217000e+01
   4.8655000e-03   2.1900000e+01  -7.1429000e+01
   4.8655000e-03   1.8900000e+01  -7.1584000e+01
   4.8655000e-03   1.5900000e+01  -7.1682000e+01
   4.8655000e-03   1.2900000e+01  -7.1727000e+01
   4.8655000e-03   9.9000000e+00  -7.1718000e+01
   4.8655000e-03   6.9000000e+00  -7.1657000e+01
   4.8655000e-03   3.9000000e+00  -7.1545000e+01
   4.8655000e-03   9.0000000e-01  -7.1384000e+01
   4.8655000e-03  -2.1000000e+00  -7.1174000e+01
   4.8655000e-03  -5.1000000e+00  -7.0916000e+01
   4.8655000e-03  -8.1000000e+00  -7.0612000e+01
   4.8655000e-03  -1.1100000e+01  -7.0263000e+01
   4.8655000e-03  -1.4100000e+01  -6.9870000e+01
   4.8655000e-03  -1.7100000e+01  -6.9435000e+01
   4.8655000e-03  -2.0100000e+01  -6.8958000e+01
   4.8655000e-03  -2.3100000e+01  -6.8441000e+01
   4.8655000e-03  -2.6100000e+01  -6.7886000e+01
   4.8655000e-03  -2.9100000e+01  -6.7293000e+01
   5.0640000e-03  -2.8200000e+01  -6.7625000e+01
   5.0640000e-03  -2.5200000e+01  -6.8215000e+01
   5.0640000e-03  -2.2200000e+01  -6.8767000e+01
   5.0640000e-03  -1.9200000e+01  -6.9280000e+01
   5.0640000e-03  -1.6200000e+01  -6.9752000e+01
   5.0640000e-03  -1.3200000e+01  -7.0183000e+01
   5.0640000e-03  -1.0200000e+01  -7.0571000e+01
   5.0640000e-03  -7.2000000e+00  -7.0915000e+01
   5.0640000e-03  -4.2000000e+00  -7.1213000e+01
   5.0640000e-03  -1.2000000e+00  -7.1464000e+01
   5.0640000e-03   1.8000000e+00  -7.1668000e+01
   5.0640000e-03   4.8000000e+00  -7.1823000e+01
   5.0640000e-03   7.8000000e+00  -7.1928000e+01
   5.0640000e-03   1.0800000e+01  -7.1982000e+01
   5.0640000e-03   1.3800000e+01  -7.1984000e+01
   5.0640000e-03   1.6800000e+01  -7.1933000e+01
   5.0640000e-03   1.9800000e+01  -7.1827000e+01
   5.0640000e-03   2.2800000e+01  -7.1666000e+01
   5.0640000e-03   2.5800000e+01  -7.1448000e+01
   5.0640000e-03   2.8800000e+01  -7.1171000e+01
   5.2625000e-03   2.8500000e+01  -7.1504000e+01
   5.2625000e-03   2.5500000e+01  -7.1764000e+01
   5.2625000e-03   2.2500000e+01  -7.1965000e+01
   5.2625000e-03   1.9500000e+01  -7.2111000e+01
   5.2625000e-03   1.6500000e+01  -7.2202000e+01
   5.2625000e-03   1.3500000e+01  -7.2238000e+01
   5.2625000e-03   1.0500000e+01  -7.2222000e+01
   5.2625000e-03   7.5000000e+00  -7.2155000e+01
   5.2625000e-03   4.5000000e+00  -7.2037000e+01
   5.2625000e-03   1.5000000e+00  -7.1869000e+01
   5.2625000e-03  -1.5000000e+00  -7.1653000e+01
   5.2625000e-03  -4.5000000e+00  -7.1389000e+01
   5.2625000e-03  -7.5000000e+00  -7.1078000e+01
   5.2625000e-03  -1.0500000e+01  -7.0723000e+01
   5.2625000e-03  -1.3500000e+01  -7.0323000e+01
   5.2625000e-03  -1.6500000e+01  -6.9880000e+01
   5.2625000e-03  -1.9500000e+01  -6.9396000e+01
   5.2625000e-03  -2.2500000e+01  -6.8871000e+01
   5.2625000e-03  -2.5500000e+01  -6.8307000e+01
   5.2625000e-03  -2.8500000e+01  -6.7706000e+01
   5.4610000e-03  -2.8800000e+01  -6.7778000e+01
   5.4610000e-03  -2.5800000e+01  -6.8391000e+01
   5.4610000e-03  -2.2800000e+01  -6.8967000e+01
   5.4610000e-03  -1.9800000e+01  -6.9503000e+01
   5.4610000e-03  -1.6800000e+01  -6.9999000e+01
   5.4610000e-03  -1.3800000e+01  -7.0453000e+01
   5.4610000e-03  -1.0800000e+01  -7.0864000e+01
   5.4610000e-03  -7.8000000e+00  -7.1231000e+01
   5.4610000e-03  -4.8000000e+00  -7.1554000e+01
   5.4610000e-03  -1.8000000e+00  -7.1830000e+01
   5.4610000e-03   1.2000000e+00  -7.2058000e+01
   5.4610000e-03   4.2000000e+00  -7.2238000e+01
   5.4610000e-03   7.2000000e+00  -7.2369000e+01
   5.4610000e-03   1.0200000e+01  -7.2450000e+01
   5.4610000e-03   1.3200000e+01  -7.2479000e+01
   5.4610000e-03   1.6200000e+01  -7.2456000e+01
   5.4610000e-03   1.9200000e+01  -7.2380000e+01
   5.4610000e-03   2.2200000e+01  -7.2250000e+01
   5.4610000e-03   2.5200000e+01  -7.2064000e+01
   5.4610000e-03   2.8200000e+01  -7.1820000e+01
   5.6595000e-03   2.9100000e+01  -7.2013000e+01
   5.6595000e-03   2.6100000e+01  -7.2264000e+01
   5.6595000e-03   2.3100000e+01  -7.2457000e+01
   5.6595000e-03   2.0100000e+01  -7.2595000e+01
   5.6595000e-03   1.7100000e+01  -7.2679000e+01
   5.6595000e-03   1.4100000e+01  -7.2709000e+01
   5.6595000e-03   1.1100000e+01  -7.2688000e+01
   5.6595000e-03   8.1000000e+00  -7.2615000e+01
   5.6595000e-03   5.1000000e+00  -7.2491000e+01
   5.6595000e-03   2.1000000e+00  -7.2319000e+01
   5.6595000e-03  -9.0000000e-01  -7.2097000e+01
   5.6595000e-03  -3.9000000e+00  -7.1828000e+01
   5.6595000e-03  -6.9000000e+00  -7.1513000e+01
   5.6595000e-03  -9.9000000e+00  -7.1152000e+01
   5.6595000e-03  -1.2900000e+01  -7.0747000e+01
   5.6595000e-03  -1.5900000e+01  -7.0298000e+01
   5.6595000e-03  -1.8900000e+01  -6.9808000e+01
   5.6595000e-03  -2.1900000e+01  -6.9276000e+01
   5.6595000e-03  -2.4900000e+01  -6.8706000e+01
   5.6595000e-03  -2.7900000e+01  -6.8096000e+01
   5.8580000e-03  -2.9400000e+01  -6.7898000e+01
   5.8580000e-03  -2.6400000e+01  -6.8533000e+01
   5.8580000e-03  -2.3400000e+01  -6.9131000e+01
   5.8580000e-03  -2.0400000e+01  -6.9689000e+01
   5.8580000e-03  -1.7400000e+01  -7.0207000e+01
   5.8580000e-03  -1.4400000e+01  -7.0683000e+01
   5.8580000e-03  -1.1400000e+01  -7.1117000e+01
   5.8580000e-03  -8.4000000e+00  -7.1507000e+01
   5.8580000e-03  -5.4000000e+00  -7.1852000e+01
   5.8580000e-03  -2.4000000e+00  -7.2150000e+01
   5.8580000e-03   6.0000000e-01  -7.2402000e+01
   5.8580000e-03   3.6000000e+00  -7.2606000e+01
   5.8580000e-03   6.6000000e+00  -7.2761000e+01
   5.8580000e-03   9.6000000e+00  -7.2867000e+01
   5.8580000e-03   1.2600000e+01  -7.2921000e+01
   5.8580000e-03   1.5600000e+01  -7.2924000e+01
   5.8580000e-03   1.8600000e+01  -7.2875000e+01
   5.8580000e-03   2.1600000e+01  -7.2773000e+01
   5.8580000e-03   2.4600000e+01  -7.2616000e+01
   5.8580000e-03   2.7600000e+01  -7.2404000e+01
   6.0565000e-03   2.9700000e+01  -7.2471000e+01
   6.0565000e-03   2.6700000e+01  -7.2714000e+01
   6.0565000e-03   2.3700000e+01  -7.2902000e+01
   6.0565000e-03   2.0700000e+01  -7.3034000e+01
   6.0565000e-03   1.7700000e+01  -7.3113000e+01
   6.0565000e-03   1.4700000e+01  -7.3139000e+01
   6.0565000e-03   1.1700000e+01  -7.3114000e+01
   6.0565000e-03   8.7000000e+00  -7.3037000e+01
   6.0565000e-03   5.7000000e+00  -7.2910000e+01
   6.0565000e-03   2.7000000e+00  -7.2734000e+01
   6.0565000e-03  -3.0000000e-01  -7.2509000e+01
   6.0565000e-03  -3.3000000e+00  -7.2237000e+01
   6.0565000e-03  -6.3000000e+00  -7.1918000e+01
   6.0565000e-03  -9.3000000e+00  -7.1553000e+01
   6.0565000e-03  -1.2300000e+01  -7.1144000e+01
   6.0565000e-03  -1.5300000e+01  -7.0691000e+01
   6.0565000e-03  -1.8300000e+01  -7.0195000e+01
   6.0565000e-03  -2.1300000e+01  -6.9658000e+01
   6.0565000e-03  -2.4300000e+01  -6.9082000e+01
   6.0565000e-03  -2.7300000e+01  -6.8466000e+01
   6.2550000e-03  -3.0000000e+01  -6.7988000e+01
   6.2550000e-03  -2.7000000e+01  -6.8644000e+01
   6.2550000e-03  -2.4000000e+01  -6.9262000e+01
   6.2550000e-03  -2.1000000e+01  -6.9841000e+01
   6.2550000e-03  -1.8000000e+01  -7.0380000e+01
   6.2550000e-03  -1.5000000e+01  -7.0878000e+01
   6.2550000e-03  -1.2000000e+01  -7.1332000e+01
   6.2550000e-03  -9.0000000e+00  -7.1743000e+01
   6.2550000e-03  -6.0000000e+00  -7.2110000e+01
   6.2550000e-03  -3.0000000e+00  -7.2430000e+01
   6.2550000e-03  -1.3323000e-15  -7.2703000e+01
   6.2550000e-03   3.0000000e+00  -7.2929000e+01
   6.2550000e-03   6.0000000e+00  -7.3107000e+01
   6.2550000e-03   9.0000000e+00  -7.3234000e+01
   6.2550000e-03   1.2000000e+01  -7.3312000e+01
   6.2550000e-03   1.5000000e+01  -7.3339000e+01
   6.2550000e-03   1.8000000e+01  -7.3314000e+01
   6.2550000e-03   2.1000000e+01  -7.3237000e+01
   6.2550000e-03   2.4000000e+01  -7.3106000e+01
   6.2550000e-03   2.7000000e+01  -7.2921000e+01
   6.2550000e-03   3.0000000e+01  -7.2680000e+01
   6.4535000e-03   2.7300000e+01  -7.3114000e+01
   6.4535000e-03   2.4300000e+01  -7.3298000e+01
   6.4535000e-03   2.1300000e+01  -7.3428000e+01
   6.4535000e-03   1.8300000e+01  -7.3505000e+01
   6.4535000e-03   1.5300000e+01  -7.3529000e+01
   6.4535000e-03   1.2300000e+01  -7.3501000e+01
   6.4535000e-03   9.3000000e+00  -7.3423000e+01
   6.4535000e-03   6.3000000e+00  -7.3294000e+01
   6.4535000e-03   3.3000000e+00  -7.3116000e+01
   6.4535000e-03   3.0000000e-01  -7.2890000e+01
   6.4535000e-03  -2.7000000e+00  -7.2616000e+01
   6.4535000e-03  -5.7000000e+00  -7.2294000e+01
   6.4535000e-03  -8.7000000e+00  -7.1927000e+01
   6.4535000e-03  -1.1700000e+01  -7.1515000e+01
   6.4535000e-03  -1.4700000e+01  -7.1058000e+01
   6.4535000e-03  -1.7700000e+01  -7.0559000e+01
   6.4535000e-03  -2.0700000e+01  -7.0019000e+01
   6.4535000e-03  -2.3700000e+01  -6.9437000e+01
   6.4535000e-03  -2.6700000e+01  -6.8817000e+01
   6.4535000e-03  -2.9700000e+01  -6.8158000e+01
   6.6520000e-03  -2.7600000e+01  -6.8725000e+01
   6.6520000e-03  -2.4600000e+01  -6.9363000e+01
   6.6520000e-03  -2.1600000e+01  -6.9962000e+01
   6.6520000e-03  -1.8600000e+01  -7.0521000e+01
   6.6520000e-03  -1.5600000e+01  -7.1039000e+01
   6.6520000e-03  -1.2600000e+01  -7.1513000e+01
   6.6520000e-03  -9.6000000e+00  -7.1944000e+01
   6.6520000e-03  -6.6000000e+00  -7.2330000e+01
   6.6520000e-03  -3.6000000e+00  -7.2671000e+01
   6.6520000e-03  -6.0000000e-01  -7.2965000e+01
   6.6520000e-03   2.4000000e+00  -7.3211000e+01
   6.6520000e-03   5.4000000e+00  -7.3408000e+01
   6.6520000e-03   8.4000000e+00  -7.3557000e+01
   6.6520000e-03   1.1400000e+01  -7.3656000e+01
   6.6520000e-03   1.4400000e+01  -7.3704000e+01
   6.6520000e-03   1.7400000e+01  -7.3700000e+01
   6.6520000e-03   2.0400000e+01  -7.3645000e+01
   6.6520000e-03   2.3400000e+01  -7.3537000e+01
   6.6520000e-03   2.6400000e+01  -7.3375000e+01
   6.6520000e-03   2.9400000e+01  -7.3159000e+01
   6.8505000e-03   2.7900000e+01  -7.3463000e+01
   6.8505000e-03   2.4900000e+01  -7.3647000e+01
   6.8505000e-03   2.1900000e+01  -7.3777000e+01
   6.8505000e-03   1.8900000e+01  -7.3854000e+01
   6.8505000e-03   1.5900000e+01  -7.3878000e+01
   6.8505000e-03   1.2900000e+01  -7.3851000e+01
   6.8505000e-03   9.9000000e+00  -7.3773000e+01
   6.8505000e-03   6.9000000e+00  -7.3645000e+01
   6.8505000e-03   3.9000000e+00  -7.3467000e+01
   6.8505000e-03   9.0000000e-01  -7.3240000e+01
   6.8505000e-03  -2.1000000e+00  -7.2965000e+01
   6.8505000e-03  -5.1000000e+00  -7.2643000e+01
   6.8505000e-03  -8.1000000e+00  -7.2275000e+01
   6.8505000e-03  -1.1100000e+01  -7.1861000e+01
   6.8505000e-03  -1.4100000e+01  -7.1403000e+01
   6.8505000e-03  -1.7100000e+01  -7.0902000e+01
   6.8505000e-03  -2.0100000e+01  -7.0358000e+01
   6.8505000e-03  -2.3100000e+01  -6.9774000e+01
   6.8505000e-03  -2.6100000e+01  -6.9149000e+01
   6.8505000e-03  -2.9100000e+01  -6.8486000e+01
   7.0490000e-03  -2.8200000e+01  -6.8780000e+01
   7.0490000e-03  -2.5200000e+01  -6.9437000e+01
   7.0490000e-03  -2.2200000e+01  -7.0055000e+01
   7.0490000e-03  -1.9200000e+01  -7.0633000e+01
   7.0490000e-03  -1.6200000e+01  -7.1169000e+01
   7.0490000e-03  -1.3200000e+01  -7.1662000e+01
   7.0490000e-03  -1.0200000e+01  -7.2112000e+01
   7.0490000e-03  -7.2000000e+00  -7.2517000e+01
   7.0490000e-03  -4.2000000e+00  -7.2876000e+01
   7.0490000e-03  -1.2000000e+00  -7.3189000e+01
   7.0490000e-03   1.8000000e+00  -7.3454000e+01
   7.0490000e-03   4.8000000e+00  -7.3670000e+01
   7.0490000e-03   7.8000000e+00  -7.3837000e+01
   7.0490000e-03   1.0800000e+01  -7.3955000e+01
   7.0490000e-03   1.3800000e+01  -7.4022000e+01
   7.0490000e-03   1.6800000e+01  -7.4037000e+01
   7.0490000e-03   1.9800000e+01  -7.4001000e+01
   7.0490000e-03   2.2800000e+01  -7.3912000e+01
   7.0490000e-03   2.5800000e+01  -7.3770000e+01
   7.0490000e-03   2.8800000e+01  -7.3574000e+01
   7.2475000e-03   2.8500000e+01  -7.3759000e+01
   7.2475000e-03   2.5500000e+01  -7.3947000e+01
   7.2475000e-03   2.2500000e+01  -7.4081000e+01
   7.2475000e-03   1.9500000e+01  -7.4161000e+01
   7.2475000e-03   1.6500000e+01  -7.4189000e+01
   7.2475000e-03   1.3500000e+01  -7.4164000e+01
   7.2475000e-03   1.0500000e+01  -7.4089000e+01
   7.2475000e-03   7.5000000e+00  -7.3963000e+01
   7.2475000e-03   4.5000000e+00  -7.3787000e+01
   7.2475000e-03   1.5000000e+00  -7.3562000e+01
   7.2475000e-03  -1.5000000e+00  -7.3288000e+01
   7.2475000e-03  -4.5000000e+00  -7.2967000e+01
   7.2475000e-03  -7.5000000e+00  -7.2599000e+01
   7.2475000e-03  -1.0500000e+01  -7.2185000e+01
   7.2475000e-03  -1.3500000e+01  -7.1726000e+01
   7.2475000e-03  -1.6500000e+01  -7.1223000e+01
   7.2475000e-03  -1.9500000e+01  -7.0678000e+01
   7.2475000e-03  -2.2500000e+01  -7.0092000e+01
   7.2475000e-03  -2.5500000e+01  -6.9465000e+01
   7.2475000e-03  -2.8500000e+01  -6.8799000e+01
   7.4460000e-03  -2.8800000e+01  -6.8811000e+01
   7.4460000e-03  -2.5800000e+01  -6.9486000e+01
   7.4460000e-03  -2.2800000e+01  -7.0122000e+01
   7.4460000e-03  -1.9800000e+01  -7.0717000e+01
   7.4460000e-03  -1.6800000e+01  -7.1271000e+01
   7.4460000e-03  -1.3800000e+01  -7.1783000e+01
   7.4460000e-03  -1.0800000e+01  -7.2250000e+01
   7.4460000e-03  -7.8000000e+00  -7.2673000e+01
   7.4460000e-03  -4.8000000e+00  -7.3049000e+01
   7.4460000e-03  -1.8000000e+00  -7.3379000e+01
   7.4460000e-03   1.2000000e+00  -7.3661000e+01
   7.4460000e-03   4.2000000e+00  -7.3895000e+01
   7.4460000e-03   7.2000000e+00  -7.4079000e+01
   7.4460000e-03   1.0200000e+01  -7.4214000e+01
   7.4460000e-03   1.3200000e+01  -7.4297000e+01
   7.4460000e-03   1.6200000e+01  -7.4329000e+01
   7.4460000e-03   1.9200000e+01  -7.4310000e+01
   7.4460000e-03   2.2200000e+01  -7.4237000e+01
   7.4460000e-03   2.5200000e+01  -7.4111000e+01
   7.4460000e-03   2.8200000e+01  -7.3931000e+01
   7.6445000e-03   2.9100000e+01  -7.4005000e+01
   7.6445000e-03   2.6100000e+01  -7.4201000e+01
   7.6445000e-03   2.3100000e+01  -7.4341000e+01
   7.6445000e-03   2.0100000e+01  -7.4428000e+01
   7.6445000e-03   1.7100000e+01  -7.4461000e+01
   7.6445000e-03   1.4100000e+01  -7.4442000e+01
   7.6445000e-03   1.1100000e+01  -7.4372000e+01
   7.6445000e-03   8.1000000e+00  -7.4250000e+01
   7.6445000e-03   5.1000000e+00  -7.4077000e+01
   7.6445000e-03   2.1000000e+00  -7.3855000e+01
   7.6445000e-03  -9.0000000e-01  -7.3584000e+01
   7.6445000e-03  -3.9000000e+00  -7.3265000e+01
   7.6445000e-03  -6.9000000e+00  -7.2899000e+01
   7.6445000e-03  -9.9000000e+00  -7.2486000e+01
   7.6445000e-03  -1.2900000e+01  -7.2028000e+01
   7.6445000e-03  -1.5900000e+01  -7.1526000e+01
   7.6445000e-03  -1.8900000e+01  -7.0980000e+01
   7.6445000e-03  -2.1900000e+01  -7.0392000e+01
   7.6445000e-03  -2.4900000e+01  -6.9764000e+01
   7.6445000e-03  -2.7900000e+01  -6.9096000e+01
   7.8430000e-03  -2.9400000e+01  -6.8880000e+01
   7.8430000e-03  -2.6400000e+01  -6.9511000e+01
   7.8430000e-03  -2.3400000e+01  -7.0164000e+01
   7.8430000e-03  -2.0400000e+01  -7.0777000e+01
   7.8430000e-03  -1.7400000e+01  -7.1348000e+01
   7.8430000e-03  -1.4400000e+01  -7.1876000e+01
   7.8430000e-03  -1.1400000e+01  -7.2360000e+01
   7.8430000e-03  -8.4000000e+00  -7.2799000e+01
   7.8430000e-03  -5.4000000e+00  -7.3192000e+01
   7.8430000e-03  -2.4000000e+00  -7.3539000e+01
   7.8430000e-03   6.0000000e-01  -7.3837000e+01
   7.8430000e-03   3.6000000e+00  -7.4086000e+01
   7.8430000e-03   6.6000000e+00  -7.4286000e+01
   7.8430000e-03   9.6000000e+00  -7.4436000e+01
   7.8430000e-03   1.2600000e+01  -7.4534000e+01
   7.8430000e-03   1.5600000e+01  -7.4581000e+01
   7.8430000e-03   1.8600000e+01  -7.4575000e+01
   7.8430000e-03   2.1600000e+01  -7.4517000e+01
   7.8430000e-03   2.4600000e+01  -7.4404000e+01
   7.8430000e-03   2.7600000e+01  -7.4237000e+01
   8.0415000e-03   2.9700000e+01  -7.4202000e+01
   8.0415000e-03   2.6700000e+01  -7.4409000e+01
   8.0415000e-03   2.3700000e+01  -7.4560000e+01
   8.0415000e-03   2.0700000e+01  -7.4656000e+01
   8.0415000e-03   1.7700000e+01  -7.4698000e+01
   8.0415000e-03   1.4700000e+01  -7.4686000e+01
   8.0415000e-03   1.1700000e+01  -7.4622000e+01
   8.0415000e-03   8.7000000e+00  -7.4507000e+01
   8.0415000e-03   5.7000000e+00  -7.4340000e+01
   8.0415000e-03   2.7000000e+00  -7.4123000e+01
   8.0415000e-03  -3.0000000e-01  -7.3856000e+01
   8.0415000e-03  -3.3000000e+00  -7.3541000e+01
   8.0415000e-03  -6.3000000e+00  -7.3177000e+01
   8.0415000e-03  -9.3000000e+00  -7.2767000e+01
   8.0415000e-03  -1.2300000e+01  -7.2311000e+01
   8.0415000e-03  -1.5300000e+01  -7.1810000e+01
   8.0415000e-03  -1.8300000e+01  -7.1265000e+01
   8.0415000e-03  -2.1300000e+01  -7.0677000e+01
   8.0415000e-03  -2.4300000e+01  -7.0048000e+01
   8.0415000e-03  -2.7300000e+01  -6.9439000e+01
   8.2400000e-03  -3.0000000e+01  -6.9086000e+01
   8.2400000e-03  -2.7000000e+01  -6.9660000e+01
   8.2400000e-03  -2.4000000e+01  -7.0184000e+01
   8.2400000e-03  -2.1000000e+01  -7.0813000e+01
   8.2400000e-03  -1.8000000e+01  -7.1401000e+01
   8.2400000e-03  -1.5000000e+01  -7.1945000e+01
   8.2400000e-03  -1.2000000e+01  -7.2445000e+01
   8.2400000e-03  -9.0000000e+00  -7.2900000e+01
   8.2400000e-03  -6.0000000e+00  -7.3308000e+01
   8.2400000e-03  -3.0000000e+00  -7.3670000e+01
   8.2400000e-03  -1.3323000e-15  -7.3983000e+01
   8.2400000e-03   3.0000000e+00  -7.4247000e+01
   8.2400000e-03   6.0000000e+00  -7.4461000e+01
   8.2400000e-03   9.0000000e+00  -7.4624000e+01
   8.2400000e-03   1.2000000e+01  -7.4736000e+01
   8.2400000e-03   1.5000000e+01  -7.4796000e+01
   8.2400000e-03   1.8000000e+01  -7.4803000e+01
   8.2400000e-03   2.1000000e+01  -7.4756000e+01
   8.2400000e-03   2.4000000e+01  -7.4654000e+01
   8.2400000e-03   2.7000000e+01  -7.4497000e+01
   8.2400000e-03   3.0000000e+01  -7.4282000e+01
   8.4385000e-03   2.7300000e+01  -7.4574000e+01
   8.4385000e-03   2.4300000e+01  -7.4738000e+01
   8.4385000e-03   2.1300000e+01  -7.4846000e+01
   8.4385000e-03   1.8300000e+01  -7.4899000e+01
   8.4385000e-03   1.5300000e+01  -7.4898000e+01
   8.4385000e-03   1.2300000e+01  -7.4843000e+01
   8.4385000e-03   9.3000000e+00  -7.4735000e+01
   8.4385000e-03   6.3000000e+00  -7.4575000e+01
   8.4385000e-03   3.3000000e+00  -7.4365000e+01
   8.4385000e-03   3.0000000e-01  -7.4104000e+01
   8.4385000e-03  -2.7000000e+00  -7.3793000e+01
   8.4385000e-03  -5.7000000e+00  -7.3434000e+01
   8.4385000e-03  -8.7000000e+00  -7.3028000e+01
   8.4385000e-03  -1.1700000e+01  -7.2575000e+01
   8.4385000e-03  -1.4700000e+01  -7.2076000e+01
   8.4385000e-03  -1.7700000e+01  -7.1533000e+01
   8.4385000e-03  -2.0700000e+01  -7.0946000e+01
   8.4385000e-03  -2.3700000e+01  -7.0396000e+01
   8.4385000e-03  -2.6700000e+01  -6.9879000e+01
   8.4385000e-03  -2.9700000e+01  -6.9305000e+01
   8.6370000e-03  -2.7600000e+01  -6.9875000e+01
   8.6370000e-03  -2.4600000e+01  -7.0414000e+01
   8.6370000e-03  -2.1600000e+01  -7.0895000e+01
   8.6370000e-03  -1.8600000e+01  -7.1431000e+01
   8.6370000e-03  -1.5600000e+01  -7.1991000e+01
   8.6370000e-03  -1.2600000e+01  -7.2506000e+01
   8.6370000e-03  -9.6000000e+00  -7.2976000e+01
   8.6370000e-03  -6.6000000e+00  -7.3399000e+01
   8.6370000e-03  -3.6000000e+00  -7.3775000e+01
   8.6370000e-03  -6.0000000e-01  -7.4102000e+01
   8.6370000e-03   2.4000000e+00  -7.4380000e+01
   8.6370000e-03   5.4000000e+00  -7.4607000e+01
   8.6370000e-03   8.4000000e+00  -7.4783000e+01
   8.6370000e-03   1.1400000e+01  -7.4907000e+01
   8.6370000e-03   1.4400000e+01  -7.4978000e+01
   8.6370000e-03   1.7400000e+01  -7.4995000e+01
   8.6370000e-03   2.0400000e+01  -7.4958000e+01
   8.6370000e-03   2.3400000e+01  -7.4866000e+01
   8.6370000e-03   2.6400000e+01  -7.4716000e+01
   8.6370000e-03   2.9400000e+01  -7.4508000e+01
   8.8355000e-03   2.7900000e+01  -7.4696000e+01
   8.8355000e-03   2.4900000e+01  -7.4878000e+01
   8.8355000e-03   2.1900000e+01  -7.5001000e+01
   8.8355000e-03   1.8900000e+01  -7.5067000e+01
   8.8355000e-03   1.5900000e+01  -7.5078000e+01
   8.8355000e-03   1.2900000e+01  -7.5034000e+01
   8.8355000e-03   9.9000000e+00  -7.4936000e+01
   8.8355000e-03   6.9000000e+00  -7.4785000e+01
   8.8355000e-03   3.9000000e+00  -7.4583000e+01
   8.8355000e-03   9.0000000e-01  -7.4329000e+01
   8.8355000e-03  -2.1000000e+00  -7.4025000e+01
   8.8355000e-03  -5.1000000e+00  -7.3671000e+01
   8.8355000e-03  -8.1000000e+00  -7.3270000e+01
   8.8355000e-03  -1.1100000e+01  -7.2821000e+01
   8.8355000e-03  -1.4100000e+01  -7.2325000e+01
   8.8355000e-03  -1.7100000e+01  -7.1785000e+01
   8.8355000e-03  -2.0100000e+01  -7.1285000e+01
   8.8355000e-03  -2.3100000e+01  -7.0830000e+01
   8.8355000e-03  -2.6100000e+01  -7.0315000e+01
   8.8355000e-03  -2.9100000e+01  -6.9739000e+01
   9.0340000e-03  -2.8200000e+01  -7.0075000e+01
   9.0340000e-03  -2.5200000e+01  -7.0638000e+01
   9.0340000e-03  -2.2200000e+01  -7.1141000e+01
   9.0340000e-03  -1.9200000e+01  -7.1582000e+01
   9.0340000e-03  -1.6200000e+01  -7.2016000e+01
   9.0340000e-03  -1.3200000e+01  -7.2546000e+01
   9.0340000e-03  -1.0200000e+01  -7.3030000e+01
   9.0340000e-03  -7.2000000e+00  -7.3467000e+01
   9.0340000e-03  -4.2000000e+00  -7.3857000e+01
   9.0340000e-03  -1.2000000e+00  -7.4197000e+01
   9.0340000e-03   1.8000000e+00  -7.4487000e+01
   9.0340000e-03   4.8000000e+00  -7.4727000e+01
   9.0340000e-03   7.8000000e+00  -7.4914000e+01
   9.0340000e-03   1.0800000e+01  -7.5049000e+01
   9.0340000e-03   1.3800000e+01  -7.5131000e+01
   9.0340000e-03   1.6800000e+01  -7.5158000e+01
   9.0340000e-03   1.9800000e+01  -7.5129000e+01
   9.0340000e-03   2.2800000e+01  -7.5044000e+01
   9.0340000e-03   2.5800000e+01  -7.4900000e+01
   9.0340000e-03   2.8800000e+01  -7.4697000e+01
   9.2325000e-03   2.8500000e+01  -7.4780000e+01
   9.2325000e-03   2.5500000e+01  -7.4981000e+01
   9.2325000e-03   2.2500000e+01  -7.5121000e+01
   9.2325000e-03   1.9500000e+01  -7.5203000e+01
   9.2325000e-03   1.6500000e+01  -7.5228000e+01
   9.2325000e-03   1.3500000e+01  -7.5197000e+01
   9.2325000e-03   1.0500000e+01  -7.5111000e+01
   9.2325000e-03   7.5000000e+00  -7.4971000e+01
   9.2325000e-03   4.5000000e+00  -7.4777000e+01
   9.2325000e-03   1.5000000e+00  -7.4532000e+01
   9.2325000e-03  -1.5000000e+00  -7.4236000e+01
   9.2325000e-03  -4.5000000e+00  -7.3889000e+01
   9.2325000e-03  -7.5000000e+00  -7.3493000e+01
   9.2325000e-03  -1.0500000e+01  -7.3050000e+01
   9.2325000e-03  -1.3500000e+01  -7.2559000e+01
   9.2325000e-03  -1.6500000e+01  -7.2099000e+01
   9.2325000e-03  -1.9500000e+01  -7.1711000e+01
   9.2325000e-03  -2.2500000e+01  -7.1259000e+01
   9.2325000e-03  -2.5500000e+01  -7.0745000e+01
   9.2325000e-03  -2.8500000e+01  -7.0170000e+01
   9.4310000e-03  -2.8800000e+01  -7.0260000e+01
   9.4310000e-03  -2.5800000e+01  -7.0848000e+01
   9.4310000e-03  -2.2800000e+01  -7.1374000e+01
   9.4310000e-03  -1.9800000e+01  -7.1837000e+01
   9.4310000e-03  -1.6800000e+01  -7.2236000e+01
   9.4310000e-03  -1.3800000e+01  -7.2569000e+01
   9.4310000e-03  -1.0800000e+01  -7.3064000e+01
   9.4310000e-03  -7.8000000e+00  -7.3515000e+01
   9.4310000e-03  -4.8000000e+00  -7.3917000e+01
   9.4310000e-03  -1.8000000e+00  -7.4269000e+01
   9.4310000e-03   1.2000000e+00  -7.4572000e+01
   9.4310000e-03   4.2000000e+00  -7.4823000e+01
   9.4310000e-03   7.2000000e+00  -7.5021000e+01
   9.4310000e-03   1.0200000e+01  -7.5166000e+01
   9.4310000e-03   1.3200000e+01  -7.5257000e+01
   9.4310000e-03   1.6200000e+01  -7.5293000e+01
   9.4310000e-03   1.9200000e+01  -7.5271000e+01
   9.4310000e-03   2.2200000e+01  -7.5192000e+01
   9.4310000e-03   2.5200000e+01  -7.5054000e+01
   9.4310000e-03   2.8200000e+01  -7.4855000e+01
   9.6295000e-03   2.9100000e+01  -7.4826000e+01
   9.6295000e-03   2.6100000e+01  -7.5049000e+01
   9.6295000e-03   2.3100000e+01  -7.5210000e+01
   9.6295000e-03   2.0100000e+01  -7.5310000e+01
   9.6295000e-03   1.7100000e+01  -7.5351000e+01
   9.6295000e-03   1.4100000e+01  -7.5334000e+01
   9.6295000e-03   1.1100000e+01  -7.5261000e+01
   9.6295000e-03   8.1000000e+00  -7.5133000e+01
   9.6295000e-03   5.1000000e+00  -7.4951000e+01
   9.6295000e-03   2.1000000e+00  -7.4715000e+01
   9.6295000e-03  -9.0000000e-01  -7.4427000e+01
   9.6295000e-03  -3.9000000e+00  -7.4089000e+01
   9.6295000e-03  -6.9000000e+00  -7.3700000e+01
   9.6295000e-03  -9.9000000e+00  -7.3262000e+01
   9.6295000e-03  -1.2900000e+01  -7.2832000e+01
   9.6295000e-03  -1.5900000e+01  -7.2514000e+01
   9.6295000e-03  -1.8900000e+01  -7.2131000e+01
   9.6295000e-03  -2.1900000e+01  -7.1682000e+01
   9.6295000e-03  -2.4900000e+01  -7.1170000e+01
   9.6295000e-03  -2.7900000e+01  -7.0595000e+01
   9.8280000e-03  -2.9400000e+01  -7.0431000e+01
   9.8280000e-03  -2.6400000e+01  -7.1043000e+01
   9.8280000e-03  -2.3400000e+01  -7.1593000e+01
   9.8280000e-03  -2.0400000e+01  -7.2078000e+01
   9.8280000e-03  -1.7400000e+01  -7.2498000e+01
   9.8280000e-03  -1.4400000e+01  -7.2853000e+01
   9.8280000e-03  -1.1400000e+01  -7.3140000e+01
   9.8280000e-03  -8.4000000e+00  -7.3542000e+01
   9.8280000e-03  -5.4000000e+00  -7.3957000e+01
   9.8280000e-03  -2.4000000e+00  -7.4322000e+01
   9.8280000e-03   6.0000000e-01  -7.4636000e+01
   9.8280000e-03   3.6000000e+00  -7.4897000e+01
   9.8280000e-03   6.6000000e+00  -7.5106000e+01
   9.8280000e-03   9.6000000e+00  -7.5261000e+01
   9.8280000e-03   1.2600000e+01  -7.5360000e+01
   9.8280000e-03   1.5600000e+01  -7.5403000e+01
   9.8280000e-03   1.8600000e+01  -7.5389000e+01
   9.8280000e-03   2.1600000e+01  -7.5315000e+01
   9.8280000e-03   2.4600000e+01  -7.5181000e+01
   9.8280000e-03   2.7600000e+01  -7.4984000e+01
   1.0026000e-02   2.9700000e+01  -7.4837000e+01
   1.0026000e-02   2.6700000e+01  -7.5085000e+01
   1.0026000e-02   2.3700000e+01  -7.5267000e+01
   1.0026000e-02   2.0700000e+01  -7.5387000e+01
   1.0026000e-02   1.7700000e+01  -7.5446000e+01
   1.0026000e-02   1.4700000e+01  -7.5446000e+01
   1.0026000e-02   1.1700000e+01  -7.5388000e+01
   1.0026000e-02   8.7000000e+00  -7.5273000e+01
   1.0026000e-02   5.7000000e+00  -7.5103000e+01
   1.0026000e-02   2.7000000e+00  -7.4878000e+01
   1.0026000e-02  -3.0000000e-01  -7.4600000e+01
   1.0026000e-02  -3.3000000e+00  -7.4271000e+01
   1.0026000e-02  -6.3000000e+00  -7.3890000e+01
   1.0026000e-02  -9.3000000e+00  -7.3475000e+01
   1.0026000e-02  -1.2300000e+01  -7.3233000e+01
   1.0026000e-02  -1.5300000e+01  -7.2922000e+01
   1.0026000e-02  -1.8300000e+01  -7.2544000e+01
   1.0026000e-02  -2.1300000e+01  -7.2099000e+01
   1.0026000e-02  -2.4300000e+01  -7.1589000e+01
   1.0026000e-02  -2.7300000e+01  -7.1016000e+01
   1.0225000e-02  -3.0000000e+01  -7.0587000e+01
   1.0225000e-02  -2.7000000e+01  -7.1224000e+01
   1.0225000e-02  -2.4000000e+01  -7.1797000e+01
   1.0225000e-02  -2.1000000e+01  -7.2306000e+01
   1.0225000e-02  -1.8000000e+01  -7.2748000e+01
   1.0225000e-02  -1.5000000e+01  -7.3123000e+01
   1.0225000e-02  -1.2000000e+01  -7.3431000e+01
   1.0225000e-02  -9.0000000e+00  -7.3669000e+01
   1.0225000e-02  -6.0000000e+00  -7.3979000e+01
   1.0225000e-02  -3.0000000e+00  -7.4355000e+01
   1.0225000e-02  -1.3323000e-15  -7.4680000e+01
   1.0225000e-02   3.0000000e+00  -7.4953000e+01
   1.0225000e-02   6.0000000e+00  -7.5171000e+01
   1.0225000e-02   9.0000000e+00  -7.5335000e+01
   1.0225000e-02   1.2000000e+01  -7.5443000e+01
   1.0225000e-02   1.5000000e+01  -7.5493000e+01
   1.0225000e-02   1.8000000e+01  -7.5485000e+01
   1.0225000e-02   2.1000000e+01  -7.5416000e+01
   1.0225000e-02   2.4000000e+01  -7.5286000e+01
   1.0225000e-02   2.7000000e+01  -7.5091000e+01
   1.0225000e-02   3.0000000e+01  -7.4830000e+01
   1.0423000e-02   2.7300000e+01  -7.5090000e+01
   1.0423000e-02   2.4300000e+01  -7.5297000e+01
   1.0423000e-02   2.1300000e+01  -7.5438000e+01
   1.0423000e-02   1.8300000e+01  -7.5517000e+01
   1.0423000e-02   1.5300000e+01  -7.5534000e+01
   1.0423000e-02   1.2300000e+01  -7.5492000e+01
   1.0423000e-02   9.3000000e+00  -7.5392000e+01
   1.0423000e-02   6.3000000e+00  -7.5235000e+01
   1.0423000e-02   3.3000000e+00  -7.5022000e+01
   1.0423000e-02   3.0000000e-01  -7.4756000e+01
   1.0423000e-02  -2.7000000e+00  -7.4436000e+01
   1.0423000e-02  -5.7000000e+00  -7.4064000e+01
   1.0423000e-02  -8.7000000e+00  -7.3860000e+01
   1.0423000e-02  -1.1700000e+01  -7.3627000e+01
   1.0423000e-02  -1.4700000e+01  -7.3323000e+01
   1.0423000e-02  -1.7700000e+01  -7.2951000e+01
   1.0423000e-02  -2.0700000e+01  -7.2510000e+01
   1.0423000e-02  -2.3700000e+01  -7.2003000e+01
   1.0423000e-02  -2.6700000e+01  -7.1431000e+01
   1.0423000e-02  -2.9700000e+01  -7.0794000e+01
   1.0622000e-02  -2.7600000e+01  -7.1390000e+01
   1.0622000e-02  -2.4600000e+01  -7.1988000e+01
   1.0622000e-02  -2.1600000e+01  -7.2520000e+01
   1.0622000e-02  -1.8600000e+01  -7.2985000e+01
   1.0622000e-02  -1.5600000e+01  -7.3381000e+01
   1.0622000e-02  -1.2600000e+01  -7.3709000e+01
   1.0622000e-02  -9.6000000e+00  -7.3967000e+01
   1.0622000e-02  -6.6000000e+00  -7.4154000e+01
   1.0622000e-02  -3.6000000e+00  -7.4372000e+01
   1.0622000e-02  -6.0000000e-01  -7.4708000e+01
   1.0622000e-02   2.4000000e+00  -7.4990000e+01
   1.0622000e-02   5.4000000e+00  -7.5218000e+01
   1.0622000e-02   8.4000000e+00  -7.5390000e+01
   1.0622000e-02   1.1400000e+01  -7.5506000e+01
   1.0622000e-02   1.4400000e+01  -7.5563000e+01
   1.0622000e-02   1.7400000e+01  -7.5561000e+01
   1.0622000e-02   2.0400000e+01  -7.5497000e+01
   1.0622000e-02   2.3400000e+01  -7.5370000e+01
   1.0622000e-02   2.6400000e+01  -7.5178000e+01
   1.0622000e-02   2.9400000e+01  -7.4917000e+01
   1.0820000e-02   2.7900000e+01  -7.5067000e+01
   1.0820000e-02   2.4900000e+01  -7.5299000e+01
   1.0820000e-02   2.1900000e+01  -7.5463000e+01
   1.0820000e-02   1.8900000e+01  -7.5563000e+01
   1.0820000e-02   1.5900000e+01  -7.5599000e+01
   1.0820000e-02   1.2900000e+01  -7.5575000e+01
   1.0820000e-02   9.9000000e+00  -7.5490000e+01
   1.0820000e-02   6.9000000e+00  -7.5348000e+01
   1.0820000e-02   3.9000000e+00  -7.5149000e+01
   1.0820000e-02   9.0000000e-01  -7.4894000e+01
   1.0820000e-02  -2.1000000e+00  -7.4585000e+01
   1.0820000e-02  -5.1000000e+00  -7.4391000e+01
   1.0820000e-02  -8.1000000e+00  -7.4238000e+01
   1.0820000e-02  -1.1100000e+01  -7.4013000e+01
   1.0820000e-02  -1.4100000e+01  -7.3717000e+01
   1.0820000e-02  -1.7100000e+01  -7.3351000e+01
   1.0820000e-02  -2.0100000e+01  -7.2915000e+01
   1.0820000e-02  -2.3100000e+01  -7.2412000e+01
   1.0820000e-02  -2.6100000e+01  -7.1841000e+01
   1.0820000e-02  -2.9100000e+01  -7.1205000e+01
   1.1019000e-02  -2.8200000e+01  -7.1541000e+01
   1.1019000e-02  -2.5200000e+01  -7.2163000e+01
   1.1019000e-02  -2.2200000e+01  -7.2719000e+01
   1.1019000e-02  -1.9200000e+01  -7.3207000e+01
   1.1019000e-02  -1.6200000e+01  -7.3626000e+01
   1.1019000e-02  -1.3200000e+01  -7.3975000e+01
   1.1019000e-02  -1.0200000e+01  -7.4253000e+01
   1.1019000e-02  -7.2000000e+00  -7.4459000e+01
   1.1019000e-02  -4.2000000e+00  -7.4592000e+01
   1.1019000e-02  -1.2000000e+00  -7.4719000e+01
   1.1019000e-02   1.8000000e+00  -7.5011000e+01
   1.1019000e-02   4.8000000e+00  -7.5248000e+01
   1.1019000e-02   7.8000000e+00  -7.5429000e+01
   1.1019000e-02   1.0800000e+01  -7.5552000e+01
   1.1019000e-02   1.3800000e+01  -7.5616000e+01
   1.1019000e-02   1.6800000e+01  -7.5620000e+01
   1.1019000e-02   1.9800000e+01  -7.5561000e+01
   1.1019000e-02   2.2800000e+01  -7.5437000e+01
   1.1019000e-02   2.5800000e+01  -7.5247000e+01
   1.1019000e-02   2.8800000e+01  -7.4987000e+01
   1.1217000e-02   2.8500000e+01  -7.5016000e+01
   1.1217000e-02   2.5500000e+01  -7.5276000e+01
   1.1217000e-02   2.2500000e+01  -7.5465000e+01
   1.1217000e-02   1.9500000e+01  -7.5587000e+01
   1.1217000e-02   1.6500000e+01  -7.5643000e+01
   1.1217000e-02   1.3500000e+01  -7.5637000e+01
   1.1217000e-02   1.0500000e+01  -7.5570000e+01
   1.1217000e-02   7.5000000e+00  -7.5443000e+01
   1.1217000e-02   4.5000000e+00  -7.5258000e+01
   1.1217000e-02   1.5000000e+00  -7.5016000e+01
   1.1217000e-02  -1.5000000e+00  -7.4819000e+01
   1.1217000e-02  -4.5000000e+00  -7.4749000e+01
   1.1217000e-02  -7.5000000e+00  -7.4607000e+01
   1.1217000e-02  -1.0500000e+01  -7.4391000e+01
   1.1217000e-02  -1.3500000e+01  -7.4103000e+01
   1.1217000e-02  -1.6500000e+01  -7.3744000e+01
   1.1217000e-02  -1.9500000e+01  -7.3314000e+01
   1.1217000e-02  -2.2500000e+01  -7.2814000e+01
   1.1217000e-02  -2.5500000e+01  -7.2246000e+01
   1.1217000e-02  -2.8500000e+01  -7.1611000e+01
   1.1416000e-02  -2.8800000e+01  -7.1677000e+01
   1.1416000e-02  -2.5800000e+01  -7.2325000e+01
   1.1416000e-02  -2.2800000e+01  -7.2905000e+01
   1.1416000e-02  -1.9800000e+01  -7.3416000e+01
   1.1416000e-02  -1.6800000e+01  -7.3858000e+01
   1.1416000e-02  -1.3800000e+01  -7.4228000e+01
   1.1416000e-02  -1.0800000e+01  -7.4526000e+01
   1.1416000e-02  -7.8000000e+00  -7.4752000e+01
   1.1416000e-02  -4.8000000e+00  -7.4904000e+01
   1.1416000e-02  -1.8000000e+00  -7.4982000e+01
   1.1416000e-02   1.2000000e+00  -7.5018000e+01
   1.1416000e-02   4.2000000e+00  -7.5264000e+01
   1.1416000e-02   7.2000000e+00  -7.5453000e+01
   1.1416000e-02   1.0200000e+01  -7.5584000e+01
   1.1416000e-02   1.3200000e+01  -7.5654000e+01
   1.1416000e-02   1.6200000e+01  -7.5663000e+01
   1.1416000e-02   1.9200000e+01  -7.5609000e+01
   1.1416000e-02   2.2200000e+01  -7.5489000e+01
   1.1416000e-02   2.5200000e+01  -7.5301000e+01
   1.1416000e-02   2.8200000e+01  -7.5042000e+01
   1.1614000e-02   2.9100000e+01  -7.4941000e+01
   1.1614000e-02   2.6100000e+01  -7.5229000e+01
   1.1614000e-02   2.3100000e+01  -7.5444000e+01
   1.1614000e-02   2.0100000e+01  -7.5589000e+01
   1.1614000e-02   1.7100000e+01  -7.5667000e+01
   1.1614000e-02   1.4100000e+01  -7.5680000e+01
   1.1614000e-02   1.1100000e+01  -7.5631000e+01
   1.1614000e-02   8.1000000e+00  -7.5521000e+01
   1.1614000e-02   5.1000000e+00  -7.5351000e+01
   1.1614000e-02   2.1000000e+00  -7.5138000e+01
   1.1614000e-02  -9.0000000e-01  -7.5156000e+01
   1.1614000e-02  -3.9000000e+00  -7.5099000e+01
   1.1614000e-02  -6.9000000e+00  -7.4967000e+01
   1.1614000e-02  -9.9000000e+00  -7.4762000e+01
   1.1614000e-02  -1.2900000e+01  -7.4482000e+01
   1.1614000e-02  -1.5900000e+01  -7.4130000e+01
   1.1614000e-02  -1.8900000e+01  -7.3705000e+01
   1.1614000e-02  -2.1900000e+01  -7.3210000e+01
   1.1614000e-02  -2.4900000e+01  -7.2645000e+01
   1.1614000e-02  -2.7900000e+01  -7.2011000e+01
   1.1813000e-02  -2.9400000e+01  -7.1797000e+01
   1.1813000e-02  -2.6400000e+01  -7.2471000e+01
   1.1813000e-02  -2.3400000e+01  -7.3076000e+01
   1.1813000e-02  -2.0400000e+01  -7.3612000e+01
   1.1813000e-02  -1.7400000e+01  -7.4076000e+01
   1.1813000e-02  -1.4400000e+01  -7.4468000e+01
   1.1813000e-02  -1.1400000e+01  -7.4788000e+01
   1.1813000e-02  -8.4000000e+00  -7.5033000e+01
   1.1813000e-02  -5.4000000e+00  -7.5204000e+01
   1.1813000e-02  -2.4000000e+00  -7.5300000e+01
   1.1813000e-02   6.0000000e-01  -7.5320000e+01
   1.1813000e-02   3.6000000e+00  -7.5266000e+01
   1.1813000e-02   6.6000000e+00  -7.5463000e+01
   1.1813000e-02   9.6000000e+00  -7.5601000e+01
   1.1813000e-02   1.2600000e+01  -7.5679000e+01
   1.1813000e-02   1.5600000e+01  -7.5693000e+01
   1.1813000e-02   1.8600000e+01  -7.5644000e+01
   1.1813000e-02   2.1600000e+01  -7.5528000e+01
   1.1813000e-02   2.4600000e+01  -7.5342000e+01
   1.1813000e-02   2.7600000e+01  -7.5085000e+01
   1.2011000e-02   2.9700000e+01  -7.4843000e+01
   1.2011000e-02   2.6700000e+01  -7.5160000e+01
   1.2011000e-02   2.3700000e+01  -7.5401000e+01
   1.2011000e-02   2.0700000e+01  -7.5571000e+01
   1.2011000e-02   1.7700000e+01  -7.5671000e+01
   1.2011000e-02   1.4700000e+01  -7.5705000e+01
   1.2011000e-02   1.1700000e+01  -7.5675000e+01
   1.2011000e-02   8.7000000e+00  -7.5582000e+01
   1.2011000e-02   5.7000000e+00  -7.5428000e+01
   1.2011000e-02   2.7000000e+00  -7.5452000e+01
   1.2011000e-02  -3.0000000e-01  -7.5484000e+01
   1.2011000e-02  -3.3000000e+00  -7.5440000e+01
   1.2011000e-02  -6.3000000e+00  -7.5320000e+01
   1.2011000e-02  -9.3000000e+00  -7.5124000e+01
   1.2011000e-02  -1.2300000e+01  -7.4853000e+01
   1.2011000e-02  -1.5300000e+01  -7.4509000e+01
   1.2011000e-02  -1.8300000e+01  -7.4090000e+01
   1.2011000e-02  -2.1300000e+01  -7.3600000e+01
   1.2011000e-02  -2.4300000e+01  -7.3038000e+01
   1.2011000e-02  -2.7300000e+01  -7.2406000e+01
   1.2210000e-02  -3.0000000e+01  -7.1949000e+01
   1.2210000e-02  -2.7000000e+01  -7.2639000e+01
   1.2210000e-02  -2.4000000e+01  -7.3258000e+01
   1.2210000e-02  -2.1000000e+01  -7.3805000e+01
   1.2210000e-02  -1.8000000e+01  -7.4280000e+01
   1.2210000e-02  -1.5000000e+01  -7.4695000e+01
   1.2210000e-02  -1.2000000e+01  -7.5036000e+01
   1.2210000e-02  -9.0000000e+00  -7.5302000e+01
   1.2210000e-02  -6.0000000e+00  -7.5492000e+01
   1.2210000e-02  -3.0000000e+00  -7.5607000e+01
   1.2210000e-02  -1.3323000e-15  -7.5644000e+01
   1.2210000e-02   3.0000000e+00  -7.5606000e+01
   1.2210000e-02   6.0000000e+00  -7.5490000e+01
   1.2210000e-02   9.0000000e+00  -7.5606000e+01
   1.2210000e-02   1.2000000e+01  -7.5690000e+01
   1.2210000e-02   1.5000000e+01  -7.5711000e+01
   1.2210000e-02   1.8000000e+01  -7.5667000e+01
   1.2210000e-02   2.1000000e+01  -7.5554000e+01
   1.2210000e-02   2.4000000e+01  -7.5372000e+01
   1.2210000e-02   2.7000000e+01  -7.5117000e+01
   1.2210000e-02   3.0000000e+01  -7.4785000e+01
   1.2408000e-02   2.7300000e+01  -7.5069000e+01
   1.2408000e-02   2.4300000e+01  -7.5338000e+01
   1.2408000e-02   2.1300000e+01  -7.5534000e+01
   1.2408000e-02   1.8300000e+01  -7.5671000e+01
   1.2408000e-02   1.5300000e+01  -7.5741000e+01
   1.2408000e-02   1.2300000e+01  -7.5745000e+01
   1.2408000e-02   9.3000000e+00  -7.5686000e+01
   1.2408000e-02   6.3000000e+00  -7.5705000e+01
   1.2408000e-02   3.3000000e+00  -7.5844000e+01
   1.2408000e-02   3.0000000e-01  -7.5905000e+01
   1.2408000e-02  -2.7000000e+00  -7.5889000e+01
   1.2408000e-02  -5.7000000e+00  -7.5795000e+01
   1.2408000e-02  -8.7000000e+00  -7.5624000e+01
   1.2408000e-02  -1.1700000e+01  -7.5376000e+01
   1.2408000e-02  -1.4700000e+01  -7.5051000e+01
   1.2408000e-02  -1.7700000e+01  -7.4651000e+01
   1.2408000e-02  -2.0700000e+01  -7.4175000e+01
   1.2408000e-02  -2.3700000e+01  -7.3626000e+01
   1.2408000e-02  -2.6700000e+01  -7.3004000e+01
   1.2408000e-02  -2.9700000e+01  -7.2310000e+01
   1.2607000e-02  -2.7600000e+01  -7.3098000e+01
   1.2607000e-02  -2.4600000e+01  -7.3752000e+01
   1.2607000e-02  -2.1600000e+01  -7.4333000e+01
   1.2607000e-02  -1.8600000e+01  -7.4839000e+01
   1.2607000e-02  -1.5600000e+01  -7.5269000e+01
   1.2607000e-02  -1.2600000e+01  -7.5622000e+01
   1.2607000e-02  -9.6000000e+00  -7.5898000e+01
   1.2607000e-02  -6.6000000e+00  -7.6097000e+01
   1.2607000e-02  -3.6000000e+00  -7.6216000e+01
   1.2607000e-02  -6.0000000e-01  -7.6258000e+01
   1.2607000e-02   2.4000000e+00  -7.6220000e+01
   1.2607000e-02   5.4000000e+00  -7.6104000e+01
   1.2607000e-02   8.4000000e+00  -7.5910000e+01
   1.2607000e-02   1.1400000e+01  -7.5934000e+01
   1.2607000e-02   1.4400000e+01  -7.5943000e+01
   1.2607000e-02   1.7400000e+01  -7.5886000e+01
   1.2607000e-02   2.0400000e+01  -7.5760000e+01
   1.2607000e-02   2.3400000e+01  -7.5564000e+01
   1.2607000e-02   2.6400000e+01  -7.5295000e+01
   1.2607000e-02   2.9400000e+01  -7.4949000e+01
   1.2805000e-02   2.7900000e+01  -7.5280000e+01
   1.2805000e-02   2.4900000e+01  -7.5599000e+01
   1.2805000e-02   2.1900000e+01  -7.5842000e+01
   1.2805000e-02   1.8900000e+01  -7.6011000e+01
   1.2805000e-02   1.5900000e+01  -7.6110000e+01
   1.2805000e-02   1.2900000e+01  -7.6140000e+01
   1.2805000e-02   9.9000000e+00  -7.6127000e+01
   1.2805000e-02   6.9000000e+00  -7.6363000e+01
   1.2805000e-02   3.9000000e+00  -7.6520000e+01
   1.2805000e-02   9.0000000e-01  -7.6596000e+01
   1.2805000e-02  -2.1000000e+00  -7.6593000e+01
   1.2805000e-02  -5.1000000e+00  -7.6510000e+01
   1.2805000e-02  -8.1000000e+00  -7.6348000e+01
   1.2805000e-02  -1.1100000e+01  -7.6106000e+01
   1.2805000e-02  -1.4100000e+01  -7.5786000e+01
   1.2805000e-02  -1.7100000e+01  -7.5387000e+01
   1.2805000e-02  -2.0100000e+01  -7.4912000e+01
   1.2805000e-02  -2.3100000e+01  -7.4359000e+01
   1.2805000e-02  -2.6100000e+01  -7.3732000e+01
   1.2805000e-02  -2.9100000e+01  -7.3031000e+01
   1.3004000e-02  -2.8200000e+01  -7.3537000e+01
   1.3004000e-02  -2.5200000e+01  -7.4227000e+01
   1.3004000e-02  -2.2200000e+01  -7.4841000e+01
   1.3004000e-02  -1.9200000e+01  -7.5379000e+01
   1.3004000e-02  -1.6200000e+01  -7.5839000e+01
   1.3004000e-02  -1.3200000e+01  -7.6220000e+01
   1.3004000e-02  -1.0200000e+01  -7.6522000e+01
   1.3004000e-02  -7.2000000e+00  -7.6745000e+01
   1.3004000e-02  -4.2000000e+00  -7.6886000e+01
   1.3004000e-02  -1.2000000e+00  -7.6947000e+01
   1.3004000e-02   1.8000000e+00  -7.6927000e+01
   1.3004000e-02   4.8000000e+00  -7.6826000e+01
   1.3004000e-02   7.8000000e+00  -7.6644000e+01
   1.3004000e-02   1.0800000e+01  -7.6382000e+01
   1.3004000e-02   1.3800000e+01  -7.6328000e+01
   1.3004000e-02   1.6800000e+01  -7.6270000e+01
   1.3004000e-02   1.9800000e+01  -7.6142000e+01
   1.3004000e-02   2.2800000e+01  -7.5942000e+01
   1.3004000e-02   2.5800000e+01  -7.5666000e+01
   1.3004000e-02   2.8800000e+01  -7.5312000e+01
   1.3202000e-02   2.8500000e+01  -7.5492000e+01
   1.3202000e-02   2.5500000e+01  -7.5850000e+01
   1.3202000e-02   2.2500000e+01  -7.6129000e+01
   1.3202000e-02   1.9500000e+01  -7.6331000e+01
   1.3202000e-02   1.6500000e+01  -7.6460000e+01
   1.3202000e-02   1.3500000e+01  -7.6517000e+01
   1.3202000e-02   1.0500000e+01  -7.6751000e+01
   1.3202000e-02   7.5000000e+00  -7.7008000e+01
   1.3202000e-02   4.5000000e+00  -7.7182000e+01
   1.3202000e-02   1.5000000e+00  -7.7276000e+01
   1.3202000e-02  -1.5000000e+00  -7.7287000e+01
   1.3202000e-02  -4.5000000e+00  -7.7216000e+01
   1.3202000e-02  -7.5000000e+00  -7.7063000e+01
   1.3202000e-02  -1.0500000e+01  -7.6828000e+01
   1.3202000e-02  -1.3500000e+01  -7.6513000e+01
   1.3202000e-02  -1.6500000e+01  -7.6117000e+01
   1.3202000e-02  -1.9500000e+01  -7.5642000e+01
   1.3202000e-02  -2.2500000e+01  -7.5088000e+01
   1.3202000e-02  -2.5500000e+01  -7.4456000e+01
   1.3202000e-02  -2.8500000e+01  -7.3748000e+01
   1.3401000e-02  -2.8800000e+01  -7.3954000e+01
   1.3401000e-02  -2.5800000e+01  -7.4681000e+01
   1.3401000e-02  -2.2800000e+01  -7.5330000e+01
   1.3401000e-02  -1.9800000e+01  -7.5900000e+01
   1.3401000e-02  -1.6800000e+01  -7.6391000e+01
   1.3401000e-02  -1.3800000e+01  -7.6801000e+01
   1.3401000e-02  -1.0800000e+01  -7.7130000e+01
   1.3401000e-02  -7.8000000e+00  -7.7377000e+01
   1.3401000e-02  -4.8000000e+00  -7.7541000e+01
   1.3401000e-02  -1.8000000e+00  -7.7623000e+01
   1.3401000e-02   1.2000000e+00  -7.7621000e+01
   1.3401000e-02   4.2000000e+00  -7.7536000e+01
   1.3401000e-02   7.2000000e+00  -7.7368000e+01
   1.3401000e-02   1.0200000e+01  -7.7118000e+01
   1.3401000e-02   1.3200000e+01  -7.6785000e+01
   1.3401000e-02   1.6200000e+01  -7.6648000e+01
   1.3401000e-02   1.9200000e+01  -7.6519000e+01
   1.3401000e-02   2.2200000e+01  -7.6315000e+01
   1.3401000e-02   2.5200000e+01  -7.6033000e+01
   1.3401000e-02   2.8200000e+01  -7.5672000e+01
   1.3599000e-02   2.9100000e+01  -7.5682000e+01
   1.3599000e-02   2.6100000e+01  -7.6080000e+01
   1.3599000e-02   2.3100000e+01  -7.6395000e+01
   1.3599000e-02   2.0100000e+01  -7.6632000e+01
   1.3599000e-02   1.7100000e+01  -7.6791000e+01
   1.3599000e-02   1.4100000e+01  -7.7000000e+01
   1.3599000e-02   1.1100000e+01  -7.7361000e+01
   1.3599000e-02   8.1000000e+00  -7.7638000e+01
   1.3599000e-02   5.1000000e+00  -7.7833000e+01
   1.3599000e-02   2.1000000e+00  -7.7943000e+01
   1.3599000e-02  -9.0000000e-01  -7.7969000e+01
   1.3599000e-02  -3.9000000e+00  -7.7910000e+01
   1.3599000e-02  -6.9000000e+00  -7.7768000e+01
   1.3599000e-02  -9.9000000e+00  -7.7542000e+01
   1.3599000e-02  -1.2900000e+01  -7.7233000e+01
   1.3599000e-02  -1.5900000e+01  -7.6840000e+01
   1.3599000e-02  -1.8900000e+01  -7.6366000e+01
   1.3599000e-02  -2.1900000e+01  -7.5811000e+01
   1.3599000e-02  -2.4900000e+01  -7.5176000e+01
   1.3599000e-02  -2.7900000e+01  -7.4462000e+01
   1.3798000e-02  -2.9400000e+01  -7.4351000e+01
   1.3798000e-02  -2.6400000e+01  -7.5114000e+01
   1.3798000e-02  -2.3400000e+01  -7.5799000e+01
   1.3798000e-02  -2.0400000e+01  -7.6403000e+01
   1.3798000e-02  -1.7400000e+01  -7.6925000e+01
   1.3798000e-02  -1.4400000e+01  -7.7365000e+01
   1.3798000e-02  -1.1400000e+01  -7.7722000e+01
   1.3798000e-02  -8.4000000e+00  -7.7994000e+01
   1.3798000e-02  -5.4000000e+00  -7.8182000e+01
   1.3798000e-02  -2.4000000e+00  -7.8285000e+01
   1.3798000e-02   6.0000000e-01  -7.8302000e+01
   1.3798000e-02   3.6000000e+00  -7.8234000e+01
   1.3798000e-02   6.6000000e+00  -7.8081000e+01
   1.3798000e-02   9.6000000e+00  -7.7843000e+01
   1.3798000e-02   1.2600000e+01  -7.7521000e+01
   1.3798000e-02   1.5600000e+01  -7.7114000e+01
   1.3798000e-02   1.8600000e+01  -7.6889000e+01
   1.3798000e-02   2.1600000e+01  -7.6683000e+01
   1.3798000e-02   2.4600000e+01  -7.6397000e+01
   1.3798000e-02   2.7600000e+01  -7.6030000e+01
   1.3996000e-02   2.9700000e+01  -7.5850000e+01
   1.3996000e-02   2.6700000e+01  -7.6289000e+01
   1.3996000e-02   2.3700000e+01  -7.6642000e+01
   1.3996000e-02   2.0700000e+01  -7.6913000e+01
   1.3996000e-02   1.7700000e+01  -7.7105000e+01
   1.3996000e-02   1.4700000e+01  -7.7570000e+01
   1.3996000e-02   1.1700000e+01  -7.7955000e+01
   1.3996000e-02   8.7000000e+00  -7.8255000e+01
   1.3996000e-02   5.7000000e+00  -7.8470000e+01
   1.3996000e-02   2.7000000e+00  -7.8598000e+01
   1.3996000e-02  -3.0000000e-01  -7.8639000e+01
   1.3996000e-02  -3.3000000e+00  -7.8595000e+01
   1.3996000e-02  -6.3000000e+00  -7.8464000e+01
   1.3996000e-02  -9.3000000e+00  -7.8247000e+01
   1.3996000e-02  -1.2300000e+01  -7.7944000e+01
   1.3996000e-02  -1.5300000e+01  -7.7556000e+01
   1.3996000e-02  -1.8300000e+01  -7.7084000e+01
   1.3996000e-02  -2.1300000e+01  -7.6529000e+01
   1.3996000e-02  -2.4300000e+01  -7.5891000e+01
   1.3996000e-02  -2.7300000e+01  -7.5173000e+01
   1.4195000e-02  -3.0000000e+01  -7.4725000e+01
   1.4195000e-02  -2.7000000e+01  -7.5527000e+01
   1.4195000e-02  -2.4000000e+01  -7.6247000e+01
   1.4195000e-02  -2.1000000e+01  -7.6886000e+01
   1.4195000e-02  -1.8000000e+01  -7.7441000e+01
   1.4195000e-02  -1.5000000e+01  -7.7911000e+01
   1.4195000e-02  -1.2000000e+01  -7.8297000e+01
   1.4195000e-02  -9.0000000e+00  -7.8596000e+01
   1.4195000e-02  -6.0000000e+00  -7.8808000e+01
   1.4195000e-02  -3.0000000e+00  -7.8933000e+01
   1.4195000e-02  -1.3323000e-15  -7.8970000e+01
   1.4195000e-02   3.0000000e+00  -7.8921000e+01
   1.4195000e-02   6.0000000e+00  -7.8783000e+01
   1.4195000e-02   9.0000000e+00  -7.8559000e+01
   1.4195000e-02   1.2000000e+01  -7.8247000e+01
   1.4195000e-02   1.5000000e+01  -7.7850000e+01
   1.4195000e-02   1.8000000e+01  -7.7367000e+01
   1.4195000e-02   2.1000000e+01  -7.7047000e+01
   1.4195000e-02   2.4000000e+01  -7.6759000e+01
   1.4195000e-02   2.7000000e+01  -7.6386000e+01
   1.4195000e-02   3.0000000e+01  -7.5927000e+01
   1.4393000e-02   2.7300000e+01  -7.6478000e+01
   1.4393000e-02   2.4300000e+01  -7.6870000e+01
   1.4393000e-02   2.1300000e+01  -7.7177000e+01
   1.4393000e-02   1.8300000e+01  -7.7628000e+01
   1.4393000e-02   1.5300000e+01  -7.8125000e+01
   1.4393000e-02   1.2300000e+01  -7.8535000e+01
   1.4393000e-02   9.3000000e+00  -7.8858000e+01
   1.4393000e-02   6.3000000e+00  -7.9093000e+01
   1.4393000e-02   3.3000000e+00  -7.9240000e+01
   1.4393000e-02   3.0000000e-01  -7.9298000e+01
   1.4393000e-02  -2.7000000e+00  -7.9268000e+01
   1.4393000e-02  -5.7000000e+00  -7.9149000e+01
   1.4393000e-02  -8.7000000e+00  -7.8942000e+01
   1.4393000e-02  -1.1700000e+01  -7.8647000e+01
   1.4393000e-02  -1.4700000e+01  -7.8265000e+01
   1.4393000e-02  -1.7700000e+01  -7.7796000e+01
   1.4393000e-02  -2.0700000e+01  -7.7241000e+01
   1.4393000e-02  -2.3700000e+01  -7.6602000e+01
   1.4393000e-02  -2.6700000e+01  -7.5880000e+01
   1.4393000e-02  -2.9700000e+01  -7.5075000e+01
   1.4592000e-02  -2.7600000e+01  -7.5918000e+01
   1.4592000e-02  -2.4600000e+01  -7.6676000e+01
   1.4592000e-02  -2.1600000e+01  -7.7350000e+01
   1.4592000e-02  -1.8600000e+01  -7.7938000e+01
   1.4592000e-02  -1.5600000e+01  -7.8440000e+01
   1.4592000e-02  -1.2600000e+01  -7.8854000e+01
   1.4592000e-02  -9.6000000e+00  -7.9181000e+01
   1.4592000e-02  -6.6000000e+00  -7.9418000e+01
   1.4592000e-02  -3.6000000e+00  -7.9566000e+01
   1.4592000e-02  -6.0000000e-01  -7.9625000e+01
   1.4592000e-02   2.4000000e+00  -7.9594000e+01
   1.4592000e-02   5.4000000e+00  -7.9474000e+01
   1.4592000e-02   8.4000000e+00  -7.9263000e+01
   1.4592000e-02   1.1400000e+01  -7.8964000e+01
   1.4592000e-02   1.4400000e+01  -7.8576000e+01
   1.4592000e-02   1.7400000e+01  -7.8101000e+01
   1.4592000e-02   2.0400000e+01  -7.7538000e+01
   1.4592000e-02   2.3400000e+01  -7.7117000e+01
   1.4592000e-02   2.6400000e+01  -7.6741000e+01
   1.4592000e-02   2.9400000e+01  -7.6276000e+01
   1.4790000e-02   2.7900000e+01  -7.6649000e+01
   1.4790000e-02   2.4900000e+01  -7.7080000e+01
   1.4790000e-02   2.1900000e+01  -7.7528000e+01
   1.4790000e-02   1.8900000e+01  -7.8140000e+01
   1.4790000e-02   1.5900000e+01  -7.8664000e+01
   1.4790000e-02   1.2900000e+01  -7.9100000e+01
   1.4790000e-02   9.9000000e+00  -7.9447000e+01
   1.4790000e-02   6.9000000e+00  -7.9704000e+01
   1.4790000e-02   3.9000000e+00  -7.9870000e+01
   1.4790000e-02   9.0000000e-01  -7.9946000e+01
   1.4790000e-02  -2.1000000e+00  -7.9930000e+01
   1.4790000e-02  -5.1000000e+00  -7.9825000e+01
   1.4790000e-02  -8.1000000e+00  -7.9628000e+01
   1.4790000e-02  -1.1100000e+01  -7.9342000e+01
   1.4790000e-02  -1.4100000e+01  -7.8966000e+01
   1.4790000e-02  -1.7100000e+01  -7.8501000e+01
   1.4790000e-02  -2.0100000e+01  -7.7948000e+01
   1.4790000e-02  -2.3100000e+01  -7.7308000e+01
   1.4790000e-02  -2.6100000e+01  -7.6582000e+01
   1.4790000e-02  -2.9100000e+01  -7.5772000e+01
   1.4989000e-02  -2.8200000e+01  -7.6289000e+01
   1.4989000e-02  -2.5200000e+01  -7.7084000e+01
   1.4989000e-02  -2.2200000e+01  -7.7794000e+01
   1.4989000e-02  -1.9200000e+01  -7.8416000e+01
   1.4989000e-02  -1.6200000e+01  -7.8950000e+01
   1.4989000e-02  -1.3200000e+01  -7.9395000e+01
   1.4989000e-02  -1.0200000e+01  -7.9749000e+01
   1.4989000e-02  -7.2000000e+00  -8.0013000e+01
   1.4989000e-02  -4.2000000e+00  -8.0186000e+01
   1.4989000e-02  -1.2000000e+00  -8.0266000e+01
   1.4989000e-02   1.8000000e+00  -8.0255000e+01
   1.4989000e-02   4.8000000e+00  -8.0152000e+01
   1.4989000e-02   7.8000000e+00  -7.9957000e+01
   1.4989000e-02   1.0800000e+01  -7.9671000e+01
   1.4989000e-02   1.3800000e+01  -7.9294000e+01
   1.4989000e-02   1.6800000e+01  -7.8827000e+01
   1.4989000e-02   1.9800000e+01  -7.8271000e+01
   1.4989000e-02   2.2800000e+01  -7.7626000e+01
   1.4989000e-02   2.5800000e+01  -7.7095000e+01
   1.4989000e-02   2.8800000e+01  -7.6626000e+01
   1.5187000e-02   2.8500000e+01  -7.6801000e+01
   1.5187000e-02   2.5500000e+01  -7.7271000e+01
   1.5187000e-02   2.2500000e+01  -7.7992000e+01
   1.5187000e-02   1.9500000e+01  -7.8635000e+01
   1.5187000e-02   1.6500000e+01  -7.9187000e+01
   1.5187000e-02   1.3500000e+01  -7.9650000e+01
   1.5187000e-02   1.0500000e+01  -8.0021000e+01
   1.5187000e-02   7.5000000e+00  -8.0300000e+01
   1.5187000e-02   4.5000000e+00  -8.0487000e+01
   1.5187000e-02   1.5000000e+00  -8.0581000e+01
   1.5187000e-02  -1.5000000e+00  -8.0582000e+01
   1.5187000e-02  -4.5000000e+00  -8.0489000e+01
   1.5187000e-02  -7.5000000e+00  -8.0305000e+01
   1.5187000e-02  -1.0500000e+01  -8.0028000e+01
   1.5187000e-02  -1.3500000e+01  -7.9659000e+01
   1.5187000e-02  -1.6500000e+01  -7.9198000e+01
   1.5187000e-02  -1.9500000e+01  -7.8648000e+01
   1.5187000e-02  -2.2500000e+01  -7.8008000e+01
   1.5187000e-02  -2.5500000e+01  -7.7280000e+01
   1.5187000e-02  -2.8500000e+01  -7.6466000e+01
   1.5386000e-02  -2.8800000e+01  -7.6638000e+01
   1.5386000e-02  -2.5800000e+01  -7.7471000e+01
   1.5386000e-02  -2.2800000e+01  -7.8218000e+01
   1.5386000e-02  -1.9800000e+01  -7.8875000e+01
   1.5386000e-02  -1.6800000e+01  -7.9442000e+01
   1.5386000e-02  -1.3800000e+01  -7.9918000e+01
   1.5386000e-02  -1.0800000e+01  -8.0302000e+01
   1.5386000e-02  -7.8000000e+00  -8.0592000e+01
   1.5386000e-02  -4.8000000e+00  -8.0790000e+01
   1.5386000e-02  -1.8000000e+00  -8.0893000e+01
   1.5386000e-02   1.2000000e+00  -8.0903000e+01
   1.5386000e-02   4.2000000e+00  -8.0818000e+01
   1.5386000e-02   7.2000000e+00  -8.0640000e+01
   1.5386000e-02   1.0200000e+01  -8.0368000e+01
   1.5386000e-02   1.3200000e+01  -8.0003000e+01
   1.5386000e-02   1.6200000e+01  -7.9545000e+01
   1.5386000e-02   1.9200000e+01  -7.8996000e+01
   1.5386000e-02   2.2200000e+01  -7.8357000e+01
   1.5386000e-02   2.5200000e+01  -7.7627000e+01
   1.5386000e-02   2.8200000e+01  -7.6976000e+01
   1.5584000e-02   2.9100000e+01  -7.6935000e+01
   1.5584000e-02   2.6100000e+01  -7.7676000e+01
   1.5584000e-02   2.3100000e+01  -7.8439000e+01
   1.5584000e-02   2.0100000e+01  -7.9112000e+01
   1.5584000e-02   1.7100000e+01  -7.9694000e+01
   1.5584000e-02   1.4100000e+01  -8.0184000e+01
   1.5584000e-02   1.1100000e+01  -8.0580000e+01
   1.5584000e-02   8.1000000e+00  -8.0883000e+01
   1.5584000e-02   5.1000000e+00  -8.1090000e+01
   1.5584000e-02   2.1000000e+00  -8.1203000e+01
   1.5584000e-02  -9.0000000e-01  -8.1221000e+01
   1.5584000e-02  -3.9000000e+00  -8.1144000e+01
   1.5584000e-02  -6.9000000e+00  -8.0971000e+01
   1.5584000e-02  -9.9000000e+00  -8.0704000e+01
   1.5584000e-02  -1.2900000e+01  -8.0343000e+01
   1.5584000e-02  -1.5900000e+01  -7.9889000e+01
   1.5584000e-02  -1.8900000e+01  -7.9342000e+01
   1.5584000e-02  -2.1900000e+01  -7.8703000e+01
   1.5584000e-02  -2.4900000e+01  -7.7974000e+01
   1.5584000e-02  -2.7900000e+01  -7.7156000e+01
   1.5783000e-02  -2.9400000e+01  -7.6965000e+01
   1.5783000e-02  -2.6400000e+01  -7.7838000e+01
   1.5783000e-02  -2.3400000e+01  -7.8622000e+01
   1.5783000e-02  -2.0400000e+01  -7.9315000e+01
   1.5783000e-02  -1.7400000e+01  -7.9915000e+01
   1.5783000e-02  -1.4400000e+01  -8.0423000e+01
   1.5783000e-02  -1.1400000e+01  -8.0837000e+01
   1.5783000e-02  -8.4000000e+00  -8.1155000e+01
   1.5783000e-02  -5.4000000e+00  -8.1379000e+01
   1.5783000e-02  -2.4000000e+00  -8.1506000e+01
   1.5783000e-02   6.0000000e-01  -8.1537000e+01
   1.5783000e-02   3.6000000e+00  -8.1472000e+01
   1.5783000e-02   6.6000000e+00  -8.1311000e+01
   1.5783000e-02   9.6000000e+00  -8.1054000e+01
   1.5783000e-02   1.2600000e+01  -8.0702000e+01
   1.5783000e-02   1.5600000e+01  -8.0255000e+01
   1.5783000e-02   1.8600000e+01  -7.9714000e+01
   1.5783000e-02   2.1600000e+01  -7.9080000e+01
   1.5783000e-02   2.4600000e+01  -7.8354000e+01
   1.5783000e-02   2.7600000e+01  -7.7538000e+01
   1.5981000e-02   2.9700000e+01  -7.7183000e+01
   1.5981000e-02   2.6700000e+01  -7.8071000e+01
   1.5981000e-02   2.3700000e+01  -7.8868000e+01
   1.5981000e-02   2.0700000e+01  -7.9573000e+01
   1.5981000e-02   1.7700000e+01  -8.0185000e+01
   1.5981000e-02   1.4700000e+01  -8.0702000e+01
   1.5981000e-02   1.1700000e+01  -8.1124000e+01
   1.5981000e-02   8.7000000e+00  -8.1451000e+01
   1.5981000e-02   5.7000000e+00  -8.1680000e+01
   1.5981000e-02   2.7000000e+00  -8.1813000e+01
   1.5981000e-02  -3.0000000e-01  -8.1849000e+01
   1.5981000e-02  -3.3000000e+00  -8.1787000e+01
   1.5981000e-02  -6.3000000e+00  -8.1628000e+01
   1.5981000e-02  -9.3000000e+00  -8.1372000e+01
   1.5981000e-02  -1.2300000e+01  -8.1020000e+01
   1.5981000e-02  -1.5300000e+01  -8.0572000e+01
   1.5981000e-02  -1.8300000e+01  -8.0029000e+01
   1.5981000e-02  -2.1300000e+01  -7.9392000e+01
   1.5981000e-02  -2.4300000e+01  -7.8663000e+01
   1.5981000e-02  -2.7300000e+01  -7.7842000e+01
   1.6180000e-02  -3.0000000e+01  -7.7270000e+01
   1.6180000e-02  -2.7000000e+01  -7.8183000e+01
   1.6180000e-02  -2.4000000e+01  -7.9005000e+01
   1.6180000e-02  -2.1000000e+01  -7.9734000e+01
   1.6180000e-02  -1.8000000e+01  -8.0370000e+01
   1.6180000e-02  -1.5000000e+01  -8.0910000e+01
   1.6180000e-02  -1.2000000e+01  -8.1355000e+01
   1.6180000e-02  -9.0000000e+00  -8.1702000e+01
   1.6180000e-02  -6.0000000e+00  -8.1952000e+01
   1.6180000e-02  -3.0000000e+00  -8.2104000e+01
   1.6180000e-02  -1.3323000e-15  -8.2158000e+01
   1.6180000e-02   3.0000000e+00  -8.2113000e+01
   1.6180000e-02   6.0000000e+00  -8.1970000e+01
   1.6180000e-02   9.0000000e+00  -8.1730000e+01
   1.6180000e-02   1.2000000e+01  -8.1391000e+01
   1.6180000e-02   1.5000000e+01  -8.0955000e+01
   1.6180000e-02   1.8000000e+01  -8.0424000e+01
   1.6180000e-02   2.1000000e+01  -7.9796000e+01
   1.6180000e-02   2.4000000e+01  -7.9075000e+01
   1.6180000e-02   2.7000000e+01  -7.8261000e+01
   1.6180000e-02   3.0000000e+01  -7.7356000e+01
   1.6378000e-02   2.7300000e+01  -7.8447000e+01
   1.6378000e-02   2.4300000e+01  -7.9278000e+01
   1.6378000e-02   2.1300000e+01  -8.0016000e+01
   1.6378000e-02   1.8300000e+01  -8.0658000e+01
   1.6378000e-02   1.5300000e+01  -8.1205000e+01
   1.6378000e-02   1.2300000e+01  -8.1654000e+01
   1.6378000e-02   9.3000000e+00  -8.2005000e+01
   1.6378000e-02   6.3000000e+00  -8.2257000e+01
   1.6378000e-02   3.3000000e+00  -8.2410000e+01
   1.6378000e-02   3.0000000e-01  -8.2464000e+01
   1.6378000e-02  -2.7000000e+00  -8.2419000e+01
   1.6378000e-02  -5.7000000e+00  -8.2274000e+01
   1.6378000e-02  -8.7000000e+00  -8.2030000e+01
   1.6378000e-02  -1.1700000e+01  -8.1687000e+01
   1.6378000e-02  -1.4700000e+01  -8.1247000e+01
   1.6378000e-02  -1.7700000e+01  -8.0709000e+01
   1.6378000e-02  -2.0700000e+01  -8.0075000e+01
   1.6378000e-02  -2.3700000e+01  -7.9346000e+01
   1.6378000e-02  -2.6700000e+01  -7.8523000e+01
   1.6378000e-02  -2.9700000e+01  -7.7608000e+01
   1.6577000e-02  -2.7600000e+01  -7.8507000e+01
   1.6577000e-02  -2.4600000e+01  -7.9368000e+01
   1.6577000e-02  -2.1600000e+01  -8.0134000e+01
   1.6577000e-02  -1.8600000e+01  -8.0805000e+01
   1.6577000e-02  -1.5600000e+01  -8.1379000e+01
   1.6577000e-02  -1.2600000e+01  -8.1855000e+01
   1.6577000e-02  -9.6000000e+00  -8.2232000e+01
   1.6577000e-02  -6.6000000e+00  -8.2510000e+01
   1.6577000e-02  -3.6000000e+00  -8.2687000e+01
   1.6577000e-02  -6.0000000e-01  -8.2765000e+01
   1.6577000e-02   2.4000000e+00  -8.2741000e+01
   1.6577000e-02   5.4000000e+00  -8.2618000e+01
   1.6577000e-02   8.4000000e+00  -8.2394000e+01
   1.6577000e-02   1.1400000e+01  -8.2070000e+01
   1.6577000e-02   1.4400000e+01  -8.1647000e+01
   1.6577000e-02   1.7400000e+01  -8.1125000e+01
   1.6577000e-02   2.0400000e+01  -8.0506000e+01
   1.6577000e-02   2.3400000e+01  -7.9790000e+01
   1.6577000e-02   2.6400000e+01  -7.8979000e+01
   1.6577000e-02   2.9400000e+01  -7.8074000e+01
   1.6775000e-02   2.7900000e+01  -7.8804000e+01
   1.6775000e-02   2.4900000e+01  -7.9671000e+01
   1.6775000e-02   2.1900000e+01  -8.0441000e+01
   1.6775000e-02   1.8900000e+01  -8.1115000e+01
   1.6775000e-02   1.5900000e+01  -8.1691000e+01
   1.6775000e-02   1.2900000e+01  -8.2167000e+01
   1.6775000e-02   9.9000000e+00  -8.2544000e+01
   1.6775000e-02   6.9000000e+00  -8.2820000e+01
   1.6775000e-02   3.9000000e+00  -8.2994000e+01
   1.6775000e-02   9.0000000e-01  -8.3068000e+01
   1.6775000e-02  -2.1000000e+00  -8.3039000e+01
   1.6775000e-02  -5.1000000e+00  -8.2909000e+01
   1.6775000e-02  -8.1000000e+00  -8.2678000e+01
   1.6775000e-02  -1.1100000e+01  -8.2346000e+01
   1.6775000e-02  -1.4100000e+01  -8.1914000e+01
   1.6775000e-02  -1.7100000e+01  -8.1382000e+01
   1.6775000e-02  -2.0100000e+01  -8.0752000e+01
   1.6775000e-02  -2.3100000e+01  -8.0024000e+01
   1.6775000e-02  -2.6100000e+01  -7.9200000e+01
   1.6775000e-02  -2.9100000e+01  -7.8282000e+01
   1.6974000e-02  -2.8200000e+01  -7.8809000e+01
   1.6974000e-02  -2.5200000e+01  -7.9710000e+01
   1.6974000e-02  -2.2200000e+01  -8.0514000e+01
   1.6974000e-02  -1.9200000e+01  -8.1221000e+01
   1.6974000e-02  -1.6200000e+01  -8.1830000e+01
   1.6974000e-02  -1.3200000e+01  -8.2338000e+01
   1.6974000e-02  -1.0200000e+01  -8.2746000e+01
   1.6974000e-02  -7.2000000e+00  -8.3052000e+01
   1.6974000e-02  -4.2000000e+00  -8.3256000e+01
   1.6974000e-02  -1.2000000e+00  -8.3357000e+01
   1.6974000e-02   1.8000000e+00  -8.3356000e+01
   1.6974000e-02   4.8000000e+00  -8.3253000e+01
   1.6974000e-02   7.8000000e+00  -8.3046000e+01
   1.6974000e-02   1.0800000e+01  -8.2738000e+01
   1.6974000e-02   1.3800000e+01  -8.2328000e+01
   1.6974000e-02   1.6800000e+01  -8.1818000e+01
   1.6974000e-02   1.9800000e+01  -8.1207000e+01
   1.6974000e-02   2.2800000e+01  -8.0498000e+01
   1.6974000e-02   2.5800000e+01  -7.9691000e+01
   1.6974000e-02   2.8800000e+01  -7.8788000e+01
   1.7172000e-02   2.8500000e+01  -7.9142000e+01
   1.7172000e-02   2.5500000e+01  -8.0044000e+01
   1.7172000e-02   2.2500000e+01  -8.0849000e+01
   1.7172000e-02   1.9500000e+01  -8.1555000e+01
   1.7172000e-02   1.6500000e+01  -8.2161000e+01
   1.7172000e-02   1.3500000e+01  -8.2665000e+01
   1.7172000e-02   1.0500000e+01  -8.3068000e+01
   1.7172000e-02   7.5000000e+00  -8.3368000e+01
   1.7172000e-02   4.5000000e+00  -8.3565000e+01
   1.7172000e-02   1.5000000e+00  -8.3658000e+01
   1.7172000e-02  -1.5000000e+00  -8.3648000e+01
   1.7172000e-02  -4.5000000e+00  -8.3534000e+01
   1.7172000e-02  -7.5000000e+00  -8.3317000e+01
   1.7172000e-02  -1.0500000e+01  -8.2996000e+01
   1.7172000e-02  -1.3500000e+01  -8.2573000e+01
   1.7172000e-02  -1.6500000e+01  -8.2048000e+01
   1.7172000e-02  -1.9500000e+01  -8.1422000e+01
   1.7172000e-02  -2.2500000e+01  -8.0696000e+01
   1.7172000e-02  -2.5500000e+01  -7.9873000e+01
   1.7172000e-02  -2.8500000e+01  -7.8952000e+01
   1.7371000e-02  -2.8800000e+01  -7.9089000e+01
   1.7371000e-02  -2.5800000e+01  -8.0030000e+01
   1.7371000e-02  -2.2800000e+01  -8.0874000e+01
   1.7371000e-02  -1.9800000e+01  -8.1618000e+01
   1.7371000e-02  -1.6800000e+01  -8.2261000e+01
   1.7371000e-02  -1.3800000e+01  -8.2803000e+01
   1.7371000e-02  -1.0800000e+01  -8.3242000e+01
   1.7371000e-02  -7.8000000e+00  -8.3577000e+01
   1.7371000e-02  -4.8000000e+00  -8.3809000e+01
   1.7371000e-02  -1.8000000e+00  -8.3935000e+01
   1.7371000e-02   1.2000000e+00  -8.3957000e+01
   1.7371000e-02   4.2000000e+00  -8.3875000e+01
   1.7371000e-02   7.2000000e+00  -8.3687000e+01
   1.7371000e-02   1.0200000e+01  -8.3396000e+01
   1.7371000e-02   1.3200000e+01  -8.3000000e+01
   1.7371000e-02   1.6200000e+01  -8.2501000e+01
   1.7371000e-02   1.9200000e+01  -8.1901000e+01
   1.7371000e-02   2.2200000e+01  -8.1199000e+01
   1.7371000e-02   2.5200000e+01  -8.0397000e+01
   1.7371000e-02   2.8200000e+01  -7.9496000e+01
   1.7569000e-02   2.9100000e+01  -7.9461000e+01
   1.7569000e-02   2.6100000e+01  -8.0399000e+01
   1.7569000e-02   2.3100000e+01  -8.1239000e+01
   1.7569000e-02   2.0100000e+01  -8.1977000e+01
   1.7569000e-02   1.7100000e+01  -8.2614000e+01
   1.7569000e-02   1.4100000e+01  -8.3148000e+01
   1.7569000e-02   1.1100000e+01  -8.3578000e+01
   1.7569000e-02   8.1000000e+00  -8.3903000e+01
   1.7569000e-02   5.1000000e+00  -8.4122000e+01
   1.7569000e-02   2.1000000e+00  -8.4237000e+01
   1.7569000e-02  -9.0000000e-01  -8.4245000e+01
   1.7569000e-02  -3.9000000e+00  -8.4148000e+01
   1.7569000e-02  -6.9000000e+00  -8.3945000e+01
   1.7569000e-02  -9.9000000e+00  -8.3636000e+01
   1.7569000e-02  -1.2900000e+01  -8.3223000e+01
   1.7569000e-02  -1.5900000e+01  -8.2706000e+01
   1.7569000e-02  -1.8900000e+01  -8.2085000e+01
   1.7569000e-02  -2.1900000e+01  -8.1363000e+01
   1.7569000e-02  -2.4900000e+01  -8.0540000e+01
   1.7569000e-02  -2.7900000e+01  -7.9617000e+01
   1.7768000e-02  -2.9400000e+01  -7.9347000e+01
   1.7768000e-02  -2.6400000e+01  -8.0329000e+01
   1.7768000e-02  -2.3400000e+01  -8.1212000e+01
   1.7768000e-02  -2.0400000e+01  -8.1994000e+01
   1.7768000e-02  -1.7400000e+01  -8.2674000e+01
   1.7768000e-02  -1.4400000e+01  -8.3250000e+01
   1.7768000e-02  -1.1400000e+01  -8.3721000e+01
   1.7768000e-02  -8.4000000e+00  -8.4086000e+01
   1.7768000e-02  -5.4000000e+00  -8.4346000e+01
   1.7768000e-02  -2.4000000e+00  -8.4499000e+01
   1.7768000e-02   6.0000000e-01  -8.4545000e+01
   1.7768000e-02   3.6000000e+00  -8.4484000e+01
   1.7768000e-02   6.6000000e+00  -8.4316000e+01
   1.7768000e-02   9.6000000e+00  -8.4042000e+01
   1.7768000e-02   1.2600000e+01  -8.3662000e+01
   1.7768000e-02   1.5600000e+01  -8.3176000e+01
   1.7768000e-02   1.8600000e+01  -8.2586000e+01
   1.7768000e-02   2.1600000e+01  -8.1892000e+01
   1.7768000e-02   2.4600000e+01  -8.1096000e+01
   1.7768000e-02   2.7600000e+01  -8.0199000e+01
   1.7966000e-02   2.9700000e+01  -7.9760000e+01
   1.7966000e-02   2.6700000e+01  -8.0736000e+01
   1.7966000e-02   2.3700000e+01  -8.1610000e+01
   1.7966000e-02   2.0700000e+01  -8.2382000e+01
   1.7966000e-02   1.7700000e+01  -8.3050000e+01
   1.7966000e-02   1.4700000e+01  -8.3614000e+01
   1.7966000e-02   1.1700000e+01  -8.4071000e+01
   1.7966000e-02   8.7000000e+00  -8.4422000e+01
   1.7966000e-02   5.7000000e+00  -8.4666000e+01
   1.7966000e-02   2.7000000e+00  -8.4802000e+01
   1.7966000e-02  -3.0000000e-01  -8.4830000e+01
   1.7966000e-02  -3.3000000e+00  -8.4750000e+01
   1.7966000e-02  -6.3000000e+00  -8.4562000e+01
   1.7966000e-02  -9.3000000e+00  -8.4267000e+01
   1.7966000e-02  -1.2300000e+01  -8.3864000e+01
   1.7966000e-02  -1.5300000e+01  -8.3356000e+01
   1.7966000e-02  -1.8300000e+01  -8.2742000e+01
   1.7966000e-02  -2.1300000e+01  -8.2023000e+01
   1.7966000e-02  -2.4300000e+01  -8.1201000e+01
   1.7966000e-02  -2.7300000e+01  -8.0278000e+01
   1.8165000e-02  -3.0000000e+01  -7.9582000e+01
   1.8165000e-02  -2.7000000e+01  -8.0607000e+01
   1.8165000e-02  -2.4000000e+01  -8.1530000e+01
   1.8165000e-02  -2.1000000e+01  -8.2351000e+01
   1.8165000e-02  -1.8000000e+01  -8.3067000e+01
   1.8165000e-02  -1.5000000e+01  -8.3678000e+01
   1.8165000e-02  -1.2000000e+01  -8.4182000e+01
   1.8165000e-02  -9.0000000e+00  -8.4578000e+01
   1.8165000e-02  -6.0000000e+00  -8.4867000e+01
   1.8165000e-02  -3.0000000e+00  -8.5047000e+01
   1.8165000e-02  -1.3323000e-15  -8.5118000e+01
   1.8165000e-02   3.0000000e+00  -8.5080000e+01
   1.8165000e-02   6.0000000e+00  -8.4933000e+01
   1.8165000e-02   9.0000000e+00  -8.4677000e+01
   1.8165000e-02   1.2000000e+01  -8.4313000e+01
   1.8165000e-02   1.5000000e+01  -8.3841000e+01
   1.8165000e-02   1.8000000e+01  -8.3262000e+01
   1.8165000e-02   2.1000000e+01  -8.2578000e+01
   1.8165000e-02   2.4000000e+01  -8.1789000e+01
   1.8165000e-02   2.7000000e+01  -8.0896000e+01
   1.8165000e-02   3.0000000e+01  -7.9902000e+01
   1.8363000e-02   2.7300000e+01  -8.1052000e+01
   1.8363000e-02   2.4300000e+01  -8.1963000e+01
   1.8363000e-02   2.1300000e+01  -8.2769000e+01
   1.8363000e-02   1.8300000e+01  -8.3470000e+01
   1.8363000e-02   1.5300000e+01  -8.4064000e+01
   1.8363000e-02   1.2300000e+01  -8.4550000e+01
   1.8363000e-02   9.3000000e+00  -8.4927000e+01
   1.8363000e-02   6.3000000e+00  -8.5196000e+01
   1.8363000e-02   3.3000000e+00  -8.5354000e+01
   1.8363000e-02   3.0000000e-01  -8.5402000e+01
   1.8363000e-02  -2.7000000e+00  -8.5341000e+01
   1.8363000e-02  -5.7000000e+00  -8.5169000e+01
   1.8363000e-02  -8.7000000e+00  -8.4888000e+01
   1.8363000e-02  -1.1700000e+01  -8.4497000e+01
   1.8363000e-02  -1.4700000e+01  -8.3998000e+01
   1.8363000e-02  -1.7700000e+01  -8.3391000e+01
   1.8363000e-02  -2.0700000e+01  -8.2677000e+01
   1.8363000e-02  -2.3700000e+01  -8.1858000e+01
   1.8363000e-02  -2.6700000e+01  -8.0934000e+01
   1.8363000e-02  -2.9700000e+01  -7.9909000e+01
   1.8562000e-02  -2.7600000e+01  -8.0862000e+01
   1.8562000e-02  -2.4600000e+01  -8.1827000e+01
   1.8562000e-02  -2.1600000e+01  -8.2687000e+01
   1.8562000e-02  -1.8600000e+01  -8.3441000e+01
   1.8562000e-02  -1.5600000e+01  -8.4087000e+01
   1.8562000e-02  -1.2600000e+01  -8.4625000e+01
   1.8562000e-02  -9.6000000e+00  -8.5054000e+01
   1.8562000e-02  -6.6000000e+00  -8.5372000e+01
   1.8562000e-02  -3.6000000e+00  -8.5580000e+01
   1.8562000e-02  -6.0000000e-01  -8.5676000e+01
   1.8562000e-02   2.4000000e+00  -8.5662000e+01
   1.8562000e-02   5.4000000e+00  -8.5536000e+01
   1.8562000e-02   8.4000000e+00  -8.5300000e+01
   1.8562000e-02   1.1400000e+01  -8.4953000e+01
   1.8562000e-02   1.4400000e+01  -8.4496000e+01
   1.8562000e-02   1.7400000e+01  -8.3930000e+01
   1.8562000e-02   2.0400000e+01  -8.3256000e+01
   1.8562000e-02   2.3400000e+01  -8.2475000e+01
   1.8562000e-02   2.6400000e+01  -8.1588000e+01
   1.8562000e-02   2.9400000e+01  -8.0597000e+01
   1.8760000e-02   2.7900000e+01  -8.1350000e+01
   1.8760000e-02   2.4900000e+01  -8.2297000e+01
   1.8760000e-02   2.1900000e+01  -8.3138000e+01
   1.8760000e-02   1.8900000e+01  -8.3872000e+01
   1.8760000e-02   1.5900000e+01  -8.4497000e+01
   1.8760000e-02   1.2900000e+01  -8.5013000e+01
   1.8760000e-02   9.9000000e+00  -8.5417000e+01
   1.8760000e-02   6.9000000e+00  -8.5711000e+01
   1.8760000e-02   3.9000000e+00  -8.5893000e+01
   1.8760000e-02   9.0000000e-01  -8.5962000e+01
   1.8760000e-02  -2.1000000e+00  -8.5920000e+01
   1.8760000e-02  -5.1000000e+00  -8.5765000e+01
   1.8760000e-02  -8.1000000e+00  -8.5498000e+01
   1.8760000e-02  -1.1100000e+01  -8.5120000e+01
   1.8760000e-02  -1.4100000e+01  -8.4631000e+01
   1.8760000e-02  -1.7100000e+01  -8.4032000e+01
   1.8760000e-02  -2.0100000e+01  -8.3324000e+01
   1.8760000e-02  -2.3100000e+01  -8.2508000e+01
   1.8760000e-02  -2.6100000e+01  -8.1586000e+01
   1.8760000e-02  -2.9100000e+01  -8.0559000e+01
   1.8959000e-02  -2.8200000e+01  -8.1096000e+01
   1.8959000e-02  -2.5200000e+01  -8.2102000e+01
   1.8959000e-02  -2.2200000e+01  -8.3002000e+01
   1.8959000e-02  -1.9200000e+01  -8.3795000e+01
   1.8959000e-02  -1.6200000e+01  -8.4478000e+01
   1.8959000e-02  -1.3200000e+01  -8.5050000e+01
   1.8959000e-02  -1.0200000e+01  -8.5511000e+01
   1.8959000e-02  -7.2000000e+00  -8.5860000e+01
   1.8959000e-02  -4.2000000e+00  -8.6097000e+01
   1.8959000e-02  -1.2000000e+00  -8.6220000e+01
   1.8959000e-02   1.8000000e+00  -8.6230000e+01
   1.8959000e-02   4.8000000e+00  -8.6127000e+01
   1.8959000e-02   7.8000000e+00  -8.5911000e+01
   1.8959000e-02   1.0800000e+01  -8.5582000e+01
   1.8959000e-02   1.3800000e+01  -8.5141000e+01
   1.8959000e-02   1.6800000e+01  -8.4588000e+01
   1.8959000e-02   1.9800000e+01  -8.3925000e+01
   1.8959000e-02   2.2800000e+01  -8.3153000e+01
   1.8959000e-02   2.5800000e+01  -8.2273000e+01
   1.8959000e-02   2.8800000e+01  -8.1286000e+01
   1.9157000e-02   2.8500000e+01  -8.1628000e+01
   1.9157000e-02   2.5500000e+01  -8.2613000e+01
   1.9157000e-02   2.2500000e+01  -8.3489000e+01
   1.9157000e-02   1.9500000e+01  -8.4257000e+01
   1.9157000e-02   1.6500000e+01  -8.4914000e+01
   1.9157000e-02   1.3500000e+01  -8.5460000e+01
   1.9157000e-02   1.0500000e+01  -8.5892000e+01
   1.9157000e-02   7.5000000e+00  -8.6212000e+01
   1.9157000e-02   4.5000000e+00  -8.6418000e+01
   1.9157000e-02   1.5000000e+00  -8.6509000e+01
   1.9157000e-02  -1.5000000e+00  -8.6487000e+01
   1.9157000e-02  -4.5000000e+00  -8.6350000e+01
   1.9157000e-02  -7.5000000e+00  -8.6098000e+01
   1.9157000e-02  -1.0500000e+01  -8.5734000e+01
   1.9157000e-02  -1.3500000e+01  -8.5256000e+01
   1.9157000e-02  -1.6500000e+01  -8.4666000e+01
   1.9157000e-02  -1.9500000e+01  -8.3964000e+01
   1.9157000e-02  -2.2500000e+01  -8.3152000e+01
   1.9157000e-02  -2.5500000e+01  -8.2232000e+01
   1.9157000e-02  -2.8500000e+01  -8.1204000e+01
   1.9356000e-02  -2.8800000e+01  -8.1307000e+01
   1.9356000e-02  -2.5800000e+01  -8.2356000e+01
   1.9356000e-02  -2.2800000e+01  -8.3297000e+01
   1.9356000e-02  -1.9800000e+01  -8.4128000e+01
   1.9356000e-02  -1.6800000e+01  -8.4849000e+01
   1.9356000e-02  -1.3800000e+01  -8.5457000e+01
   1.9356000e-02  -1.0800000e+01  -8.5952000e+01
   1.9356000e-02  -7.8000000e+00  -8.6332000e+01
   1.9356000e-02  -4.8000000e+00  -8.6598000e+01
   1.9356000e-02  -1.8000000e+00  -8.6749000e+01
   1.9356000e-02   1.2000000e+00  -8.6785000e+01
   1.9356000e-02   4.2000000e+00  -8.6705000e+01
   1.9356000e-02   7.2000000e+00  -8.6510000e+01
   1.9356000e-02   1.0200000e+01  -8.6200000e+01
   1.9356000e-02   1.3200000e+01  -8.5775000e+01
   1.9356000e-02   1.6200000e+01  -8.5237000e+01
   1.9356000e-02   1.9200000e+01  -8.4586000e+01
   1.9356000e-02   2.2200000e+01  -8.3824000e+01
   1.9356000e-02   2.5200000e+01  -8.2951000e+01
   1.9356000e-02   2.8200000e+01  -8.1969000e+01
   1.9554000e-02   2.9100000e+01  -8.1886000e+01
   1.9554000e-02   2.6100000e+01  -8.2909000e+01
   1.9554000e-02   2.3100000e+01  -8.3822000e+01
   1.9554000e-02   2.0100000e+01  -8.4624000e+01
   1.9554000e-02   1.7100000e+01  -8.5314000e+01
   1.9554000e-02   1.4100000e+01  -8.5890000e+01
   1.9554000e-02   1.1100000e+01  -8.6352000e+01
   1.9554000e-02   8.1000000e+00  -8.6698000e+01
   1.9554000e-02   5.1000000e+00  -8.6929000e+01
   1.9554000e-02   2.1000000e+00  -8.7043000e+01
   1.9554000e-02  -9.0000000e-01  -8.7041000e+01
   1.9554000e-02  -3.9000000e+00  -8.6923000e+01
   1.9554000e-02  -6.9000000e+00  -8.6688000e+01
   1.9554000e-02  -9.9000000e+00  -8.6338000e+01
   1.9554000e-02  -1.2900000e+01  -8.5872000e+01
   1.9554000e-02  -1.5900000e+01  -8.5291000e+01
   1.9554000e-02  -1.8900000e+01  -8.4597000e+01
   1.9554000e-02  -2.1900000e+01  -8.3790000e+01
   1.9554000e-02  -2.4900000e+01  -8.2873000e+01
   1.9554000e-02  -2.7900000e+01  -8.1845000e+01
   1.9753000e-02  -2.9400000e+01  -8.1495000e+01
   1.9753000e-02  -2.6400000e+01  -8.2588000e+01
   1.9753000e-02  -2.3400000e+01  -8.3571000e+01
   1.9753000e-02  -2.0400000e+01  -8.4442000e+01
   1.9753000e-02  -1.7400000e+01  -8.5200000e+01
   1.9753000e-02  -1.4400000e+01  -8.5845000e+01
   1.9753000e-02  -1.1400000e+01  -8.6374000e+01
   1.9753000e-02  -8.4000000e+00  -8.6787000e+01
   1.9753000e-02  -5.4000000e+00  -8.7084000e+01
   1.9753000e-02  -2.4000000e+00  -8.7263000e+01
   1.9753000e-02   6.0000000e-01  -8.7325000e+01
   1.9753000e-02   3.6000000e+00  -8.7269000e+01
   1.9753000e-02   6.6000000e+00  -8.7096000e+01
   1.9753000e-02   9.6000000e+00  -8.6806000e+01
   1.9753000e-02   1.2600000e+01  -8.6399000e+01
   1.9753000e-02   1.5600000e+01  -8.5876000e+01
   1.9753000e-02   1.8600000e+01  -8.5239000e+01
   1.9753000e-02   2.1600000e+01  -8.4487000e+01
   1.9753000e-02   2.4600000e+01  -8.3622000e+01
   1.9753000e-02   2.7600000e+01  -8.2646000e+01
   1.9951000e-02   2.9700000e+01  -8.2125000e+01
   1.9951000e-02   2.6700000e+01  -8.3186000e+01
   1.9951000e-02   2.3700000e+01  -8.4136000e+01
   1.9951000e-02   2.0700000e+01  -8.4973000e+01
   1.9951000e-02   1.7700000e+01  -8.5697000e+01
   1.9951000e-02   1.4700000e+01  -8.6304000e+01
   1.9951000e-02   1.1700000e+01  -8.6796000e+01
   1.9951000e-02   8.7000000e+00  -8.7170000e+01
   1.9951000e-02   5.7000000e+00  -8.7426000e+01
   1.9951000e-02   2.7000000e+00  -8.7564000e+01
   1.9951000e-02  -3.0000000e-01  -8.7584000e+01
   1.9951000e-02  -3.3000000e+00  -8.7485000e+01
   1.9951000e-02  -6.3000000e+00  -8.7267000e+01
   1.9951000e-02  -9.3000000e+00  -8.6932000e+01
   1.9951000e-02  -1.2300000e+01  -8.6478000e+01
   1.9951000e-02  -1.5300000e+01  -8.5908000e+01
   1.9951000e-02  -1.8300000e+01  -8.5223000e+01
   1.9951000e-02  -2.1300000e+01  -8.4422000e+01
   1.9951000e-02  -2.4300000e+01  -8.3508000e+01
   1.9951000e-02  -2.7300000e+01  -8.2481000e+01
   2.0150000e-02  -3.0000000e+01  -8.1660000e+01
   2.0150000e-02  -2.7000000e+01  -8.2797000e+01
   2.0150000e-02  -2.4000000e+01  -8.3823000e+01
   2.0150000e-02  -2.1000000e+01  -8.4735000e+01
   2.0150000e-02  -1.8000000e+01  -8.5532000e+01
   2.0150000e-02  -1.5000000e+01  -8.6214000e+01
   2.0150000e-02  -1.2000000e+01  -8.6778000e+01
   2.0150000e-02  -9.0000000e+00  -8.7225000e+01
   2.0150000e-02  -6.0000000e+00  -8.7552000e+01
   2.0150000e-02  -3.0000000e+00  -8.7761000e+01
   2.0150000e-02  -1.3323000e-15  -8.7850000e+01
   2.0150000e-02   3.0000000e+00  -8.7819000e+01
   2.0150000e-02   6.0000000e+00  -8.7669000e+01
   2.0150000e-02   9.0000000e+00  -8.7400000e+01
   2.0150000e-02   1.2000000e+01  -8.7012000e+01
   2.0150000e-02   1.5000000e+01  -8.6505000e+01
   2.0150000e-02   1.8000000e+01  -8.5881000e+01
   2.0150000e-02   2.1000000e+01  -8.5141000e+01
   2.0150000e-02   2.4000000e+01  -8.4286000e+01
   2.0150000e-02   2.7000000e+01  -8.3317000e+01
   2.0150000e-02   3.0000000e+01  -8.2236000e+01
   2.0348000e-02   2.7300000e+01  -8.3444000e+01
   2.0348000e-02   2.4300000e+01  -8.4431000e+01
   2.0348000e-02   2.1300000e+01  -8.5305000e+01
   2.0348000e-02   1.8300000e+01  -8.6062000e+01
   2.0348000e-02   1.5300000e+01  -8.6702000e+01
   2.0348000e-02   1.2300000e+01  -8.7224000e+01
   2.0348000e-02   9.3000000e+00  -8.7626000e+01
   2.0348000e-02   6.3000000e+00  -8.7909000e+01
   2.0348000e-02   3.3000000e+00  -8.8071000e+01
   2.0348000e-02   3.0000000e-01  -8.8113000e+01
   2.0348000e-02  -2.7000000e+00  -8.8034000e+01
   2.0348000e-02  -5.7000000e+00  -8.7835000e+01
   2.0348000e-02  -8.7000000e+00  -8.7515000e+01
   2.0348000e-02  -1.1700000e+01  -8.7076000e+01
   2.0348000e-02  -1.4700000e+01  -8.6517000e+01
   2.0348000e-02  -1.7700000e+01  -8.5840000e+01
   2.0348000e-02  -2.0700000e+01  -8.5046000e+01
   2.0348000e-02  -2.3700000e+01  -8.4137000e+01
   2.0348000e-02  -2.6700000e+01  -8.3112000e+01
   2.0348000e-02  -2.9700000e+01  -8.1975000e+01
   2.0547000e-02  -2.7600000e+01  -8.2985000e+01
   2.0547000e-02  -2.4600000e+01  -8.4053000e+01
   2.0547000e-02  -2.1600000e+01  -8.5007000e+01
   2.0547000e-02  -1.8600000e+01  -8.5844000e+01
   2.0547000e-02  -1.5600000e+01  -8.6564000e+01
   2.0547000e-02  -1.2600000e+01  -8.7164000e+01
   2.0547000e-02  -9.6000000e+00  -8.7645000e+01
   2.0547000e-02  -6.6000000e+00  -8.8005000e+01
   2.0547000e-02  -3.6000000e+00  -8.8243000e+01
   2.0547000e-02  -6.0000000e-01  -8.8360000e+01
   2.0547000e-02   2.4000000e+00  -8.8356000e+01
   2.0547000e-02   5.4000000e+00  -8.8230000e+01
   2.0547000e-02   8.4000000e+00  -8.7982000e+01
   2.0547000e-02   1.1400000e+01  -8.7613000e+01
   2.0547000e-02   1.4400000e+01  -8.7124000e+01
   2.0547000e-02   1.7400000e+01  -8.6515000e+01
   2.0547000e-02   2.0400000e+01  -8.5787000e+01
   2.0547000e-02   2.3400000e+01  -8.4942000e+01
   2.0547000e-02   2.6400000e+01  -8.3981000e+01
   2.0547000e-02   2.9400000e+01  -8.2906000e+01
   2.0745000e-02   2.7900000e+01  -8.3681000e+01
   2.0745000e-02   2.4900000e+01  -8.4708000e+01
   2.0745000e-02   2.1900000e+01  -8.5618000e+01
   2.0745000e-02   1.8900000e+01  -8.6410000e+01
   2.0745000e-02   1.5900000e+01  -8.7083000e+01
   2.0745000e-02   1.2900000e+01  -8.7636000e+01
   2.0745000e-02   9.9000000e+00  -8.8067000e+01
   2.0745000e-02   6.9000000e+00  -8.8377000e+01
   2.0745000e-02   3.9000000e+00  -8.8565000e+01
   2.0745000e-02   9.0000000e-01  -8.8630000e+01
   2.0745000e-02  -2.1000000e+00  -8.8572000e+01
   2.0745000e-02  -5.1000000e+00  -8.8391000e+01
   2.0745000e-02  -8.1000000e+00  -8.8088000e+01
   2.0745000e-02  -1.1100000e+01  -8.7663000e+01
   2.0745000e-02  -1.4100000e+01  -8.7117000e+01
   2.0745000e-02  -1.7100000e+01  -8.6450000e+01
   2.0745000e-02  -2.0100000e+01  -8.5664000e+01
   2.0745000e-02  -2.3100000e+01  -8.4759000e+01
   2.0745000e-02  -2.6100000e+01  -8.3738000e+01
   2.0745000e-02  -2.9100000e+01  -8.2601000e+01
   2.0944000e-02  -2.8200000e+01  -8.3149000e+01
   2.0944000e-02  -2.5200000e+01  -8.4262000e+01
   2.0944000e-02  -2.2200000e+01  -8.5258000e+01
   2.0944000e-02  -1.9200000e+01  -8.6136000e+01
   2.0944000e-02  -1.6200000e+01  -8.6894000e+01
   2.0944000e-02  -1.3200000e+01  -8.7531000e+01
   2.0944000e-02  -1.0200000e+01  -8.8047000e+01
   2.0944000e-02  -7.2000000e+00  -8.8440000e+01
   2.0944000e-02  -4.2000000e+00  -8.8710000e+01
   2.0944000e-02  -1.2000000e+00  -8.8856000e+01
   2.0944000e-02   1.8000000e+00  -8.8878000e+01
   2.0944000e-02   4.8000000e+00  -8.8776000e+01
   2.0944000e-02   7.8000000e+00  -8.8551000e+01
   2.0944000e-02   1.0800000e+01  -8.8203000e+01
   2.0944000e-02   1.3800000e+01  -8.7732000e+01
   2.0944000e-02   1.6800000e+01  -8.7138000e+01
   2.0944000e-02   1.9800000e+01  -8.6425000e+01
   2.0944000e-02   2.2800000e+01  -8.5591000e+01
   2.0944000e-02   2.5800000e+01  -8.4639000e+01
   2.0944000e-02   2.8800000e+01  -8.3570000e+01
   2.1142000e-02   2.8500000e+01  -8.3899000e+01
   2.1142000e-02   2.5500000e+01  -8.4965000e+01
   2.1142000e-02   2.2500000e+01  -8.5912000e+01
   2.1142000e-02   1.9500000e+01  -8.6740000e+01
   2.1142000e-02   1.6500000e+01  -8.7447000e+01
   2.1142000e-02   1.3500000e+01  -8.8031000e+01
   2.1142000e-02   1.0500000e+01  -8.8493000e+01
   2.1142000e-02   7.5000000e+00  -8.8831000e+01
   2.1142000e-02   4.5000000e+00  -8.9045000e+01
   2.1142000e-02   1.5000000e+00  -8.9133000e+01
   2.1142000e-02  -1.5000000e+00  -8.9097000e+01
   2.1142000e-02  -4.5000000e+00  -8.8937000e+01
   2.1142000e-02  -7.5000000e+00  -8.8651000e+01
   2.1142000e-02  -1.0500000e+01  -8.8241000e+01
   2.1142000e-02  -1.3500000e+01  -8.7708000e+01
   2.1142000e-02  -1.6500000e+01  -8.7052000e+01
   2.1142000e-02  -1.9500000e+01  -8.6274000e+01
   2.1142000e-02  -2.2500000e+01  -8.5376000e+01
   2.1142000e-02  -2.5500000e+01  -8.4358000e+01
   2.1142000e-02  -2.8500000e+01  -8.3223000e+01
   2.1341000e-02  -2.8800000e+01  -8.3290000e+01
   2.1341000e-02  -2.5800000e+01  -8.4448000e+01
   2.1341000e-02  -2.2800000e+01  -8.5488000e+01
   2.1341000e-02  -1.9800000e+01  -8.6407000e+01
   2.1341000e-02  -1.6800000e+01  -8.7205000e+01
   2.1341000e-02  -1.3800000e+01  -8.7880000e+01
   2.1341000e-02  -1.0800000e+01  -8.8431000e+01
   2.1341000e-02  -7.8000000e+00  -8.8858000e+01
   2.1341000e-02  -4.8000000e+00  -8.9159000e+01
   2.1341000e-02  -1.8000000e+00  -8.9335000e+01
   2.1341000e-02   1.2000000e+00  -8.9385000e+01
   2.1341000e-02   4.2000000e+00  -8.9309000e+01
   2.1341000e-02   7.2000000e+00  -8.9108000e+01
   2.1341000e-02   1.0200000e+01  -8.8780000e+01
   2.1341000e-02   1.3200000e+01  -8.8328000e+01
   2.1341000e-02   1.6200000e+01  -8.7752000e+01
   2.1341000e-02   1.9200000e+01  -8.7053000e+01
   2.1341000e-02   2.2200000e+01  -8.6231000e+01
   2.1341000e-02   2.5200000e+01  -8.5289000e+01
   2.1341000e-02   2.8200000e+01  -8.4227000e+01
   2.1539000e-02   2.9100000e+01  -8.4097000e+01
   2.1539000e-02   2.6100000e+01  -8.5202000e+01
   2.1539000e-02   2.3100000e+01  -8.6187000e+01
   2.1539000e-02   2.0100000e+01  -8.7052000e+01
   2.1539000e-02   1.7100000e+01  -8.7793000e+01
   2.1539000e-02   1.4100000e+01  -8.8410000e+01
   2.1539000e-02   1.1100000e+01  -8.8903000e+01
   2.1539000e-02   8.1000000e+00  -8.9270000e+01
   2.1539000e-02   5.1000000e+00  -8.9510000e+01
   2.1539000e-02   2.1000000e+00  -8.9624000e+01
   2.1539000e-02  -9.0000000e-01  -8.9610000e+01
   2.1539000e-02  -3.9000000e+00  -8.9470000e+01
   2.1539000e-02  -6.9000000e+00  -8.9203000e+01
   2.1539000e-02  -9.9000000e+00  -8.8809000e+01
   2.1539000e-02  -1.2900000e+01  -8.8290000e+01
   2.1539000e-02  -1.5900000e+01  -8.7645000e+01
   2.1539000e-02  -1.8900000e+01  -8.6877000e+01
   2.1539000e-02  -2.1900000e+01  -8.5985000e+01
   2.1539000e-02  -2.4900000e+01  -8.4972000e+01
   2.1539000e-02  -2.7900000e+01  -8.3839000e+01
   2.1738000e-02  -2.9400000e+01  -8.3408000e+01
   2.1738000e-02  -2.6400000e+01  -8.4612000e+01
   2.1738000e-02  -2.3400000e+01  -8.5696000e+01
   2.1738000e-02  -2.0400000e+01  -8.6657000e+01
   2.1738000e-02  -1.7400000e+01  -8.7495000e+01
   2.1738000e-02  -1.4400000e+01  -8.8209000e+01
   2.1738000e-02  -1.1400000e+01  -8.8797000e+01
   2.1738000e-02  -8.4000000e+00  -8.9258000e+01
   2.1738000e-02  -5.4000000e+00  -8.9593000e+01
   2.1738000e-02  -2.4000000e+00  -8.9799000e+01
   2.1738000e-02   6.0000000e-01  -8.9878000e+01
   2.1738000e-02   3.6000000e+00  -8.9828000e+01
   2.1738000e-02   6.6000000e+00  -8.9651000e+01
   2.1738000e-02   9.6000000e+00  -8.9346000e+01
   2.1738000e-02   1.2600000e+01  -8.8914000e+01
   2.1738000e-02   1.5600000e+01  -8.8355000e+01
   2.1738000e-02   1.8600000e+01  -8.7671000e+01
   2.1738000e-02   2.1600000e+01  -8.6863000e+01
   2.1738000e-02   2.4600000e+01  -8.5931000e+01
   2.1738000e-02   2.7600000e+01  -8.4878000e+01
   2.1936000e-02   2.9700000e+01  -8.4274000e+01
   2.1936000e-02   2.6700000e+01  -8.5420000e+01
   2.1936000e-02   2.3700000e+01  -8.6444000e+01
   2.1936000e-02   2.0700000e+01  -8.7345000e+01
   2.1936000e-02   1.7700000e+01  -8.8122000e+01
   2.1936000e-02   1.4700000e+01  -8.8773000e+01
   2.1936000e-02   1.1700000e+01  -8.9297000e+01
   2.1936000e-02   8.7000000e+00  -8.9693000e+01
   2.1936000e-02   5.7000000e+00  -8.9961000e+01
   2.1936000e-02   2.7000000e+00  -9.0100000e+01
   2.1936000e-02  -3.0000000e-01  -9.0110000e+01
   2.1936000e-02  -3.3000000e+00  -8.9991000e+01
   2.1936000e-02  -6.3000000e+00  -8.9743000e+01
   2.1936000e-02  -9.3000000e+00  -8.9366000e+01
   2.1936000e-02  -1.2300000e+01  -8.8862000e+01
   2.1936000e-02  -1.5300000e+01  -8.8230000e+01
   2.1936000e-02  -1.8300000e+01  -8.7471000e+01
   2.1936000e-02  -2.1300000e+01  -8.6588000e+01
   2.1936000e-02  -2.4300000e+01  -8.5580000e+01
   2.1936000e-02  -2.7300000e+01  -8.4450000e+01
   2.2135000e-02  -3.0000000e+01  -8.3503000e+01
   2.2135000e-02  -2.7000000e+01  -8.4753000e+01
   2.2135000e-02  -2.4000000e+01  -8.5882000e+01
   2.2135000e-02  -2.1000000e+01  -8.6886000e+01
   2.2135000e-02  -1.8000000e+01  -8.7766000e+01
   2.2135000e-02  -1.5000000e+01  -8.8519000e+01
   2.2135000e-02  -1.2000000e+01  -8.9144000e+01
   2.2135000e-02  -9.0000000e+00  -8.9641000e+01
   2.2135000e-02  -6.0000000e+00  -9.0009000e+01
   2.2135000e-02  -3.0000000e+00  -9.0247000e+01
   2.2135000e-02  -1.3323000e-15  -9.0355000e+01
   2.2135000e-02   3.0000000e+00  -9.0333000e+01
   2.2135000e-02   6.0000000e+00  -9.0181000e+01
   2.2135000e-02   9.0000000e+00  -8.9899000e+01
   2.2135000e-02   1.2000000e+01  -8.9488000e+01
   2.2135000e-02   1.5000000e+01  -8.8948000e+01
   2.2135000e-02   1.8000000e+01  -8.8280000e+01
   2.2135000e-02   2.1000000e+01  -8.7485000e+01
   2.2135000e-02   2.4000000e+01  -8.6565000e+01
   2.2135000e-02   2.7000000e+01  -8.5521000e+01
   2.2135000e-02   3.0000000e+01  -8.4355000e+01
   2.2333000e-02   2.7300000e+01  -8.5618000e+01
   2.2333000e-02   2.4300000e+01  -8.6682000e+01
   2.2333000e-02   2.1300000e+01  -8.7621000e+01
   2.2333000e-02   1.8300000e+01  -8.8433000e+01
   2.2333000e-02   1.5300000e+01  -8.9118000e+01
   2.2333000e-02   1.2300000e+01  -8.9674000e+01
   2.2333000e-02   9.3000000e+00  -9.0101000e+01
   2.2333000e-02   6.3000000e+00  -9.0397000e+01
   2.2333000e-02   3.3000000e+00  -9.0563000e+01
   2.2333000e-02   3.0000000e-01  -9.0597000e+01
   2.2333000e-02  -2.7000000e+00  -9.0500000e+01
   2.2333000e-02  -5.7000000e+00  -9.0272000e+01
   2.2333000e-02  -8.7000000e+00  -8.9913000e+01
   2.2333000e-02  -1.1700000e+01  -8.9424000e+01
   2.2333000e-02  -1.4700000e+01  -8.8806000e+01
   2.2333000e-02  -1.7700000e+01  -8.8058000e+01
   2.2333000e-02  -2.0700000e+01  -8.7183000e+01
   2.2333000e-02  -2.3700000e+01  -8.6182000e+01
   2.2333000e-02  -2.6700000e+01  -8.5055000e+01
   2.2333000e-02  -2.9700000e+01  -8.3806000e+01
   2.2532000e-02  -2.7600000e+01  -8.4871000e+01
   2.2532000e-02  -2.4600000e+01  -8.6045000e+01
   2.2532000e-02  -2.1600000e+01  -8.7094000e+01
   2.2532000e-02  -1.8600000e+01  -8.8016000e+01
   2.2532000e-02  -1.5600000e+01  -8.8809000e+01
   2.2532000e-02  -1.2600000e+01  -8.9473000e+01
   2.2532000e-02  -9.6000000e+00  -9.0006000e+01
   2.2532000e-02  -6.6000000e+00  -9.0408000e+01
   2.2532000e-02  -3.6000000e+00  -9.0679000e+01
   2.2532000e-02  -6.0000000e-01  -9.0817000e+01
   2.2532000e-02   2.4000000e+00  -9.0823000e+01
   2.2532000e-02   5.4000000e+00  -9.0697000e+01
   2.2532000e-02   8.4000000e+00  -9.0439000e+01
   2.2532000e-02   1.1400000e+01  -9.0050000e+01
   2.2532000e-02   1.4400000e+01  -8.9529000e+01
   2.2532000e-02   1.7400000e+01  -8.8879000e+01
   2.2532000e-02   2.0400000e+01  -8.8099000e+01
   2.2532000e-02   2.3400000e+01  -8.7191000e+01
   2.2532000e-02   2.6400000e+01  -8.6158000e+01
   2.2532000e-02   2.9400000e+01  -8.4999000e+01
   2.2730000e-02   2.7900000e+01  -8.5795000e+01
   2.2730000e-02   2.4900000e+01  -8.6900000e+01
   2.2730000e-02   2.1900000e+01  -8.7877000e+01
   2.2730000e-02   1.8900000e+01  -8.8727000e+01
   2.2730000e-02   1.5900000e+01  -8.9446000e+01
   2.2730000e-02   1.2900000e+01  -9.0036000e+01
   2.2730000e-02   9.9000000e+00  -9.0493000e+01
   2.2730000e-02   6.9000000e+00  -9.0819000e+01
   2.2730000e-02   3.9000000e+00  -9.1011000e+01
   2.2730000e-02   9.0000000e-01  -9.1071000e+01
   2.2730000e-02  -2.1000000e+00  -9.0997000e+01
   2.2730000e-02  -5.1000000e+00  -9.0790000e+01
   2.2730000e-02  -8.1000000e+00  -9.0449000e+01
   2.2730000e-02  -1.1100000e+01  -8.9977000e+01
   2.2730000e-02  -1.4100000e+01  -8.9372000e+01
   2.2730000e-02  -1.7100000e+01  -8.8636000e+01
   2.2730000e-02  -2.0100000e+01  -8.7771000e+01
   2.2730000e-02  -2.3100000e+01  -8.6777000e+01
   2.2730000e-02  -2.6100000e+01  -8.5655000e+01
   2.2730000e-02  -2.9100000e+01  -8.4408000e+01
   2.2929000e-02  -2.8200000e+01  -8.4966000e+01
   2.2929000e-02  -2.5200000e+01  -8.6187000e+01
   2.2929000e-02  -2.2200000e+01  -8.7280000e+01
   2.2929000e-02  -1.9200000e+01  -8.8245000e+01
   2.2929000e-02  -1.6200000e+01  -8.9079000e+01
   2.2929000e-02  -1.3200000e+01  -8.9782000e+01
   2.2929000e-02  -1.0200000e+01  -9.0353000e+01
   2.2929000e-02  -7.2000000e+00  -9.0790000e+01
   2.2929000e-02  -4.2000000e+00  -9.1094000e+01
   2.2929000e-02  -1.2000000e+00  -9.1263000e+01
   2.2929000e-02   1.8000000e+00  -9.1299000e+01
   2.2929000e-02   4.8000000e+00  -9.1200000e+01
   2.2929000e-02   7.8000000e+00  -9.0967000e+01
   2.2929000e-02   1.0800000e+01  -9.0600000e+01
   2.2929000e-02   1.3800000e+01  -9.0099000e+01
   2.2929000e-02   1.6800000e+01  -8.9467000e+01
   2.2929000e-02   1.9800000e+01  -8.8703000e+01
   2.2929000e-02   2.2800000e+01  -8.7809000e+01
   2.2929000e-02   2.5800000e+01  -8.6786000e+01
   2.2929000e-02   2.8800000e+01  -8.5637000e+01
   2.3127000e-02   2.8500000e+01  -8.5953000e+01
   2.3127000e-02   2.5500000e+01  -8.7098000e+01
   2.3127000e-02   2.2500000e+01  -8.8115000e+01
   2.3127000e-02   1.9500000e+01  -8.9002000e+01
   2.3127000e-02   1.6500000e+01  -8.9757000e+01
   2.3127000e-02   1.3500000e+01  -9.0380000e+01
   2.3127000e-02   1.0500000e+01  -9.0870000e+01
   2.3127000e-02   7.5000000e+00  -9.1225000e+01
   2.3127000e-02   4.5000000e+00  -9.1446000e+01
   2.3127000e-02   1.5000000e+00  -9.1531000e+01
   2.3127000e-02  -1.5000000e+00  -9.1481000e+01
   2.3127000e-02  -4.5000000e+00  -9.1295000e+01
   2.3127000e-02  -7.5000000e+00  -9.0974000e+01
   2.3127000e-02  -1.0500000e+01  -9.0519000e+01
   2.3127000e-02  -1.3500000e+01  -8.9929000e+01
   2.3127000e-02  -1.6500000e+01  -8.9206000e+01
   2.3127000e-02  -1.9500000e+01  -8.8351000e+01
   2.3127000e-02  -2.2500000e+01  -8.7365000e+01
   2.3127000e-02  -2.5500000e+01  -8.6249000e+01
   2.3127000e-02  -2.8500000e+01  -8.5005000e+01
   2.3326000e-02  -2.8800000e+01  -8.5038000e+01
   2.3326000e-02  -2.5800000e+01  -8.6305000e+01
   2.3326000e-02  -2.2800000e+01  -8.7444000e+01
   2.3326000e-02  -1.9800000e+01  -8.8452000e+01
   2.3326000e-02  -1.6800000e+01  -8.9329000e+01
   2.3326000e-02  -1.3800000e+01  -9.0072000e+01
   2.3326000e-02  -1.0800000e+01  -9.0681000e+01
   2.3326000e-02  -7.8000000e+00  -9.1154000e+01
   2.3326000e-02  -4.8000000e+00  -9.1492000e+01
   2.3326000e-02  -1.8000000e+00  -9.1694000e+01
   2.3326000e-02   1.2000000e+00  -9.1759000e+01
   2.3326000e-02   4.2000000e+00  -9.1688000e+01
   2.3326000e-02   7.2000000e+00  -9.1480000e+01
   2.3326000e-02   1.0200000e+01  -9.1137000e+01
   2.3326000e-02   1.3200000e+01  -9.0658000e+01
   2.3326000e-02   1.6200000e+01  -9.0045000e+01
   2.3326000e-02   1.9200000e+01  -8.9298000e+01
   2.3326000e-02   2.2200000e+01  -8.8418000e+01
   2.3326000e-02   2.5200000e+01  -8.7407000e+01
   2.3326000e-02   2.8200000e+01  -8.6267000e+01
   2.3524000e-02   2.9100000e+01  -8.6089000e+01
   2.3524000e-02   2.6100000e+01  -8.7276000e+01
   2.3524000e-02   2.3100000e+01  -8.8333000e+01
   2.3524000e-02   2.0100000e+01  -8.9258000e+01
   2.3524000e-02   1.7100000e+01  -9.0050000e+01
   2.3524000e-02   1.4100000e+01  -9.0708000e+01
   2.3524000e-02   1.1100000e+01  -9.1230000e+01
   2.3524000e-02   8.1000000e+00  -9.1616000e+01
   2.3524000e-02   5.1000000e+00  -9.1865000e+01
   2.3524000e-02   2.1000000e+00  -9.1977000e+01
   2.3524000e-02  -9.0000000e-01  -9.1952000e+01
   2.3524000e-02  -3.9000000e+00  -9.1789000e+01
   2.3524000e-02  -6.9000000e+00  -9.1488000e+01
   2.3524000e-02  -9.9000000e+00  -9.1051000e+01
   2.3524000e-02  -1.2900000e+01  -9.0477000e+01
   2.3524000e-02  -1.5900000e+01  -8.9767000e+01
   2.3524000e-02  -1.8900000e+01  -8.8923000e+01
   2.3524000e-02  -2.1900000e+01  -8.7946000e+01
   2.3524000e-02  -2.4900000e+01  -8.6836000e+01
   2.3524000e-02  -2.7900000e+01  -8.5596000e+01
   2.3723000e-02  -2.9400000e+01  -8.5085000e+01
   2.3723000e-02  -2.6400000e+01  -8.6401000e+01
   2.3723000e-02  -2.3400000e+01  -8.7586000e+01
   2.3723000e-02  -2.0400000e+01  -8.8639000e+01
   2.3723000e-02  -1.7400000e+01  -8.9558000e+01
   2.3723000e-02  -1.4400000e+01  -9.0342000e+01
   2.3723000e-02  -1.1400000e+01  -9.0990000e+01
   2.3723000e-02  -8.4000000e+00  -9.1500000e+01
   2.3723000e-02  -5.4000000e+00  -9.1873000e+01
   2.3723000e-02  -2.4000000e+00  -9.2108000e+01
   2.3723000e-02   6.0000000e-01  -9.2204000e+01
   2.3723000e-02   3.6000000e+00  -9.2162000e+01
   2.3723000e-02   6.6000000e+00  -9.1981000e+01
   2.3723000e-02   9.6000000e+00  -9.1662000e+01
   2.3723000e-02   1.2600000e+01  -9.1205000e+01
   2.3723000e-02   1.5600000e+01  -9.0612000e+01
   2.3723000e-02   1.8600000e+01  -8.9882000e+01
   2.3723000e-02   2.1600000e+01  -8.9018000e+01
   2.3723000e-02   2.4600000e+01  -8.8020000e+01
   2.3723000e-02   2.7600000e+01  -8.6890000e+01
   2.3921000e-02   2.9700000e+01  -8.6205000e+01
   2.3921000e-02   2.6700000e+01  -8.7435000e+01
   2.3921000e-02   2.3700000e+01  -8.8532000e+01
   2.3921000e-02   2.0700000e+01  -8.9496000e+01
   2.3921000e-02   1.7700000e+01  -9.0326000e+01
   2.3921000e-02   1.4700000e+01  -9.1019000e+01
   2.3921000e-02   1.1700000e+01  -9.1574000e+01
   2.3921000e-02   8.7000000e+00  -9.1992000e+01
   2.3921000e-02   5.7000000e+00  -9.2270000e+01
   2.3921000e-02   2.7000000e+00  -9.2410000e+01
   2.3921000e-02  -3.0000000e-01  -9.2409000e+01
   2.3921000e-02  -3.3000000e+00  -9.2270000e+01
   2.3921000e-02  -6.3000000e+00  -9.1990000e+01
   2.3921000e-02  -9.3000000e+00  -9.1572000e+01
   2.3921000e-02  -1.2300000e+01  -9.1015000e+01
   2.3921000e-02  -1.5300000e+01  -9.0319000e+01
   2.3921000e-02  -1.8300000e+01  -8.9487000e+01
   2.3921000e-02  -2.1300000e+01  -8.8520000e+01
   2.3921000e-02  -2.4300000e+01  -8.7417000e+01
   2.3921000e-02  -2.7300000e+01  -8.6182000e+01
   2.4120000e-02  -3.0000000e+01  -8.5108000e+01
   2.4120000e-02  -2.7000000e+01  -8.6473000e+01
   2.4120000e-02  -2.4000000e+01  -8.7705000e+01
   2.4120000e-02  -2.1000000e+01  -8.8804000e+01
   2.4120000e-02  -1.8000000e+01  -8.9766000e+01
   2.4120000e-02  -1.5000000e+01  -9.0592000e+01
   2.4120000e-02  -1.2000000e+01  -9.1280000e+01
   2.4120000e-02  -9.0000000e+00  -9.1828000e+01
   2.4120000e-02  -6.0000000e+00  -9.2237000e+01
   2.4120000e-02  -3.0000000e+00  -9.2505000e+01
   2.4120000e-02  -1.3323000e-15  -9.2633000e+01
   2.4120000e-02   3.0000000e+00  -9.2621000e+01
   2.4120000e-02   6.0000000e+00  -9.2467000e+01
   2.4120000e-02   9.0000000e+00  -9.2174000e+01
   2.4120000e-02   1.2000000e+01  -9.1740000e+01
   2.4120000e-02   1.5000000e+01  -9.1167000e+01
   2.4120000e-02   1.8000000e+01  -9.0457000e+01
   2.4120000e-02   2.1000000e+01  -8.9608000e+01
   2.4120000e-02   2.4000000e+01  -8.8625000e+01
   2.4120000e-02   2.7000000e+01  -8.7506000e+01
   2.4120000e-02   3.0000000e+01  -8.6255000e+01
   2.4318000e-02   2.7300000e+01  -8.7573000e+01
   2.4318000e-02   2.4300000e+01  -8.8712000e+01
   2.4318000e-02   2.1300000e+01  -8.9716000e+01
   2.4318000e-02   1.8300000e+01  -9.0583000e+01
   2.4318000e-02   1.5300000e+01  -9.1312000e+01
   2.4318000e-02   1.2300000e+01  -9.1902000e+01
   2.4318000e-02   9.3000000e+00  -9.2351000e+01
   2.4318000e-02   6.3000000e+00  -9.2660000e+01
   2.4318000e-02   3.3000000e+00  -9.2828000e+01
   2.4318000e-02   3.0000000e-01  -9.2854000e+01
   2.4318000e-02  -2.7000000e+00  -9.2738000e+01
   2.4318000e-02  -5.7000000e+00  -9.2481000e+01
   2.4318000e-02  -8.7000000e+00  -9.2082000e+01
   2.4318000e-02  -1.1700000e+01  -9.1542000e+01
   2.4318000e-02  -1.4700000e+01  -9.0862000e+01
   2.4318000e-02  -1.7700000e+01  -9.0043000e+01
   2.4318000e-02  -2.0700000e+01  -8.9086000e+01
   2.4318000e-02  -2.3700000e+01  -8.7992000e+01
   2.4318000e-02  -2.6700000e+01  -8.6762000e+01
   2.4318000e-02  -2.9700000e+01  -8.5399000e+01
   2.4517000e-02  -2.7600000e+01  -8.6521000e+01
   2.4517000e-02  -2.4600000e+01  -8.7802000e+01
   2.4517000e-02  -2.1600000e+01  -8.8947000e+01
   2.4517000e-02  -1.8600000e+01  -8.9954000e+01
   2.4517000e-02  -1.5600000e+01  -9.0822000e+01
   2.4517000e-02  -1.2600000e+01  -9.1550000e+01
   2.4517000e-02  -9.6000000e+00  -9.2137000e+01
   2.4517000e-02  -6.6000000e+00  -9.2583000e+01
   2.4517000e-02  -3.6000000e+00  -9.2886000e+01
   2.4517000e-02  -6.0000000e-01  -9.3047000e+01
   2.4517000e-02   2.4000000e+00  -9.3065000e+01
   2.4517000e-02   5.4000000e+00  -9.2940000e+01
   2.4517000e-02   8.4000000e+00  -9.2672000e+01
   2.4517000e-02   1.1400000e+01  -9.2263000e+01
   2.4517000e-02   1.4400000e+01  -9.1712000e+01
   2.4517000e-02   1.7400000e+01  -9.1020000e+01
   2.4517000e-02   2.0400000e+01  -9.0189000e+01
   2.4517000e-02   2.3400000e+01  -8.9220000e+01
   2.4517000e-02   2.6400000e+01  -8.8114000e+01
   2.4517000e-02   2.9400000e+01  -8.6873000e+01
   2.4715000e-02   2.7900000e+01  -8.7690000e+01
   2.4715000e-02   2.4900000e+01  -8.8871000e+01
   2.4715000e-02   2.1900000e+01  -8.9916000e+01
   2.4715000e-02   1.8900000e+01  -9.0822000e+01
   2.4715000e-02   1.5900000e+01  -9.1587000e+01
   2.4715000e-02   1.2900000e+01  -9.2212000e+01
   2.4715000e-02   9.9000000e+00  -9.2695000e+01
   2.4715000e-02   6.9000000e+00  -9.3035000e+01
   2.4715000e-02   3.9000000e+00  -9.3232000e+01
   2.4715000e-02   9.0000000e-01  -9.3285000e+01
   2.4715000e-02  -2.1000000e+00  -9.3194000e+01
   2.4715000e-02  -5.1000000e+00  -9.2959000e+01
   2.4715000e-02  -8.1000000e+00  -9.2581000e+01
   2.4715000e-02  -1.1100000e+01  -9.2059000e+01
   2.4715000e-02  -1.4100000e+01  -9.1396000e+01
   2.4715000e-02  -1.7100000e+01  -9.0590000e+01
   2.4715000e-02  -2.0100000e+01  -8.9644000e+01
   2.4715000e-02  -2.3100000e+01  -8.8559000e+01
   2.4715000e-02  -2.6100000e+01  -8.7336000e+01
   2.4715000e-02  -2.9100000e+01  -8.5977000e+01
   2.4914000e-02  -2.8200000e+01  -8.6546000e+01
   2.4914000e-02  -2.5200000e+01  -8.7875000e+01
   2.4914000e-02  -2.2200000e+01  -8.9067000e+01
   2.4914000e-02  -1.9200000e+01  -9.0120000e+01
   2.4914000e-02  -1.6200000e+01  -9.1031000e+01
   2.4914000e-02  -1.3200000e+01  -9.1801000e+01
   2.4914000e-02  -1.0200000e+01  -9.2428000e+01
   2.4914000e-02  -7.2000000e+00  -9.2911000e+01
   2.4914000e-02  -4.2000000e+00  -9.3250000e+01
   2.4914000e-02  -1.2000000e+00  -9.3444000e+01
   2.4914000e-02   1.8000000e+00  -9.3493000e+01
   2.4914000e-02   4.8000000e+00  -9.3397000e+01
   2.4914000e-02   7.8000000e+00  -9.3157000e+01
   2.4914000e-02   1.0800000e+01  -9.2772000e+01
   2.4914000e-02   1.3800000e+01  -9.2244000e+01
   2.4914000e-02   1.6800000e+01  -9.1573000e+01
   2.4914000e-02   1.9800000e+01  -9.0760000e+01
   2.4914000e-02   2.2800000e+01  -8.9807000e+01
   2.4914000e-02   2.5800000e+01  -8.8714000e+01
   2.4914000e-02   2.8800000e+01  -8.7484000e+01
   2.5112000e-02   2.8500000e+01  -8.7786000e+01
   2.5112000e-02   2.5500000e+01  -8.9011000e+01
   2.5112000e-02   2.2500000e+01  -9.0096000e+01
   2.5112000e-02   1.9500000e+01  -9.1042000e+01
   2.5112000e-02   1.6500000e+01  -9.1845000e+01
   2.5112000e-02   1.3500000e+01  -9.2506000e+01
   2.5112000e-02   1.0500000e+01  -9.3022000e+01
   2.5112000e-02   7.5000000e+00  -9.3394000e+01
   2.5112000e-02   4.5000000e+00  -9.3621000e+01
   2.5112000e-02   1.5000000e+00  -9.3702000e+01
   2.5112000e-02  -1.5000000e+00  -9.3636000e+01
   2.5112000e-02  -4.5000000e+00  -9.3425000e+01
   2.5112000e-02  -7.5000000e+00  -9.3068000e+01
   2.5112000e-02  -1.0500000e+01  -9.2566000e+01
   2.5112000e-02  -1.3500000e+01  -9.1919000e+01
   2.5112000e-02  -1.6500000e+01  -9.1128000e+01
   2.5112000e-02  -1.9500000e+01  -9.0194000e+01
   2.5112000e-02  -2.2500000e+01  -8.9119000e+01
   2.5112000e-02  -2.5500000e+01  -8.7903000e+01
   2.5112000e-02  -2.8500000e+01  -8.6549000e+01
   2.5311000e-02  -2.8800000e+01  -8.6546000e+01
   2.5311000e-02  -2.5800000e+01  -8.7925000e+01
   2.5311000e-02  -2.2800000e+01  -8.9165000e+01
   2.5311000e-02  -1.9800000e+01  -9.0264000e+01
   2.5311000e-02  -1.6800000e+01  -9.1220000e+01
   2.5311000e-02  -1.3800000e+01  -9.2032000e+01
   2.5311000e-02  -1.0800000e+01  -9.2699000e+01
   2.5311000e-02  -7.8000000e+00  -9.3221000e+01
   2.5311000e-02  -4.8000000e+00  -9.3596000e+01
   2.5311000e-02  -1.8000000e+00  -9.3825000e+01
   2.5311000e-02   1.2000000e+00  -9.3906000e+01
   2.5311000e-02   4.2000000e+00  -9.3841000e+01
   2.5311000e-02   7.2000000e+00  -9.3628000e+01
   2.5311000e-02   1.0200000e+01  -9.3269000e+01
   2.5311000e-02   1.3200000e+01  -9.2765000e+01
   2.5311000e-02   1.6200000e+01  -9.2115000e+01
   2.5311000e-02   1.9200000e+01  -9.1321000e+01
   2.5311000e-02   2.2200000e+01  -9.0384000e+01
   2.5311000e-02   2.5200000e+01  -8.9305000e+01
   2.5311000e-02   2.8200000e+01  -8.8087000e+01
   2.5509000e-02   2.9100000e+01  -8.7862000e+01
   2.5509000e-02   2.6100000e+01  -8.9130000e+01
   2.5509000e-02   2.3100000e+01  -9.0257000e+01
   2.5509000e-02   2.0100000e+01  -9.1243000e+01
   2.5509000e-02   1.7100000e+01  -9.2085000e+01
   2.5509000e-02   1.4100000e+01  -9.2782000e+01
   2.5509000e-02   1.1100000e+01  -9.3333000e+01
   2.5509000e-02   8.1000000e+00  -9.3738000e+01
   2.5509000e-02   5.1000000e+00  -9.3995000e+01
   2.5509000e-02   2.1000000e+00  -9.4104000e+01
   2.5509000e-02  -9.0000000e-01  -9.4066000e+01
   2.5509000e-02  -3.9000000e+00  -9.3879000e+01
   2.5509000e-02  -6.9000000e+00  -9.3544000e+01
   2.5509000e-02  -9.9000000e+00  -9.3062000e+01
   2.5509000e-02  -1.2900000e+01  -9.2433000e+01
   2.5509000e-02  -1.5900000e+01  -9.1657000e+01
   2.5509000e-02  -1.8900000e+01  -9.0736000e+01
   2.5509000e-02  -2.1900000e+01  -8.9671000e+01
   2.5509000e-02  -2.4900000e+01  -8.8464000e+01
   2.5509000e-02  -2.7900000e+01  -8.7115000e+01
   2.5708000e-02  -2.9400000e+01  -8.6521000e+01
   2.5708000e-02  -2.6400000e+01  -8.7951000e+01
   2.5708000e-02  -2.3400000e+01  -8.9240000e+01
   2.5708000e-02  -2.0400000e+01  -9.0386000e+01
   2.5708000e-02  -1.7400000e+01  -9.1387000e+01
   2.5708000e-02  -1.4400000e+01  -9.2243000e+01
   2.5708000e-02  -1.1400000e+01  -9.2951000e+01
   2.5708000e-02  -8.4000000e+00  -9.3512000e+01
   2.5708000e-02  -5.4000000e+00  -9.3925000e+01
   2.5708000e-02  -2.4000000e+00  -9.4189000e+01
   2.5708000e-02   6.0000000e-01  -9.4303000e+01
   2.5708000e-02   3.6000000e+00  -9.4269000e+01
   2.5708000e-02   6.6000000e+00  -9.4085000e+01
   2.5708000e-02   9.6000000e+00  -9.3753000e+01
   2.5708000e-02   1.2600000e+01  -9.3273000e+01
   2.5708000e-02   1.5600000e+01  -9.2645000e+01
   2.5708000e-02   1.8600000e+01  -9.1871000e+01
   2.5708000e-02   2.1600000e+01  -9.0951000e+01
   2.5708000e-02   2.4600000e+01  -8.9888000e+01
   2.5708000e-02   2.7600000e+01  -8.8682000e+01
   2.5906000e-02   2.9700000e+01  -8.7916000e+01
   2.5906000e-02   2.6700000e+01  -8.9228000e+01
   2.5906000e-02   2.3700000e+01  -9.0399000e+01
   2.5906000e-02   2.0700000e+01  -9.1425000e+01
   2.5906000e-02   1.7700000e+01  -9.2306000e+01
   2.5906000e-02   1.4700000e+01  -9.3041000e+01
   2.5906000e-02   1.1700000e+01  -9.3627000e+01
   2.5906000e-02   8.7000000e+00  -9.4065000e+01
   2.5906000e-02   5.7000000e+00  -9.4354000e+01
   2.5906000e-02   2.7000000e+00  -9.4493000e+01
   2.5906000e-02  -3.0000000e-01  -9.4481000e+01
   2.5906000e-02  -3.3000000e+00  -9.4320000e+01
   2.5906000e-02  -6.3000000e+00  -9.4008000e+01
   2.5906000e-02  -9.3000000e+00  -9.3547000e+01
   2.5906000e-02  -1.2300000e+01  -9.2936000e+01
   2.5906000e-02  -1.5300000e+01  -9.2177000e+01
   2.5906000e-02  -1.8300000e+01  -9.1270000e+01
   2.5906000e-02  -2.1300000e+01  -9.0216000e+01
   2.5906000e-02  -2.4300000e+01  -8.9018000e+01
   2.5906000e-02  -2.7300000e+01  -8.7676000e+01
   2.6105000e-02  -3.0000000e+01  -8.6472000e+01
   2.6105000e-02  -2.7000000e+01  -8.7953000e+01
   2.6105000e-02  -2.4000000e+01  -8.9292000e+01
   2.6105000e-02  -2.1000000e+01  -9.0486000e+01
   2.6105000e-02  -1.8000000e+01  -9.1533000e+01
   2.6105000e-02  -1.5000000e+01  -9.2433000e+01
   2.6105000e-02  -1.2000000e+01  -9.3184000e+01
   2.6105000e-02  -9.0000000e+00  -9.3785000e+01
   2.6105000e-02  -6.0000000e+00  -9.4236000e+01
   2.6105000e-02  -3.0000000e+00  -9.4535000e+01
   2.6105000e-02  -1.3323000e-15  -9.4684000e+01
   2.6105000e-02   3.0000000e+00  -9.4682000e+01
   2.6105000e-02   6.0000000e+00  -9.4528000e+01
   2.6105000e-02   9.0000000e+00  -9.4223000e+01
   2.6105000e-02   1.2000000e+01  -9.3768000e+01
   2.6105000e-02   1.5000000e+01  -9.3164000e+01
   2.6105000e-02   1.8000000e+01  -9.2410000e+01
   2.6105000e-02   2.1000000e+01  -9.1509000e+01
   2.6105000e-02   2.4000000e+01  -9.0462000e+01
   2.6105000e-02   2.7000000e+01  -8.9270000e+01
   2.6105000e-02   3.0000000e+01  -8.7935000e+01
   2.6303000e-02   2.7300000e+01  -8.9306000e+01
   2.6303000e-02   2.4300000e+01  -9.0520000e+01
   2.6303000e-02   2.1300000e+01  -9.1588000e+01
   2.6303000e-02   1.8300000e+01  -9.2509000e+01
   2.6303000e-02   1.5300000e+01  -9.3282000e+01
   2.6303000e-02   1.2300000e+01  -9.3905000e+01
   2.6303000e-02   9.3000000e+00  -9.4377000e+01
   2.6303000e-02   6.3000000e+00  -9.4698000e+01
   2.6303000e-02   3.3000000e+00  -9.4867000e+01
   2.6303000e-02   3.0000000e-01  -9.4883000e+01
   2.6303000e-02  -2.7000000e+00  -9.4748000e+01
   2.6303000e-02  -5.7000000e+00  -9.4460000e+01
   2.6303000e-02  -8.7000000e+00  -9.4020000e+01
   2.6303000e-02  -1.1700000e+01  -9.3429000e+01
   2.6303000e-02  -1.4700000e+01  -9.2686000e+01
   2.6303000e-02  -1.7700000e+01  -9.1794000e+01
   2.6303000e-02  -2.0700000e+01  -9.0753000e+01
   2.6303000e-02  -2.3700000e+01  -8.9564000e+01
   2.6303000e-02  -2.6700000e+01  -8.8230000e+01
   2.6303000e-02  -2.9700000e+01  -8.6750000e+01
   2.6502000e-02  -2.7600000e+01  -8.7931000e+01
   2.6502000e-02  -2.4600000e+01  -8.9320000e+01
   2.6502000e-02  -2.1600000e+01  -9.0563000e+01
   2.6502000e-02  -1.8600000e+01  -9.1657000e+01
   2.6502000e-02  -1.5600000e+01  -9.2602000e+01
   2.6502000e-02  -1.2600000e+01  -9.3396000e+01
   2.6502000e-02  -9.6000000e+00  -9.4038000e+01
   2.6502000e-02  -6.6000000e+00  -9.4528000e+01
   2.6502000e-02  -3.6000000e+00  -9.4865000e+01
   2.6502000e-02  -6.0000000e-01  -9.5049000e+01
   2.6502000e-02   2.4000000e+00  -9.5079000e+01
   2.6502000e-02   5.4000000e+00  -9.4956000e+01
   2.6502000e-02   8.4000000e+00  -9.4680000e+01
   2.6502000e-02   1.1400000e+01  -9.4251000e+01
   2.6502000e-02   1.4400000e+01  -9.3670000e+01
   2.6502000e-02   1.7400000e+01  -9.2938000e+01
   2.6502000e-02   2.0400000e+01  -9.2057000e+01
   2.6502000e-02   2.3400000e+01  -9.1026000e+01
   2.6502000e-02   2.6400000e+01  -8.9849000e+01
   2.6502000e-02   2.9400000e+01  -8.8526000e+01
   2.6700000e-02   2.7900000e+01  -8.9362000e+01
   2.6700000e-02   2.4900000e+01  -9.0621000e+01
   2.6700000e-02   2.1900000e+01  -9.1731000e+01
   2.6700000e-02   1.8900000e+01  -9.2693000e+01
   2.6700000e-02   1.5900000e+01  -9.3505000e+01
   2.6700000e-02   1.2900000e+01  -9.4164000e+01
   2.6700000e-02   9.9000000e+00  -9.4672000e+01
   2.6700000e-02   6.9000000e+00  -9.5026000e+01
   2.6700000e-02   3.9000000e+00  -9.5226000e+01
   2.6700000e-02   9.0000000e-01  -9.5271000e+01
   2.6700000e-02  -2.1000000e+00  -9.5163000e+01
   2.6700000e-02  -5.1000000e+00  -9.4899000e+01
   2.6700000e-02  -8.1000000e+00  -9.4482000e+01
   2.6700000e-02  -1.1100000e+01  -9.3911000e+01
   2.6700000e-02  -1.4100000e+01  -9.3186000e+01
   2.6700000e-02  -1.7100000e+01  -9.2310000e+01
   2.6700000e-02  -2.0100000e+01  -9.1282000e+01
   2.6700000e-02  -2.3100000e+01  -9.0104000e+01
   2.6700000e-02  -2.6100000e+01  -8.8777000e+01
   2.6700000e-02  -2.9100000e+01  -8.7304000e+01
   2.6899000e-02  -2.8200000e+01  -8.7884000e+01
   2.6899000e-02  -2.5200000e+01  -8.9325000e+01
   2.6899000e-02  -2.2200000e+01  -9.0617000e+01
   2.6899000e-02  -1.9200000e+01  -9.1759000e+01
   2.6899000e-02  -1.6200000e+01  -9.2750000e+01
   2.6899000e-02  -1.3200000e+01  -9.3588000e+01
   2.6899000e-02  -1.0200000e+01  -9.4272000e+01
   2.6899000e-02  -7.2000000e+00  -9.4802000e+01
   2.6899000e-02  -4.2000000e+00  -9.5177000e+01
   2.6899000e-02  -1.2000000e+00  -9.5396000e+01
   2.6899000e-02   1.8000000e+00  -9.5460000e+01
   2.6899000e-02   4.8000000e+00  -9.5369000e+01
   2.6899000e-02   7.8000000e+00  -9.5122000e+01
   2.6899000e-02   1.0800000e+01  -9.4720000e+01
   2.6899000e-02   1.3800000e+01  -9.4164000e+01
   2.6899000e-02   1.6800000e+01  -9.3455000e+01
   2.6899000e-02   1.9800000e+01  -9.2594000e+01
   2.6899000e-02   2.2800000e+01  -9.1581000e+01
   2.6899000e-02   2.5800000e+01  -9.0419000e+01
   2.6899000e-02   2.8800000e+01  -8.9109000e+01
   2.7098000e-02   2.8500000e+01  -8.9397000e+01
   2.7098000e-02   2.5500000e+01  -9.0701000e+01
   2.7098000e-02   2.2500000e+01  -9.1855000e+01
   2.7098000e-02   1.9500000e+01  -9.2858000e+01
   2.7098000e-02   1.6500000e+01  -9.3709000e+01
   2.7098000e-02   1.3500000e+01  -9.4407000e+01
   2.7098000e-02   1.0500000e+01  -9.4950000e+01
   2.7098000e-02   7.5000000e+00  -9.5338000e+01
   2.7098000e-02   4.5000000e+00  -9.5569000e+01
   2.7098000e-02   1.5000000e+00  -9.5645000e+01
   2.7098000e-02  -1.5000000e+00  -9.5564000e+01
   2.7098000e-02  -4.5000000e+00  -9.5326000e+01
   2.7098000e-02  -7.5000000e+00  -9.4932000e+01
   2.7098000e-02  -1.0500000e+01  -9.4382000e+01
   2.7098000e-02  -1.3500000e+01  -9.3676000e+01
   2.7098000e-02  -1.6500000e+01  -9.2816000e+01
   2.7098000e-02  -1.9500000e+01  -9.1802000e+01
   2.7098000e-02  -2.2500000e+01  -9.0635000e+01
   2.7098000e-02  -2.5500000e+01  -8.9318000e+01
   2.7098000e-02  -2.8500000e+01  -8.7851000e+01
   2.7296000e-02  -2.8800000e+01  -8.7812000e+01
   2.7296000e-02  -2.5800000e+01  -8.9305000e+01
   2.7296000e-02  -2.2800000e+01  -9.0648000e+01
   2.7296000e-02  -1.9800000e+01  -9.1839000e+01
   2.7296000e-02  -1.6800000e+01  -9.2876000e+01
   2.7296000e-02  -1.3800000e+01  -9.3759000e+01
   2.7296000e-02  -1.0800000e+01  -9.4486000e+01
   2.7296000e-02  -7.8000000e+00  -9.5057000e+01
   2.7296000e-02  -4.8000000e+00  -9.5471000e+01
   2.7296000e-02  -1.8000000e+00  -9.5727000e+01
   2.7296000e-02   1.2000000e+00  -9.5826000e+01
   2.7296000e-02   4.2000000e+00  -9.5766000e+01
   2.7296000e-02   7.2000000e+00  -9.5550000e+01
   2.7296000e-02   1.0200000e+01  -9.5176000e+01
   2.7296000e-02   1.3200000e+01  -9.4646000e+01
   2.7296000e-02   1.6200000e+01  -9.3960000e+01
   2.7296000e-02   1.9200000e+01  -9.3120000e+01
   2.7296000e-02   2.2200000e+01  -9.2126000e+01
   2.7296000e-02   2.5200000e+01  -9.0980000e+01
   2.7296000e-02   2.8200000e+01  -8.9684000e+01
   2.7495000e-02   2.9100000e+01  -8.9411000e+01
   2.7495000e-02   2.6100000e+01  -9.0760000e+01
   2.7495000e-02   2.3100000e+01  -9.1958000e+01
   2.7495000e-02   2.0100000e+01  -9.3004000e+01
   2.7495000e-02   1.7100000e+01  -9.3895000e+01
   2.7495000e-02   1.4100000e+01  -9.4631000e+01
   2.7495000e-02   1.1100000e+01  -9.5211000e+01
   2.7495000e-02   8.1000000e+00  -9.5634000e+01
   2.7495000e-02   5.1000000e+00  -9.5898000e+01
   2.7495000e-02   2.1000000e+00  -9.6004000e+01
   2.7495000e-02  -9.0000000e-01  -9.5951000e+01
   2.7495000e-02  -3.9000000e+00  -9.5740000e+01
   2.7495000e-02  -6.9000000e+00  -9.5370000e+01
   2.7495000e-02  -9.9000000e+00  -9.4842000e+01
   2.7495000e-02  -1.2900000e+01  -9.4156000e+01
   2.7495000e-02  -1.5900000e+01  -9.3312000e+01
   2.7495000e-02  -1.8900000e+01  -9.2313000e+01
   2.7495000e-02  -2.1900000e+01  -9.1159000e+01
   2.7495000e-02  -2.4900000e+01  -8.9852000e+01
   2.7495000e-02  -2.7900000e+01  -8.8392000e+01
   2.7693000e-02  -2.9400000e+01  -8.7714000e+01
   2.7693000e-02  -2.6400000e+01  -8.9261000e+01
   2.7693000e-02  -2.3400000e+01  -9.0655000e+01
   2.7693000e-02  -2.0400000e+01  -9.1896000e+01
   2.7693000e-02  -1.7400000e+01  -9.2981000e+01
   2.7693000e-02  -1.4400000e+01  -9.3910000e+01
   2.7693000e-02  -1.1400000e+01  -9.4681000e+01
   2.7693000e-02  -8.4000000e+00  -9.5293000e+01
   2.7693000e-02  -5.4000000e+00  -9.5747000e+01
   2.7693000e-02  -2.4000000e+00  -9.6040000e+01
   2.7693000e-02   6.0000000e-01  -9.6174000e+01
   2.7693000e-02   3.6000000e+00  -9.6149000e+01
   2.7693000e-02   6.6000000e+00  -9.5963000e+01
   2.7693000e-02   9.6000000e+00  -9.5618000e+01
   2.7693000e-02   1.2600000e+01  -9.5115000e+01
   2.7693000e-02   1.5600000e+01  -9.4453000e+01
   2.7693000e-02   1.8600000e+01  -9.3635000e+01
   2.7693000e-02   2.1600000e+01  -9.2661000e+01
   2.7693000e-02   2.4600000e+01  -9.1532000e+01
   2.7693000e-02   2.7600000e+01  -9.0251000e+01
   2.7892000e-02   2.9700000e+01  -8.9402000e+01
   2.7892000e-02   2.6700000e+01  -9.0798000e+01
   2.7892000e-02   2.3700000e+01  -9.2041000e+01
   2.7892000e-02   2.0700000e+01  -9.3130000e+01
   2.7892000e-02   1.7700000e+01  -9.4062000e+01
   2.7892000e-02   1.4700000e+01  -9.4838000e+01
   2.7892000e-02   1.1700000e+01  -9.5455000e+01
   2.7892000e-02   8.7000000e+00  -9.5913000e+01
   2.7892000e-02   5.7000000e+00  -9.6211000e+01
   2.7892000e-02   2.7000000e+00  -9.6348000e+01
   2.7892000e-02  -3.0000000e-01  -9.6325000e+01
   2.7892000e-02  -3.3000000e+00  -9.6141000e+01
   2.7892000e-02  -6.3000000e+00  -9.5796000e+01
   2.7892000e-02  -9.3000000e+00  -9.5290000e+01
   2.7892000e-02  -1.2300000e+01  -9.4624000e+01
   2.7892000e-02  -1.5300000e+01  -9.3799000e+01
   2.7892000e-02  -1.8300000e+01  -9.2816000e+01
   2.7892000e-02  -2.1300000e+01  -9.1675000e+01
   2.7892000e-02  -2.4300000e+01  -9.0378000e+01
   2.7892000e-02  -2.7300000e+01  -8.8927000e+01
   2.8090000e-02  -3.0000000e+01  -8.7590000e+01
   2.8090000e-02  -2.7000000e+01  -8.9191000e+01
   2.8090000e-02  -2.4000000e+01  -9.0638000e+01
   2.8090000e-02  -2.1000000e+01  -9.1930000e+01
   2.8090000e-02  -1.8000000e+01  -9.3064000e+01
   2.8090000e-02  -1.5000000e+01  -9.4039000e+01
   2.8090000e-02  -1.2000000e+01  -9.4855000e+01
   2.8090000e-02  -9.0000000e+00  -9.5510000e+01
   2.8090000e-02  -6.0000000e+00  -9.6004000e+01
   2.8090000e-02  -3.0000000e+00  -9.6336000e+01
   2.8090000e-02  -1.3323000e-15  -9.6507000e+01
   2.8090000e-02   3.0000000e+00  -9.6515000e+01
   2.8090000e-02   6.0000000e+00  -9.6362000e+01
   2.8090000e-02   9.0000000e+00  -9.6047000e+01
   2.8090000e-02   1.2000000e+01  -9.5571000e+01
   2.8090000e-02   1.5000000e+01  -9.4934000e+01
   2.8090000e-02   1.8000000e+01  -9.4139000e+01
   2.8090000e-02   2.1000000e+01  -9.3185000e+01
   2.8090000e-02   2.4000000e+01  -9.2075000e+01
   2.8090000e-02   2.7000000e+01  -9.0809000e+01
   2.8090000e-02   3.0000000e+01  -8.9389000e+01
   2.8289000e-02   2.7300000e+01  -9.0814000e+01
   2.8289000e-02   2.4300000e+01  -9.2103000e+01
   2.8289000e-02   2.1300000e+01  -9.3236000e+01
   2.8289000e-02   1.8300000e+01  -9.4211000e+01
   2.8289000e-02   1.5300000e+01  -9.5026000e+01
   2.8289000e-02   1.2300000e+01  -9.5682000e+01
   2.8289000e-02   9.3000000e+00  -9.6176000e+01
   2.8289000e-02   6.3000000e+00  -9.6508000e+01
   2.8289000e-02   3.3000000e+00  -9.6678000e+01
   2.8289000e-02   3.0000000e-01  -9.6684000e+01
   2.8289000e-02  -2.7000000e+00  -9.6528000e+01
   2.8289000e-02  -5.7000000e+00  -9.6209000e+01
   2.8289000e-02  -8.7000000e+00  -9.5727000e+01
   2.8289000e-02  -1.1700000e+01  -9.5082000e+01
   2.8289000e-02  -1.4700000e+01  -9.4276000e+01
   2.8289000e-02  -1.7700000e+01  -9.3309000e+01
   2.8289000e-02  -2.0700000e+01  -9.2182000e+01
   2.8289000e-02  -2.3700000e+01  -9.0897000e+01
   2.8289000e-02  -2.6700000e+01  -8.9454000e+01
   2.8289000e-02  -2.9700000e+01  -8.7856000e+01
   2.8487000e-02  -2.7600000e+01  -8.9097000e+01
   2.8487000e-02  -2.4600000e+01  -9.0597000e+01
   2.8487000e-02  -2.1600000e+01  -9.1940000e+01
   2.8487000e-02  -1.8600000e+01  -9.3124000e+01
   2.8487000e-02  -1.5600000e+01  -9.4147000e+01
   2.8487000e-02  -1.2600000e+01  -9.5008000e+01
   2.8487000e-02  -9.6000000e+00  -9.5707000e+01
   2.8487000e-02  -6.6000000e+00  -9.6242000e+01
   2.8487000e-02  -3.6000000e+00  -9.6614000e+01
   2.8487000e-02  -6.0000000e-01  -9.6822000e+01
   2.8487000e-02   2.4000000e+00  -9.6865000e+01
   2.8487000e-02   5.4000000e+00  -9.6745000e+01
   2.8487000e-02   8.4000000e+00  -9.6460000e+01
   2.8487000e-02   1.1400000e+01  -9.6013000e+01
   2.8487000e-02   1.4400000e+01  -9.5403000e+01
   2.8487000e-02   1.7400000e+01  -9.4631000e+01
   2.8487000e-02   2.0400000e+01  -9.3699000e+01
   2.8487000e-02   2.3400000e+01  -9.2607000e+01
   2.8487000e-02   2.6400000e+01  -9.1358000e+01
   2.8487000e-02   2.9400000e+01  -8.9953000e+01
   2.8686000e-02   2.7900000e+01  -9.0809000e+01
   2.8686000e-02   2.4900000e+01  -9.2144000e+01
   2.8686000e-02   2.1900000e+01  -9.3322000e+01
   2.8686000e-02   1.8900000e+01  -9.4339000e+01
   2.8686000e-02   1.5900000e+01  -9.5196000e+01
   2.8686000e-02   1.2900000e+01  -9.5891000e+01
   2.8686000e-02   9.9000000e+00  -9.6422000e+01
   2.8686000e-02   6.9000000e+00  -9.6789000e+01
   2.8686000e-02   3.9000000e+00  -9.6992000e+01
   2.8686000e-02   9.0000000e-01  -9.7029000e+01
   2.8686000e-02  -2.1000000e+00  -9.6902000e+01
   2.8686000e-02  -5.1000000e+00  -9.6609000e+01
   2.8686000e-02  -8.1000000e+00  -9.6151000e+01
   2.8686000e-02  -1.1100000e+01  -9.5529000e+01
   2.8686000e-02  -1.4100000e+01  -9.4743000e+01
   2.8686000e-02  -1.7100000e+01  -9.3793000e+01
   2.8686000e-02  -2.0100000e+01  -9.2681000e+01
   2.8686000e-02  -2.3100000e+01  -9.1408000e+01
   2.8686000e-02  -2.6100000e+01  -8.9975000e+01
   2.8686000e-02  -2.9100000e+01  -8.8385000e+01
   2.8884000e-02  -2.8200000e+01  -8.8977000e+01
   2.8884000e-02  -2.5200000e+01  -9.0532000e+01
   2.8884000e-02  -2.2200000e+01  -9.1927000e+01
   2.8884000e-02  -1.9200000e+01  -9.3161000e+01
   2.8884000e-02  -1.6200000e+01  -9.4232000e+01
   2.8884000e-02  -1.3200000e+01  -9.5140000e+01
   2.8884000e-02  -1.0200000e+01  -9.5883000e+01
   2.8884000e-02  -7.2000000e+00  -9.6461000e+01
   2.8884000e-02  -4.2000000e+00  -9.6873000e+01
   2.8884000e-02  -1.2000000e+00  -9.7119000e+01
   2.8884000e-02   1.8000000e+00  -9.7199000e+01
   2.8884000e-02   4.8000000e+00  -9.7112000e+01
   2.8884000e-02   7.8000000e+00  -9.6860000e+01
   2.8884000e-02   1.0800000e+01  -9.6441000e+01
   2.8884000e-02   1.3800000e+01  -9.5858000e+01
   2.8884000e-02   1.6800000e+01  -9.5111000e+01
   2.8884000e-02   1.9800000e+01  -9.4201000e+01
   2.8884000e-02   2.2800000e+01  -9.3130000e+01
   2.8884000e-02   2.5800000e+01  -9.1898000e+01
   2.8884000e-02   2.8800000e+01  -9.0508000e+01
   2.9083000e-02   2.8500000e+01  -9.0782000e+01
   2.9083000e-02   2.5500000e+01  -9.2165000e+01
   2.9083000e-02   2.2500000e+01  -9.3387000e+01
   2.9083000e-02   1.9500000e+01  -9.4449000e+01
   2.9083000e-02   1.6500000e+01  -9.5347000e+01
   2.9083000e-02   1.3500000e+01  -9.6081000e+01
   2.9083000e-02   1.0500000e+01  -9.6651000e+01
   2.9083000e-02   7.5000000e+00  -9.7054000e+01
   2.9083000e-02   4.5000000e+00  -9.7290000e+01
   2.9083000e-02   1.5000000e+00  -9.7360000e+01
   2.9083000e-02  -1.5000000e+00  -9.7262000e+01
   2.9083000e-02  -4.5000000e+00  -9.6996000e+01
   2.9083000e-02  -7.5000000e+00  -9.6564000e+01
   2.9083000e-02  -1.0500000e+01  -9.5964000e+01
   2.9083000e-02  -1.3500000e+01  -9.5198000e+01
   2.9083000e-02  -1.6500000e+01  -9.4267000e+01
   2.9083000e-02  -1.9500000e+01  -9.3171000e+01
   2.9083000e-02  -2.2500000e+01  -9.1911000e+01
   2.9083000e-02  -2.5500000e+01  -9.0489000e+01
   2.9083000e-02  -2.8500000e+01  -8.8907000e+01
   2.9281000e-02  -2.8800000e+01  -8.8830000e+01
   2.9281000e-02  -2.5800000e+01  -9.0441000e+01
   2.9281000e-02  -2.2800000e+01  -9.1889000e+01
   2.9281000e-02  -1.9800000e+01  -9.3175000e+01
   2.9281000e-02  -1.6800000e+01  -9.4296000e+01
   2.9281000e-02  -1.3800000e+01  -9.5251000e+01
   2.9281000e-02  -1.0800000e+01  -9.6040000e+01
   2.9281000e-02  -7.8000000e+00  -9.6661000e+01
   2.9281000e-02  -4.8000000e+00  -9.7115000e+01
   2.9281000e-02  -1.8000000e+00  -9.7400000e+01
   2.9281000e-02   1.2000000e+00  -9.7516000e+01
   2.9281000e-02   4.2000000e+00  -9.7464000e+01
   2.9281000e-02   7.2000000e+00  -9.7244000e+01
   2.9281000e-02   1.0200000e+01  -9.6856000e+01
   2.9281000e-02   1.3200000e+01  -9.6301000e+01
   2.9281000e-02   1.6200000e+01  -9.5580000e+01
   2.9281000e-02   1.9200000e+01  -9.4693000e+01
   2.9281000e-02   2.2200000e+01  -9.3642000e+01
   2.9281000e-02   2.5200000e+01  -9.2429000e+01
   2.9281000e-02   2.8200000e+01  -9.1054000e+01
   2.9480000e-02   2.9100000e+01  -9.0733000e+01
   2.9480000e-02   2.6100000e+01  -9.2163000e+01
   2.9480000e-02   2.3100000e+01  -9.3432000e+01
   2.9480000e-02   2.0100000e+01  -9.4538000e+01
   2.9480000e-02   1.7100000e+01  -9.5479000e+01
   2.9480000e-02   1.4100000e+01  -9.6254000e+01
   2.9480000e-02   1.1100000e+01  -9.6862000e+01
   2.9480000e-02   8.1000000e+00  -9.7302000e+01
   2.9480000e-02   5.1000000e+00  -9.7573000e+01
   2.9480000e-02   2.1000000e+00  -9.7675000e+01
   2.9480000e-02  -9.0000000e-01  -9.7607000e+01
   2.9480000e-02  -3.9000000e+00  -9.7370000e+01
   2.9480000e-02  -6.9000000e+00  -9.6964000e+01
   2.9480000e-02  -9.9000000e+00  -9.6388000e+01
   2.9480000e-02  -1.2900000e+01  -9.5644000e+01
   2.9480000e-02  -1.5900000e+01  -9.4731000e+01
   2.9480000e-02  -1.8900000e+01  -9.3652000e+01
   2.9480000e-02  -2.1900000e+01  -9.2406000e+01
   2.9480000e-02  -2.4900000e+01  -9.0996000e+01
   2.9480000e-02  -2.7900000e+01  -8.9422000e+01
   2.9678000e-02  -2.9400000e+01  -8.8658000e+01
   2.9678000e-02  -2.6400000e+01  -9.0324000e+01
   2.9678000e-02  -2.3400000e+01  -9.1828000e+01
   2.9678000e-02  -2.0400000e+01  -9.3166000e+01
   2.9678000e-02  -1.7400000e+01  -9.4337000e+01
   2.9678000e-02  -1.4400000e+01  -9.5341000e+01
   2.9678000e-02  -1.1400000e+01  -9.6176000e+01
   2.9678000e-02  -8.4000000e+00  -9.6841000e+01
   2.9678000e-02  -5.4000000e+00  -9.7337000e+01
   2.9678000e-02  -2.4000000e+00  -9.7662000e+01
   2.9678000e-02   6.0000000e-01  -9.7816000e+01
   2.9678000e-02   3.6000000e+00  -9.7800000e+01
   2.9678000e-02   6.6000000e+00  -9.7613000e+01
   2.9678000e-02   9.6000000e+00  -9.7256000e+01
   2.9678000e-02   1.2600000e+01  -9.6730000e+01
   2.9678000e-02   1.5600000e+01  -9.6035000e+01
   2.9678000e-02   1.8600000e+01  -9.5173000e+01
   2.9678000e-02   2.1600000e+01  -9.4143000e+01
   2.9678000e-02   2.4600000e+01  -9.2949000e+01
   2.9678000e-02   2.7600000e+01  -9.1592000e+01
   2.9877000e-02   2.9700000e+01  -9.0660000e+01
   2.9877000e-02   2.6700000e+01  -9.2140000e+01
   2.9877000e-02   2.3700000e+01  -9.3456000e+01
   2.9877000e-02   2.0700000e+01  -9.4607000e+01
   2.9877000e-02   1.7700000e+01  -9.5591000e+01
   2.9877000e-02   1.4700000e+01  -9.6408000e+01
   2.9877000e-02   1.1700000e+01  -9.7055000e+01
   2.9877000e-02   8.7000000e+00  -9.7533000e+01
   2.9877000e-02   5.7000000e+00  -9.7839000e+01
   2.9877000e-02   2.7000000e+00  -9.7975000e+01
   2.9877000e-02  -3.0000000e-01  -9.7939000e+01
   2.9877000e-02  -3.3000000e+00  -9.7731000e+01
   2.9877000e-02  -6.3000000e+00  -9.7351000e+01
   2.9877000e-02  -9.3000000e+00  -9.6800000e+01
   2.9877000e-02  -1.2300000e+01  -9.6078000e+01
   2.9877000e-02  -1.5300000e+01  -9.5185000e+01
   2.9877000e-02  -1.8300000e+01  -9.4123000e+01
   2.9877000e-02  -2.1300000e+01  -9.2892000e+01
   2.9877000e-02  -2.4300000e+01  -9.1494000e+01
   2.9877000e-02  -2.7300000e+01  -8.9931000e+01
   3.0075000e-02  -3.0000000e+01  -8.8458000e+01
   3.0075000e-02  -2.7000000e+01  -9.0182000e+01
   3.0075000e-02  -2.4000000e+01  -9.1741000e+01
   3.0075000e-02  -2.1000000e+01  -9.3132000e+01
   3.0075000e-02  -1.8000000e+01  -9.4355000e+01
   3.0075000e-02  -1.5000000e+01  -9.5408000e+01
   3.0075000e-02  -1.2000000e+01  -9.6290000e+01
   3.0075000e-02  -9.0000000e+00  -9.7001000e+01
   3.0075000e-02  -6.0000000e+00  -9.7540000e+01
   3.0075000e-02  -3.0000000e+00  -9.7906000e+01
   3.0075000e-02  -1.3323000e-15  -9.8099000e+01
   3.0075000e-02   3.0000000e+00  -9.8119000e+01
   3.0075000e-02   6.0000000e+00  -9.7967000e+01
   3.0075000e-02   9.0000000e+00  -9.7642000e+01
   3.0075000e-02   1.2000000e+01  -9.7145000e+01
   3.0075000e-02   1.5000000e+01  -9.6478000e+01
   3.0075000e-02   1.8000000e+01  -9.5640000e+01
   3.0075000e-02   2.1000000e+01  -9.4634000e+01
   3.0075000e-02   2.4000000e+01  -9.3460000e+01
   3.0075000e-02   2.7000000e+01  -9.2120000e+01
   3.0075000e-02   3.0000000e+01  -9.0616000e+01
   3.0274000e-02   2.7300000e+01  -9.2095000e+01
   3.0274000e-02   2.4300000e+01  -9.3459000e+01
   3.0274000e-02   2.1300000e+01  -9.4656000e+01
   3.0274000e-02   1.8300000e+01  -9.5684000e+01
   3.0274000e-02   1.5300000e+01  -9.6543000e+01
   3.0274000e-02   1.2300000e+01  -9.7231000e+01
   3.0274000e-02   9.3000000e+00  -9.7747000e+01
   3.0274000e-02   6.3000000e+00  -9.8090000e+01
   3.0274000e-02   3.3000000e+00  -9.8259000e+01
   3.0274000e-02   3.0000000e-01  -9.8255000e+01
   3.0274000e-02  -2.7000000e+00  -9.8077000e+01
   3.0274000e-02  -5.7000000e+00  -9.7725000e+01
   3.0274000e-02  -8.7000000e+00  -9.7199000e+01
   3.0274000e-02  -1.1700000e+01  -9.6500000e+01
   3.0274000e-02  -1.4700000e+01  -9.5628000e+01
   3.0274000e-02  -1.7700000e+01  -9.4585000e+01
   3.0274000e-02  -2.0700000e+01  -9.3370000e+01
   3.0274000e-02  -2.3700000e+01  -9.1985000e+01
   3.0274000e-02  -2.6700000e+01  -9.0432000e+01
   3.0274000e-02  -2.9700000e+01  -8.8712000e+01
   3.0472000e-02  -2.7600000e+01  -9.0014000e+01
   3.0472000e-02  -2.4600000e+01  -9.1629000e+01
   3.0472000e-02  -2.1600000e+01  -9.3075000e+01
   3.0472000e-02  -1.8600000e+01  -9.4350000e+01
   3.0472000e-02  -1.5600000e+01  -9.5453000e+01
   3.0472000e-02  -1.2600000e+01  -9.6384000e+01
   3.0472000e-02  -9.6000000e+00  -9.7141000e+01
   3.0472000e-02  -6.6000000e+00  -9.7723000e+01
   3.0472000e-02  -3.6000000e+00  -9.8131000e+01
   3.0472000e-02  -6.0000000e-01  -9.8364000e+01
   3.0472000e-02   2.4000000e+00  -9.8422000e+01
   3.0472000e-02   5.4000000e+00  -9.8304000e+01
   3.0472000e-02   8.4000000e+00  -9.8013000e+01
   3.0472000e-02   1.1400000e+01  -9.7547000e+01
   3.0472000e-02   1.4400000e+01  -9.6908000e+01
   3.0472000e-02   1.7400000e+01  -9.6096000e+01
   3.0472000e-02   2.0400000e+01  -9.5113000e+01
   3.0472000e-02   2.3400000e+01  -9.3960000e+01
   3.0472000e-02   2.6400000e+01  -9.2639000e+01
   3.0472000e-02   2.9400000e+01  -9.1151000e+01
   3.0671000e-02   2.7900000e+01  -9.2027000e+01
   3.0671000e-02   2.4900000e+01  -9.3440000e+01
   3.0671000e-02   2.1900000e+01  -9.4684000e+01
   3.0671000e-02   1.8900000e+01  -9.5757000e+01
   3.0671000e-02   1.5900000e+01  -9.6659000e+01
   3.0671000e-02   1.2900000e+01  -9.7388000e+01
   3.0671000e-02   9.9000000e+00  -9.7943000e+01
   3.0671000e-02   6.9000000e+00  -9.8323000e+01
   3.0671000e-02   3.9000000e+00  -9.8528000e+01
   3.0671000e-02   9.0000000e-01  -9.8557000e+01
   3.0671000e-02  -2.1000000e+00  -9.8410000e+01
   3.0671000e-02  -5.1000000e+00  -9.8086000e+01
   3.0671000e-02  -8.1000000e+00  -9.7587000e+01
   3.0671000e-02  -1.1100000e+01  -9.6912000e+01
   3.0671000e-02  -1.4100000e+01  -9.6061000e+01
   3.0671000e-02  -1.7100000e+01  -9.5037000e+01
   3.0671000e-02  -2.0100000e+01  -9.3838000e+01
   3.0671000e-02  -2.3100000e+01  -9.2468000e+01
   3.0671000e-02  -2.6100000e+01  -9.0926000e+01
   3.0671000e-02  -2.9100000e+01  -8.9215000e+01
   3.0869000e-02  -2.8200000e+01  -8.9819000e+01
   3.0869000e-02  -2.5200000e+01  -9.1491000e+01
   3.0869000e-02  -2.2200000e+01  -9.2992000e+01
   3.0869000e-02  -1.9200000e+01  -9.4321000e+01
   3.0869000e-02  -1.6200000e+01  -9.5476000e+01
   3.0869000e-02  -1.3200000e+01  -9.6455000e+01
   3.0869000e-02  -1.0200000e+01  -9.7259000e+01
   3.0869000e-02  -7.2000000e+00  -9.7887000e+01
   3.0869000e-02  -4.2000000e+00  -9.8338000e+01
   3.0869000e-02  -1.2000000e+00  -9.8611000e+01
   3.0869000e-02   1.8000000e+00  -9.8707000e+01
   3.0869000e-02   4.8000000e+00  -9.8626000e+01
   3.0869000e-02   7.8000000e+00  -9.8368000e+01
   3.0869000e-02   1.0800000e+01  -9.7934000e+01
   3.0869000e-02   1.3800000e+01  -9.7324000e+01
   3.0869000e-02   1.6800000e+01  -9.6539000e+01
   3.0869000e-02   1.9800000e+01  -9.5581000e+01
   3.0869000e-02   2.2800000e+01  -9.4450000e+01
   3.0869000e-02   2.5800000e+01  -9.3148000e+01
   3.0869000e-02   2.8800000e+01  -9.1677000e+01
   3.1068000e-02   2.8500000e+01  -9.1936000e+01
   3.1068000e-02   2.5500000e+01  -9.3399000e+01
   3.1068000e-02   2.2500000e+01  -9.4691000e+01
   3.1068000e-02   1.9500000e+01  -9.5810000e+01
   3.1068000e-02   1.6500000e+01  -9.6756000e+01
   3.1068000e-02   1.3500000e+01  -9.7527000e+01
   3.1068000e-02   1.0500000e+01  -9.8122000e+01
   3.1068000e-02   7.5000000e+00  -9.8540000e+01
   3.1068000e-02   4.5000000e+00  -9.8781000e+01
   3.1068000e-02   1.5000000e+00  -9.8843000e+01
   3.1068000e-02  -1.5000000e+00  -9.8728000e+01
   3.1068000e-02  -4.5000000e+00  -9.8434000e+01
   3.1068000e-02  -7.5000000e+00  -9.7961000e+01
   3.1068000e-02  -1.0500000e+01  -9.7311000e+01
   3.1068000e-02  -1.3500000e+01  -9.6483000e+01
   3.1068000e-02  -1.6500000e+01  -9.5478000e+01
   3.1068000e-02  -1.9500000e+01  -9.4297000e+01
   3.1068000e-02  -2.2500000e+01  -9.2942000e+01
   3.1068000e-02  -2.5500000e+01  -9.1412000e+01
   3.1068000e-02  -2.8500000e+01  -8.9711000e+01
   3.1266000e-02  -2.8800000e+01  -8.9596000e+01
   3.1266000e-02  -2.5800000e+01  -9.1327000e+01
   3.1266000e-02  -2.2800000e+01  -9.2885000e+01
   3.1266000e-02  -1.9800000e+01  -9.4268000e+01
   3.1266000e-02  -1.6800000e+01  -9.5475000e+01
   3.1266000e-02  -1.3800000e+01  -9.6505000e+01
   3.1266000e-02  -1.0800000e+01  -9.7357000e+01
   3.1266000e-02  -7.8000000e+00  -9.8031000e+01
   3.1266000e-02  -4.8000000e+00  -9.8525000e+01
   3.1266000e-02  -1.8000000e+00  -9.8840000e+01
   3.1266000e-02   1.2000000e+00  -9.8975000e+01
   3.1266000e-02   4.2000000e+00  -9.8931000e+01
   3.1266000e-02   7.2000000e+00  -9.8708000e+01
   3.1266000e-02   1.0200000e+01  -9.8307000e+01
   3.1266000e-02   1.3200000e+01  -9.7727000e+01
   3.1266000e-02   1.6200000e+01  -9.6970000e+01
   3.1266000e-02   1.9200000e+01  -9.6037000e+01
   3.1266000e-02   2.2200000e+01  -9.4928000e+01
   3.1266000e-02   2.5200000e+01  -9.3647000e+01
   3.1266000e-02   2.8200000e+01  -9.2194000e+01
   3.1465000e-02   2.9100000e+01  -9.1823000e+01
   3.1465000e-02   2.6100000e+01  -9.3336000e+01
   3.1465000e-02   2.3100000e+01  -9.4676000e+01
   3.1465000e-02   2.0100000e+01  -9.5842000e+01
   3.1465000e-02   1.7100000e+01  -9.6833000e+01
   3.1465000e-02   1.4100000e+01  -9.7647000e+01
   3.1465000e-02   1.1100000e+01  -9.8283000e+01
   3.1465000e-02   8.1000000e+00  -9.8740000e+01
   3.1465000e-02   5.1000000e+00  -9.9017000e+01
   3.1465000e-02   2.1000000e+00  -9.9115000e+01
   3.1465000e-02  -9.0000000e-01  -9.9031000e+01
   3.1465000e-02  -3.9000000e+00  -9.8767000e+01
   3.1465000e-02  -6.9000000e+00  -9.8323000e+01
   3.1465000e-02  -9.9000000e+00  -9.7698000e+01
   3.1465000e-02  -1.2900000e+01  -9.6893000e+01
   3.1465000e-02  -1.5900000e+01  -9.5910000e+01
   3.1465000e-02  -1.8900000e+01  -9.4747000e+01
   3.1465000e-02  -2.1900000e+01  -9.3407000e+01
   3.1465000e-02  -2.4900000e+01  -9.1891000e+01
   3.1465000e-02  -2.7900000e+01  -9.0200000e+01
   3.1663000e-02  -2.9400000e+01  -8.9346000e+01
   3.1663000e-02  -2.6400000e+01  -9.1137000e+01
   3.1663000e-02  -2.3400000e+01  -9.2752000e+01
   3.1663000e-02  -2.0400000e+01  -9.4191000e+01
   3.1663000e-02  -1.7400000e+01  -9.5451000e+01
   3.1663000e-02  -1.4400000e+01  -9.6532000e+01
   3.1663000e-02  -1.1400000e+01  -9.7433000e+01
   3.1663000e-02  -8.4000000e+00  -9.8154000e+01
   3.1663000e-02  -5.4000000e+00  -9.8693000e+01
   3.1663000e-02  -2.4000000e+00  -9.9050000e+01
   3.1663000e-02   6.0000000e-01  -9.9226000e+01
   3.1663000e-02   3.6000000e+00  -9.9220000e+01
   3.1663000e-02   6.6000000e+00  -9.9033000e+01
   3.1663000e-02   9.6000000e+00  -9.8664000e+01
   3.1663000e-02   1.2600000e+01  -9.8115000e+01
   3.1663000e-02   1.5600000e+01  -9.7387000e+01
   3.1663000e-02   1.8600000e+01  -9.6480000e+01
   3.1663000e-02   2.1600000e+01  -9.5396000e+01
   3.1663000e-02   2.4600000e+01  -9.4136000e+01
   3.1663000e-02   2.7600000e+01  -9.2701000e+01
   3.1862000e-02   2.9700000e+01  -9.1686000e+01
   3.1862000e-02   2.6700000e+01  -9.3250000e+01
   3.1862000e-02   2.3700000e+01  -9.4640000e+01
   3.1862000e-02   2.0700000e+01  -9.5854000e+01
   3.1862000e-02   1.7700000e+01  -9.6890000e+01
   3.1862000e-02   1.4700000e+01  -9.7748000e+01
   3.1862000e-02   1.1700000e+01  -9.8425000e+01
   3.1862000e-02   8.7000000e+00  -9.8922000e+01
   3.1862000e-02   5.7000000e+00  -9.9237000e+01
   3.1862000e-02   2.7000000e+00  -9.9370000e+01
   3.1862000e-02  -3.0000000e-01  -9.9320000e+01
   3.1862000e-02  -3.3000000e+00  -9.9087000e+01
   3.1862000e-02  -6.3000000e+00  -9.8671000e+01
   3.1862000e-02  -9.3000000e+00  -9.8073000e+01
   3.1862000e-02  -1.2300000e+01  -9.7292000e+01
   3.1862000e-02  -1.5300000e+01  -9.6330000e+01
   3.1862000e-02  -1.8300000e+01  -9.5187000e+01
   3.1862000e-02  -2.1300000e+01  -9.3864000e+01
   3.1862000e-02  -2.4300000e+01  -9.2362000e+01
   3.1862000e-02  -2.7300000e+01  -9.0682000e+01
   3.2060000e-02  -3.0000000e+01  -8.9069000e+01
   3.2060000e-02  -2.7000000e+01  -9.0920000e+01
   3.2060000e-02  -2.4000000e+01  -9.2594000e+01
   3.2060000e-02  -2.1000000e+01  -9.4088000e+01
   3.2060000e-02  -1.8000000e+01  -9.5403000e+01
   3.2060000e-02  -1.5000000e+01  -9.6536000e+01
   3.2060000e-02  -1.2000000e+01  -9.7488000e+01
   3.2060000e-02  -9.0000000e+00  -9.8256000e+01
   3.2060000e-02  -6.0000000e+00  -9.8841000e+01
   3.2060000e-02  -3.0000000e+00  -9.9242000e+01
   3.2060000e-02  -1.3323000e-15  -9.9458000e+01
   3.2060000e-02   3.0000000e+00  -9.9491000e+01
   3.2060000e-02   6.0000000e+00  -9.9341000e+01
   3.2060000e-02   9.0000000e+00  -9.9007000e+01
   3.2060000e-02   1.2000000e+01  -9.8490000e+01
   3.2060000e-02   1.5000000e+01  -9.7791000e+01
   3.2060000e-02   1.8000000e+01  -9.6911000e+01
   3.2060000e-02   2.1000000e+01  -9.5852000e+01
   3.2060000e-02   2.4000000e+01  -9.4614000e+01
   3.2060000e-02   2.7000000e+01  -9.3199000e+01
   3.2060000e-02   3.0000000e+01  -9.1609000e+01
   3.2259000e-02   2.7300000e+01  -9.3142000e+01
   3.2259000e-02   2.4300000e+01  -9.4582000e+01
   3.2259000e-02   2.1300000e+01  -9.5844000e+01
   3.2259000e-02   1.8300000e+01  -9.6927000e+01
   3.2259000e-02   1.5300000e+01  -9.7829000e+01
   3.2259000e-02   1.2300000e+01  -9.8549000e+01
   3.2259000e-02   9.3000000e+00  -9.9087000e+01
   3.2259000e-02   6.3000000e+00  -9.9440000e+01
   3.2259000e-02   3.3000000e+00  -9.9609000e+01
   3.2259000e-02   3.0000000e-01  -9.9593000e+01
   3.2259000e-02  -2.7000000e+00  -9.9392000e+01
   3.2259000e-02  -5.7000000e+00  -9.9006000e+01
   3.2259000e-02  -8.7000000e+00  -9.8435000e+01
   3.2259000e-02  -1.1700000e+01  -9.7680000e+01
   3.2259000e-02  -1.4700000e+01  -9.6740000e+01
   3.2259000e-02  -1.7700000e+01  -9.5617000e+01
   3.2259000e-02  -2.0700000e+01  -9.4311000e+01
   3.2259000e-02  -2.3700000e+01  -9.2824000e+01
   3.2259000e-02  -2.6700000e+01  -9.1156000e+01
   3.2259000e-02  -2.9700000e+01  -8.9310000e+01
   3.2457000e-02  -2.7600000e+01  -9.0675000e+01
   3.2457000e-02  -2.4600000e+01  -9.2409000e+01
   3.2457000e-02  -2.1600000e+01  -9.3961000e+01
   3.2457000e-02  -1.8600000e+01  -9.5331000e+01
   3.2457000e-02  -1.5600000e+01  -9.6518000e+01
   3.2457000e-02  -1.2600000e+01  -9.7520000e+01
   3.2457000e-02  -9.6000000e+00  -9.8337000e+01
   3.2457000e-02  -6.6000000e+00  -9.8968000e+01
   3.2457000e-02  -3.6000000e+00  -9.9414000e+01
   3.2457000e-02  -6.0000000e-01  -9.9673000e+01
   3.2457000e-02   2.4000000e+00  -9.9746000e+01
   3.2457000e-02   5.4000000e+00  -9.9632000e+01
   3.2457000e-02   8.4000000e+00  -9.9334000e+01
   3.2457000e-02   1.1400000e+01  -9.8850000e+01
   3.2457000e-02   1.4400000e+01  -9.8181000e+01
   3.2457000e-02   1.7400000e+01  -9.7330000e+01
   3.2457000e-02   2.0400000e+01  -9.6296000e+01
   3.2457000e-02   2.3400000e+01  -9.5081000e+01
   3.2457000e-02   2.6400000e+01  -9.3686000e+01
   3.2457000e-02   2.9400000e+01  -9.2114000e+01
   3.2655000e-02   2.7900000e+01  -9.3010000e+01
   3.2655000e-02   2.4900000e+01  -9.4502000e+01
   3.2655000e-02   2.1900000e+01  -9.5813000e+01
   3.2655000e-02   1.8900000e+01  -9.6943000e+01
   3.2655000e-02   1.5900000e+01  -9.7891000e+01
   3.2655000e-02   1.2900000e+01  -9.8655000e+01
   3.2655000e-02   9.9000000e+00  -9.9233000e+01
   3.2655000e-02   6.9000000e+00  -9.9626000e+01
   3.2655000e-02   3.9000000e+00  -9.9832000e+01
   3.2655000e-02   9.0000000e-01  -9.9851000e+01
   3.2655000e-02  -2.1000000e+00  -9.9683000e+01
   3.2655000e-02  -5.1000000e+00  -9.9328000e+01
   3.2655000e-02  -8.1000000e+00  -9.8785000e+01
   3.2655000e-02  -1.1100000e+01  -9.8055000e+01
   3.2655000e-02  -1.4100000e+01  -9.7139000e+01
   3.2655000e-02  -1.7100000e+01  -9.6036000e+01
   3.2655000e-02  -2.0100000e+01  -9.4749000e+01
   3.2655000e-02  -2.3100000e+01  -9.3277000e+01
   3.2655000e-02  -2.6100000e+01  -9.1623000e+01
   3.2655000e-02  -2.9100000e+01  -8.9786000e+01
   3.2854000e-02  -2.8200000e+01  -9.0403000e+01
   3.2854000e-02  -2.5200000e+01  -9.2197000e+01
   3.2854000e-02  -2.2200000e+01  -9.3808000e+01
   3.2854000e-02  -1.9200000e+01  -9.5234000e+01
   3.2854000e-02  -1.6200000e+01  -9.6475000e+01
   3.2854000e-02  -1.3200000e+01  -9.7529000e+01
   3.2854000e-02  -1.0200000e+01  -9.8396000e+01
   3.2854000e-02  -7.2000000e+00  -9.9075000e+01
   3.2854000e-02  -4.2000000e+00  -9.9566000e+01
   3.2854000e-02  -1.2000000e+00  -9.9868000e+01
   3.2854000e-02   1.8000000e+00  -9.9982000e+01
   3.2854000e-02   4.8000000e+00  -9.9907000e+01
   3.2854000e-02   7.8000000e+00  -9.9645000e+01
   3.2854000e-02   1.0800000e+01  -9.9195000e+01
   3.2854000e-02   1.3800000e+01  -9.8558000e+01
   3.2854000e-02   1.6800000e+01  -9.7735000e+01
   3.2854000e-02   1.9800000e+01  -9.6728000e+01
   3.2854000e-02   2.2800000e+01  -9.5537000e+01
   3.2854000e-02   2.5800000e+01  -9.4164000e+01
   3.2854000e-02   2.8800000e+01  -9.2611000e+01
   3.3052000e-02   2.8500000e+01  -9.2855000e+01
   3.3052000e-02   2.5500000e+01  -9.4399000e+01
   3.3052000e-02   2.2500000e+01  -9.5760000e+01
   3.3052000e-02   1.9500000e+01  -9.6939000e+01
   3.3052000e-02   1.6500000e+01  -9.7933000e+01
   3.3052000e-02   1.3500000e+01  -9.8741000e+01
   3.3052000e-02   1.0500000e+01  -9.9361000e+01
   3.3052000e-02   7.5000000e+00  -9.9794000e+01
   3.3052000e-02   4.5000000e+00  -1.0004000e+02
   3.3052000e-02   1.5000000e+00  -1.0009000e+02
   3.3052000e-02  -1.5000000e+00  -9.9959000e+01
   3.3052000e-02  -4.5000000e+00  -9.9635000e+01
   3.3052000e-02  -7.5000000e+00  -9.9121000e+01
   3.3052000e-02  -1.0500000e+01  -9.8418000e+01
   3.3052000e-02  -1.3500000e+01  -9.7526000e+01
   3.3052000e-02  -1.6500000e+01  -9.6445000e+01
   3.3052000e-02  -1.9500000e+01  -9.5177000e+01
   3.3052000e-02  -2.2500000e+01  -9.3722000e+01
   3.3052000e-02  -2.5500000e+01  -9.2081000e+01
   3.3052000e-02  -2.8500000e+01  -9.0256000e+01
   3.3251000e-02  -2.8800000e+01  -9.0102000e+01
   3.3251000e-02  -2.5800000e+01  -9.1958000e+01
   3.3251000e-02  -2.2800000e+01  -9.3629000e+01
   3.3251000e-02  -1.9800000e+01  -9.5113000e+01
   3.3251000e-02  -1.6800000e+01  -9.6409000e+01
   3.3251000e-02  -1.3800000e+01  -9.7516000e+01
   3.3251000e-02  -1.0800000e+01  -9.8434000e+01
   3.3251000e-02  -7.8000000e+00  -9.9161000e+01
   3.3251000e-02  -4.8000000e+00  -9.9699000e+01
   3.3251000e-02  -1.8000000e+00  -1.0004000e+02
   3.3251000e-02   1.2000000e+00  -1.0020000e+02
   3.3251000e-02   4.2000000e+00  -1.0017000e+02
   3.3251000e-02   7.2000000e+00  -9.9940000e+01
   3.3251000e-02   1.0200000e+01  -9.9524000e+01
   3.3251000e-02   1.3200000e+01  -9.8920000e+01
   3.3251000e-02   1.6200000e+01  -9.8127000e+01
   3.3251000e-02   1.9200000e+01  -9.7147000e+01
   3.3251000e-02   2.2200000e+01  -9.5981000e+01
   3.3251000e-02   2.5200000e+01  -9.4631000e+01
   3.3251000e-02   2.8200000e+01  -9.3097000e+01
   3.3449000e-02   2.9100000e+01  -9.2676000e+01
   3.3449000e-02   2.6100000e+01  -9.4273000e+01
   3.3449000e-02   2.3100000e+01  -9.5685000e+01
   3.3449000e-02   2.0100000e+01  -9.6913000e+01
   3.3449000e-02   1.7100000e+01  -9.7954000e+01
   3.3449000e-02   1.4100000e+01  -9.8807000e+01
   3.3449000e-02   1.1100000e+01  -9.9471000e+01
   3.3449000e-02   8.1000000e+00  -9.9945000e+01
   3.3449000e-02   5.1000000e+00  -1.0023000e+02
   3.3449000e-02   2.1000000e+00  -1.0032000e+02
   3.3449000e-02  -9.0000000e-01  -1.0022000e+02
   3.3449000e-02  -3.9000000e+00  -9.9928000e+01
   3.3449000e-02  -6.9000000e+00  -9.9444000e+01
   3.3449000e-02  -9.9000000e+00  -9.8768000e+01
   3.3449000e-02  -1.2900000e+01  -9.7901000e+01
   3.3449000e-02  -1.5900000e+01  -9.6843000e+01
   3.3449000e-02  -1.8900000e+01  -9.5595000e+01
   3.3449000e-02  -2.1900000e+01  -9.4157000e+01
   3.3449000e-02  -2.4900000e+01  -9.2531000e+01
   3.3449000e-02  -2.7900000e+01  -9.0718000e+01
   3.3648000e-02  -2.9400000e+01  -8.9773000e+01
   3.3648000e-02  -2.6400000e+01  -9.1692000e+01
   3.3648000e-02  -2.3400000e+01  -9.3423000e+01
   3.3648000e-02  -2.0400000e+01  -9.4966000e+01
   3.3648000e-02  -1.7400000e+01  -9.6318000e+01
   3.3648000e-02  -1.4400000e+01  -9.7479000e+01
   3.3648000e-02  -1.1400000e+01  -9.8449000e+01
   3.3648000e-02  -8.4000000e+00  -9.9226000e+01
   3.3648000e-02  -5.4000000e+00  -9.9811000e+01
   3.3648000e-02  -2.4000000e+00  -1.0020000e+02
   3.3648000e-02   6.0000000e-01  -1.0040000e+02
   3.3648000e-02   3.6000000e+00  -1.0041000e+02
   3.3648000e-02   6.6000000e+00  -1.0022000e+02
   3.3648000e-02   9.6000000e+00  -9.9839000e+01
   3.3648000e-02   1.2600000e+01  -9.9267000e+01
   3.3648000e-02   1.5600000e+01  -9.8505000e+01
   3.3648000e-02   1.8600000e+01  -9.7554000e+01
   3.3648000e-02   2.1600000e+01  -9.6414000e+01
   3.3648000e-02   2.4600000e+01  -9.5086000e+01
   3.3648000e-02   2.7600000e+01  -9.3574000e+01
   3.3846000e-02   2.9700000e+01  -9.2473000e+01
   3.3846000e-02   2.6700000e+01  -9.4123000e+01
   3.3846000e-02   2.3700000e+01  -9.5588000e+01
   3.3846000e-02   2.0700000e+01  -9.6866000e+01
   3.3846000e-02   1.7700000e+01  -9.7955000e+01
   3.3846000e-02   1.4700000e+01  -9.8854000e+01
   3.3846000e-02   1.1700000e+01  -9.9562000e+01
   3.3846000e-02   8.7000000e+00  -1.0008000e+02
   3.3846000e-02   5.7000000e+00  -1.0040000e+02
   3.3846000e-02   2.7000000e+00  -1.0053000e+02
   3.3846000e-02  -3.0000000e-01  -1.0046000e+02
   3.3846000e-02  -3.3000000e+00  -1.0021000e+02
   3.3846000e-02  -6.3000000e+00  -9.9753000e+01
   3.3846000e-02  -9.3000000e+00  -9.9106000e+01
   3.3846000e-02  -1.2300000e+01  -9.8264000e+01
   3.3846000e-02  -1.5300000e+01  -9.7230000e+01
   3.3846000e-02  -1.8300000e+01  -9.6003000e+01
   3.3846000e-02  -2.1300000e+01  -9.4583000e+01
   3.3846000e-02  -2.4300000e+01  -9.2973000e+01
   3.3846000e-02  -2.7300000e+01  -9.1173000e+01
   3.4045000e-02  -3.0000000e+01  -8.9414000e+01
   3.4045000e-02  -2.7000000e+01  -9.1397000e+01
   3.4045000e-02  -2.4000000e+01  -9.3190000e+01
   3.4045000e-02  -2.1000000e+01  -9.4793000e+01
   3.4045000e-02  -1.8000000e+01  -9.6203000e+01
   3.4045000e-02  -1.5000000e+01  -9.7419000e+01
   3.4045000e-02  -1.2000000e+01  -9.8442000e+01
   3.4045000e-02  -9.0000000e+00  -9.9269000e+01
   3.4045000e-02  -6.0000000e+00  -9.9902000e+01
   3.4045000e-02  -3.0000000e+00  -1.0034000e+02
   3.4045000e-02  -1.3323000e-15  -1.0058000e+02
   3.4045000e-02   3.0000000e+00  -1.0063000e+02
   3.4045000e-02   6.0000000e+00  -1.0048000e+02
   3.4045000e-02   9.0000000e+00  -1.0014000e+02
   3.4045000e-02   1.2000000e+01  -9.9600000e+01
   3.4045000e-02   1.5000000e+01  -9.8870000e+01
   3.4045000e-02   1.8000000e+01  -9.7947000e+01
   3.4045000e-02   2.1000000e+01  -9.6834000e+01
   3.4045000e-02   2.4000000e+01  -9.5531000e+01
   3.4045000e-02   2.7000000e+01  -9.4040000e+01
   3.4045000e-02   3.0000000e+01  -9.2362000e+01
   3.4243000e-02   2.7300000e+01  -9.3950000e+01
   3.4243000e-02   2.4300000e+01  -9.5468000e+01
   3.4243000e-02   2.1300000e+01  -9.6797000e+01
   3.4243000e-02   1.8300000e+01  -9.7935000e+01
   3.4243000e-02   1.5300000e+01  -9.8881000e+01
   3.4243000e-02   1.2300000e+01  -9.9633000e+01
   3.4243000e-02   9.3000000e+00  -1.0019000e+02
   3.4243000e-02   6.3000000e+00  -1.0056000e+02
   3.4243000e-02   3.3000000e+00  -1.0072000e+02
   3.4243000e-02   3.0000000e-01  -1.0069000e+02
   3.4243000e-02  -2.7000000e+00  -1.0047000e+02
   3.4243000e-02  -5.7000000e+00  -1.0005000e+02
   3.4243000e-02  -8.7000000e+00  -9.9430000e+01
   3.4243000e-02  -1.1700000e+01  -9.8616000e+01
   3.4243000e-02  -1.4700000e+01  -9.7605000e+01
   3.4243000e-02  -1.7700000e+01  -9.6400000e+01
   3.4243000e-02  -2.0700000e+01  -9.5000000e+01
   3.4243000e-02  -2.3700000e+01  -9.3406000e+01
   3.4243000e-02  -2.6700000e+01  -9.1619000e+01
   3.4243000e-02  -2.9700000e+01  -8.9641000e+01
   3.4442000e-02  -2.7600000e+01  -9.1074000e+01
   3.4442000e-02  -2.4600000e+01  -9.2930000e+01
   3.4442000e-02  -2.1600000e+01  -9.4593000e+01
   3.4442000e-02  -1.8600000e+01  -9.6062000e+01
   3.4442000e-02  -1.5600000e+01  -9.7335000e+01
   3.4442000e-02  -1.2600000e+01  -9.8411000e+01
   3.4442000e-02  -9.6000000e+00  -9.9291000e+01
   3.4442000e-02  -6.6000000e+00  -9.9973000e+01
   3.4442000e-02  -3.6000000e+00  -1.0046000e+02
   3.4442000e-02  -6.0000000e-01  -1.0074000e+02
   3.4442000e-02   2.4000000e+00  -1.0083000e+02
   3.4442000e-02   5.4000000e+00  -1.0072000e+02
   3.4442000e-02   8.4000000e+00  -1.0042000e+02
   3.4442000e-02   1.1400000e+01  -9.9917000e+01
   3.4442000e-02   1.4400000e+01  -9.9220000e+01
   3.4442000e-02   1.7400000e+01  -9.8328000e+01
   3.4442000e-02   2.0400000e+01  -9.7242000e+01
   3.4442000e-02   2.3400000e+01  -9.5964000e+01
   3.4442000e-02   2.6400000e+01  -9.4496000e+01
   3.4442000e-02   2.9400000e+01  -9.2838000e+01
   3.4640000e-02   2.7900000e+01  -9.3754000e+01
   3.4640000e-02   2.4900000e+01  -9.5325000e+01
   3.4640000e-02   2.1900000e+01  -9.6705000e+01
   3.4640000e-02   1.8900000e+01  -9.7893000e+01
   3.4640000e-02   1.5900000e+01  -9.8887000e+01
   3.4640000e-02   1.2900000e+01  -9.9685000e+01
   3.4640000e-02   9.9000000e+00  -1.0029000e+02
   3.4640000e-02   6.9000000e+00  -1.0069000e+02
   3.4640000e-02   3.9000000e+00  -1.0090000e+02
   3.4640000e-02   9.0000000e-01  -1.0091000e+02
   3.4640000e-02  -2.1000000e+00  -1.0072000e+02
   3.4640000e-02  -5.1000000e+00  -1.0033000e+02
   3.4640000e-02  -8.1000000e+00  -9.9741000e+01
   3.4640000e-02  -1.1100000e+01  -9.8954000e+01
   3.4640000e-02  -1.4100000e+01  -9.7969000e+01
   3.4640000e-02  -1.7100000e+01  -9.6786000e+01
   3.4640000e-02  -2.0100000e+01  -9.5406000e+01
   3.4640000e-02  -2.3100000e+01  -9.3830000e+01
   3.4640000e-02  -2.6100000e+01  -9.2058000e+01
   3.4640000e-02  -2.9100000e+01  -9.0091000e+01
   3.4839000e-02  -2.8200000e+01  -9.0721000e+01
   3.4839000e-02  -2.5200000e+01  -9.2642000e+01
   3.4839000e-02  -2.2200000e+01  -9.4367000e+01
   3.4839000e-02  -1.9200000e+01  -9.5895000e+01
   3.4839000e-02  -1.6200000e+01  -9.7225000e+01
   3.4839000e-02  -1.3200000e+01  -9.8357000e+01
   3.4839000e-02  -1.0200000e+01  -9.9289000e+01
   3.4839000e-02  -7.2000000e+00  -1.0002000e+02
   3.4839000e-02  -4.2000000e+00  -1.0055000e+02
   3.4839000e-02  -1.2000000e+00  -1.0089000e+02
   3.4839000e-02   1.8000000e+00  -1.0102000e+02
   3.4839000e-02   4.8000000e+00  -1.0095000e+02
   3.4839000e-02   7.8000000e+00  -1.0068000e+02
   3.4839000e-02   1.0800000e+01  -1.0022000e+02
   3.4839000e-02   1.3800000e+01  -9.9555000e+01
   3.4839000e-02   1.6800000e+01  -9.8694000e+01
   3.4839000e-02   1.9800000e+01  -9.7637000e+01
   3.4839000e-02   2.2800000e+01  -9.6385000e+01
   3.4839000e-02   2.5800000e+01  -9.4940000e+01
   3.4839000e-02   2.8800000e+01  -9.3303000e+01
   3.5037000e-02   2.8500000e+01  -9.3532000e+01
   3.5037000e-02   2.5500000e+01  -9.5158000e+01
   3.5037000e-02   2.2500000e+01  -9.6591000e+01
   3.5037000e-02   1.9500000e+01  -9.7830000e+01
   3.5037000e-02   1.6500000e+01  -9.8872000e+01
   3.5037000e-02   1.3500000e+01  -9.9717000e+01
   3.5037000e-02   1.0500000e+01  -1.0036000e+02
   3.5037000e-02   7.5000000e+00  -1.0081000e+02
   3.5037000e-02   4.5000000e+00  -1.0106000e+02
   3.5037000e-02   1.5000000e+00  -1.0111000e+02
   3.5037000e-02  -1.5000000e+00  -1.0095000e+02
   3.5037000e-02  -4.5000000e+00  -1.0060000e+02
   3.5037000e-02  -7.5000000e+00  -1.0004000e+02
   3.5037000e-02  -1.0500000e+01  -9.9280000e+01
   3.5037000e-02  -1.3500000e+01  -9.8321000e+01
   3.5037000e-02  -1.6500000e+01  -9.7162000e+01
   3.5037000e-02  -1.9500000e+01  -9.5802000e+01
   3.5037000e-02  -2.2500000e+01  -9.4244000e+01
   3.5037000e-02  -2.5500000e+01  -9.2487000e+01
   3.5037000e-02  -2.8500000e+01  -9.0534000e+01
   3.5236000e-02  -2.8800000e+01  -9.0339000e+01
   3.5236000e-02  -2.5800000e+01  -9.2325000e+01
   3.5236000e-02  -2.2800000e+01  -9.4114000e+01
   3.5236000e-02  -1.9800000e+01  -9.5703000e+01
   3.5236000e-02  -1.6800000e+01  -9.7091000e+01
   3.5236000e-02  -1.3800000e+01  -9.8279000e+01
   3.5236000e-02  -1.0800000e+01  -9.9265000e+01
   3.5236000e-02  -7.8000000e+00  -1.0005000e+02
   3.5236000e-02  -4.8000000e+00  -1.0063000e+02
   3.5236000e-02  -1.8000000e+00  -1.0101000e+02
   3.5236000e-02   1.2000000e+00  -1.0119000e+02
   3.5236000e-02   4.2000000e+00  -1.0116000e+02
   3.5236000e-02   7.2000000e+00  -1.0093000e+02
   3.5236000e-02   1.0200000e+01  -1.0051000e+02
   3.5236000e-02   1.3200000e+01  -9.9876000e+01
   3.5236000e-02   1.6200000e+01  -9.9047000e+01
   3.5236000e-02   1.9200000e+01  -9.8019000e+01
   3.5236000e-02   2.2200000e+01  -9.6795000e+01
   3.5236000e-02   2.5200000e+01  -9.5374000e+01
   3.5236000e-02   2.8200000e+01  -9.3758000e+01
   3.5434000e-02   2.9100000e+01  -9.3286000e+01
   3.5434000e-02   2.6100000e+01  -9.4968000e+01
   3.5434000e-02   2.3100000e+01  -9.6455000e+01
   3.5434000e-02   2.0100000e+01  -9.7745000e+01
   3.5434000e-02   1.7100000e+01  -9.8837000e+01
   3.5434000e-02   1.4100000e+01  -9.9729000e+01
   3.5434000e-02   1.1100000e+01  -1.0042000e+02
   3.5434000e-02   8.1000000e+00  -1.0091000e+02
   3.5434000e-02   5.1000000e+00  -1.0120000e+02
   3.5434000e-02   2.1000000e+00  -1.0129000e+02
   3.5434000e-02  -9.0000000e-01  -1.0117000e+02
   3.5434000e-02  -3.9000000e+00  -1.0085000e+02
   3.5434000e-02  -6.9000000e+00  -1.0032000e+02
   3.5434000e-02  -9.9000000e+00  -9.9593000e+01
   3.5434000e-02  -1.2900000e+01  -9.8661000e+01
   3.5434000e-02  -1.5900000e+01  -9.7526000e+01
   3.5434000e-02  -1.8900000e+01  -9.6188000e+01
   3.5434000e-02  -2.1900000e+01  -9.4649000e+01
   3.5434000e-02  -2.4900000e+01  -9.2908000e+01
   3.5434000e-02  -2.7900000e+01  -9.0968000e+01
   3.5633000e-02  -2.9400000e+01  -8.9926000e+01
   3.5633000e-02  -2.6400000e+01  -9.1980000e+01
   3.5633000e-02  -2.3400000e+01  -9.3832000e+01
   3.5633000e-02  -2.0400000e+01  -9.5483000e+01
   3.5633000e-02  -1.7400000e+01  -9.6932000e+01
   3.5633000e-02  -1.4400000e+01  -9.8177000e+01
   3.5633000e-02  -1.1400000e+01  -9.9218000e+01
   3.5633000e-02  -8.4000000e+00  -1.0005000e+02
   3.5633000e-02  -5.4000000e+00  -1.0069000e+02
   3.5633000e-02  -2.4000000e+00  -1.0111000e+02
   3.5633000e-02   6.0000000e-01  -1.0133000e+02
   3.5633000e-02   3.6000000e+00  -1.0135000e+02
   3.5633000e-02   6.6000000e+00  -1.0117000e+02
   3.5633000e-02   9.6000000e+00  -1.0077000e+02
   3.5633000e-02   1.2600000e+01  -1.0018000e+02
   3.5633000e-02   1.5600000e+01  -9.9385000e+01
   3.5633000e-02   1.8600000e+01  -9.8388000e+01
   3.5633000e-02   2.1600000e+01  -9.7191000e+01
   3.5633000e-02   2.4600000e+01  -9.5796000e+01
   3.5633000e-02   2.7600000e+01  -9.4203000e+01
   3.5831000e-02   2.9700000e+01  -9.3015000e+01
   3.5831000e-02   2.6700000e+01  -9.4753000e+01
   3.5831000e-02   2.3700000e+01  -9.6295000e+01
   3.5831000e-02   2.0700000e+01  -9.7637000e+01
   3.5831000e-02   1.7700000e+01  -9.8780000e+01
   3.5831000e-02   1.4700000e+01  -9.9721000e+01
   3.5831000e-02   1.1700000e+01  -1.0046000e+02
   3.5831000e-02   8.7000000e+00  -1.0099000e+02
   3.5831000e-02   5.7000000e+00  -1.0132000e+02
   3.5831000e-02   2.7000000e+00  -1.0145000e+02
   3.5831000e-02  -3.0000000e-01  -1.0137000e+02
   3.5831000e-02  -3.3000000e+00  -1.0108000e+02
   3.5831000e-02  -6.3000000e+00  -1.0059000e+02
   3.5831000e-02  -9.3000000e+00  -9.9892000e+01
   3.5831000e-02  -1.2300000e+01  -9.8988000e+01
   3.5831000e-02  -1.5300000e+01  -9.7878000e+01
   3.5831000e-02  -1.8300000e+01  -9.6563000e+01
   3.5831000e-02  -2.1300000e+01  -9.5043000e+01
   3.5831000e-02  -2.4300000e+01  -9.3320000e+01
   3.5831000e-02  -2.7300000e+01  -9.1395000e+01
   3.6030000e-02  -3.0000000e+01  -8.9483000e+01
   3.6030000e-02  -2.7000000e+01  -9.1605000e+01
   3.6030000e-02  -2.4000000e+01  -9.3523000e+01
   3.6030000e-02  -2.1000000e+01  -9.5237000e+01
   3.6030000e-02  -1.8000000e+01  -9.6746000e+01
   3.6030000e-02  -1.5000000e+01  -9.8050000e+01
   3.6030000e-02  -1.2000000e+01  -9.9146000e+01
   3.6030000e-02  -9.0000000e+00  -1.0004000e+02
   3.6030000e-02  -6.0000000e+00  -1.0072000e+02
   3.6030000e-02  -3.0000000e+00  -1.0120000e+02
   3.6030000e-02  -1.3323000e-15  -1.0146000e+02
   3.6030000e-02   3.0000000e+00  -1.0153000e+02
   3.6030000e-02   6.0000000e+00  -1.0138000e+02
   3.6030000e-02   9.0000000e+00  -1.0103000e+02
   3.6030000e-02   1.2000000e+01  -1.0047000e+02
   3.6030000e-02   1.5000000e+01  -9.9709000e+01
   3.6030000e-02   1.8000000e+01  -9.8743000e+01
   3.6030000e-02   2.1000000e+01  -9.7575000e+01
   3.6030000e-02   2.4000000e+01  -9.6206000e+01
   3.6030000e-02   2.7000000e+01  -9.4637000e+01
   3.6030000e-02   3.0000000e+01  -9.2870000e+01
   3.6228000e-02   2.7300000e+01  -9.4514000e+01
   3.6228000e-02   2.4300000e+01  -9.6111000e+01
   3.6228000e-02   2.1300000e+01  -9.7507000e+01
   3.6228000e-02   1.8300000e+01  -9.8701000e+01
   3.6228000e-02   1.5300000e+01  -9.9692000e+01
   3.6228000e-02   1.2300000e+01  -1.0048000e+02
   3.6228000e-02   9.3000000e+00  -1.0106000e+02
   3.6228000e-02   6.3000000e+00  -1.0143000e+02
   3.6228000e-02   3.3000000e+00  -1.0160000e+02
   3.6228000e-02   3.0000000e-01  -1.0155000e+02
   3.6228000e-02  -2.7000000e+00  -1.0130000e+02
   3.6228000e-02  -5.7000000e+00  -1.0084000e+02
   3.6228000e-02  -8.7000000e+00  -1.0018000e+02
   3.6228000e-02  -1.1700000e+01  -9.9302000e+01
   3.6228000e-02  -1.4700000e+01  -9.8218000e+01
   3.6228000e-02  -1.7700000e+01  -9.6927000e+01
   3.6228000e-02  -2.0700000e+01  -9.5428000e+01
   3.6228000e-02  -2.3700000e+01  -9.3723000e+01
   3.6228000e-02  -2.6700000e+01  -9.1812000e+01
   3.6228000e-02  -2.9700000e+01  -8.9697000e+01
   3.6427000e-02  -2.7600000e+01  -9.1199000e+01
   3.6427000e-02  -2.4600000e+01  -9.3185000e+01
   3.6427000e-02  -2.1600000e+01  -9.4963000e+01
   3.6427000e-02  -1.8600000e+01  -9.6534000e+01
   3.6427000e-02  -1.5600000e+01  -9.7897000e+01
   3.6427000e-02  -1.2600000e+01  -9.9051000e+01
   3.6427000e-02  -9.6000000e+00  -9.9996000e+01
   3.6427000e-02  -6.6000000e+00  -1.0073000e+02
   3.6427000e-02  -3.6000000e+00  -1.0126000e+02
   3.6427000e-02  -6.0000000e-01  -1.0157000e+02
   3.6427000e-02   2.4000000e+00  -1.0168000e+02
   3.6427000e-02   5.4000000e+00  -1.0158000e+02
   3.6427000e-02   8.4000000e+00  -1.0126000e+02
   3.6427000e-02   1.1400000e+01  -1.0074000e+02
   3.6427000e-02   1.4400000e+01  -1.0002000e+02
   3.6427000e-02   1.7400000e+01  -9.9084000e+01
   3.6427000e-02   2.0400000e+01  -9.7946000e+01
   3.6427000e-02   2.3400000e+01  -9.6604000e+01
   3.6427000e-02   2.6400000e+01  -9.5059000e+01
   3.6427000e-02   2.9400000e+01  -9.3314000e+01
   3.6625000e-02   2.7900000e+01  -9.4250000e+01
   3.6625000e-02   2.4900000e+01  -9.5903000e+01
   3.6625000e-02   2.1900000e+01  -9.7354000e+01
   3.6625000e-02   1.8900000e+01  -9.8600000e+01
   3.6625000e-02   1.5900000e+01  -9.9641000e+01
   3.6625000e-02   1.2900000e+01  -1.0047000e+02
   3.6625000e-02   9.9000000e+00  -1.0110000e+02
   3.6625000e-02   6.9000000e+00  -1.0152000e+02
   3.6625000e-02   3.9000000e+00  -1.0173000e+02
   3.6625000e-02   9.0000000e-01  -1.0172000e+02
   3.6625000e-02  -2.1000000e+00  -1.0151000e+02
   3.6625000e-02  -5.1000000e+00  -1.0108000e+02
   3.6625000e-02  -8.1000000e+00  -1.0045000e+02
   3.6625000e-02  -1.1100000e+01  -9.9603000e+01
   3.6625000e-02  -1.4100000e+01  -9.8546000e+01
   3.6625000e-02  -1.7100000e+01  -9.7279000e+01
   3.6625000e-02  -2.0100000e+01  -9.5802000e+01
   3.6625000e-02  -2.3100000e+01  -9.4116000e+01
   3.6625000e-02  -2.6100000e+01  -9.2222000e+01
   3.6625000e-02  -2.9100000e+01  -9.0119000e+01
   3.6824000e-02  -2.8200000e+01  -9.0763000e+01
   3.6824000e-02  -2.5200000e+01  -9.2817000e+01
   3.6824000e-02  -2.2200000e+01  -9.4661000e+01
   3.6824000e-02  -1.9200000e+01  -9.6295000e+01
   3.6824000e-02  -1.6200000e+01  -9.7719000e+01
   3.6824000e-02  -1.3200000e+01  -9.8931000e+01
   3.6824000e-02  -1.0200000e+01  -9.9932000e+01
   3.6824000e-02  -7.2000000e+00  -1.0072000e+02
   3.6824000e-02  -4.2000000e+00  -1.0130000e+02
   3.6824000e-02  -1.2000000e+00  -1.0166000e+02
   3.6824000e-02   1.8000000e+00  -1.0181000e+02
   3.6824000e-02   4.8000000e+00  -1.0175000e+02
   3.6824000e-02   7.8000000e+00  -1.0148000e+02
   3.6824000e-02   1.0800000e+01  -1.0100000e+02
   3.6824000e-02   1.3800000e+01  -1.0031000e+02
   3.6824000e-02   1.6800000e+01  -9.9411000e+01
   3.6824000e-02   1.9800000e+01  -9.8303000e+01
   3.6824000e-02   2.2800000e+01  -9.6989000e+01
   3.6824000e-02   2.5800000e+01  -9.5470000e+01
   3.6824000e-02   2.8800000e+01  -9.3747000e+01
   3.7022000e-02   2.8500000e+01  -9.3960000e+01
   3.7022000e-02   2.5500000e+01  -9.5671000e+01
   3.7022000e-02   2.2500000e+01  -9.7177000e+01
   3.7022000e-02   1.9500000e+01  -9.8477000e+01
   3.7022000e-02   1.6500000e+01  -9.9569000e+01
   3.7022000e-02   1.3500000e+01  -1.0045000e+02
   3.7022000e-02   1.0500000e+01  -1.0112000e+02
   3.7022000e-02   7.5000000e+00  -1.0159000e+02
   3.7022000e-02   4.5000000e+00  -1.0184000e+02
   3.7022000e-02   1.5000000e+00  -1.0187000e+02
   3.7022000e-02  -1.5000000e+00  -1.0170000e+02
   3.7022000e-02  -4.5000000e+00  -1.0131000e+02
   3.7022000e-02  -7.5000000e+00  -1.0071000e+02
   3.7022000e-02  -1.0500000e+01  -9.9891000e+01
   3.7022000e-02  -1.3500000e+01  -9.8862000e+01
   3.7022000e-02  -1.6500000e+01  -9.7620000e+01
   3.7022000e-02  -1.9500000e+01  -9.6166000e+01
   3.7022000e-02  -2.2500000e+01  -9.4499000e+01
   3.7022000e-02  -2.5500000e+01  -9.2622000e+01
   3.7022000e-02  -2.8500000e+01  -9.0533000e+01
   3.7221000e-02  -2.8800000e+01  -9.0296000e+01
   3.7221000e-02  -2.5800000e+01  -9.2419000e+01
   3.7221000e-02  -2.2800000e+01  -9.4330000e+01
   3.7221000e-02  -1.9800000e+01  -9.6029000e+01
   3.7221000e-02  -1.6800000e+01  -9.7515000e+01
   3.7221000e-02  -1.3800000e+01  -9.8787000e+01
   3.7221000e-02  -1.0800000e+01  -9.9844000e+01
   3.7221000e-02  -7.8000000e+00  -1.0069000e+02
   3.7221000e-02  -4.8000000e+00  -1.0132000e+02
   3.7221000e-02  -1.8000000e+00  -1.0173000e+02
   3.7221000e-02   1.2000000e+00  -1.0193000e+02
   3.7221000e-02   4.2000000e+00  -1.0191000e+02
   3.7221000e-02   7.2000000e+00  -1.0168000e+02
   3.7221000e-02   1.0200000e+01  -1.0124000e+02
   3.7221000e-02   1.3200000e+01  -1.0059000e+02
   3.7221000e-02   1.6200000e+01  -9.9723000e+01
   3.7221000e-02   1.9200000e+01  -9.8647000e+01
   3.7221000e-02   2.2200000e+01  -9.7362000e+01
   3.7221000e-02   2.5200000e+01  -9.5869000e+01
   3.7221000e-02   2.8200000e+01  -9.4170000e+01
   3.7419000e-02   2.9100000e+01  -9.3644000e+01
   3.7419000e-02   2.6100000e+01  -9.5414000e+01
   3.7419000e-02   2.3100000e+01  -9.6977000e+01
   3.7419000e-02   2.0100000e+01  -9.8331000e+01
   3.7419000e-02   1.7100000e+01  -9.9475000e+01
   3.7419000e-02   1.4100000e+01  -1.0041000e+02
   3.7419000e-02   1.1100000e+01  -1.0113000e+02
   3.7419000e-02   8.1000000e+00  -1.0164000e+02
   3.7419000e-02   5.1000000e+00  -1.0193000e+02
   3.7419000e-02   2.1000000e+00  -1.0201000e+02
   3.7419000e-02  -9.0000000e-01  -1.0187000e+02
   3.7419000e-02  -3.9000000e+00  -1.0152000e+02
   3.7419000e-02  -6.9000000e+00  -1.0095000e+02
   3.7419000e-02  -9.9000000e+00  -1.0017000e+02
   3.7419000e-02  -1.2900000e+01  -9.9165000e+01
   3.7419000e-02  -1.5900000e+01  -9.7949000e+01
   3.7419000e-02  -1.8900000e+01  -9.6518000e+01
   3.7419000e-02  -2.1900000e+01  -9.4872000e+01
   3.7419000e-02  -2.4900000e+01  -9.3012000e+01
   3.7419000e-02  -2.7900000e+01  -9.0939000e+01
   3.7618000e-02  -2.9400000e+01  -8.9796000e+01
   3.7618000e-02  -2.6400000e+01  -9.1991000e+01
   3.7618000e-02  -2.3400000e+01  -9.3970000e+01
   3.7618000e-02  -2.0400000e+01  -9.5735000e+01
   3.7618000e-02  -1.7400000e+01  -9.7284000e+01
   3.7618000e-02  -1.4400000e+01  -9.8616000e+01
   3.7618000e-02  -1.1400000e+01  -9.9732000e+01
   3.7618000e-02  -8.4000000e+00  -1.0063000e+02
   3.7618000e-02  -5.4000000e+00  -1.0131000e+02
   3.7618000e-02  -2.4000000e+00  -1.0178000e+02
   3.7618000e-02   6.0000000e-01  -1.0202000e+02
   3.7618000e-02   3.6000000e+00  -1.0205000e+02
   3.7618000e-02   6.6000000e+00  -1.0187000e+02
   3.7618000e-02   9.6000000e+00  -1.0147000e+02
   3.7618000e-02   1.2600000e+01  -1.0085000e+02
   3.7618000e-02   1.5600000e+01  -1.0002000e+02
   3.7618000e-02   1.8600000e+01  -9.8977000e+01
   3.7618000e-02   2.1600000e+01  -9.7722000e+01
   3.7618000e-02   2.4600000e+01  -9.6256000e+01
   3.7618000e-02   2.7600000e+01  -9.4581000e+01
   3.7816000e-02   2.9700000e+01  -9.3303000e+01
   3.7816000e-02   2.6700000e+01  -9.5132000e+01
   3.7816000e-02   2.3700000e+01  -9.6752000e+01
   3.7816000e-02   2.0700000e+01  -9.8161000e+01
   3.7816000e-02   1.7700000e+01  -9.9359000e+01
   3.7816000e-02   1.4700000e+01  -1.0034000e+02
   3.7816000e-02   1.1700000e+01  -1.0111000e+02
   3.7816000e-02   8.7000000e+00  -1.0167000e+02
   3.7816000e-02   5.7000000e+00  -1.0200000e+02
   3.7816000e-02   2.7000000e+00  -1.0212000e+02
   3.7816000e-02  -3.0000000e-01  -1.0203000e+02
   3.7816000e-02  -3.3000000e+00  -1.0171000e+02
   3.7816000e-02  -6.3000000e+00  -1.0118000e+02
   3.7816000e-02  -9.3000000e+00  -1.0043000e+02
   3.7816000e-02  -1.2300000e+01  -9.9455000e+01
   3.7816000e-02  -1.5300000e+01  -9.8266000e+01
   3.7816000e-02  -1.8300000e+01  -9.6859000e+01
   3.7816000e-02  -2.1300000e+01  -9.5235000e+01
   3.7816000e-02  -2.4300000e+01  -9.3394000e+01
   3.7816000e-02  -2.7300000e+01  -9.1336000e+01
   3.8015000e-02  -3.0000000e+01  -8.9264000e+01
   3.8015000e-02  -2.7000000e+01  -9.1531000e+01
   3.8015000e-02  -2.4000000e+01  -9.3581000e+01
   3.8015000e-02  -2.1000000e+01  -9.5412000e+01
   3.8015000e-02  -1.8000000e+01  -9.7026000e+01
   3.8015000e-02  -1.5000000e+01  -9.8420000e+01
   3.8015000e-02  -1.2000000e+01  -9.9595000e+01
   3.8015000e-02  -9.0000000e+00  -1.0055000e+02
   3.8015000e-02  -6.0000000e+00  -1.0129000e+02
   3.8015000e-02  -3.0000000e+00  -1.0180000e+02
   3.8015000e-02  -1.3323000e-15  -1.0210000e+02
   3.8015000e-02   3.0000000e+00  -1.0218000e+02
   3.8015000e-02   6.0000000e+00  -1.0203000e+02
   3.8015000e-02   9.0000000e+00  -1.0167000e+02
   3.8015000e-02   1.2000000e+01  -1.0110000e+02
   3.8015000e-02   1.5000000e+01  -1.0030000e+02
   3.8015000e-02   1.8000000e+01  -9.9292000e+01
   3.8015000e-02   2.1000000e+01  -9.8068000e+01
   3.8015000e-02   2.4000000e+01  -9.6630000e+01
   3.8015000e-02   2.7000000e+01  -9.4981000e+01
   3.8015000e-02   3.0000000e+01  -9.3122000e+01
   3.8213000e-02   2.7300000e+01  -9.4824000e+01
   3.8213000e-02   2.4300000e+01  -9.6503000e+01
   3.8213000e-02   2.1300000e+01  -9.7968000e+01
   3.8213000e-02   1.8300000e+01  -9.9220000e+01
   3.8213000e-02   1.5300000e+01  -1.0026000e+02
   3.8213000e-02   1.2300000e+01  -1.0107000e+02
   3.8213000e-02   9.3000000e+00  -1.0168000e+02
   3.8213000e-02   6.3000000e+00  -1.0206000e+02
   3.8213000e-02   3.3000000e+00  -1.0222000e+02
   3.8213000e-02   3.0000000e-01  -1.0217000e+02
   3.8213000e-02  -2.7000000e+00  -1.0189000e+02
   3.8213000e-02  -5.7000000e+00  -1.0139000e+02
   3.8213000e-02  -8.7000000e+00  -1.0067000e+02
   3.8213000e-02  -1.1700000e+01  -9.9731000e+01
   3.8213000e-02  -1.4700000e+01  -9.8570000e+01
   3.8213000e-02  -1.7700000e+01  -9.7189000e+01
   3.8213000e-02  -2.0700000e+01  -9.5587000e+01
   3.8213000e-02  -2.3700000e+01  -9.3765000e+01
   3.8213000e-02  -2.6700000e+01  -9.1724000e+01
   3.8213000e-02  -2.9700000e+01  -8.9464000e+01
   3.8412000e-02  -2.7600000e+01  -9.1040000e+01
   3.8412000e-02  -2.4600000e+01  -9.3161000e+01
   3.8412000e-02  -2.1600000e+01  -9.5061000e+01
   3.8412000e-02  -1.8600000e+01  -9.6740000e+01
   3.8412000e-02  -1.5600000e+01  -9.8197000e+01
   3.8412000e-02  -1.2600000e+01  -9.9432000e+01
   3.8412000e-02  -9.6000000e+00  -1.0045000e+02
   3.8412000e-02  -6.6000000e+00  -1.0124000e+02
   3.8412000e-02  -3.6000000e+00  -1.0181000e+02
   3.8412000e-02  -6.0000000e-01  -1.0215000e+02
   3.8412000e-02   2.4000000e+00  -1.0228000e+02
   3.8412000e-02   5.4000000e+00  -1.0218000e+02
   3.8412000e-02   8.4000000e+00  -1.0186000e+02
   3.8412000e-02   1.1400000e+01  -1.0133000e+02
   3.8412000e-02   1.4400000e+01  -1.0057000e+02
   3.8412000e-02   1.7400000e+01  -9.9593000e+01
   3.8412000e-02   2.0400000e+01  -9.8400000e+01
   3.8412000e-02   2.3400000e+01  -9.6992000e+01
   3.8412000e-02   2.6400000e+01  -9.5369000e+01
   3.8412000e-02   2.9400000e+01  -9.3533000e+01
   3.8610000e-02   2.7900000e+01  -9.4490000e+01
   3.8610000e-02   2.4900000e+01  -9.6228000e+01
   3.8610000e-02   2.1900000e+01  -9.7751000e+01
   3.8610000e-02   1.8900000e+01  -9.9058000e+01
   3.8610000e-02   1.5900000e+01  -1.0015000e+02
   3.8610000e-02   1.2900000e+01  -1.0102000e+02
   3.8610000e-02   9.9000000e+00  -1.0167000e+02
   3.8610000e-02   6.9000000e+00  -1.0210000e+02
   3.8610000e-02   3.9000000e+00  -1.0230000e+02
   3.8610000e-02   9.0000000e-01  -1.0229000e+02
   3.8610000e-02  -2.1000000e+00  -1.0205000e+02
   3.8610000e-02  -5.1000000e+00  -1.0159000e+02
   3.8610000e-02  -8.1000000e+00  -1.0090000e+02
   3.8610000e-02  -1.1100000e+01  -9.9994000e+01
   3.8610000e-02  -1.4100000e+01  -9.8862000e+01
   3.8610000e-02  -1.7100000e+01  -9.7507000e+01
   3.8610000e-02  -2.0100000e+01  -9.5928000e+01
   3.8610000e-02  -2.3100000e+01  -9.4127000e+01
   3.8610000e-02  -2.6100000e+01  -9.2103000e+01
   3.8610000e-02  -2.9100000e+01  -8.9857000e+01
   3.8809000e-02  -2.8200000e+01  -9.0516000e+01
   3.8809000e-02  -2.5200000e+01  -9.2709000e+01
   3.8809000e-02  -2.2200000e+01  -9.4679000e+01
   3.8809000e-02  -1.9200000e+01  -9.6425000e+01
   3.8809000e-02  -1.6200000e+01  -9.7947000e+01
   3.8809000e-02  -1.3200000e+01  -9.9244000e+01
   3.8809000e-02  -1.0200000e+01  -1.0032000e+02
   3.8809000e-02  -7.2000000e+00  -1.0116000e+02
   3.8809000e-02  -4.2000000e+00  -1.0179000e+02
   3.8809000e-02  -1.2000000e+00  -1.0218000e+02
   3.8809000e-02   1.8000000e+00  -1.0236000e+02
   3.8809000e-02   4.8000000e+00  -1.0231000e+02
   3.8809000e-02   7.8000000e+00  -1.0203000e+02
   3.8809000e-02   1.0800000e+01  -1.0154000e+02
   3.8809000e-02   1.3800000e+01  -1.0082000e+02
   3.8809000e-02   1.6800000e+01  -9.9878000e+01
   3.8809000e-02   1.9800000e+01  -9.8719000e+01
   3.8809000e-02   2.2800000e+01  -9.7340000e+01
   3.8809000e-02   2.5800000e+01  -9.5745000e+01
   3.8809000e-02   2.8800000e+01  -9.3933000e+01
   3.9007000e-02   2.8500000e+01  -9.4129000e+01
   3.9007000e-02   2.5500000e+01  -9.5928000e+01
   3.9007000e-02   2.2500000e+01  -9.7510000e+01
   3.9007000e-02   1.9500000e+01  -9.8872000e+01
   3.9007000e-02   1.6500000e+01  -1.0002000e+02
   3.9007000e-02   1.3500000e+01  -1.0094000e+02
   3.9007000e-02   1.0500000e+01  -1.0164000e+02
   3.9007000e-02   7.5000000e+00  -1.0211000e+02
   3.9007000e-02   4.5000000e+00  -1.0236000e+02
   3.9007000e-02   1.5000000e+00  -1.0239000e+02
   3.9007000e-02  -1.5000000e+00  -1.0219000e+02
   3.9007000e-02  -4.5000000e+00  -1.0177000e+02
   3.9007000e-02  -7.5000000e+00  -1.0112000e+02
   3.9007000e-02  -1.0500000e+01  -1.0024000e+02
   3.9007000e-02  -1.3500000e+01  -9.9140000e+01
   3.9007000e-02  -1.6500000e+01  -9.7812000e+01
   3.9007000e-02  -1.9500000e+01  -9.6258000e+01
   3.9007000e-02  -2.2500000e+01  -9.4477000e+01
   3.9007000e-02  -2.5500000e+01  -9.2472000e+01
   3.9007000e-02  -2.8500000e+01  -9.0241000e+01
   3.9206000e-02  -2.8800000e+01  -8.9959000e+01
   3.9206000e-02  -2.5800000e+01  -9.2226000e+01
   3.9206000e-02  -2.2800000e+01  -9.4268000e+01
   3.9206000e-02  -1.9800000e+01  -9.6082000e+01
   3.9206000e-02  -1.6800000e+01  -9.7670000e+01
   3.9206000e-02  -1.3800000e+01  -9.9030000e+01
   3.9206000e-02  -1.0800000e+01  -1.0016000e+02
   3.9206000e-02  -7.8000000e+00  -1.0107000e+02
   3.9206000e-02  -4.8000000e+00  -1.0175000e+02
   3.9206000e-02  -1.8000000e+00  -1.0220000e+02
   3.9206000e-02   1.2000000e+00  -1.0242000e+02
   3.9206000e-02   4.2000000e+00  -1.0242000e+02
   3.9206000e-02   7.2000000e+00  -1.0219000e+02
   3.9206000e-02   1.0200000e+01  -1.0173000e+02
   3.9206000e-02   1.3200000e+01  -1.0105000e+02
   3.9206000e-02   1.6200000e+01  -1.0015000e+02
   3.9206000e-02   1.9200000e+01  -9.9023000e+01
   3.9206000e-02   2.2200000e+01  -9.7675000e+01
   3.9206000e-02   2.5200000e+01  -9.6108000e+01
   3.9206000e-02   2.8200000e+01  -9.4322000e+01
   3.9404000e-02   2.9100000e+01  -9.3741000e+01
   3.9404000e-02   2.6100000e+01  -9.5602000e+01
   3.9404000e-02   2.3100000e+01  -9.7243000e+01
   3.9404000e-02   2.0100000e+01  -9.8663000e+01
   3.9404000e-02   1.7100000e+01  -9.9861000e+01
   3.9404000e-02   1.4100000e+01  -1.0084000e+02
   3.9404000e-02   1.1100000e+01  -1.0158000e+02
   3.9404000e-02   8.1000000e+00  -1.0211000e+02
   3.9404000e-02   5.1000000e+00  -1.0241000e+02
   3.9404000e-02   2.1000000e+00  -1.0248000e+02
   3.9404000e-02  -9.0000000e-01  -1.0232000e+02
   3.9404000e-02  -3.9000000e+00  -1.0193000e+02
   3.9404000e-02  -6.9000000e+00  -1.0132000e+02
   3.9404000e-02  -9.9000000e+00  -1.0048000e+02
   3.9404000e-02  -1.2900000e+01  -9.9405000e+01
   3.9404000e-02  -1.5900000e+01  -9.8105000e+01
   3.9404000e-02  -1.8900000e+01  -9.6576000e+01
   3.9404000e-02  -2.1900000e+01  -9.4818000e+01
   3.9404000e-02  -2.4900000e+01  -9.2831000e+01
   3.9404000e-02  -2.7900000e+01  -9.0617000e+01
   3.9603000e-02  -2.9400000e+01  -8.9368000e+01
   3.9603000e-02  -2.6400000e+01  -9.1711000e+01
   3.9603000e-02  -2.3400000e+01  -9.3825000e+01
   3.9603000e-02  -2.0400000e+01  -9.5710000e+01
   3.9603000e-02  -1.7400000e+01  -9.7364000e+01
   3.9603000e-02  -1.4400000e+01  -9.8789000e+01
   3.9603000e-02  -1.1400000e+01  -9.9983000e+01
   3.9603000e-02  -8.4000000e+00  -1.0095000e+02
   3.9603000e-02  -5.4000000e+00  -1.0168000e+02
   3.9603000e-02  -2.4000000e+00  -1.0218000e+02
   3.9603000e-02   6.0000000e-01  -1.0246000e+02
   3.9603000e-02   3.6000000e+00  -1.0250000e+02
   3.9603000e-02   6.6000000e+00  -1.0232000e+02
   3.9603000e-02   9.6000000e+00  -1.0191000e+02
   3.9603000e-02   1.2600000e+01  -1.0127000e+02
   3.9603000e-02   1.5600000e+01  -1.0040000e+02
   3.9603000e-02   1.8600000e+01  -9.9312000e+01
   3.9603000e-02   2.1600000e+01  -9.7997000e+01
   3.9603000e-02   2.4600000e+01  -9.6458000e+01
   3.9603000e-02   2.7600000e+01  -9.4699000e+01
   3.9801000e-02   2.9700000e+01  -9.3326000e+01
   3.9801000e-02   2.6700000e+01  -9.5250000e+01
   3.9801000e-02   2.3700000e+01  -9.6951000e+01
   3.9801000e-02   2.0700000e+01  -9.8430000e+01
   3.9801000e-02   1.7700000e+01  -9.9683000e+01
   3.9801000e-02   1.4700000e+01  -1.0071000e+02
   3.9801000e-02   1.1700000e+01  -1.0151000e+02
   3.9801000e-02   8.7000000e+00  -1.0209000e+02
   3.9801000e-02   5.7000000e+00  -1.0243000e+02
   3.9801000e-02   2.7000000e+00  -1.0254000e+02
   3.9801000e-02  -3.0000000e-01  -1.0243000e+02
   3.9801000e-02  -3.3000000e+00  -1.0208000e+02
   3.9801000e-02  -6.3000000e+00  -1.0151000e+02
   3.9801000e-02  -9.3000000e+00  -1.0070000e+02
   3.9801000e-02  -1.2300000e+01  -9.9657000e+01
   3.9801000e-02  -1.5300000e+01  -9.8385000e+01
   3.9801000e-02  -1.8300000e+01  -9.6882000e+01
   3.9801000e-02  -2.1300000e+01  -9.5147000e+01
   3.9801000e-02  -2.4300000e+01  -9.3181000e+01
   3.9801000e-02  -2.7300000e+01  -9.0983000e+01
   4.0000000e-02  -3.0000000e+01  -8.8742000e+01
   4.0000000e-02  -2.7000000e+01  -9.1163000e+01
   4.0000000e-02  -2.4000000e+01  -9.3351000e+01
   4.0000000e-02  -2.1000000e+01  -9.5307000e+01
   4.0000000e-02  -1.8000000e+01  -9.7030000e+01
   4.0000000e-02  -1.5000000e+01  -9.8520000e+01
   4.0000000e-02  -1.2000000e+01  -9.9777000e+01
   4.0000000e-02  -9.0000000e+00  -1.0080000e+02
   4.0000000e-02  -6.0000000e+00  -1.0159000e+02
   4.0000000e-02  -3.0000000e+00  -1.0215000e+02
   4.0000000e-02  -1.3323000e-15  -1.0248000e+02
   4.0000000e-02   3.0000000e+00  -1.0257000e+02
   4.0000000e-02   6.0000000e+00  -1.0243000e+02
   4.0000000e-02   9.0000000e+00  -1.0207000e+02
   4.0000000e-02   1.2000000e+01  -1.0147000e+02
   4.0000000e-02   1.5000000e+01  -1.0064000e+02
   4.0000000e-02   1.8000000e+01  -9.9586000e+01
   4.0000000e-02   2.1000000e+01  -9.8304000e+01
   4.0000000e-02   2.4000000e+01  -9.6796000e+01
   4.0000000e-02   2.7000000e+01  -9.5063000e+01
   4.0000000e-02   3.0000000e+01  -9.3108000e+01
