   3.0000000e-04  -3.0000000e+01  -5.1584000e-01
   3.0000000e-04  -2.7000000e+01  -2.1067000e-01
   3.0000000e-04  -2.4000000e+01   5.1365000e-02
   3.0000000e-04  -2.1000000e+01   2.6964000e-01
   3.0000000e-04  -1.8000000e+01   4.4367000e-01
   3.0000000e-04  -1.5000000e+01   5.7309000e-01
   3.0000000e-04  -1.2000000e+01   6.5766000e-01
   3.0000000e-04  -9.0000000e+00   6.9726000e-01
   3.0000000e-04  -6.0000000e+00   6.9192000e-01
   3.0000000e-04  -3.0000000e+00   6.4178000e-01
   3.0000000e-04  -1.3323000e-15   5.4712000e-01
   3.0000000e-04   3.0000000e+00   4.0833000e-01
   3.0000000e-04   6.0000000e+00   2.2596000e-01
   3.0000000e-04   9.0000000e+00   6.4395000e-04
   3.0000000e-04   1.2000000e+01  -2.6682000e-01
   3.0000000e-04   1.5000000e+01  -5.7555000e-01
   3.0000000e-04   1.8000000e+01  -9.2450000e-01
   3.0000000e-04   2.1000000e+01  -1.3125000e+00
   3.0000000e-04   2.4000000e+01  -1.7384000e+00
   3.0000000e-04   2.7000000e+01  -2.2007000e+00
   3.0000000e-04   3.0000000e+01  -2.6980000e+00
   4.9850000e-04   2.7300000e+01   6.5169000e+00
   4.9850000e-04   2.4300000e+01   7.3052000e+00
   4.9850000e-04   2.1300000e+01   8.0308000e+00
   4.9850000e-04   1.8300000e+01   8.6916000e+00
   4.9850000e-04   1.5300000e+01   9.2857000e+00
   4.9850000e-04   1.2300000e+01   9.8111000e+00
   4.9850000e-04   9.3000000e+00   1.0266000e+01
   4.9850000e-04   6.3000000e+00   1.0650000e+01
   4.9850000e-04   3.3000000e+00   1.0961000e+01
   4.9850000e-04   3.0000000e-01   1.1198000e+01
   4.9850000e-04  -2.7000000e+00   1.1361000e+01
   4.9850000e-04  -5.7000000e+00   1.1448000e+01
   4.9850000e-04  -8.7000000e+00   1.1460000e+01
   4.9850000e-04  -1.1700000e+01   1.1396000e+01
   4.9850000e-04  -1.4700000e+01   1.1256000e+01
   4.9850000e-04  -1.7700000e+01   1.1040000e+01
   4.9850000e-04  -2.0700000e+01   1.0750000e+01
   4.9850000e-04  -2.3700000e+01   1.0385000e+01
   4.9850000e-04  -2.6700000e+01   9.9458000e+00
   4.9850000e-04  -2.9700000e+01   9.4342000e+00
   6.9700000e-04  -2.7600000e+01   1.9807000e+01
   6.9700000e-04  -2.4600000e+01   2.0465000e+01
   6.9700000e-04  -2.1600000e+01   2.1020000e+01
   6.9700000e-04  -1.8600000e+01   2.1470000e+01
   6.9700000e-04  -1.5600000e+01   2.1815000e+01
   6.9700000e-04  -1.2600000e+01   2.2054000e+01
   6.9700000e-04  -9.6000000e+00   2.2187000e+01
   6.9700000e-04  -6.6000000e+00   2.2213000e+01
   6.9700000e-04  -3.6000000e+00   2.2133000e+01
   6.9700000e-04  -6.0000000e-01   2.1946000e+01
   6.9700000e-04   2.4000000e+00   2.1655000e+01
   6.9700000e-04   5.4000000e+00   2.1259000e+01
   6.9700000e-04   8.4000000e+00   2.0760000e+01
   6.9700000e-04   1.1400000e+01   2.0159000e+01
   6.9700000e-04   1.4400000e+01   1.9458000e+01
   6.9700000e-04   1.7400000e+01   1.8660000e+01
   6.9700000e-04   2.0400000e+01   1.7765000e+01
   6.9700000e-04   2.3400000e+01   1.6777000e+01
   6.9700000e-04   2.6400000e+01   1.5699000e+01
   6.9700000e-04   2.9400000e+01   1.4534000e+01
   8.9550000e-04   2.7900000e+01   2.3958000e+01
   8.9550000e-04   2.4900000e+01   2.5393000e+01
   8.9550000e-04   2.1900000e+01   2.6712000e+01
   8.9550000e-04   1.8900000e+01   2.7912000e+01
   8.9550000e-04   1.5900000e+01   2.8990000e+01
   8.9550000e-04   1.2900000e+01   2.9942000e+01
   8.9550000e-04   9.9000000e+00   3.0766000e+01
   8.9550000e-04   6.9000000e+00   3.1461000e+01
   8.9550000e-04   3.9000000e+00   3.2023000e+01
   8.9550000e-04   9.0000000e-01   3.2452000e+01
   8.9550000e-04  -2.1000000e+00   3.2745000e+01
   8.9550000e-04  -5.1000000e+00   3.2903000e+01
   8.9550000e-04  -8.1000000e+00   3.2924000e+01
   8.9550000e-04  -1.1100000e+01   3.2808000e+01
   8.9550000e-04  -1.4100000e+01   3.2555000e+01
   8.9550000e-04  -1.7100000e+01   3.2165000e+01
   8.9550000e-04  -2.0100000e+01   3.1639000e+01
   8.9550000e-04  -2.3100000e+01   3.0979000e+01
   8.9550000e-04  -2.6100000e+01   3.0185000e+01
   8.9550000e-04  -2.9100000e+01   2.9259000e+01
   1.0940000e-03  -2.8200000e+01   3.9359000e+01
   1.0940000e-03  -2.5200000e+01   4.0457000e+01
   1.0940000e-03  -2.2200000e+01   4.1394000e+01
   1.0940000e-03  -1.9200000e+01   4.2166000e+01
   1.0940000e-03  -1.6200000e+01   4.2774000e+01
   1.0940000e-03  -1.3200000e+01   4.3216000e+01
   1.0940000e-03  -1.0200000e+01   4.3490000e+01
   1.0940000e-03  -7.2000000e+00   4.3598000e+01
   1.0940000e-03  -4.2000000e+00   4.3538000e+01
   1.0940000e-03  -1.2000000e+00   4.3311000e+01
   1.0940000e-03   1.8000000e+00   4.2919000e+01
   1.0940000e-03   4.8000000e+00   4.2362000e+01
   1.0940000e-03   7.8000000e+00   4.1643000e+01
   1.0940000e-03   1.0800000e+01   4.0762000e+01
   1.0940000e-03   1.3800000e+01   3.9724000e+01
   1.0940000e-03   1.6800000e+01   3.8530000e+01
   1.0940000e-03   1.9800000e+01   3.7184000e+01
   1.0940000e-03   2.2800000e+01   3.5688000e+01
   1.0940000e-03   2.5800000e+01   3.4048000e+01
   1.0940000e-03   2.8800000e+01   3.2268000e+01
   1.2925000e-03   2.8500000e+01   4.1251000e+01
   1.2925000e-03   2.5500000e+01   4.3321000e+01
   1.2925000e-03   2.2500000e+01   4.5223000e+01
   1.2925000e-03   1.9500000e+01   4.6954000e+01
   1.2925000e-03   1.6500000e+01   4.8509000e+01
   1.2925000e-03   1.3500000e+01   4.9883000e+01
   1.2925000e-03   1.0500000e+01   5.1073000e+01
   1.2925000e-03   7.5000000e+00   5.2077000e+01
   1.2925000e-03   4.5000000e+00   5.2890000e+01
   1.2925000e-03   1.5000000e+00   5.3510000e+01
   1.2925000e-03  -1.5000000e+00   5.3937000e+01
   1.2925000e-03  -4.5000000e+00   5.4168000e+01
   1.2925000e-03  -7.5000000e+00   5.4202000e+01
   1.2925000e-03  -1.0500000e+01   5.4039000e+01
   1.2925000e-03  -1.3500000e+01   5.3678000e+01
   1.2925000e-03  -1.6500000e+01   5.3121000e+01
   1.2925000e-03  -1.9500000e+01   5.2368000e+01
   1.2925000e-03  -2.2500000e+01   5.1419000e+01
   1.2925000e-03  -2.5500000e+01   5.0279000e+01
   1.2925000e-03  -2.8500000e+01   4.8947000e+01
   1.4910000e-03  -2.8800000e+01   5.8409000e+01
   1.4910000e-03  -2.5800000e+01   5.9982000e+01
   1.4910000e-03  -2.2800000e+01   6.1336000e+01
   1.4910000e-03  -1.9800000e+01   6.2468000e+01
   1.4910000e-03  -1.6800000e+01   6.3375000e+01
   1.4910000e-03  -1.3800000e+01   6.4057000e+01
   1.4910000e-03  -1.0800000e+01   6.4512000e+01
   1.4910000e-03  -7.8000000e+00   6.4740000e+01
   1.4910000e-03  -4.8000000e+00   6.4741000e+01
   1.4910000e-03  -1.8000000e+00   6.4515000e+01
   1.4910000e-03   1.2000000e+00   6.4063000e+01
   1.4910000e-03   4.2000000e+00   6.3388000e+01
   1.4910000e-03   7.2000000e+00   6.2490000e+01
   1.4910000e-03   1.0200000e+01   6.1374000e+01
   1.4910000e-03   1.3200000e+01   6.0041000e+01
   1.4910000e-03   1.6200000e+01   5.8496000e+01
   1.4910000e-03   1.9200000e+01   5.6743000e+01
   1.4910000e-03   2.2200000e+01   5.4786000e+01
   1.4910000e-03   2.5200000e+01   5.2630000e+01
   1.4910000e-03   2.8200000e+01   5.0282000e+01
   1.6895000e-03   2.9100000e+01   5.8237000e+01
   1.6895000e-03   2.6100000e+01   6.0942000e+01
   1.6895000e-03   2.3100000e+01   6.3431000e+01
   1.6895000e-03   2.0100000e+01   6.5696000e+01
   1.6895000e-03   1.7100000e+01   6.7733000e+01
   1.6895000e-03   1.4100000e+01   6.9535000e+01
   1.6895000e-03   1.1100000e+01   7.1098000e+01
   1.6895000e-03   8.1000000e+00   7.2418000e+01
   1.6895000e-03   5.1000000e+00   7.3491000e+01
   1.6895000e-03   2.1000000e+00   7.4313000e+01
   1.6895000e-03  -9.0000000e-01   7.4883000e+01
   1.6895000e-03  -3.9000000e+00   7.5199000e+01
   1.6895000e-03  -6.9000000e+00   7.5258000e+01
   1.6895000e-03  -9.9000000e+00   7.5060000e+01
   1.6895000e-03  -1.2900000e+01   7.4605000e+01
   1.6895000e-03  -1.5900000e+01   7.3892000e+01
   1.6895000e-03  -1.8900000e+01   7.2925000e+01
   1.6895000e-03  -2.1900000e+01   7.1702000e+01
   1.6895000e-03  -2.4900000e+01   7.0228000e+01
   1.6895000e-03  -2.7900000e+01   6.8505000e+01
   1.8880000e-03  -2.9400000e+01   7.6959000e+01
   1.8880000e-03  -2.6400000e+01   7.9038000e+01
   1.8880000e-03  -2.3400000e+01   8.0840000e+01
   1.8880000e-03  -2.0400000e+01   8.2363000e+01
   1.8880000e-03  -1.7400000e+01   8.3602000e+01
   1.8880000e-03  -1.4400000e+01   8.4557000e+01
   1.8880000e-03  -1.1400000e+01   8.5226000e+01
   1.8880000e-03  -8.4000000e+00   8.5608000e+01
   1.8880000e-03  -5.4000000e+00   8.5702000e+01
   1.8880000e-03  -2.4000000e+00   8.5511000e+01
   1.8880000e-03   6.0000000e-01   8.5034000e+01
   1.8880000e-03   3.6000000e+00   8.4273000e+01
   1.8880000e-03   6.6000000e+00   8.3232000e+01
   1.8880000e-03   9.6000000e+00   8.1914000e+01
   1.8880000e-03   1.2600000e+01   8.0322000e+01
   1.8880000e-03   1.5600000e+01   7.8460000e+01
   1.8880000e-03   1.8600000e+01   7.6334000e+01
   1.8880000e-03   2.1600000e+01   7.3950000e+01
   1.8880000e-03   2.4600000e+01   7.1313000e+01
   1.8880000e-03   2.7600000e+01   6.8431000e+01
   2.0865000e-03   2.9700000e+01   7.4831000e+01
   2.0865000e-03   2.6700000e+01   7.8182000e+01
   2.0865000e-03   2.3700000e+01   8.1267000e+01
   2.0865000e-03   2.0700000e+01   8.4078000e+01
   2.0865000e-03   1.7700000e+01   8.6609000e+01
   2.0865000e-03   1.4700000e+01   8.8852000e+01
   2.0865000e-03   1.1700000e+01   9.0801000e+01
   2.0865000e-03   8.7000000e+00   9.2452000e+01
   2.0865000e-03   5.7000000e+00   9.3799000e+01
   2.0865000e-03   2.7000000e+00   9.4838000e+01
   2.0865000e-03  -3.0000000e-01   9.5567000e+01
   2.0865000e-03  -3.3000000e+00   9.5982000e+01
   2.0865000e-03  -6.3000000e+00   9.6082000e+01
   2.0865000e-03  -9.3000000e+00   9.5866000e+01
   2.0865000e-03  -1.2300000e+01   9.5332000e+01
   2.0865000e-03  -1.5300000e+01   9.4482000e+01
   2.0865000e-03  -1.8300000e+01   9.3316000e+01
   2.0865000e-03  -2.1300000e+01   9.1836000e+01
   2.0865000e-03  -2.4300000e+01   9.0045000e+01
   2.0865000e-03  -2.7300000e+01   8.7946000e+01
   2.2850000e-03  -3.0000000e+01   9.5014000e+01
   2.2850000e-03  -2.7000000e+01   9.7627000e+01
   2.2850000e-03  -2.4000000e+01   9.9908000e+01
   2.2850000e-03  -2.1000000e+01   1.0185000e+02
   2.2850000e-03  -1.8000000e+01   1.0345000e+02
   2.2850000e-03  -1.5000000e+01   1.0471000e+02
   2.2850000e-03  -1.2000000e+01   1.0562000e+02
   2.2850000e-03  -9.0000000e+00   1.0619000e+02
   2.2850000e-03  -6.0000000e+00   1.0641000e+02
   2.2850000e-03  -3.0000000e+00   1.0628000e+02
   2.2850000e-03  -1.3323000e-15   1.0581000e+02
   2.2850000e-03   3.0000000e+00   1.0499000e+02
   2.2850000e-03   6.0000000e+00   1.0384000e+02
   2.2850000e-03   9.0000000e+00   1.0235000e+02
   2.2850000e-03   1.2000000e+01   1.0053000e+02
   2.2850000e-03   1.5000000e+01   9.8378000e+01
   2.2850000e-03   1.8000000e+01   9.5908000e+01
   2.2850000e-03   2.1000000e+01   9.3125000e+01
   2.2850000e-03   2.4000000e+01   9.0035000e+01
   2.2850000e-03   2.7000000e+01   8.6646000e+01
   2.2850000e-03   3.0000000e+01   8.2967000e+01
   2.4835000e-03   2.7300000e+01   9.5003000e+01
   2.4835000e-03   2.4300000e+01   9.8700000e+01
   2.4835000e-03   2.1300000e+01   1.0207000e+02
   2.4835000e-03   1.8300000e+01   1.0511000e+02
   2.4835000e-03   1.5300000e+01   1.0781000e+02
   2.4835000e-03   1.2300000e+01   1.1017000e+02
   2.4835000e-03   9.3000000e+00   1.1217000e+02
   2.4835000e-03   6.3000000e+00   1.1380000e+02
   2.4835000e-03   3.3000000e+00   1.1508000e+02
   2.4835000e-03   3.0000000e-01   1.1598000e+02
   2.4835000e-03  -2.7000000e+00   1.1652000e+02
   2.4835000e-03  -5.7000000e+00   1.1668000e+02
   2.4835000e-03  -8.7000000e+00   1.1646000e+02
   2.4835000e-03  -1.1700000e+01   1.1587000e+02
   2.4835000e-03  -1.4700000e+01   1.1490000e+02
   2.4835000e-03  -1.7700000e+01   1.1355000e+02
   2.4835000e-03  -2.0700000e+01   1.1183000e+02
   2.4835000e-03  -2.3700000e+01   1.0974000e+02
   2.4835000e-03  -2.6700000e+01   1.0728000e+02
   2.4835000e-03  -2.9700000e+01   1.0446000e+02
   2.6820000e-03  -2.7600000e+01   1.1575000e+02
   2.6820000e-03  -2.4600000e+01   1.1854000e+02
   2.6820000e-03  -2.1600000e+01   1.2093000e+02
   2.6820000e-03  -1.8600000e+01   1.2292000e+02
   2.6820000e-03  -1.5600000e+01   1.2452000e+02
   2.6820000e-03  -1.2600000e+01   1.2570000e+02
   2.6820000e-03  -9.6000000e+00   1.2648000e+02
   2.6820000e-03  -6.6000000e+00   1.2685000e+02
   2.6820000e-03  -3.6000000e+00   1.2682000e+02
   2.6820000e-03  -6.0000000e-01   1.2638000e+02
   2.6820000e-03   2.4000000e+00   1.2554000e+02
   2.6820000e-03   5.4000000e+00   1.2430000e+02
   2.6820000e-03   8.4000000e+00   1.2266000e+02
   2.6820000e-03   1.1400000e+01   1.2064000e+02
   2.6820000e-03   1.4400000e+01   1.1823000e+02
   2.6820000e-03   1.7400000e+01   1.1544000e+02
   2.6820000e-03   2.0400000e+01   1.1229000e+02
   2.6820000e-03   2.3400000e+01   1.0877000e+02
   2.6820000e-03   2.6400000e+01   1.0490000e+02
   2.6820000e-03   2.9400000e+01   1.0068000e+02
   2.8805000e-03   2.7900000e+01   1.1139000e+02
   2.8805000e-03   2.4900000e+01   1.1572000e+02
   2.8805000e-03   2.1900000e+01   1.1967000e+02
   2.8805000e-03   1.8900000e+01   1.2324000e+02
   2.8805000e-03   1.5900000e+01   1.2641000e+02
   2.8805000e-03   1.2900000e+01   1.2919000e+02
   2.8805000e-03   9.9000000e+00   1.3155000e+02
   2.8805000e-03   6.9000000e+00   1.3350000e+02
   2.8805000e-03   3.9000000e+00   1.3503000e+02
   2.8805000e-03   9.0000000e-01   1.3613000e+02
   2.8805000e-03  -2.1000000e+00   1.3680000e+02
   2.8805000e-03  -5.1000000e+00   1.3704000e+02
   2.8805000e-03  -8.1000000e+00   1.3684000e+02
   2.8805000e-03  -1.1100000e+01   1.3621000e+02
   2.8805000e-03  -1.4100000e+01   1.3514000e+02
   2.8805000e-03  -1.7100000e+01   1.3363000e+02
   2.8805000e-03  -2.0100000e+01   1.3169000e+02
   2.8805000e-03  -2.3100000e+01   1.2932000e+02
   2.8805000e-03  -2.6100000e+01   1.2652000e+02
   2.8805000e-03  -2.9100000e+01   1.2331000e+02
   3.0790000e-03  -2.8200000e+01   1.3342000e+02
   3.0790000e-03  -2.5200000e+01   1.3674000e+02
   3.0790000e-03  -2.2200000e+01   1.3961000e+02
   3.0790000e-03  -1.9200000e+01   1.4202000e+02
   3.0790000e-03  -1.6200000e+01   1.4397000e+02
   3.0790000e-03  -1.3200000e+01   1.4546000e+02
   3.0790000e-03  -1.0200000e+01   1.4648000e+02
   3.0790000e-03  -7.2000000e+00   1.4703000e+02
   3.0790000e-03  -4.2000000e+00   1.4712000e+02
   3.0790000e-03  -1.2000000e+00   1.4674000e+02
   3.0790000e-03   1.8000000e+00   1.4590000e+02
   3.0790000e-03   4.8000000e+00   1.4461000e+02
   3.0790000e-03   7.8000000e+00   1.4285000e+02
   3.0790000e-03   1.0800000e+01   1.4065000e+02
   3.0790000e-03   1.3800000e+01   1.3801000e+02
   3.0790000e-03   1.6800000e+01   1.3493000e+02
   3.0790000e-03   1.9800000e+01   1.3142000e+02
   3.0790000e-03   2.2800000e+01   1.2750000e+02
   3.0790000e-03   2.5800000e+01   1.2317000e+02
   3.0790000e-03   2.8800000e+01   1.1844000e+02
   3.2775000e-03   2.8500000e+01   1.2734000e+02
   3.2775000e-03   2.5500000e+01   1.3231000e+02
   3.2775000e-03   2.2500000e+01   1.3687000e+02
   3.2775000e-03   1.9500000e+01   1.4098000e+02
   3.2775000e-03   1.6500000e+01   1.4465000e+02
   3.2775000e-03   1.3500000e+01   1.4787000e+02
   3.2775000e-03   1.0500000e+01   1.5062000e+02
   3.2775000e-03   7.5000000e+00   1.5290000e+02
   3.2775000e-03   4.5000000e+00   1.5470000e+02
   3.2775000e-03   1.5000000e+00   1.5602000e+02
   3.2775000e-03  -1.5000000e+00   1.5685000e+02
   3.2775000e-03  -4.5000000e+00   1.5718000e+02
   3.2775000e-03  -7.5000000e+00   1.5702000e+02
   3.2775000e-03  -1.0500000e+01   1.5637000e+02
   3.2775000e-03  -1.3500000e+01   1.5521000e+02
   3.2775000e-03  -1.6500000e+01   1.5357000e+02
   3.2775000e-03  -1.9500000e+01   1.5142000e+02
   3.2775000e-03  -2.2500000e+01   1.4879000e+02
   3.2775000e-03  -2.5500000e+01   1.4568000e+02
   3.2775000e-03  -2.8500000e+01   1.4208000e+02
   3.4760000e-03  -2.8800000e+01   1.5062000e+02
   3.4760000e-03  -2.5800000e+01   1.5450000e+02
   3.4760000e-03  -2.2800000e+01   1.5788000e+02
   3.4760000e-03  -1.9800000e+01   1.6073000e+02
   3.4760000e-03  -1.6800000e+01   1.6307000e+02
   3.4760000e-03  -1.3800000e+01   1.6489000e+02
   3.4760000e-03  -1.0800000e+01   1.6618000e+02
   3.4760000e-03  -7.8000000e+00   1.6695000e+02
   3.4760000e-03  -4.8000000e+00   1.6718000e+02
   3.4760000e-03  -1.8000000e+00   1.6690000e+02
   3.4760000e-03   1.2000000e+00   1.6609000e+02
   3.4760000e-03   4.2000000e+00   1.6476000e+02
   3.4760000e-03   7.2000000e+00   1.6292000e+02
   3.4760000e-03   1.0200000e+01   1.6056000e+02
   3.4760000e-03   1.3200000e+01   1.5771000e+02
   3.4760000e-03   1.6200000e+01   1.5437000e+02
   3.4760000e-03   1.9200000e+01   1.5053000e+02
   3.4760000e-03   2.2200000e+01   1.4623000e+02
   3.4760000e-03   2.5200000e+01   1.4146000e+02
   3.4760000e-03   2.8200000e+01   1.3625000e+02
   3.6745000e-03   2.9100000e+01   1.4285000e+02
   3.6745000e-03   2.6100000e+01   1.4849000e+02
   3.6745000e-03   2.3100000e+01   1.5366000e+02
   3.6745000e-03   2.0100000e+01   1.5835000e+02
   3.6745000e-03   1.7100000e+01   1.6253000e+02
   3.6745000e-03   1.4100000e+01   1.6621000e+02
   3.6745000e-03   1.1100000e+01   1.6937000e+02
   3.6745000e-03   8.1000000e+00   1.7200000e+02
   3.6745000e-03   5.1000000e+00   1.7409000e+02
   3.6745000e-03   2.1000000e+00   1.7564000e+02
   3.6745000e-03  -9.0000000e-01   1.7665000e+02
   3.6745000e-03  -3.9000000e+00   1.7710000e+02
   3.6745000e-03  -6.9000000e+00   1.7700000e+02
   3.6745000e-03  -9.9000000e+00   1.7634000e+02
   3.6745000e-03  -1.2900000e+01   1.7513000e+02
   3.6745000e-03  -1.5900000e+01   1.7336000e+02
   3.6745000e-03  -1.8900000e+01   1.7103000e+02
   3.6745000e-03  -2.1900000e+01   1.6816000e+02
   3.6745000e-03  -2.4900000e+01   1.6474000e+02
   3.6745000e-03  -2.7900000e+01   1.6078000e+02
   3.8730000e-03  -2.9400000e+01   1.6736000e+02
   3.8730000e-03  -2.6400000e+01   1.7183000e+02
   3.8730000e-03  -2.3400000e+01   1.7573000e+02
   3.8730000e-03  -2.0400000e+01   1.7907000e+02
   3.8730000e-03  -1.7400000e+01   1.8182000e+02
   3.8730000e-03  -1.4400000e+01   1.8400000e+02
   3.8730000e-03  -1.1400000e+01   1.8559000e+02
   3.8730000e-03  -8.4000000e+00   1.8659000e+02
   3.8730000e-03  -5.4000000e+00   1.8701000e+02
   3.8730000e-03  -2.4000000e+00   1.8684000e+02
   3.8730000e-03   6.0000000e-01   1.8609000e+02
   3.8730000e-03   3.6000000e+00   1.8475000e+02
   3.8730000e-03   6.6000000e+00   1.8285000e+02
   3.8730000e-03   9.6000000e+00   1.8037000e+02
   3.8730000e-03   1.2600000e+01   1.7734000e+02
   3.8730000e-03   1.5600000e+01   1.7375000e+02
   3.8730000e-03   1.8600000e+01   1.6962000e+02
   3.8730000e-03   2.1600000e+01   1.6496000e+02
   3.8730000e-03   2.4600000e+01   1.5978000e+02
   3.8730000e-03   2.7600000e+01   1.5410000e+02
   4.0715000e-03   2.9700000e+01   1.5794000e+02
   4.0715000e-03   2.6700000e+01   1.6426000e+02
   4.0715000e-03   2.3700000e+01   1.7007000e+02
   4.0715000e-03   2.0700000e+01   1.7534000e+02
   4.0715000e-03   1.7700000e+01   1.8006000e+02
   4.0715000e-03   1.4700000e+01   1.8421000e+02
   4.0715000e-03   1.1700000e+01   1.8779000e+02
   4.0715000e-03   8.7000000e+00   1.9079000e+02
   4.0715000e-03   5.7000000e+00   1.9320000e+02
   4.0715000e-03   2.7000000e+00   1.9501000e+02
   4.0715000e-03  -3.0000000e-01   1.9621000e+02
   4.0715000e-03  -3.3000000e+00   1.9680000e+02
   4.0715000e-03  -6.3000000e+00   1.9677000e+02
   4.0715000e-03  -9.3000000e+00   1.9613000e+02
   4.0715000e-03  -1.2300000e+01   1.9487000e+02
   4.0715000e-03  -1.5300000e+01   1.9300000e+02
   4.0715000e-03  -1.8300000e+01   1.9051000e+02
   4.0715000e-03  -2.1300000e+01   1.8742000e+02
   4.0715000e-03  -2.4300000e+01   1.8372000e+02
   4.0715000e-03  -2.7300000e+01   1.7941000e+02
   4.2700000e-03  -3.0000000e+01   1.8362000e+02
   4.2700000e-03  -2.7000000e+01   1.8871000e+02
   4.2700000e-03  -2.4000000e+01   1.9317000e+02
   4.2700000e-03  -2.1000000e+01   1.9701000e+02
   4.2700000e-03  -1.8000000e+01   2.0021000e+02
   4.2700000e-03  -1.5000000e+01   2.0277000e+02
   4.2700000e-03  -1.2000000e+01   2.0469000e+02
   4.2700000e-03  -9.0000000e+00   2.0596000e+02
   4.2700000e-03  -6.0000000e+00   2.0658000e+02
   4.2700000e-03  -3.0000000e+00   2.0656000e+02
   4.2700000e-03  -1.3323000e-15   2.0590000e+02
   4.2700000e-03   3.0000000e+00   2.0459000e+02
   4.2700000e-03   6.0000000e+00   2.0265000e+02
   4.2700000e-03   9.0000000e+00   2.0008000e+02
   4.2700000e-03   1.2000000e+01   1.9689000e+02
   4.2700000e-03   1.5000000e+01   1.9309000e+02
   4.2700000e-03   1.8000000e+01   1.8869000e+02
   4.2700000e-03   2.1000000e+01   1.8369000e+02
   4.2700000e-03   2.4000000e+01   1.7813000e+02
   4.2700000e-03   2.7000000e+01   1.7200000e+02
   4.2700000e-03   3.0000000e+01   1.6532000e+02
   4.4685000e-03   2.7300000e+01   1.7963000e+02
   4.4685000e-03   2.4300000e+01   1.8609000e+02
   4.4685000e-03   2.1300000e+01   1.9196000e+02
   4.4685000e-03   1.8300000e+01   1.9723000e+02
   4.4685000e-03   1.5300000e+01   2.0188000e+02
   4.4685000e-03   1.2300000e+01   2.0591000e+02
   4.4685000e-03   9.3000000e+00   2.0929000e+02
   4.4685000e-03   6.3000000e+00   2.1203000e+02
   4.4685000e-03   3.3000000e+00   2.1411000e+02
   4.4685000e-03   3.0000000e-01   2.1552000e+02
   4.4685000e-03  -2.7000000e+00   2.1627000e+02
   4.4685000e-03  -5.7000000e+00   2.1634000e+02
   4.4685000e-03  -8.7000000e+00   2.1574000e+02
   4.4685000e-03  -1.1700000e+01   2.1446000e+02
   4.4685000e-03  -1.4700000e+01   2.1250000e+02
   4.4685000e-03  -1.7700000e+01   2.0987000e+02
   4.4685000e-03  -2.0700000e+01   2.0657000e+02
   4.4685000e-03  -2.3700000e+01   2.0260000e+02
   4.4685000e-03  -2.6700000e+01   1.9798000e+02
   4.4685000e-03  -2.9700000e+01   1.9271000e+02
   4.6670000e-03  -2.7600000e+01   2.0513000e+02
   4.6670000e-03  -2.4600000e+01   2.1019000e+02
   4.6670000e-03  -2.1600000e+01   2.1455000e+02
   4.6670000e-03  -1.8600000e+01   2.1823000e+02
   4.6670000e-03  -1.5600000e+01   2.2120000e+02
   4.6670000e-03  -1.2600000e+01   2.2348000e+02
   4.6670000e-03  -9.6000000e+00   2.2504000e+02
   4.6670000e-03  -6.6000000e+00   2.2590000e+02
   4.6670000e-03  -3.6000000e+00   2.2606000e+02
   4.6670000e-03  -6.0000000e-01   2.2551000e+02
   4.6670000e-03   2.4000000e+00   2.2426000e+02
   4.6670000e-03   5.4000000e+00   2.2231000e+02
   4.6670000e-03   8.4000000e+00   2.1968000e+02
   4.6670000e-03   1.1400000e+01   2.1636000e+02
   4.6670000e-03   1.4400000e+01   2.1238000e+02
   4.6670000e-03   1.7400000e+01   2.0773000e+02
   4.6670000e-03   2.0400000e+01   2.0243000e+02
   4.6670000e-03   2.3400000e+01   1.9650000e+02
   4.6670000e-03   2.6400000e+01   1.8995000e+02
   4.6670000e-03   2.9400000e+01   1.8280000e+02
   4.8655000e-03   2.7900000e+01   1.9460000e+02
   4.8655000e-03   2.4900000e+01   2.0173000e+02
   4.8655000e-03   2.1900000e+01   2.0822000e+02
   4.8655000e-03   1.8900000e+01   2.1406000e+02
   4.8655000e-03   1.5900000e+01   2.1923000e+02
   4.8655000e-03   1.2900000e+01   2.2371000e+02
   4.8655000e-03   9.9000000e+00   2.2750000e+02
   4.8655000e-03   6.9000000e+00   2.3059000e+02
   4.8655000e-03   3.9000000e+00   2.3296000e+02
   4.8655000e-03   9.0000000e-01   2.3460000e+02
   4.8655000e-03  -2.1000000e+00   2.3552000e+02
   4.8655000e-03  -5.1000000e+00   2.3571000e+02
   4.8655000e-03  -8.1000000e+00   2.3516000e+02
   4.8655000e-03  -1.1100000e+01   2.3388000e+02
   4.8655000e-03  -1.4100000e+01   2.3186000e+02
   4.8655000e-03  -1.7100000e+01   2.2910000e+02
   4.8655000e-03  -2.0100000e+01   2.2561000e+02
   4.8655000e-03  -2.3100000e+01   2.2140000e+02
   4.8655000e-03  -2.6100000e+01   2.1647000e+02
   4.8655000e-03  -2.9100000e+01   2.1084000e+02
   5.0640000e-03  -2.8200000e+01   2.2110000e+02
   5.0640000e-03  -2.5200000e+01   2.2677000e+02
   5.0640000e-03  -2.2200000e+01   2.3169000e+02
   5.0640000e-03  -1.9200000e+01   2.3587000e+02
   5.0640000e-03  -1.6200000e+01   2.3929000e+02
   5.0640000e-03  -1.3200000e+01   2.4195000e+02
   5.0640000e-03  -1.0200000e+01   2.4384000e+02
   5.0640000e-03  -7.2000000e+00   2.4497000e+02
   5.0640000e-03  -4.2000000e+00   2.4533000e+02
   5.0640000e-03  -1.2000000e+00   2.4493000e+02
   5.0640000e-03   1.8000000e+00   2.4376000e+02
   5.0640000e-03   4.8000000e+00   2.4184000e+02
   5.0640000e-03   7.8000000e+00   2.3917000e+02
   5.0640000e-03   1.0800000e+01   2.3576000e+02
   5.0640000e-03   1.3800000e+01   2.3161000e+02
   5.0640000e-03   1.6800000e+01   2.2675000e+02
   5.0640000e-03   1.9800000e+01   2.2118000e+02
   5.0640000e-03   2.2800000e+01   2.1491000e+02
   5.0640000e-03   2.5800000e+01   2.0797000e+02
   5.0640000e-03   2.8800000e+01   2.0037000e+02
   5.2625000e-03   2.8500000e+01   2.0919000e+02
   5.2625000e-03   2.5500000e+01   2.1700000e+02
   5.2625000e-03   2.2500000e+01   2.2413000e+02
   5.2625000e-03   1.9500000e+01   2.3055000e+02
   5.2625000e-03   1.6500000e+01   2.3625000e+02
   5.2625000e-03   1.3500000e+01   2.4121000e+02
   5.2625000e-03   1.0500000e+01   2.4542000e+02
   5.2625000e-03   7.5000000e+00   2.4887000e+02
   5.2625000e-03   4.5000000e+00   2.5155000e+02
   5.2625000e-03   1.5000000e+00   2.5344000e+02
   5.2625000e-03  -1.5000000e+00   2.5455000e+02
   5.2625000e-03  -4.5000000e+00   2.5487000e+02
   5.2625000e-03  -7.5000000e+00   2.5440000e+02
   5.2625000e-03  -1.0500000e+01   2.5313000e+02
   5.2625000e-03  -1.3500000e+01   2.5106000e+02
   5.2625000e-03  -1.6500000e+01   2.4820000e+02
   5.2625000e-03  -1.9500000e+01   2.4455000e+02
   5.2625000e-03  -2.2500000e+01   2.4011000e+02
   5.2625000e-03  -2.5500000e+01   2.3490000e+02
   5.2625000e-03  -2.8500000e+01   2.2891000e+02
   5.4610000e-03  -2.8800000e+01   2.3660000e+02
   5.4610000e-03  -2.5800000e+01   2.4291000e+02
   5.4610000e-03  -2.2800000e+01   2.4842000e+02
   5.4610000e-03  -1.9800000e+01   2.5313000e+02
   5.4610000e-03  -1.6800000e+01   2.5702000e+02
   5.4610000e-03  -1.3800000e+01   2.6009000e+02
   5.4610000e-03  -1.0800000e+01   2.6234000e+02
   5.4610000e-03  -7.8000000e+00   2.6376000e+02
   5.4610000e-03  -4.8000000e+00   2.6436000e+02
   5.4610000e-03  -1.8000000e+00   2.6413000e+02
   5.4610000e-03   1.2000000e+00   2.6308000e+02
   5.4610000e-03   4.2000000e+00   2.6121000e+02
   5.4610000e-03   7.2000000e+00   2.5854000e+02
   5.4610000e-03   1.0200000e+01   2.5506000e+02
   5.4610000e-03   1.3200000e+01   2.5079000e+02
   5.4610000e-03   1.6200000e+01   2.4574000e+02
   5.4610000e-03   1.9200000e+01   2.3992000e+02
   5.4610000e-03   2.2200000e+01   2.3335000e+02
   5.4610000e-03   2.5200000e+01   2.2605000e+02
   5.4610000e-03   2.8200000e+01   2.1803000e+02
   5.6595000e-03   2.9100000e+01   2.2340000e+02
   5.6595000e-03   2.6100000e+01   2.3191000e+02
   5.6595000e-03   2.3100000e+01   2.3968000e+02
   5.6595000e-03   2.0100000e+01   2.4670000e+02
   5.6595000e-03   1.7100000e+01   2.5294000e+02
   5.6595000e-03   1.4100000e+01   2.5839000e+02
   5.6595000e-03   1.1100000e+01   2.6304000e+02
   5.6595000e-03   8.1000000e+00   2.6687000e+02
   5.6595000e-03   5.1000000e+00   2.6988000e+02
   5.6595000e-03   2.1000000e+00   2.7204000e+02
   5.6595000e-03  -9.0000000e-01   2.7336000e+02
   5.6595000e-03  -3.9000000e+00   2.7383000e+02
   5.6595000e-03  -6.9000000e+00   2.7345000e+02
   5.6595000e-03  -9.9000000e+00   2.7221000e+02
   5.6595000e-03  -1.2900000e+01   2.7011000e+02
   5.6595000e-03  -1.5900000e+01   2.6717000e+02
   5.6595000e-03  -1.8900000e+01   2.6337000e+02
   5.6595000e-03  -2.1900000e+01   2.5872000e+02
   5.6595000e-03  -2.4900000e+01   2.5324000e+02
   5.6595000e-03  -2.7900000e+01   2.4693000e+02
   5.8580000e-03  -2.9400000e+01   2.5163000e+02
   5.8580000e-03  -2.6400000e+01   2.5860000e+02
   5.8580000e-03  -2.3400000e+01   2.6473000e+02
   5.8580000e-03  -2.0400000e+01   2.6999000e+02
   5.8580000e-03  -1.7400000e+01   2.7438000e+02
   5.8580000e-03  -1.4400000e+01   2.7790000e+02
   5.8580000e-03  -1.1400000e+01   2.8053000e+02
   5.8580000e-03  -8.4000000e+00   2.8228000e+02
   5.8580000e-03  -5.4000000e+00   2.8314000e+02
   5.8580000e-03  -2.4000000e+00   2.8312000e+02
   5.8580000e-03   6.0000000e-01   2.8221000e+02
   5.8580000e-03   3.6000000e+00   2.8043000e+02
   5.8580000e-03   6.6000000e+00   2.7778000e+02
   5.8580000e-03   9.6000000e+00   2.7426000e+02
   5.8580000e-03   1.2600000e+01   2.6990000e+02
   5.8580000e-03   1.5600000e+01   2.6469000e+02
   5.8580000e-03   1.8600000e+01   2.5866000e+02
   5.8580000e-03   2.1600000e+01   2.5181000e+02
   5.8580000e-03   2.4600000e+01   2.4418000e+02
   5.8580000e-03   2.7600000e+01   2.3577000e+02
   6.0565000e-03   2.9700000e+01   2.3723000e+02
   6.0565000e-03   2.6700000e+01   2.4645000e+02
   6.0565000e-03   2.3700000e+01   2.5489000e+02
   6.0565000e-03   2.0700000e+01   2.6251000e+02
   6.0565000e-03   1.7700000e+01   2.6932000e+02
   6.0565000e-03   1.4700000e+01   2.7527000e+02
   6.0565000e-03   1.1700000e+01   2.8037000e+02
   6.0565000e-03   8.7000000e+00   2.8460000e+02
   6.0565000e-03   5.7000000e+00   2.8794000e+02
   6.0565000e-03   2.7000000e+00   2.9039000e+02
   6.0565000e-03  -3.0000000e-01   2.9194000e+02
   6.0565000e-03  -3.3000000e+00   2.9258000e+02
   6.0565000e-03  -6.3000000e+00   2.9231000e+02
   6.0565000e-03  -9.3000000e+00   2.9112000e+02
   6.0565000e-03  -1.2300000e+01   2.8901000e+02
   6.0565000e-03  -1.5300000e+01   2.8599000e+02
   6.0565000e-03  -1.8300000e+01   2.8206000e+02
   6.0565000e-03  -2.1300000e+01   2.7723000e+02
   6.0565000e-03  -2.4300000e+01   2.7150000e+02
   6.0565000e-03  -2.7300000e+01   2.6488000e+02
   6.2550000e-03  -3.0000000e+01   2.6616000e+02
   6.2550000e-03  -2.7000000e+01   2.7383000e+02
   6.2550000e-03  -2.4000000e+01   2.8060000e+02
   6.2550000e-03  -2.1000000e+01   2.8645000e+02
   6.2550000e-03  -1.8000000e+01   2.9137000e+02
   6.2550000e-03  -1.5000000e+01   2.9536000e+02
   6.2550000e-03  -1.2000000e+01   2.9840000e+02
   6.2550000e-03  -9.0000000e+00   3.0050000e+02
   6.2550000e-03  -6.0000000e+00   3.0166000e+02
   6.2550000e-03  -3.0000000e+00   3.0187000e+02
   6.2550000e-03  -1.3323000e-15   3.0115000e+02
   6.2550000e-03   3.0000000e+00   2.9948000e+02
   6.2550000e-03   6.0000000e+00   2.9688000e+02
   6.2550000e-03   9.0000000e+00   2.9336000e+02
   6.2550000e-03   1.2000000e+01   2.8893000e+02
   6.2550000e-03   1.5000000e+01   2.8360000e+02
   6.2550000e-03   1.8000000e+01   2.7738000e+02
   6.2550000e-03   2.1000000e+01   2.7030000e+02
   6.2550000e-03   2.4000000e+01   2.6236000e+02
   6.2550000e-03   2.7000000e+01   2.5359000e+02
   6.2550000e-03   3.0000000e+01   2.4402000e+02
   6.4535000e-03   2.7300000e+01   2.6065000e+02
   6.4535000e-03   2.4300000e+01   2.6975000e+02
   6.4535000e-03   2.1300000e+01   2.7800000e+02
   6.4535000e-03   1.8300000e+01   2.8537000e+02
   6.4535000e-03   1.5300000e+01   2.9185000e+02
   6.4535000e-03   1.2300000e+01   2.9741000e+02
   6.4535000e-03   9.3000000e+00   3.0205000e+02
   6.4535000e-03   6.3000000e+00   3.0575000e+02
   6.4535000e-03   3.3000000e+00   3.0850000e+02
   6.4535000e-03   3.0000000e-01   3.1029000e+02
   6.4535000e-03  -2.7000000e+00   3.1111000e+02
   6.4535000e-03  -5.7000000e+00   3.1097000e+02
   6.4535000e-03  -8.7000000e+00   3.0985000e+02
   6.4535000e-03  -1.1700000e+01   3.0775000e+02
   6.4535000e-03  -1.4700000e+01   3.0468000e+02
   6.4535000e-03  -1.7700000e+01   3.0064000e+02
   6.4535000e-03  -2.0700000e+01   2.9563000e+02
   6.4535000e-03  -2.3700000e+01   2.8967000e+02
   6.4535000e-03  -2.6700000e+01   2.8276000e+02
   6.4535000e-03  -2.9700000e+01   2.7492000e+02
   6.6520000e-03  -2.7600000e+01   2.8859000e+02
   6.6520000e-03  -2.4600000e+01   2.9602000e+02
   6.6520000e-03  -2.1600000e+01   3.0249000e+02
   6.6520000e-03  -1.8600000e+01   3.0796000e+02
   6.6520000e-03  -1.5600000e+01   3.1245000e+02
   6.6520000e-03  -1.2600000e+01   3.1594000e+02
   6.6520000e-03  -9.6000000e+00   3.1843000e+02
   6.6520000e-03  -6.6000000e+00   3.1991000e+02
   6.6520000e-03  -3.6000000e+00   3.2039000e+02
   6.6520000e-03  -6.0000000e-01   3.1987000e+02
   6.6520000e-03   2.4000000e+00   3.1835000e+02
   6.6520000e-03   5.4000000e+00   3.1583000e+02
   6.6520000e-03   8.4000000e+00   3.1234000e+02
   6.6520000e-03   1.1400000e+01   3.0788000e+02
   6.6520000e-03   1.4400000e+01   3.0245000e+02
   6.6520000e-03   1.7400000e+01   2.9608000e+02
   6.6520000e-03   2.0400000e+01   2.8879000e+02
   6.6520000e-03   2.3400000e+01   2.8058000e+02
   6.6520000e-03   2.6400000e+01   2.7149000e+02
   6.6520000e-03   2.9400000e+01   2.6153000e+02
   6.8505000e-03   2.7900000e+01   2.7449000e+02
   6.8505000e-03   2.4900000e+01   2.8427000e+02
   6.8505000e-03   2.1900000e+01   2.9315000e+02
   6.8505000e-03   1.8900000e+01   3.0110000e+02
   6.8505000e-03   1.5900000e+01   3.0811000e+02
   6.8505000e-03   1.2900000e+01   3.1416000e+02
   6.8505000e-03   9.9000000e+00   3.1922000e+02
   6.8505000e-03   6.9000000e+00   3.2329000e+02
   6.8505000e-03   3.9000000e+00   3.2636000e+02
   6.8505000e-03   9.0000000e-01   3.2841000e+02
   6.8505000e-03  -2.1000000e+00   3.2943000e+02
   6.8505000e-03  -5.1000000e+00   3.2943000e+02
   6.8505000e-03  -8.1000000e+00   3.2839000e+02
   6.8505000e-03  -1.1100000e+01   3.2632000e+02
   6.8505000e-03  -1.4100000e+01   3.2322000e+02
   6.8505000e-03  -1.7100000e+01   3.1909000e+02
   6.8505000e-03  -2.0100000e+01   3.1393000e+02
   6.8505000e-03  -2.3100000e+01   3.0775000e+02
   6.8505000e-03  -2.6100000e+01   3.0057000e+02
   6.8505000e-03  -2.9100000e+01   2.9240000e+02
   7.0490000e-03  -2.8200000e+01   3.0286000e+02
   7.0490000e-03  -2.5200000e+01   3.1099000e+02
   7.0490000e-03  -2.2200000e+01   3.1809000e+02
   7.0490000e-03  -1.9200000e+01   3.2416000e+02
   7.0490000e-03  -1.6200000e+01   3.2918000e+02
   7.0490000e-03  -1.3200000e+01   3.3314000e+02
   7.0490000e-03  -1.0200000e+01   3.3604000e+02
   7.0490000e-03  -7.2000000e+00   3.3788000e+02
   7.0490000e-03  -4.2000000e+00   3.3865000e+02
   7.0490000e-03  -1.2000000e+00   3.3836000e+02
   7.0490000e-03   1.8000000e+00   3.3702000e+02
   7.0490000e-03   4.8000000e+00   3.3463000e+02
   7.0490000e-03   7.8000000e+00   3.3119000e+02
   7.0490000e-03   1.0800000e+01   3.2672000e+02
   7.0490000e-03   1.3800000e+01   3.2124000e+02
   7.0490000e-03   1.6800000e+01   3.1475000e+02
   7.0490000e-03   1.9800000e+01   3.0727000e+02
   7.0490000e-03   2.2800000e+01   2.9883000e+02
   7.0490000e-03   2.5800000e+01   2.8945000e+02
   7.0490000e-03   2.8800000e+01   2.7914000e+02
   7.2475000e-03   2.8500000e+01   2.8797000e+02
   7.2475000e-03   2.5500000e+01   2.9844000e+02
   7.2475000e-03   2.2500000e+01   3.0796000e+02
   7.2475000e-03   1.9500000e+01   3.1651000e+02
   7.2475000e-03   1.6500000e+01   3.2406000e+02
   7.2475000e-03   1.3500000e+01   3.3060000e+02
   7.2475000e-03   1.0500000e+01   3.3610000e+02
   7.2475000e-03   7.5000000e+00   3.4056000e+02
   7.2475000e-03   4.5000000e+00   3.4396000e+02
   7.2475000e-03   1.5000000e+00   3.4628000e+02
   7.2475000e-03  -1.5000000e+00   3.4752000e+02
   7.2475000e-03  -4.5000000e+00   3.4768000e+02
   7.2475000e-03  -7.5000000e+00   3.4675000e+02
   7.2475000e-03  -1.0500000e+01   3.4472000e+02
   7.2475000e-03  -1.3500000e+01   3.4160000e+02
   7.2475000e-03  -1.6500000e+01   3.3739000e+02
   7.2475000e-03  -1.9500000e+01   3.3210000e+02
   7.2475000e-03  -2.2500000e+01   3.2573000e+02
   7.2475000e-03  -2.5500000e+01   3.1830000e+02
   7.2475000e-03  -2.8500000e+01   3.0981000e+02
   7.4460000e-03  -2.8800000e+01   3.1664000e+02
   7.4460000e-03  -2.5800000e+01   3.2549000e+02
   7.4460000e-03  -2.2800000e+01   3.3326000e+02
   7.4460000e-03  -1.9800000e+01   3.3994000e+02
   7.4460000e-03  -1.6800000e+01   3.4551000e+02
   7.4460000e-03  -1.3800000e+01   3.4998000e+02
   7.4460000e-03  -1.0800000e+01   3.5332000e+02
   7.4460000e-03  -7.8000000e+00   3.5554000e+02
   7.4460000e-03  -4.8000000e+00   3.5664000e+02
   7.4460000e-03  -1.8000000e+00   3.5662000e+02
   7.4460000e-03   1.2000000e+00   3.5549000e+02
   7.4460000e-03   4.2000000e+00   3.5324000e+02
   7.4460000e-03   7.2000000e+00   3.4989000e+02
   7.4460000e-03   1.0200000e+01   3.4545000e+02
   7.4460000e-03   1.3200000e+01   3.3994000e+02
   7.4460000e-03   1.6200000e+01   3.3336000e+02
   7.4460000e-03   1.9200000e+01   3.2574000e+02
   7.4460000e-03   2.2200000e+01   3.1710000e+02
   7.4460000e-03   2.5200000e+01   3.0745000e+02
   7.4460000e-03   2.8200000e+01   2.9683000e+02
   7.6445000e-03   2.9100000e+01   3.0111000e+02
   7.6445000e-03   2.6100000e+01   3.1227000e+02
   7.6445000e-03   2.3100000e+01   3.2244000e+02
   7.6445000e-03   2.0100000e+01   3.3159000e+02
   7.6445000e-03   1.7100000e+01   3.3970000e+02
   7.6445000e-03   1.4100000e+01   3.4674000e+02
   7.6445000e-03   1.1100000e+01   3.5270000e+02
   7.6445000e-03   8.1000000e+00   3.5755000e+02
   7.6445000e-03   5.1000000e+00   3.6130000e+02
   7.6445000e-03   2.1000000e+00   3.6391000e+02
   7.6445000e-03  -9.0000000e-01   3.6539000e+02
   7.6445000e-03  -3.9000000e+00   3.6572000e+02
   7.6445000e-03  -6.9000000e+00   3.6491000e+02
   7.6445000e-03  -9.9000000e+00   3.6294000e+02
   7.6445000e-03  -1.2900000e+01   3.5983000e+02
   7.6445000e-03  -1.5900000e+01   3.5556000e+02
   7.6445000e-03  -1.8900000e+01   3.5015000e+02
   7.6445000e-03  -2.1900000e+01   3.4361000e+02
   7.6445000e-03  -2.4900000e+01   3.3594000e+02
   7.6445000e-03  -2.7900000e+01   3.2715000e+02
   7.8430000e-03  -2.9400000e+01   3.2978000e+02
   7.8430000e-03  -2.6400000e+01   3.3950000e+02
   7.8430000e-03  -2.3400000e+01   3.4797000e+02
   7.8430000e-03  -2.0400000e+01   3.5529000e+02
   7.8430000e-03  -1.7400000e+01   3.6145000e+02
   7.8430000e-03  -1.4400000e+01   3.6645000e+02
   7.8430000e-03  -1.1400000e+01   3.7026000e+02
   7.8430000e-03  -8.4000000e+00   3.7290000e+02
   7.8430000e-03  -5.4000000e+00   3.7436000e+02
   7.8430000e-03  -2.4000000e+00   3.7463000e+02
   7.8430000e-03   6.0000000e-01   3.7373000e+02
   7.8430000e-03   3.6000000e+00   3.7167000e+02
   7.8430000e-03   6.6000000e+00   3.6844000e+02
   7.8430000e-03   9.6000000e+00   3.6406000e+02
   7.8430000e-03   1.2600000e+01   3.5854000e+02
   7.8430000e-03   1.5600000e+01   3.5191000e+02
   7.8430000e-03   1.8600000e+01   3.4417000e+02
   7.8430000e-03   2.1600000e+01   3.3536000e+02
   7.8430000e-03   2.4600000e+01   3.2548000e+02
   7.8430000e-03   2.7600000e+01   3.1457000e+02
   8.0415000e-03   2.9700000e+01   3.1389000e+02
   8.0415000e-03   2.6700000e+01   3.2575000e+02
   8.0415000e-03   2.3700000e+01   3.3658000e+02
   8.0415000e-03   2.0700000e+01   3.4635000e+02
   8.0415000e-03   1.7700000e+01   3.5502000e+02
   8.0415000e-03   1.4700000e+01   3.6258000e+02
   8.0415000e-03   1.1700000e+01   3.6900000e+02
   8.0415000e-03   8.7000000e+00   3.7427000e+02
   8.0415000e-03   5.7000000e+00   3.7837000e+02
   8.0415000e-03   2.7000000e+00   3.8129000e+02
   8.0415000e-03  -3.0000000e-01   3.8302000e+02
   8.0415000e-03  -3.3000000e+00   3.8355000e+02
   8.0415000e-03  -6.3000000e+00   3.8287000e+02
   8.0415000e-03  -9.3000000e+00   3.8098000e+02
   8.0415000e-03  -1.2300000e+01   3.7788000e+02
   8.0415000e-03  -1.5300000e+01   3.7358000e+02
   8.0415000e-03  -1.8300000e+01   3.6807000e+02
   8.0415000e-03  -2.1300000e+01   3.6137000e+02
   8.0415000e-03  -2.4300000e+01   3.5348000e+02
   8.0415000e-03  -2.7300000e+01   3.4430000e+02
   8.2400000e-03  -3.0000000e+01   3.4207000e+02
   8.2400000e-03  -2.7000000e+01   3.5272000e+02
   8.2400000e-03  -2.4000000e+01   3.6222000e+02
   8.2400000e-03  -2.1000000e+01   3.7021000e+02
   8.2400000e-03  -1.8000000e+01   3.7698000e+02
   8.2400000e-03  -1.5000000e+01   3.8253000e+02
   8.2400000e-03  -1.2000000e+01   3.8685000e+02
   8.2400000e-03  -9.0000000e+00   3.8993000e+02
   8.2400000e-03  -6.0000000e+00   3.9177000e+02
   8.2400000e-03  -3.0000000e+00   3.9237000e+02
   8.2400000e-03  -1.3323000e-15   3.9174000e+02
   8.2400000e-03   3.0000000e+00   3.8988000e+02
   8.2400000e-03   6.0000000e+00   3.8681000e+02
   8.2400000e-03   9.0000000e+00   3.8252000e+02
   8.2400000e-03   1.2000000e+01   3.7704000e+02
   8.2400000e-03   1.5000000e+01   3.7038000e+02
   8.2400000e-03   1.8000000e+01   3.6256000e+02
   8.2400000e-03   2.1000000e+01   3.5360000e+02
   8.2400000e-03   2.4000000e+01   3.4352000e+02
   8.2400000e-03   2.7000000e+01   3.3236000e+02
   8.2400000e-03   3.0000000e+01   3.2014000e+02
   8.4385000e-03   2.7300000e+01   3.3888000e+02
   8.4385000e-03   2.4300000e+01   3.5038000e+02
   8.4385000e-03   2.1300000e+01   3.6076000e+02
   8.4385000e-03   1.8300000e+01   3.7001000e+02
   8.4385000e-03   1.5300000e+01   3.7810000e+02
   8.4385000e-03   1.2300000e+01   3.8500000e+02
   8.4385000e-03   9.3000000e+00   3.9070000e+02
   8.4385000e-03   6.3000000e+00   3.9517000e+02
   8.4385000e-03   3.3000000e+00   3.9841000e+02
   8.4385000e-03   3.0000000e-01   4.0041000e+02
   8.4385000e-03  -2.7000000e+00   4.0115000e+02
   8.4385000e-03  -5.7000000e+00   4.0062000e+02
   8.4385000e-03  -8.7000000e+00   3.9883000e+02
   8.4385000e-03  -1.1700000e+01   3.9577000e+02
   8.4385000e-03  -1.4700000e+01   3.9144000e+02
   8.4385000e-03  -1.7700000e+01   3.8585000e+02
   8.4385000e-03  -2.0700000e+01   3.7901000e+02
   8.4385000e-03  -2.3700000e+01   3.7075000e+02
   8.4385000e-03  -2.6700000e+01   3.6111000e+02
   8.4385000e-03  -2.9700000e+01   3.5030000e+02
   8.6370000e-03  -2.7600000e+01   3.6521000e+02
   8.6370000e-03  -2.4600000e+01   3.7547000e+02
   8.6370000e-03  -2.1600000e+01   3.8452000e+02
   8.6370000e-03  -1.8600000e+01   3.9208000e+02
   8.6370000e-03  -1.5600000e+01   3.9822000e+02
   8.6370000e-03  -1.2600000e+01   4.0307000e+02
   8.6370000e-03  -9.6000000e+00   4.0662000e+02
   8.6370000e-03  -6.6000000e+00   4.0888000e+02
   8.6370000e-03  -3.6000000e+00   4.0984000e+02
   8.6370000e-03  -6.0000000e-01   4.0950000e+02
   8.6370000e-03   2.4000000e+00   4.0788000e+02
   8.6370000e-03   5.4000000e+00   4.0498000e+02
   8.6370000e-03   8.4000000e+00   4.0082000e+02
   8.6370000e-03   1.1400000e+01   3.9540000e+02
   8.6370000e-03   1.4400000e+01   3.8874000e+02
   8.6370000e-03   1.7400000e+01   3.8087000e+02
   8.6370000e-03   2.0400000e+01   3.7180000e+02
   8.6370000e-03   2.3400000e+01   3.6156000e+02
   8.6370000e-03   2.6400000e+01   3.5018000e+02
   8.6370000e-03   2.9400000e+01   3.3768000e+02
   8.8355000e-03   2.7900000e+01   3.5165000e+02
   8.8355000e-03   2.4900000e+01   3.6382000e+02
   8.8355000e-03   2.1900000e+01   3.7484000e+02
   8.8355000e-03   1.8900000e+01   3.8467000e+02
   8.8355000e-03   1.5900000e+01   3.9330000e+02
   8.8355000e-03   1.2900000e+01   4.0069000e+02
   8.8355000e-03   9.9000000e+00   4.0683000e+02
   8.8355000e-03   6.9000000e+00   4.1170000e+02
   8.8355000e-03   3.9000000e+00   4.1527000e+02
   8.8355000e-03   9.0000000e-01   4.1755000e+02
   8.8355000e-03  -2.1000000e+00   4.1851000e+02
   8.8355000e-03  -5.1000000e+00   4.1816000e+02
   8.8355000e-03  -8.1000000e+00   4.1648000e+02
   8.8355000e-03  -1.1100000e+01   4.1347000e+02
   8.8355000e-03  -1.4100000e+01   4.0914000e+02
   8.8355000e-03  -1.7100000e+01   4.0349000e+02
   8.8355000e-03  -2.0100000e+01   3.9633000e+02
   8.8355000e-03  -2.3100000e+01   3.8767000e+02
   8.8355000e-03  -2.6100000e+01   3.7777000e+02
   8.8355000e-03  -2.9100000e+01   3.6666000e+02
   9.0340000e-03  -2.8200000e+01   3.7714000e+02
   9.0340000e-03  -2.5200000e+01   3.8815000e+02
   9.0340000e-03  -2.2200000e+01   3.9791000e+02
   9.0340000e-03  -1.9200000e+01   4.0641000e+02
   9.0340000e-03  -1.6200000e+01   4.1349000e+02
   9.0340000e-03  -1.3200000e+01   4.1890000e+02
   9.0340000e-03  -1.0200000e+01   4.2296000e+02
   9.0340000e-03  -7.2000000e+00   4.2566000e+02
   9.0340000e-03  -4.2000000e+00   4.2700000e+02
   9.0340000e-03  -1.2000000e+00   4.2700000e+02
   9.0340000e-03   1.8000000e+00   4.2565000e+02
   9.0340000e-03   4.8000000e+00   4.2296000e+02
   9.0340000e-03   7.8000000e+00   4.1894000e+02
   9.0340000e-03   1.0800000e+01   4.1362000e+02
   9.0340000e-03   1.3800000e+01   4.0699000e+02
   9.0340000e-03   1.6800000e+01   3.9910000e+02
   9.0340000e-03   1.9800000e+01   3.8995000e+02
   9.0340000e-03   2.2800000e+01   3.7957000e+02
   9.0340000e-03   2.5800000e+01   3.6800000e+02
   9.0340000e-03   2.8800000e+01   3.5525000e+02
   9.2325000e-03   2.8500000e+01   3.6404000e+02
   9.2325000e-03   2.5500000e+01   3.7690000e+02
   9.2325000e-03   2.2500000e+01   3.8856000e+02
   9.2325000e-03   1.9500000e+01   3.9900000e+02
   9.2325000e-03   1.6500000e+01   4.0817000e+02
   9.2325000e-03   1.3500000e+01   4.1607000e+02
   9.2325000e-03   1.0500000e+01   4.2266000e+02
   9.2325000e-03   7.5000000e+00   4.2793000e+02
   9.2325000e-03   4.5000000e+00   4.3186000e+02
   9.2325000e-03   1.5000000e+00   4.3443000e+02
   9.2325000e-03  -1.5000000e+00   4.3564000e+02
   9.2325000e-03  -4.5000000e+00   4.3547000e+02
   9.2325000e-03  -7.5000000e+00   4.3392000e+02
   9.2325000e-03  -1.0500000e+01   4.3099000e+02
   9.2325000e-03  -1.3500000e+01   4.2667000e+02
   9.2325000e-03  -1.6500000e+01   4.2078000e+02
   9.2325000e-03  -1.9500000e+01   4.1325000e+02
   9.2325000e-03  -2.2500000e+01   4.0441000e+02
   9.2325000e-03  -2.5500000e+01   3.9429000e+02
   9.2325000e-03  -2.8500000e+01   3.8289000e+02
   9.4310000e-03  -2.8800000e+01   3.8849000e+02
   9.4310000e-03  -2.5800000e+01   4.0028000e+02
   9.4310000e-03  -2.2800000e+01   4.1077000e+02
   9.4310000e-03  -1.9800000e+01   4.1995000e+02
   9.4310000e-03  -1.6800000e+01   4.2781000e+02
   9.4310000e-03  -1.3800000e+01   4.3433000e+02
   9.4310000e-03  -1.0800000e+01   4.3892000e+02
   9.4310000e-03  -7.8000000e+00   4.4210000e+02
   9.4310000e-03  -4.8000000e+00   4.4386000e+02
   9.4310000e-03  -1.8000000e+00   4.4421000e+02
   9.4310000e-03   1.2000000e+00   4.4316000e+02
   9.4310000e-03   4.2000000e+00   4.4071000e+02
   9.4310000e-03   7.2000000e+00   4.3688000e+02
   9.4310000e-03   1.0200000e+01   4.3167000e+02
   9.4310000e-03   1.3200000e+01   4.2511000e+02
   9.4310000e-03   1.6200000e+01   4.1722000e+02
   9.4310000e-03   1.9200000e+01   4.0802000e+02
   9.4310000e-03   2.2200000e+01   3.9754000e+02
   9.4310000e-03   2.5200000e+01   3.8580000e+02
   9.4310000e-03   2.8200000e+01   3.7284000e+02
   9.6295000e-03   2.9100000e+01   3.7607000e+02
   9.6295000e-03   2.6100000e+01   3.8962000e+02
   9.6295000e-03   2.3100000e+01   4.0193000e+02
   9.6295000e-03   2.0100000e+01   4.1297000e+02
   9.6295000e-03   1.7100000e+01   4.2272000e+02
   9.6295000e-03   1.4100000e+01   4.3113000e+02
   9.6295000e-03   1.1100000e+01   4.3819000e+02
   9.6295000e-03   8.1000000e+00   4.4388000e+02
   9.6295000e-03   5.1000000e+00   4.4817000e+02
   9.6295000e-03   2.1000000e+00   4.5106000e+02
   9.6295000e-03  -9.0000000e-01   4.5252000e+02
   9.6295000e-03  -3.9000000e+00   4.5255000e+02
   9.6295000e-03  -6.9000000e+00   4.5115000e+02
   9.6295000e-03  -9.9000000e+00   4.4831000e+02
   9.6295000e-03  -1.2900000e+01   4.4388000e+02
   9.6295000e-03  -1.5900000e+01   4.3761000e+02
   9.6295000e-03  -1.8900000e+01   4.2997000e+02
   9.6295000e-03  -2.1900000e+01   4.2097000e+02
   9.6295000e-03  -2.4900000e+01   4.1064000e+02
   9.6295000e-03  -2.7900000e+01   3.9898000e+02
   9.8280000e-03  -2.9400000e+01   3.9925000e+02
   9.8280000e-03  -2.6400000e+01   4.1184000e+02
   9.8280000e-03  -2.3400000e+01   4.2309000e+02
   9.8280000e-03  -2.0400000e+01   4.3298000e+02
   9.8280000e-03  -1.7400000e+01   4.4149000e+02
   9.8280000e-03  -1.4400000e+01   4.4862000e+02
   9.8280000e-03  -1.1400000e+01   4.5435000e+02
   9.8280000e-03  -8.4000000e+00   4.5818000e+02
   9.8280000e-03  -5.4000000e+00   4.6039000e+02
   9.8280000e-03  -2.4000000e+00   4.6113000e+02
   9.8280000e-03   6.0000000e-01   4.6040000e+02
   9.8280000e-03   3.6000000e+00   4.5822000e+02
   9.8280000e-03   6.6000000e+00   4.5460000e+02
   9.8280000e-03   9.6000000e+00   4.4955000e+02
   9.8280000e-03   1.2600000e+01   4.4309000e+02
   9.8280000e-03   1.5600000e+01   4.3523000e+02
   9.8280000e-03   1.8600000e+01   4.2601000e+02
   9.8280000e-03   2.1600000e+01   4.1545000e+02
   9.8280000e-03   2.4600000e+01   4.0357000e+02
   9.8280000e-03   2.7600000e+01   3.9042000e+02
   1.0026000e-02   2.9700000e+01   3.8770000e+02
   1.0026000e-02   2.6700000e+01   4.0196000e+02
   1.0026000e-02   2.3700000e+01   4.1494000e+02
   1.0026000e-02   2.0700000e+01   4.2660000e+02
   1.0026000e-02   1.7700000e+01   4.3692000e+02
   1.0026000e-02   1.4700000e+01   4.4586000e+02
   1.0026000e-02   1.1700000e+01   4.5340000e+02
   1.0026000e-02   8.7000000e+00   4.5952000e+02
   1.0026000e-02   5.7000000e+00   4.6420000e+02
   1.0026000e-02   2.7000000e+00   4.6741000e+02
   1.0026000e-02  -3.0000000e-01   4.6915000e+02
   1.0026000e-02  -3.3000000e+00   4.6940000e+02
   1.0026000e-02  -6.3000000e+00   4.6816000e+02
   1.0026000e-02  -9.3000000e+00   4.6538000e+02
   1.0026000e-02  -1.2300000e+01   4.6050000e+02
   1.0026000e-02  -1.5300000e+01   4.5420000e+02
   1.0026000e-02  -1.8300000e+01   4.4648000e+02
   1.0026000e-02  -2.1300000e+01   4.3735000e+02
   1.0026000e-02  -2.4300000e+01   4.2682000e+02
   1.0026000e-02  -2.7300000e+01   4.1492000e+02
   1.0225000e-02  -3.0000000e+01   4.0942000e+02
   1.0225000e-02  -2.7000000e+01   4.2283000e+02
   1.0225000e-02  -2.4000000e+01   4.3485000e+02
   1.0225000e-02  -2.1000000e+01   4.4546000e+02
   1.0225000e-02  -1.8000000e+01   4.5465000e+02
   1.0225000e-02  -1.5000000e+01   4.6241000e+02
   1.0225000e-02  -1.2000000e+01   4.6872000e+02
   1.0225000e-02  -9.0000000e+00   4.7358000e+02
   1.0225000e-02  -6.0000000e+00   4.7658000e+02
   1.0225000e-02  -3.0000000e+00   4.7773000e+02
   1.0225000e-02  -1.3323000e-15   4.7736000e+02
   1.0225000e-02   3.0000000e+00   4.7548000e+02
   1.0225000e-02   6.0000000e+00   4.7210000e+02
   1.0225000e-02   9.0000000e+00   4.6723000e+02
   1.0225000e-02   1.2000000e+01   4.6089000e+02
   1.0225000e-02   1.5000000e+01   4.5310000e+02
   1.0225000e-02   1.8000000e+01   4.4389000e+02
   1.0225000e-02   2.1000000e+01   4.3328000e+02
   1.0225000e-02   2.4000000e+01   4.2130000e+02
   1.0225000e-02   2.7000000e+01   4.0798000e+02
   1.0225000e-02   3.0000000e+01   3.9337000e+02
   1.0423000e-02   2.7300000e+01   4.1391000e+02
   1.0423000e-02   2.4300000e+01   4.2757000e+02
   1.0423000e-02   2.1300000e+01   4.3986000e+02
   1.0423000e-02   1.8300000e+01   4.5077000e+02
   1.0423000e-02   1.5300000e+01   4.6026000e+02
   1.0423000e-02   1.2300000e+01   4.6829000e+02
   1.0423000e-02   9.3000000e+00   4.7486000e+02
   1.0423000e-02   6.3000000e+00   4.7993000e+02
   1.0423000e-02   3.3000000e+00   4.8348000e+02
   1.0423000e-02   3.0000000e-01   4.8551000e+02
   1.0423000e-02  -2.7000000e+00   4.8600000e+02
   1.0423000e-02  -5.7000000e+00   4.8494000e+02
   1.0423000e-02  -8.7000000e+00   4.8171000e+02
   1.0423000e-02  -1.1700000e+01   4.7687000e+02
   1.0423000e-02  -1.4700000e+01   4.7056000e+02
   1.0423000e-02  -1.7700000e+01   4.6277000e+02
   1.0423000e-02  -2.0700000e+01   4.5353000e+02
   1.0423000e-02  -2.3700000e+01   4.4283000e+02
   1.0423000e-02  -2.6700000e+01   4.3070000e+02
   1.0423000e-02  -2.9700000e+01   4.1715000e+02
   1.0622000e-02  -2.7600000e+01   4.3322000e+02
   1.0622000e-02  -2.4600000e+01   4.4604000e+02
   1.0622000e-02  -2.1600000e+01   4.5740000e+02
   1.0622000e-02  -1.8600000e+01   4.6730000e+02
   1.0622000e-02  -1.5600000e+01   4.7570000e+02
   1.0622000e-02  -1.2600000e+01   4.8262000e+02
   1.0622000e-02  -9.6000000e+00   4.8803000e+02
   1.0622000e-02  -6.6000000e+00   4.9192000e+02
   1.0622000e-02  -3.6000000e+00   4.9401000e+02
   1.0622000e-02  -6.0000000e-01   4.9403000e+02
   1.0622000e-02   2.4000000e+00   4.9247000e+02
   1.0622000e-02   5.4000000e+00   4.8936000e+02
   1.0622000e-02   8.4000000e+00   4.8470000e+02
   1.0622000e-02   1.1400000e+01   4.7851000e+02
   1.0622000e-02   1.4400000e+01   4.7082000e+02
   1.0622000e-02   1.7400000e+01   4.6164000e+02
   1.0622000e-02   2.0400000e+01   4.5101000e+02
   1.0622000e-02   2.3400000e+01   4.3895000e+02
   1.0622000e-02   2.6400000e+01   4.2550000e+02
   1.0622000e-02   2.9400000e+01   4.1070000e+02
   1.0820000e-02   2.7900000e+01   4.2547000e+02
   1.0820000e-02   2.4900000e+01   4.3981000e+02
   1.0820000e-02   2.1900000e+01   4.5275000e+02
   1.0820000e-02   1.8900000e+01   4.6426000e+02
   1.0820000e-02   1.5900000e+01   4.7430000e+02
   1.0820000e-02   1.2900000e+01   4.8285000e+02
   1.0820000e-02   9.9000000e+00   4.8988000e+02
   1.0820000e-02   6.9000000e+00   4.9536000e+02
   1.0820000e-02   3.9000000e+00   4.9927000e+02
   1.0820000e-02   9.0000000e-01   5.0161000e+02
   1.0820000e-02  -2.1000000e+00   5.0235000e+02
   1.0820000e-02  -5.1000000e+00   5.0099000e+02
   1.0820000e-02  -8.1000000e+00   4.9776000e+02
   1.0820000e-02  -1.1100000e+01   4.9298000e+02
   1.0820000e-02  -1.4100000e+01   4.8668000e+02
   1.0820000e-02  -1.7100000e+01   4.7885000e+02
   1.0820000e-02  -2.0100000e+01   4.6950000e+02
   1.0820000e-02  -2.3100000e+01   4.5865000e+02
   1.0820000e-02  -2.6100000e+01   4.4631000e+02
   1.0820000e-02  -2.9100000e+01   4.3250000e+02
   1.1019000e-02  -2.8200000e+01   4.4303000e+02
   1.1019000e-02  -2.5200000e+01   4.5666000e+02
   1.1019000e-02  -2.2200000e+01   4.6879000e+02
   1.1019000e-02  -1.9200000e+01   4.7941000e+02
   1.1019000e-02  -1.6200000e+01   4.8849000e+02
   1.1019000e-02  -1.3200000e+01   4.9603000e+02
   1.1019000e-02  -1.0200000e+01   5.0201000e+02
   1.1019000e-02  -7.2000000e+00   5.0643000e+02
   1.1019000e-02  -4.2000000e+00   5.0929000e+02
   1.1019000e-02  -1.2000000e+00   5.1038000e+02
   1.1019000e-02   1.8000000e+00   5.0918000e+02
   1.1019000e-02   4.8000000e+00   5.0636000e+02
   1.1019000e-02   7.8000000e+00   5.0194000e+02
   1.1019000e-02   1.0800000e+01   4.9594000e+02
   1.1019000e-02   1.3800000e+01   4.8836000e+02
   1.1019000e-02   1.6800000e+01   4.7925000e+02
   1.1019000e-02   1.9800000e+01   4.6863000e+02
   1.1019000e-02   2.2800000e+01   4.5652000e+02
   1.1019000e-02   2.5800000e+01   4.4296000e+02
   1.1019000e-02   2.8800000e+01   4.2800000e+02
   1.1217000e-02   2.8500000e+01   4.3663000e+02
   1.1217000e-02   2.5500000e+01   4.5166000e+02
   1.1217000e-02   2.2500000e+01   4.6526000e+02
   1.1217000e-02   1.9500000e+01   4.7739000e+02
   1.1217000e-02   1.6500000e+01   4.8800000e+02
   1.1217000e-02   1.3500000e+01   4.9707000e+02
   1.1217000e-02   1.0500000e+01   5.0457000e+02
   1.1217000e-02   7.5000000e+00   5.1047000e+02
   1.1217000e-02   4.5000000e+00   5.1476000e+02
   1.1217000e-02   1.5000000e+00   5.1742000e+02
   1.1217000e-02  -1.5000000e+00   5.1813000e+02
   1.1217000e-02  -4.5000000e+00   5.1662000e+02
   1.1217000e-02  -7.5000000e+00   5.1352000e+02
   1.1217000e-02  -1.0500000e+01   5.0882000e+02
   1.1217000e-02  -1.3500000e+01   5.0254000e+02
   1.1217000e-02  -1.6500000e+01   4.9468000e+02
   1.1217000e-02  -1.9500000e+01   4.8526000e+02
   1.1217000e-02  -2.2500000e+01   4.7427000e+02
   1.1217000e-02  -2.5500000e+01   4.6175000e+02
   1.1217000e-02  -2.8500000e+01   4.4770000e+02
   1.1416000e-02  -2.8800000e+01   4.5222000e+02
   1.1416000e-02  -2.5800000e+01   4.6669000e+02
   1.1416000e-02  -2.2800000e+01   4.7961000e+02
   1.1416000e-02  -1.9800000e+01   4.9097000e+02
   1.1416000e-02  -1.6800000e+01   5.0075000e+02
   1.1416000e-02  -1.3800000e+01   5.0893000e+02
   1.1416000e-02  -1.0800000e+01   5.1552000e+02
   1.1416000e-02  -7.8000000e+00   5.2049000e+02
   1.1416000e-02  -4.8000000e+00   5.2384000e+02
   1.1416000e-02  -1.8000000e+00   5.2557000e+02
   1.1416000e-02   1.2000000e+00   5.2558000e+02
   1.1416000e-02   4.2000000e+00   5.2309000e+02
   1.1416000e-02   7.2000000e+00   5.1894000e+02
   1.1416000e-02   1.0200000e+01   5.1315000e+02
   1.1416000e-02   1.3200000e+01   5.0572000e+02
   1.1416000e-02   1.6200000e+01   4.9670000e+02
   1.1416000e-02   1.9200000e+01   4.8611000e+02
   1.1416000e-02   2.2200000e+01   4.7398000e+02
   1.1416000e-02   2.5200000e+01   4.6034000e+02
   1.1416000e-02   2.8200000e+01   4.4524000e+02
   1.1614000e-02   2.9100000e+01   4.4737000e+02
   1.1614000e-02   2.6100000e+01   4.6311000e+02
   1.1614000e-02   2.3100000e+01   4.7738000e+02
   1.1614000e-02   2.0100000e+01   4.9013000e+02
   1.1614000e-02   1.7100000e+01   5.0133000e+02
   1.1614000e-02   1.4100000e+01   5.1094000e+02
   1.1614000e-02   1.1100000e+01   5.1893000e+02
   1.1614000e-02   8.1000000e+00   5.2527000e+02
   1.1614000e-02   5.1000000e+00   5.2995000e+02
   1.1614000e-02   2.1000000e+00   5.3290000e+02
   1.1614000e-02  -9.0000000e-01   5.3324000e+02
   1.1614000e-02  -3.9000000e+00   5.3193000e+02
   1.1614000e-02  -6.9000000e+00   5.2898000e+02
   1.1614000e-02  -9.9000000e+00   5.2438000e+02
   1.1614000e-02  -1.2900000e+01   5.1815000e+02
   1.1614000e-02  -1.5900000e+01   5.1028000e+02
   1.1614000e-02  -1.8900000e+01   5.0079000e+02
   1.1614000e-02  -2.1900000e+01   4.8970000e+02
   1.1614000e-02  -2.4900000e+01   4.7700000e+02
   1.1614000e-02  -2.7900000e+01   4.6274000e+02
   1.1813000e-02  -2.9400000e+01   4.6080000e+02
   1.1813000e-02  -2.6400000e+01   4.7613000e+02
   1.1813000e-02  -2.3400000e+01   4.8986000e+02
   1.1813000e-02  -2.0400000e+01   5.0198000e+02
   1.1813000e-02  -1.7400000e+01   5.1248000e+02
   1.1813000e-02  -1.4400000e+01   5.2133000e+02
   1.1813000e-02  -1.1400000e+01   5.2853000e+02
   1.1813000e-02  -8.4000000e+00   5.3408000e+02
   1.1813000e-02  -5.4000000e+00   5.3795000e+02
   1.1813000e-02  -2.4000000e+00   5.4015000e+02
   1.1813000e-02   6.0000000e-01   5.4068000e+02
   1.1813000e-02   3.6000000e+00   5.3954000e+02
   1.1813000e-02   6.6000000e+00   5.3568000e+02
   1.1813000e-02   9.6000000e+00   5.3012000e+02
   1.1813000e-02   1.2600000e+01   5.2288000e+02
   1.1813000e-02   1.5600000e+01   5.1398000e+02
   1.1813000e-02   1.8600000e+01   5.0345000e+02
   1.1813000e-02   2.1600000e+01   4.9132000e+02
   1.1813000e-02   2.4600000e+01   4.7763000e+02
   1.1813000e-02   2.7600000e+01   4.6242000e+02
   1.2011000e-02   2.9700000e+01   4.5768000e+02
   1.2011000e-02   2.6700000e+01   4.7415000e+02
   1.2011000e-02   2.3700000e+01   4.8910000e+02
   1.2011000e-02   2.0700000e+01   5.0249000e+02
   1.2011000e-02   1.7700000e+01   5.1428000e+02
   1.2011000e-02   1.4700000e+01   5.2444000e+02
   1.2011000e-02   1.1700000e+01   5.3294000e+02
   1.2011000e-02   8.7000000e+00   5.3974000e+02
   1.2011000e-02   5.7000000e+00   5.4483000e+02
   1.2011000e-02   2.7000000e+00   5.4740000e+02
   1.2011000e-02  -3.0000000e-01   5.4801000e+02
   1.2011000e-02  -3.3000000e+00   5.4693000e+02
   1.2011000e-02  -6.3000000e+00   5.4414000e+02
   1.2011000e-02  -9.3000000e+00   5.3966000e+02
   1.2011000e-02  -1.2300000e+01   5.3349000e+02
   1.2011000e-02  -1.5300000e+01   5.2563000e+02
   1.2011000e-02  -1.8300000e+01   5.1610000e+02
   1.2011000e-02  -2.1300000e+01   5.0491000e+02
   1.2011000e-02  -2.4300000e+01   4.9207000e+02
   1.2011000e-02  -2.7300000e+01   4.7760000e+02
   1.2210000e-02  -3.0000000e+01   4.6866000e+02
   1.2210000e-02  -2.7000000e+01   4.8488000e+02
   1.2210000e-02  -2.4000000e+01   4.9947000e+02
   1.2210000e-02  -2.1000000e+01   5.1241000e+02
   1.2210000e-02  -1.8000000e+01   5.2367000e+02
   1.2210000e-02  -1.5000000e+01   5.3321000e+02
   1.2210000e-02  -1.2000000e+01   5.4105000e+02
   1.2210000e-02  -9.0000000e+00   5.4719000e+02
   1.2210000e-02  -6.0000000e+00   5.5161000e+02
   1.2210000e-02  -3.0000000e+00   5.5430000e+02
   1.2210000e-02  -1.3323000e-15   5.5527000e+02
   1.2210000e-02   3.0000000e+00   5.5452000e+02
   1.2210000e-02   6.0000000e+00   5.5205000e+02
   1.2210000e-02   9.0000000e+00   5.4685000e+02
   1.2210000e-02   1.2000000e+01   5.3981000e+02
   1.2210000e-02   1.5000000e+01   5.3106000e+02
   1.2210000e-02   1.8000000e+01   5.2062000e+02
   1.2210000e-02   2.1000000e+01   5.0852000e+02
   1.2210000e-02   2.4000000e+01   4.9480000e+02
   1.2210000e-02   2.7000000e+01   4.7951000e+02
   1.2210000e-02   3.0000000e+01   4.6267000e+02
   1.2408000e-02   2.7300000e+01   4.8476000e+02
   1.2408000e-02   2.4300000e+01   5.0040000e+02
   1.2408000e-02   2.1300000e+01   5.1445000e+02
   1.2408000e-02   1.8300000e+01   5.2682000e+02
   1.2408000e-02   1.5300000e+01   5.3752000e+02
   1.2408000e-02   1.2300000e+01   5.4650000e+02
   1.2408000e-02   9.3000000e+00   5.5373000e+02
   1.2408000e-02   6.3000000e+00   5.5873000e+02
   1.2408000e-02   3.3000000e+00   5.6134000e+02
   1.2408000e-02   3.0000000e-01   5.6220000e+02
   1.2408000e-02  -2.7000000e+00   5.6131000e+02
   1.2408000e-02  -5.7000000e+00   5.5868000e+02
   1.2408000e-02  -8.7000000e+00   5.5430000e+02
   1.2408000e-02  -1.1700000e+01   5.4818000e+02
   1.2408000e-02  -1.4700000e+01   5.4033000e+02
   1.2408000e-02  -1.7700000e+01   5.3075000e+02
   1.2408000e-02  -2.0700000e+01   5.1947000e+02
   1.2408000e-02  -2.3700000e+01   5.0649000e+02
   1.2408000e-02  -2.6700000e+01   4.9183000e+02
   1.2408000e-02  -2.9700000e+01   4.7551000e+02
   1.2607000e-02  -2.7600000e+01   4.9235000e+02
   1.2607000e-02  -2.4600000e+01   5.0775000e+02
   1.2607000e-02  -2.1600000e+01   5.2146000e+02
   1.2607000e-02  -1.8600000e+01   5.3346000e+02
   1.2607000e-02  -1.5600000e+01   5.4372000e+02
   1.2607000e-02  -1.2600000e+01   5.5224000e+02
   1.2607000e-02  -9.6000000e+00   5.5901000e+02
   1.2607000e-02  -6.6000000e+00   5.6402000e+02
   1.2607000e-02  -3.6000000e+00   5.6726000e+02
   1.2607000e-02  -6.0000000e-01   5.6873000e+02
   1.2607000e-02   2.4000000e+00   5.6843000e+02
   1.2607000e-02   5.4000000e+00   5.6636000e+02
   1.2607000e-02   8.4000000e+00   5.6252000e+02
   1.2607000e-02   1.1400000e+01   5.5593000e+02
   1.2607000e-02   1.4400000e+01   5.4740000e+02
   1.2607000e-02   1.7400000e+01   5.3712000e+02
   1.2607000e-02   2.0400000e+01   5.2513000e+02
   1.2607000e-02   2.3400000e+01   5.1146000e+02
   1.2607000e-02   2.6400000e+01   4.9614000e+02
   1.2607000e-02   2.9400000e+01   4.7923000e+02
   1.2805000e-02   2.7900000e+01   4.9421000e+02
   1.2805000e-02   2.4900000e+01   5.1051000e+02
   1.2805000e-02   2.1900000e+01   5.2516000e+02
   1.2805000e-02   1.8900000e+01   5.3813000e+02
   1.2805000e-02   1.5900000e+01   5.4938000e+02
   1.2805000e-02   1.2900000e+01   5.5887000e+02
   1.2805000e-02   9.9000000e+00   5.6649000e+02
   1.2805000e-02   6.9000000e+00   5.7123000e+02
   1.2805000e-02   3.9000000e+00   5.7418000e+02
   1.2805000e-02   9.0000000e-01   5.7534000e+02
   1.2805000e-02  -2.1000000e+00   5.7471000e+02
   1.2805000e-02  -5.1000000e+00   5.7228000e+02
   1.2805000e-02  -8.1000000e+00   5.6806000e+02
   1.2805000e-02  -1.1100000e+01   5.6206000e+02
   1.2805000e-02  -1.4100000e+01   5.5427000e+02
   1.2805000e-02  -1.7100000e+01   5.4471000e+02
   1.2805000e-02  -2.0100000e+01   5.3340000e+02
   1.2805000e-02  -2.3100000e+01   5.2033000e+02
   1.2805000e-02  -2.6100000e+01   5.0554000e+02
   1.2805000e-02  -2.9100000e+01   4.8904000e+02
   1.3004000e-02  -2.8200000e+01   4.9918000e+02
   1.3004000e-02  -2.5200000e+01   5.1542000e+02
   1.3004000e-02  -2.2200000e+01   5.2992000e+02
   1.3004000e-02  -1.9200000e+01   5.4266000e+02
   1.3004000e-02  -1.6200000e+01   5.5363000e+02
   1.3004000e-02  -1.3200000e+01   5.6282000e+02
   1.3004000e-02  -1.0200000e+01   5.7020000e+02
   1.3004000e-02  -7.2000000e+00   5.7579000e+02
   1.3004000e-02  -4.2000000e+00   5.7955000e+02
   1.3004000e-02  -1.2000000e+00   5.8151000e+02
   1.3004000e-02   1.8000000e+00   5.8164000e+02
   1.3004000e-02   4.8000000e+00   5.7997000e+02
   1.3004000e-02   7.8000000e+00   5.7647000e+02
   1.3004000e-02   1.0800000e+01   5.7117000e+02
   1.3004000e-02   1.3800000e+01   5.6309000e+02
   1.3004000e-02   1.6800000e+01   5.5298000e+02
   1.3004000e-02   1.9800000e+01   5.4111000e+02
   1.3004000e-02   2.2800000e+01   5.2749000e+02
   1.3004000e-02   2.5800000e+01   5.1218000e+02
   1.3004000e-02   2.8800000e+01   4.9522000e+02
   1.3202000e-02   2.8500000e+01   5.0315000e+02
   1.3202000e-02   2.5500000e+01   5.2013000e+02
   1.3202000e-02   2.2500000e+01   5.3543000e+02
   1.3202000e-02   1.9500000e+01   5.4900000e+02
   1.3202000e-02   1.6500000e+01   5.6081000e+02
   1.3202000e-02   1.3500000e+01   5.7083000e+02
   1.3202000e-02   1.0500000e+01   5.7815000e+02
   1.3202000e-02   7.5000000e+00   5.8330000e+02
   1.3202000e-02   4.5000000e+00   5.8661000e+02
   1.3202000e-02   1.5000000e+00   5.8809000e+02
   1.3202000e-02  -1.5000000e+00   5.8772000e+02
   1.3202000e-02  -4.5000000e+00   5.8552000e+02
   1.3202000e-02  -7.5000000e+00   5.8148000e+02
   1.3202000e-02  -1.0500000e+01   5.7560000e+02
   1.3202000e-02  -1.3500000e+01   5.6790000e+02
   1.3202000e-02  -1.6500000e+01   5.5838000e+02
   1.3202000e-02  -1.9500000e+01   5.4705000e+02
   1.3202000e-02  -2.2500000e+01   5.3392000e+02
   1.3202000e-02  -2.5500000e+01   5.1902000e+02
   1.3202000e-02  -2.8500000e+01   5.0235000e+02
   1.3401000e-02  -2.8800000e+01   5.0537000e+02
   1.3401000e-02  -2.5800000e+01   5.2246000e+02
   1.3401000e-02  -2.2800000e+01   5.3777000e+02
   1.3401000e-02  -1.9800000e+01   5.5128000e+02
   1.3401000e-02  -1.6800000e+01   5.6298000e+02
   1.3401000e-02  -1.3800000e+01   5.7284000e+02
   1.3401000e-02  -1.0800000e+01   5.8087000e+02
   1.3401000e-02  -7.8000000e+00   5.8704000e+02
   1.3401000e-02  -4.8000000e+00   5.9136000e+02
   1.3401000e-02  -1.8000000e+00   5.9382000e+02
   1.3401000e-02   1.2000000e+00   5.9441000e+02
   1.3401000e-02   4.2000000e+00   5.9314000e+02
   1.3401000e-02   7.2000000e+00   5.9002000e+02
   1.3401000e-02   1.0200000e+01   5.8504000e+02
   1.3401000e-02   1.3200000e+01   5.7821000e+02
   1.3401000e-02   1.6200000e+01   5.6858000e+02
   1.3401000e-02   1.9200000e+01   5.5684000e+02
   1.3401000e-02   2.2200000e+01   5.4331000e+02
   1.3401000e-02   2.5200000e+01   5.2803000e+02
   1.3401000e-02   2.8200000e+01   5.1104000e+02
   1.3599000e-02   2.9100000e+01   5.1161000e+02
   1.3599000e-02   2.6100000e+01   5.2928000e+02
   1.3599000e-02   2.3100000e+01   5.4524000e+02
   1.3599000e-02   2.0100000e+01   5.5943000e+02
   1.3599000e-02   1.7100000e+01   5.7182000e+02
   1.3599000e-02   1.4100000e+01   5.8194000e+02
   1.3599000e-02   1.1100000e+01   5.8937000e+02
   1.3599000e-02   8.1000000e+00   5.9493000e+02
   1.3599000e-02   5.1000000e+00   5.9862000e+02
   1.3599000e-02   2.1000000e+00   6.0043000e+02
   1.3599000e-02  -9.0000000e-01   6.0035000e+02
   1.3599000e-02  -3.9000000e+00   5.9839000e+02
   1.3599000e-02  -6.9000000e+00   5.9454000e+02
   1.3599000e-02  -9.9000000e+00   5.8881000e+02
   1.3599000e-02  -1.2900000e+01   5.8121000e+02
   1.3599000e-02  -1.5900000e+01   5.7174000e+02
   1.3599000e-02  -1.8900000e+01   5.6042000e+02
   1.3599000e-02  -2.1900000e+01   5.4725000e+02
   1.3599000e-02  -2.4900000e+01   5.3225000e+02
   1.3599000e-02  -2.7900000e+01   5.1544000e+02
   1.3798000e-02  -2.9400000e+01   5.1091000e+02
   1.3798000e-02  -2.6400000e+01   5.2887000e+02
   1.3798000e-02  -2.3400000e+01   5.4501000e+02
   1.3798000e-02  -2.0400000e+01   5.5931000e+02
   1.3798000e-02  -1.7400000e+01   5.7175000e+02
   1.3798000e-02  -1.4400000e+01   5.8231000e+02
   1.3798000e-02  -1.1400000e+01   5.9099000e+02
   1.3798000e-02  -8.4000000e+00   5.9778000e+02
   1.3798000e-02  -5.4000000e+00   6.0266000e+02
   1.3798000e-02  -2.4000000e+00   6.0564000e+02
   1.3798000e-02   6.0000000e-01   6.0672000e+02
   1.3798000e-02   3.6000000e+00   6.0588000e+02
   1.3798000e-02   6.6000000e+00   6.0314000e+02
   1.3798000e-02   9.6000000e+00   5.9850000e+02
   1.3798000e-02   1.2600000e+01   5.9197000e+02
   1.3798000e-02   1.5600000e+01   5.8355000e+02
   1.3798000e-02   1.8600000e+01   5.7231000e+02
   1.3798000e-02   2.1600000e+01   5.5890000e+02
   1.3798000e-02   2.4600000e+01   5.4367000e+02
   1.3798000e-02   2.7600000e+01   5.2668000e+02
   1.3996000e-02   2.9700000e+01   5.1957000e+02
   1.3996000e-02   2.6700000e+01   5.3796000e+02
   1.3996000e-02   2.3700000e+01   5.5459000e+02
   1.3996000e-02   2.0700000e+01   5.6942000e+02
   1.3996000e-02   1.7700000e+01   5.8240000e+02
   1.3996000e-02   1.4700000e+01   5.9222000e+02
   1.3996000e-02   1.1700000e+01   6.0013000e+02
   1.3996000e-02   8.7000000e+00   6.0613000e+02
   1.3996000e-02   5.7000000e+00   6.1021000e+02
   1.3996000e-02   2.7000000e+00   6.1236000e+02
   1.3996000e-02  -3.0000000e-01   6.1259000e+02
   1.3996000e-02  -3.3000000e+00   6.1088000e+02
   1.3996000e-02  -6.3000000e+00   6.0724000e+02
   1.3996000e-02  -9.3000000e+00   6.0168000e+02
   1.3996000e-02  -1.2300000e+01   5.9420000e+02
   1.3996000e-02  -1.5300000e+01   5.8480000e+02
   1.3996000e-02  -1.8300000e+01   5.7350000e+02
   1.3996000e-02  -2.1300000e+01   5.6031000e+02
   1.3996000e-02  -2.4300000e+01   5.4523000e+02
   1.3996000e-02  -2.7300000e+01   5.2830000e+02
   1.4195000e-02  -3.0000000e+01   5.1579000e+02
   1.4195000e-02  -2.7000000e+01   5.3464000e+02
   1.4195000e-02  -2.4000000e+01   5.5163000e+02
   1.4195000e-02  -2.1000000e+01   5.6673000e+02
   1.4195000e-02  -1.8000000e+01   5.7993000e+02
   1.4195000e-02  -1.5000000e+01   5.9121000e+02
   1.4195000e-02  -1.2000000e+01   6.0057000e+02
   1.4195000e-02  -9.0000000e+00   6.0799000e+02
   1.4195000e-02  -6.0000000e+00   6.1346000e+02
   1.4195000e-02  -3.0000000e+00   6.1699000e+02
   1.4195000e-02  -1.3323000e-15   6.1856000e+02
   1.4195000e-02   3.0000000e+00   6.1818000e+02
   1.4195000e-02   6.0000000e+00   6.1584000e+02
   1.4195000e-02   9.0000000e+00   6.1156000e+02
   1.4195000e-02   1.2000000e+01   6.0534000e+02
   1.4195000e-02   1.5000000e+01   5.9719000e+02
   1.4195000e-02   1.8000000e+01   5.8711000e+02
   1.4195000e-02   2.1000000e+01   5.7423000e+02
   1.4195000e-02   2.4000000e+01   5.5909000e+02
   1.4195000e-02   2.7000000e+01   5.4212000e+02
   1.4195000e-02   3.0000000e+01   5.2337000e+02
   1.4393000e-02   2.7300000e+01   5.4615000e+02
   1.4393000e-02   2.4300000e+01   5.6347000e+02
   1.4393000e-02   2.1300000e+01   5.7894000e+02
   1.4393000e-02   1.8300000e+01   5.9169000e+02
   1.4393000e-02   1.5300000e+01   6.0204000e+02
   1.4393000e-02   1.2300000e+01   6.1044000e+02
   1.4393000e-02   9.3000000e+00   6.1689000e+02
   1.4393000e-02   6.3000000e+00   6.2137000e+02
   1.4393000e-02   3.3000000e+00   6.2389000e+02
   1.4393000e-02   3.0000000e-01   6.2443000e+02
   1.4393000e-02  -2.7000000e+00   6.2299000e+02
   1.4393000e-02  -5.7000000e+00   6.1959000e+02
   1.4393000e-02  -8.7000000e+00   6.1420000e+02
   1.4393000e-02  -1.1700000e+01   6.0686000e+02
   1.4393000e-02  -1.4700000e+01   5.9755000e+02
   1.4393000e-02  -1.7700000e+01   5.8629000e+02
   1.4393000e-02  -2.0700000e+01   5.7309000e+02
   1.4393000e-02  -2.3700000e+01   5.5796000e+02
   1.4393000e-02  -2.6700000e+01   5.4093000e+02
   1.4393000e-02  -2.9700000e+01   5.2200000e+02
   1.4592000e-02  -2.7600000e+01   5.3978000e+02
   1.4592000e-02  -2.4600000e+01   5.5762000e+02
   1.4592000e-02  -2.1600000e+01   5.7355000e+02
   1.4592000e-02  -1.8600000e+01   5.8753000e+02
   1.4592000e-02  -1.5600000e+01   5.9955000e+02
   1.4592000e-02  -1.2600000e+01   6.0959000e+02
   1.4592000e-02  -9.6000000e+00   6.1766000e+02
   1.4592000e-02  -6.6000000e+00   6.2374000e+02
   1.4592000e-02  -3.6000000e+00   6.2783000e+02
   1.4592000e-02  -6.0000000e-01   6.2992000e+02
   1.4592000e-02   2.4000000e+00   6.3001000e+02
   1.4592000e-02   5.4000000e+00   6.2811000e+02
   1.4592000e-02   8.4000000e+00   6.2421000e+02
   1.4592000e-02   1.1400000e+01   6.1833000e+02
   1.4592000e-02   1.4400000e+01   6.1046000e+02
   1.4592000e-02   1.7400000e+01   6.0063000e+02
   1.4592000e-02   2.0400000e+01   5.8883000e+02
   1.4592000e-02   2.3400000e+01   5.7427000e+02
   1.4592000e-02   2.6400000e+01   5.5735000e+02
   1.4592000e-02   2.9400000e+01   5.3859000e+02
   1.4790000e-02   2.7900000e+01   5.5385000e+02
   1.4790000e-02   2.4900000e+01   5.7187000e+02
   1.4790000e-02   2.1900000e+01   5.8760000e+02
   1.4790000e-02   1.8900000e+01   6.0048000e+02
   1.4790000e-02   1.5900000e+01   6.1137000e+02
   1.4790000e-02   1.2900000e+01   6.2028000e+02
   1.4790000e-02   9.9000000e+00   6.2720000e+02
   1.4790000e-02   6.9000000e+00   6.3210000e+02
   1.4790000e-02   3.9000000e+00   6.3499000e+02
   1.4790000e-02   9.0000000e-01   6.3587000e+02
   1.4790000e-02  -2.1000000e+00   6.3472000e+02
   1.4790000e-02  -5.1000000e+00   6.3156000e+02
   1.4790000e-02  -8.1000000e+00   6.2637000e+02
   1.4790000e-02  -1.1100000e+01   6.1918000e+02
   1.4790000e-02  -1.4100000e+01   6.0998000e+02
   1.4790000e-02  -1.7100000e+01   5.9878000e+02
   1.4790000e-02  -2.0100000e+01   5.8559000e+02
   1.4790000e-02  -2.3100000e+01   5.7042000e+02
   1.4790000e-02  -2.6100000e+01   5.5330000e+02
   1.4790000e-02  -2.9100000e+01   5.3424000e+02
   1.4989000e-02  -2.8200000e+01   5.4426000e+02
   1.4989000e-02  -2.5200000e+01   5.6299000e+02
   1.4989000e-02  -2.2200000e+01   5.7975000e+02
   1.4989000e-02  -1.9200000e+01   5.9452000e+02
   1.4989000e-02  -1.6200000e+01   6.0730000e+02
   1.4989000e-02  -1.3200000e+01   6.1806000e+02
   1.4989000e-02  -1.0200000e+01   6.2680000e+02
   1.4989000e-02  -7.2000000e+00   6.3350000e+02
   1.4989000e-02  -4.2000000e+00   6.3817000e+02
   1.4989000e-02  -1.2000000e+00   6.4080000e+02
   1.4989000e-02   1.8000000e+00   6.4139000e+02
   1.4989000e-02   4.8000000e+00   6.3993000e+02
   1.4989000e-02   7.8000000e+00   6.3644000e+02
   1.4989000e-02   1.0800000e+01   6.3091000e+02
   1.4989000e-02   1.3800000e+01   6.2336000e+02
   1.4989000e-02   1.6800000e+01   6.1379000e+02
   1.4989000e-02   1.9800000e+01   6.0221000e+02
   1.4989000e-02   2.2800000e+01   5.8864000e+02
   1.4989000e-02   2.5800000e+01   5.7236000e+02
   1.4989000e-02   2.8800000e+01   5.5362000e+02
   1.5187000e-02   2.8500000e+01   5.6105000e+02
   1.5187000e-02   2.5500000e+01   5.7977000e+02
   1.5187000e-02   2.2500000e+01   5.9529000e+02
   1.5187000e-02   1.9500000e+01   6.0877000e+02
   1.5187000e-02   1.6500000e+01   6.2023000e+02
   1.5187000e-02   1.3500000e+01   6.2966000e+02
   1.5187000e-02   1.0500000e+01   6.3705000e+02
   1.5187000e-02   7.5000000e+00   6.4239000e+02
   1.5187000e-02   4.5000000e+00   6.4568000e+02
   1.5187000e-02   1.5000000e+00   6.4690000e+02
   1.5187000e-02  -1.5000000e+00   6.4606000e+02
   1.5187000e-02  -4.5000000e+00   6.4315000e+02
   1.5187000e-02  -7.5000000e+00   6.3819000e+02
   1.5187000e-02  -1.0500000e+01   6.3116000e+02
   1.5187000e-02  -1.3500000e+01   6.2208000e+02
   1.5187000e-02  -1.6500000e+01   6.1096000e+02
   1.5187000e-02  -1.9500000e+01   5.9780000e+02
   1.5187000e-02  -2.2500000e+01   5.8262000e+02
   1.5187000e-02  -2.5500000e+01   5.6543000e+02
   1.5187000e-02  -2.8500000e+01   5.4625000e+02
   1.5386000e-02  -2.8800000e+01   5.4808000e+02
   1.5386000e-02  -2.5800000e+01   5.6771000e+02
   1.5386000e-02  -2.2800000e+01   5.8533000e+02
   1.5386000e-02  -1.9800000e+01   6.0092000e+02
   1.5386000e-02  -1.6800000e+01   6.1447000e+02
   1.5386000e-02  -1.3800000e+01   6.2596000e+02
   1.5386000e-02  -1.0800000e+01   6.3538000e+02
   1.5386000e-02  -7.8000000e+00   6.4274000e+02
   1.5386000e-02  -4.8000000e+00   6.4801000e+02
   1.5386000e-02  -1.8000000e+00   6.5119000e+02
   1.5386000e-02   1.2000000e+00   6.5229000e+02
   1.5386000e-02   4.2000000e+00   6.5131000e+02
   1.5386000e-02   7.2000000e+00   6.4824000e+02
   1.5386000e-02   1.0200000e+01   6.4309000e+02
   1.5386000e-02   1.3200000e+01   6.3587000e+02
   1.5386000e-02   1.6200000e+01   6.2658000e+02
   1.5386000e-02   1.9200000e+01   6.1524000e+02
   1.5386000e-02   2.2200000e+01   6.0186000e+02
   1.5386000e-02   2.5200000e+01   5.8645000e+02
   1.5386000e-02   2.8200000e+01   5.6842000e+02
   1.5584000e-02   2.9100000e+01   5.6773000e+02
   1.5584000e-02   2.6100000e+01   5.8631000e+02
   1.5584000e-02   2.3100000e+01   6.0246000e+02
   1.5584000e-02   2.0100000e+01   6.1656000e+02
   1.5584000e-02   1.7100000e+01   6.2860000e+02
   1.5584000e-02   1.4100000e+01   6.3857000e+02
   1.5584000e-02   1.1100000e+01   6.4645000e+02
   1.5584000e-02   8.1000000e+00   6.5224000e+02
   1.5584000e-02   5.1000000e+00   6.5593000e+02
   1.5584000e-02   2.1000000e+00   6.5752000e+02
   1.5584000e-02  -9.0000000e-01   6.5700000e+02
   1.5584000e-02  -3.9000000e+00   6.5437000e+02
   1.5584000e-02  -6.9000000e+00   6.4963000e+02
   1.5584000e-02  -9.9000000e+00   6.4279000e+02
   1.5584000e-02  -1.2900000e+01   6.3386000e+02
   1.5584000e-02  -1.5900000e+01   6.2283000e+02
   1.5584000e-02  -1.8900000e+01   6.0972000e+02
   1.5584000e-02  -2.1900000e+01   5.9453000e+02
   1.5584000e-02  -2.4900000e+01   5.7730000e+02
   1.5584000e-02  -2.7900000e+01   5.5802000e+02
   1.5783000e-02  -2.9400000e+01   5.5124000e+02
   1.5783000e-02  -2.6400000e+01   5.7179000e+02
   1.5783000e-02  -2.3400000e+01   5.9028000e+02
   1.5783000e-02  -2.0400000e+01   6.0671000e+02
   1.5783000e-02  -1.7400000e+01   6.2105000e+02
   1.5783000e-02  -1.4400000e+01   6.3329000e+02
   1.5783000e-02  -1.1400000e+01   6.4342000e+02
   1.5783000e-02  -8.4000000e+00   6.5143000e+02
   1.5783000e-02  -5.4000000e+00   6.5732000e+02
   1.5783000e-02  -2.4000000e+00   6.6108000e+02
   1.5783000e-02   6.0000000e-01   6.6272000e+02
   1.5783000e-02   3.6000000e+00   6.6222000e+02
   1.5783000e-02   6.6000000e+00   6.5959000e+02
   1.5783000e-02   9.6000000e+00   6.5484000e+02
   1.5783000e-02   1.2600000e+01   6.4798000e+02
   1.5783000e-02   1.5600000e+01   6.3900000e+02
   1.5783000e-02   1.8600000e+01   6.2792000e+02
   1.5783000e-02   2.1600000e+01   6.1475000e+02
   1.5783000e-02   2.4600000e+01   5.9950000e+02
   1.5783000e-02   2.7600000e+01   5.8220000e+02
   1.5981000e-02   2.9700000e+01   5.7340000e+02
   1.5981000e-02   2.6700000e+01   5.9229000e+02
   1.5981000e-02   2.3700000e+01   6.0911000e+02
   1.5981000e-02   2.0700000e+01   6.2384000e+02
   1.5981000e-02   1.7700000e+01   6.3648000e+02
   1.5981000e-02   1.4700000e+01   6.4700000e+02
   1.5981000e-02   1.1700000e+01   6.5539000e+02
   1.5981000e-02   8.7000000e+00   6.6164000e+02
   1.5981000e-02   5.7000000e+00   6.6576000e+02
   1.5981000e-02   2.7000000e+00   6.6772000e+02
   1.5981000e-02  -3.0000000e-01   6.6754000e+02
   1.5981000e-02  -3.3000000e+00   6.6520000e+02
   1.5981000e-02  -6.3000000e+00   6.6071000e+02
   1.5981000e-02  -9.3000000e+00   6.5408000e+02
   1.5981000e-02  -1.2300000e+01   6.4530000e+02
   1.5981000e-02  -1.5300000e+01   6.3438000e+02
   1.5981000e-02  -1.8300000e+01   6.2133000e+02
   1.5981000e-02  -2.1300000e+01   6.0617000e+02
   1.5981000e-02  -2.4300000e+01   5.8890000e+02
   1.5981000e-02  -2.7300000e+01   5.6955000e+02
   1.6180000e-02  -3.0000000e+01   5.5373000e+02
   1.6180000e-02  -2.7000000e+01   5.7521000e+02
   1.6180000e-02  -2.4000000e+01   5.9460000e+02
   1.6180000e-02  -2.1000000e+01   6.1188000e+02
   1.6180000e-02  -1.8000000e+01   6.2703000e+02
   1.6180000e-02  -1.5000000e+01   6.4003000e+02
   1.6180000e-02  -1.2000000e+01   6.5089000e+02
   1.6180000e-02  -9.0000000e+00   6.5959000e+02
   1.6180000e-02  -6.0000000e+00   6.6611000e+02
   1.6180000e-02  -3.0000000e+00   6.7047000e+02
   1.6180000e-02  -1.3323000e-15   6.7266000e+02
   1.6180000e-02   3.0000000e+00   6.7267000e+02
   1.6180000e-02   6.0000000e+00   6.7051000e+02
   1.6180000e-02   9.0000000e+00   6.6618000e+02
   1.6180000e-02   1.2000000e+01   6.5968000e+02
   1.6180000e-02   1.5000000e+01   6.5103000e+02
   1.6180000e-02   1.8000000e+01   6.4023000e+02
   1.6180000e-02   2.1000000e+01   6.2730000e+02
   1.6180000e-02   2.4000000e+01   6.1224000e+02
   1.6180000e-02   2.7000000e+01   5.9507000e+02
   1.6180000e-02   3.0000000e+01   5.7582000e+02
   1.6378000e-02   2.7300000e+01   5.9772000e+02
   1.6378000e-02   2.4300000e+01   6.1524000e+02
   1.6378000e-02   2.1300000e+01   6.3062000e+02
   1.6378000e-02   1.8300000e+01   6.4386000e+02
   1.6378000e-02   1.5300000e+01   6.5495000e+02
   1.6378000e-02   1.2300000e+01   6.6386000e+02
   1.6378000e-02   9.3000000e+00   6.7060000e+02
   1.6378000e-02   6.3000000e+00   6.7515000e+02
   1.6378000e-02   3.3000000e+00   6.7751000e+02
   1.6378000e-02   3.0000000e-01   6.7767000e+02
   1.6378000e-02  -2.7000000e+00   6.7565000e+02
   1.6378000e-02  -5.7000000e+00   6.7142000e+02
   1.6378000e-02  -8.7000000e+00   6.6500000e+02
   1.6378000e-02  -1.1700000e+01   6.5640000e+02
   1.6378000e-02  -1.4700000e+01   6.4561000e+02
   1.6378000e-02  -1.7700000e+01   6.3264000e+02
   1.6378000e-02  -2.0700000e+01   6.1751000e+02
   1.6378000e-02  -2.3700000e+01   6.0023000e+02
   1.6378000e-02  -2.6700000e+01   5.8082000e+02
   1.6378000e-02  -2.9700000e+01   5.5928000e+02
   1.6577000e-02  -2.7600000e+01   5.7798000e+02
   1.6577000e-02  -2.4600000e+01   5.9828000e+02
   1.6577000e-02  -2.1600000e+01   6.1643000e+02
   1.6577000e-02  -1.8600000e+01   6.3240000e+02
   1.6577000e-02  -1.5600000e+01   6.4619000e+02
   1.6577000e-02  -1.2600000e+01   6.5779000e+02
   1.6577000e-02  -9.6000000e+00   6.6719000e+02
   1.6577000e-02  -6.6000000e+00   6.7438000e+02
   1.6577000e-02  -3.6000000e+00   6.7935000e+02
   1.6577000e-02  -6.0000000e-01   6.8211000e+02
   1.6577000e-02   2.4000000e+00   6.8265000e+02
   1.6577000e-02   5.4000000e+00   6.8097000e+02
   1.6577000e-02   8.4000000e+00   6.7708000e+02
   1.6577000e-02   1.1400000e+01   6.7098000e+02
   1.6577000e-02   1.4400000e+01   6.6267000e+02
   1.6577000e-02   1.7400000e+01   6.5218000e+02
   1.6577000e-02   2.0400000e+01   6.3950000e+02
   1.6577000e-02   2.3400000e+01   6.2465000e+02
   1.6577000e-02   2.6400000e+01   6.0764000e+02
   1.6577000e-02   2.9400000e+01   5.8849000e+02
   1.6775000e-02   2.7900000e+01   6.0261000e+02
   1.6775000e-02   2.4900000e+01   6.2083000e+02
   1.6775000e-02   2.1900000e+01   6.3688000e+02
   1.6775000e-02   1.8900000e+01   6.5075000e+02
   1.6775000e-02   1.5900000e+01   6.6241000e+02
   1.6775000e-02   1.2900000e+01   6.7186000e+02
   1.6775000e-02   9.9000000e+00   6.7909000e+02
   1.6775000e-02   6.9000000e+00   6.8410000e+02
   1.6775000e-02   3.9000000e+00   6.8687000e+02
   1.6775000e-02   9.0000000e-01   6.8740000e+02
   1.6775000e-02  -2.1000000e+00   6.8569000e+02
   1.6775000e-02  -5.1000000e+00   6.8175000e+02
   1.6775000e-02  -8.1000000e+00   6.7557000e+02
   1.6775000e-02  -1.1100000e+01   6.6715000e+02
   1.6775000e-02  -1.4100000e+01   6.5651000e+02
   1.6775000e-02  -1.7100000e+01   6.4364000e+02
   1.6775000e-02  -2.0100000e+01   6.2857000e+02
   1.6775000e-02  -2.3100000e+01   6.1129000e+02
   1.6775000e-02  -2.6100000e+01   5.9183000e+02
   1.6775000e-02  -2.9100000e+01   5.7020000e+02
   1.6974000e-02  -2.8200000e+01   5.8008000e+02
   1.6974000e-02  -2.5200000e+01   6.0131000e+02
   1.6974000e-02  -2.2200000e+01   6.2034000e+02
   1.6974000e-02  -1.9200000e+01   6.3717000e+02
   1.6974000e-02  -1.6200000e+01   6.5176000e+02
   1.6974000e-02  -1.3200000e+01   6.6412000e+02
   1.6974000e-02  -1.0200000e+01   6.7424000e+02
   1.6974000e-02  -7.2000000e+00   6.8210000e+02
   1.6974000e-02  -4.2000000e+00   6.8771000e+02
   1.6974000e-02  -1.2000000e+00   6.9106000e+02
   1.6974000e-02   1.8000000e+00   6.9214000e+02
   1.6974000e-02   4.8000000e+00   6.9097000e+02
   1.6974000e-02   7.8000000e+00   6.8754000e+02
   1.6974000e-02   1.0800000e+01   6.8185000e+02
   1.6974000e-02   1.3800000e+01   6.7392000e+02
   1.6974000e-02   1.6800000e+01   6.6374000e+02
   1.6974000e-02   1.9800000e+01   6.5134000e+02
   1.6974000e-02   2.2800000e+01   6.3672000e+02
   1.6974000e-02   2.5800000e+01   6.1989000e+02
   1.6974000e-02   2.8800000e+01   6.0088000e+02
   1.7172000e-02   2.8500000e+01   6.0696000e+02
   1.7172000e-02   2.5500000e+01   6.2590000e+02
   1.7172000e-02   2.2500000e+01   6.4263000e+02
   1.7172000e-02   1.9500000e+01   6.5713000e+02
   1.7172000e-02   1.6500000e+01   6.6938000e+02
   1.7172000e-02   1.3500000e+01   6.7939000e+02
   1.7172000e-02   1.0500000e+01   6.8713000e+02
   1.7172000e-02   7.5000000e+00   6.9260000e+02
   1.7172000e-02   4.5000000e+00   6.9579000e+02
   1.7172000e-02   1.5000000e+00   6.9671000e+02
   1.7172000e-02  -1.5000000e+00   6.9534000e+02
   1.7172000e-02  -4.5000000e+00   6.9169000e+02
   1.7172000e-02  -7.5000000e+00   6.8576000e+02
   1.7172000e-02  -1.0500000e+01   6.7755000e+02
   1.7172000e-02  -1.3500000e+01   6.6707000e+02
   1.7172000e-02  -1.6500000e+01   6.5432000e+02
   1.7172000e-02  -1.9500000e+01   6.3932000e+02
   1.7172000e-02  -2.2500000e+01   6.2206000e+02
   1.7172000e-02  -2.5500000e+01   6.0258000e+02
   1.7172000e-02  -2.8500000e+01   5.8088000e+02
   1.7371000e-02  -2.8800000e+01   5.8150000e+02
   1.7371000e-02  -2.5800000e+01   6.0368000e+02
   1.7371000e-02  -2.2800000e+01   6.2362000e+02
   1.7371000e-02  -1.9800000e+01   6.4131000e+02
   1.7371000e-02  -1.6800000e+01   6.5673000e+02
   1.7371000e-02  -1.3800000e+01   6.6987000e+02
   1.7371000e-02  -1.0800000e+01   6.8072000e+02
   1.7371000e-02  -7.8000000e+00   6.8928000e+02
   1.7371000e-02  -4.8000000e+00   6.9554000e+02
   1.7371000e-02  -1.8000000e+00   6.9950000e+02
   1.7371000e-02   1.2000000e+00   7.0115000e+02
   1.7371000e-02   4.2000000e+00   7.0050000e+02
   1.7371000e-02   7.2000000e+00   6.9755000e+02
   1.7371000e-02   1.0200000e+01   6.9230000e+02
   1.7371000e-02   1.3200000e+01   6.8475000e+02
   1.7371000e-02   1.6200000e+01   6.7492000e+02
   1.7371000e-02   1.9200000e+01   6.6282000e+02
   1.7371000e-02   2.2200000e+01   6.4845000e+02
   1.7371000e-02   2.5200000e+01   6.3182000e+02
   1.7371000e-02   2.8200000e+01   6.1296000e+02
   1.7569000e-02   2.9100000e+01   6.1075000e+02
   1.7569000e-02   2.6100000e+01   6.3042000e+02
   1.7569000e-02   2.3100000e+01   6.4785000e+02
   1.7569000e-02   2.0100000e+01   6.6299000e+02
   1.7569000e-02   1.7100000e+01   6.7586000e+02
   1.7569000e-02   1.4100000e+01   6.8643000e+02
   1.7569000e-02   1.1100000e+01   6.9470000e+02
   1.7569000e-02   8.1000000e+00   7.0065000e+02
   1.7569000e-02   5.1000000e+00   7.0428000e+02
   1.7569000e-02   2.1000000e+00   7.0560000e+02
   1.7569000e-02  -9.0000000e-01   7.0458000e+02
   1.7569000e-02  -3.9000000e+00   7.0124000e+02
   1.7569000e-02  -6.9000000e+00   6.9558000e+02
   1.7569000e-02  -9.9000000e+00   6.8760000e+02
   1.7569000e-02  -1.2900000e+01   6.7729000e+02
   1.7569000e-02  -1.5900000e+01   6.6468000e+02
   1.7569000e-02  -1.8900000e+01   6.4976000e+02
   1.7569000e-02  -2.1900000e+01   6.3255000e+02
   1.7569000e-02  -2.4900000e+01   6.1305000e+02
   1.7569000e-02  -2.7900000e+01   5.9129000e+02
   1.7768000e-02  -2.9400000e+01   5.8225000e+02
   1.7768000e-02  -2.6400000e+01   6.0539000e+02
   1.7768000e-02  -2.3400000e+01   6.2626000e+02
   1.7768000e-02  -2.0400000e+01   6.4483000e+02
   1.7768000e-02  -1.7400000e+01   6.6109000e+02
   1.7768000e-02  -1.4400000e+01   6.7503000e+02
   1.7768000e-02  -1.1400000e+01   6.8664000e+02
   1.7768000e-02  -8.4000000e+00   6.9591000e+02
   1.7768000e-02  -5.4000000e+00   7.0284000e+02
   1.7768000e-02  -2.4000000e+00   7.0743000e+02
   1.7768000e-02   6.0000000e-01   7.0966000e+02
   1.7768000e-02   3.6000000e+00   7.0956000e+02
   1.7768000e-02   6.6000000e+00   7.0710000e+02
   1.7768000e-02   9.6000000e+00   7.0230000e+02
   1.7768000e-02   1.2600000e+01   6.9517000e+02
   1.7768000e-02   1.5600000e+01   6.8571000e+02
   1.7768000e-02   1.8600000e+01   6.7392000e+02
   1.7768000e-02   2.1600000e+01   6.5982000e+02
   1.7768000e-02   2.4600000e+01   6.4342000e+02
   1.7768000e-02   2.7600000e+01   6.2474000e+02
   1.7966000e-02   2.9700000e+01   6.1398000e+02
   1.7966000e-02   2.6700000e+01   6.3441000e+02
   1.7966000e-02   2.3700000e+01   6.5254000e+02
   1.7966000e-02   2.0700000e+01   6.6835000e+02
   1.7966000e-02   1.7700000e+01   6.8184000e+02
   1.7966000e-02   1.4700000e+01   6.9299000e+02
   1.7966000e-02   1.1700000e+01   7.0179000e+02
   1.7966000e-02   8.7000000e+00   7.0824000e+02
   1.7966000e-02   5.7000000e+00   7.1233000e+02
   1.7966000e-02   2.7000000e+00   7.1406000e+02
   1.7966000e-02  -3.0000000e-01   7.1342000e+02
   1.7966000e-02  -3.3000000e+00   7.1040000e+02
   1.7966000e-02  -6.3000000e+00   7.0502000e+02
   1.7966000e-02  -9.3000000e+00   6.9728000e+02
   1.7966000e-02  -1.2300000e+01   6.8717000e+02
   1.7966000e-02  -1.5300000e+01   6.7471000e+02
   1.7966000e-02  -1.8300000e+01   6.5989000e+02
   1.7966000e-02  -2.1300000e+01   6.4274000e+02
   1.7966000e-02  -2.4300000e+01   6.2325000e+02
   1.7966000e-02  -2.7300000e+01   6.0145000e+02
   1.8165000e-02  -3.0000000e+01   5.8230000e+02
   1.8165000e-02  -2.7000000e+01   6.0644000e+02
   1.8165000e-02  -2.4000000e+01   6.2825000e+02
   1.8165000e-02  -2.1000000e+01   6.4772000e+02
   1.8165000e-02  -1.8000000e+01   6.6484000e+02
   1.8165000e-02  -1.5000000e+01   6.7959000e+02
   1.8165000e-02  -1.2000000e+01   6.9198000e+02
   1.8165000e-02  -9.0000000e+00   7.0198000e+02
   1.8165000e-02  -6.0000000e+00   7.0960000e+02
   1.8165000e-02  -3.0000000e+00   7.1483000e+02
   1.8165000e-02  -1.3323000e-15   7.1768000e+02
   1.8165000e-02   3.0000000e+00   7.1813000e+02
   1.8165000e-02   6.0000000e+00   7.1619000e+02
   1.8165000e-02   9.0000000e+00   7.1187000e+02
   1.8165000e-02   1.2000000e+01   7.0517000e+02
   1.8165000e-02   1.5000000e+01   6.9609000e+02
   1.8165000e-02   1.8000000e+01   6.8464000e+02
   1.8165000e-02   2.1000000e+01   6.7083000e+02
   1.8165000e-02   2.4000000e+01   6.5468000e+02
   1.8165000e-02   2.7000000e+01   6.3619000e+02
   1.8165000e-02   3.0000000e+01   6.1539000e+02
   1.8363000e-02   2.7300000e+01   6.3784000e+02
   1.8363000e-02   2.4300000e+01   6.5669000e+02
   1.8363000e-02   2.1300000e+01   6.7319000e+02
   1.8363000e-02   1.8300000e+01   6.8731000e+02
   1.8363000e-02   1.5300000e+01   6.9906000e+02
   1.8363000e-02   1.2300000e+01   7.0842000e+02
   1.8363000e-02   9.3000000e+00   7.1538000e+02
   1.8363000e-02   6.3000000e+00   7.1994000e+02
   1.8363000e-02   3.3000000e+00   7.2209000e+02
   1.8363000e-02   3.0000000e-01   7.2183000e+02
   1.8363000e-02  -2.7000000e+00   7.1916000e+02
   1.8363000e-02  -5.7000000e+00   7.1408000e+02
   1.8363000e-02  -8.7000000e+00   7.0659000e+02
   1.8363000e-02  -1.1700000e+01   6.9670000e+02
   1.8363000e-02  -1.4700000e+01   6.8440000e+02
   1.8363000e-02  -1.7700000e+01   6.6971000e+02
   1.8363000e-02  -2.0700000e+01   6.5263000e+02
   1.8363000e-02  -2.3700000e+01   6.3317000e+02
   1.8363000e-02  -2.6700000e+01   6.1135000e+02
   1.8363000e-02  -2.9700000e+01   5.8718000e+02
   1.8562000e-02  -2.7600000e+01   6.0680000e+02
   1.8562000e-02  -2.4600000e+01   6.2957000e+02
   1.8562000e-02  -2.1600000e+01   6.4997000e+02
   1.8562000e-02  -1.8600000e+01   6.6797000e+02
   1.8562000e-02  -1.5600000e+01   6.8356000e+02
   1.8562000e-02  -1.2600000e+01   6.9673000e+02
   1.8562000e-02  -9.6000000e+00   7.0749000e+02
   1.8562000e-02  -6.6000000e+00   7.1582000e+02
   1.8562000e-02  -3.6000000e+00   7.2172000e+02
   1.8562000e-02  -6.0000000e-01   7.2518000e+02
   1.8562000e-02   2.4000000e+00   7.2621000e+02
   1.8562000e-02   5.4000000e+00   7.2481000e+02
   1.8562000e-02   8.4000000e+00   7.2098000e+02
   1.8562000e-02   1.1400000e+01   7.1473000e+02
   1.8562000e-02   1.4400000e+01   7.0606000e+02
   1.8562000e-02   1.7400000e+01   6.9497000e+02
   1.8562000e-02   2.0400000e+01   6.8148000e+02
   1.8562000e-02   2.3400000e+01   6.6559000e+02
   1.8562000e-02   2.6400000e+01   6.4732000e+02
   1.8562000e-02   2.9400000e+01   6.2668000e+02
   1.8760000e-02   2.7900000e+01   6.4072000e+02
   1.8760000e-02   2.4900000e+01   6.6031000e+02
   1.8760000e-02   2.1900000e+01   6.7750000e+02
   1.8760000e-02   1.8900000e+01   6.9228000e+02
   1.8760000e-02   1.5900000e+01   7.0464000e+02
   1.8760000e-02   1.2900000e+01   7.1456000e+02
   1.8760000e-02   9.9000000e+00   7.2205000e+02
   1.8760000e-02   6.9000000e+00   7.2710000e+02
   1.8760000e-02   3.9000000e+00   7.2969000e+02
   1.8760000e-02   9.0000000e-01   7.2983000e+02
   1.8760000e-02  -2.1000000e+00   7.2752000e+02
   1.8760000e-02  -5.1000000e+00   7.2276000e+02
   1.8760000e-02  -8.1000000e+00   7.1554000e+02
   1.8760000e-02  -1.1100000e+01   7.0587000e+02
   1.8760000e-02  -1.4100000e+01   6.9375000e+02
   1.8760000e-02  -1.7100000e+01   6.7920000e+02
   1.8760000e-02  -2.0100000e+01   6.6221000e+02
   1.8760000e-02  -2.3100000e+01   6.4279000e+02
   1.8760000e-02  -2.6100000e+01   6.2097000e+02
   1.8760000e-02  -2.9100000e+01   5.9675000e+02
   1.8959000e-02  -2.8200000e+01   6.0648000e+02
   1.8959000e-02  -2.5200000e+01   6.3024000e+02
   1.8959000e-02  -2.2200000e+01   6.5157000e+02
   1.8959000e-02  -1.9200000e+01   6.7046000e+02
   1.8959000e-02  -1.6200000e+01   6.8691000e+02
   1.8959000e-02  -1.3200000e+01   7.0090000e+02
   1.8959000e-02  -1.0200000e+01   7.1243000e+02
   1.8959000e-02  -7.2000000e+00   7.2148000e+02
   1.8959000e-02  -4.2000000e+00   7.2806000e+02
   1.8959000e-02  -1.2000000e+00   7.3217000e+02
   1.8959000e-02   1.8000000e+00   7.3380000e+02
   1.8959000e-02   4.8000000e+00   7.3296000e+02
   1.8959000e-02   7.8000000e+00   7.2964000e+02
   1.8959000e-02   1.0800000e+01   7.2386000e+02
   1.8959000e-02   1.3800000e+01   7.1561000e+02
   1.8959000e-02   1.6800000e+01   7.0490000e+02
   1.8959000e-02   1.9800000e+01   6.9174000e+02
   1.8959000e-02   2.2800000e+01   6.7614000e+02
   1.8959000e-02   2.5800000e+01   6.5811000e+02
   1.8959000e-02   2.8800000e+01   6.3767000e+02
   1.9157000e-02   2.8500000e+01   6.4304000e+02
   1.9157000e-02   2.5500000e+01   6.6338000e+02
   1.9157000e-02   2.2500000e+01   6.8128000e+02
   1.9157000e-02   1.9500000e+01   6.9673000e+02
   1.9157000e-02   1.6500000e+01   7.0971000e+02
   1.9157000e-02   1.3500000e+01   7.2022000e+02
   1.9157000e-02   1.0500000e+01   7.2825000e+02
   1.9157000e-02   7.5000000e+00   7.3380000e+02
   1.9157000e-02   4.5000000e+00   7.3685000e+02
   1.9157000e-02   1.5000000e+00   7.3741000e+02
   1.9157000e-02  -1.5000000e+00   7.3547000e+02
   1.9157000e-02  -4.5000000e+00   7.3103000e+02
   1.9157000e-02  -7.5000000e+00   7.2410000e+02
   1.9157000e-02  -1.0500000e+01   7.1468000e+02
   1.9157000e-02  -1.3500000e+01   7.0276000e+02
   1.9157000e-02  -1.6500000e+01   6.8836000e+02
   1.9157000e-02  -1.9500000e+01   6.7148000e+02
   1.9157000e-02  -2.2500000e+01   6.5213000e+02
   1.9157000e-02  -2.5500000e+01   6.3031000e+02
   1.9157000e-02  -2.8500000e+01   6.0606000e+02
   1.9356000e-02  -2.8800000e+01   6.0546000e+02
   1.9356000e-02  -2.5800000e+01   6.3022000e+02
   1.9356000e-02  -2.2800000e+01   6.5252000e+02
   1.9356000e-02  -1.9800000e+01   6.7233000e+02
   1.9356000e-02  -1.6800000e+01   6.8965000e+02
   1.9356000e-02  -1.3800000e+01   7.0447000e+02
   1.9356000e-02  -1.0800000e+01   7.1678000e+02
   1.9356000e-02  -7.8000000e+00   7.2658000e+02
   1.9356000e-02  -4.8000000e+00   7.3387000e+02
   1.9356000e-02  -1.8000000e+00   7.3864000e+02
   1.9356000e-02   1.2000000e+00   7.4089000e+02
   1.9356000e-02   4.2000000e+00   7.4062000e+02
   1.9356000e-02   7.2000000e+00   7.3783000e+02
   1.9356000e-02   1.0200000e+01   7.3254000e+02
   1.9356000e-02   1.3200000e+01   7.2473000e+02
   1.9356000e-02   1.6200000e+01   7.1442000e+02
   1.9356000e-02   1.9200000e+01   7.0162000e+02
   1.9356000e-02   2.2200000e+01   6.8633000e+02
   1.9356000e-02   2.5200000e+01   6.6856000e+02
   1.9356000e-02   2.8200000e+01   6.4833000e+02
   1.9554000e-02   2.9100000e+01   6.4479000e+02
   1.9554000e-02   2.6100000e+01   6.6590000e+02
   1.9554000e-02   2.3100000e+01   6.8453000e+02
   1.9554000e-02   2.0100000e+01   7.0066000e+02
   1.9554000e-02   1.7100000e+01   7.1428000e+02
   1.9554000e-02   1.4100000e+01   7.2539000e+02
   1.9554000e-02   1.1100000e+01   7.3398000e+02
   1.9554000e-02   8.1000000e+00   7.4004000e+02
   1.9554000e-02   5.1000000e+00   7.4356000e+02
   1.9554000e-02   2.1000000e+00   7.4455000e+02
   1.9554000e-02  -9.0000000e-01   7.4300000e+02
   1.9554000e-02  -3.9000000e+00   7.3891000e+02
   1.9554000e-02  -6.9000000e+00   7.3229000e+02
   1.9554000e-02  -9.9000000e+00   7.2312000e+02
   1.9554000e-02  -1.2900000e+01   7.1142000e+02
   1.9554000e-02  -1.5900000e+01   6.9719000e+02
   1.9554000e-02  -1.8900000e+01   6.8043000e+02
   1.9554000e-02  -2.1900000e+01   6.6116000e+02
   1.9554000e-02  -2.4900000e+01   6.3937000e+02
   1.9554000e-02  -2.7900000e+01   6.1510000e+02
   1.9753000e-02  -2.9400000e+01   6.0375000e+02
   1.9753000e-02  -2.6400000e+01   6.2953000e+02
   1.9753000e-02  -2.3400000e+01   6.5280000e+02
   1.9753000e-02  -2.0400000e+01   6.7355000e+02
   1.9753000e-02  -1.7400000e+01   6.9176000e+02
   1.9753000e-02  -1.4400000e+01   7.0743000e+02
   1.9753000e-02  -1.1400000e+01   7.2055000e+02
   1.9753000e-02  -8.4000000e+00   7.3112000e+02
   1.9753000e-02  -5.4000000e+00   7.3913000e+02
   1.9753000e-02  -2.4000000e+00   7.4457000e+02
   1.9753000e-02   6.0000000e-01   7.4746000e+02
   1.9753000e-02   3.6000000e+00   7.4779000e+02
   1.9753000e-02   6.6000000e+00   7.4555000e+02
   1.9753000e-02   9.6000000e+00   7.4076000e+02
   1.9753000e-02   1.2600000e+01   7.3342000e+02
   1.9753000e-02   1.5600000e+01   7.2353000e+02
   1.9753000e-02   1.8600000e+01   7.1110000e+02
   1.9753000e-02   2.1600000e+01   6.9614000e+02
   1.9753000e-02   2.4600000e+01   6.7865000e+02
   1.9753000e-02   2.7600000e+01   6.5865000e+02
   1.9951000e-02   2.9700000e+01   6.4597000e+02
   1.9951000e-02   2.6700000e+01   6.6787000e+02
   1.9951000e-02   2.3700000e+01   6.8724000e+02
   1.9951000e-02   2.0700000e+01   7.0406000e+02
   1.9951000e-02   1.7700000e+01   7.1834000e+02
   1.9951000e-02   1.4700000e+01   7.3007000e+02
   1.9951000e-02   1.1700000e+01   7.3923000e+02
   1.9951000e-02   8.7000000e+00   7.4581000e+02
   1.9951000e-02   5.7000000e+00   7.4983000e+02
   1.9951000e-02   2.7000000e+00   7.5126000e+02
   1.9951000e-02  -3.0000000e-01   7.5012000e+02
   1.9951000e-02  -3.3000000e+00   7.4639000e+02
   1.9951000e-02  -6.3000000e+00   7.4008000e+02
   1.9951000e-02  -9.3000000e+00   7.3119000e+02
   1.9951000e-02  -1.2300000e+01   7.1972000e+02
   1.9951000e-02  -1.5300000e+01   7.0567000e+02
   1.9951000e-02  -1.8300000e+01   6.8906000e+02
   1.9951000e-02  -2.1300000e+01   6.6988000e+02
   1.9951000e-02  -2.4300000e+01   6.4814000e+02
   1.9951000e-02  -2.7300000e+01   6.2387000e+02
   2.0150000e-02  -3.0000000e+01   6.0132000e+02
   2.0150000e-02  -2.7000000e+01   6.2815000e+02
   2.0150000e-02  -2.4000000e+01   6.5242000e+02
   2.0150000e-02  -2.1000000e+01   6.7412000e+02
   2.0150000e-02  -1.8000000e+01   6.9325000e+02
   2.0150000e-02  -1.5000000e+01   7.0979000e+02
   2.0150000e-02  -1.2000000e+01   7.2373000e+02
   2.0150000e-02  -9.0000000e+00   7.3508000e+02
   2.0150000e-02  -6.0000000e+00   7.4383000e+02
   2.0150000e-02  -3.0000000e+00   7.4998000e+02
   2.0150000e-02  -1.3323000e-15   7.5352000e+02
   2.0150000e-02   3.0000000e+00   7.5446000e+02
   2.0150000e-02   6.0000000e+00   7.5279000e+02
   2.0150000e-02   9.0000000e+00   7.4853000e+02
   2.0150000e-02   1.2000000e+01   7.4167000e+02
   2.0150000e-02   1.5000000e+01   7.3222000e+02
   2.0150000e-02   1.8000000e+01   7.2018000e+02
   2.0150000e-02   2.1000000e+01   7.0557000e+02
   2.0150000e-02   2.4000000e+01   6.8838000e+02
   2.0150000e-02   2.7000000e+01   6.6864000e+02
   2.0150000e-02   3.0000000e+01   6.4635000e+02
   2.0348000e-02   2.7300000e+01   6.6927000e+02
   2.0348000e-02   2.4300000e+01   6.8940000e+02
   2.0348000e-02   2.1300000e+01   7.0694000e+02
   2.0348000e-02   1.8300000e+01   7.2189000e+02
   2.0348000e-02   1.5300000e+01   7.3424000e+02
   2.0348000e-02   1.2300000e+01   7.4399000e+02
   2.0348000e-02   9.3000000e+00   7.5112000e+02
   2.0348000e-02   6.3000000e+00   7.5564000e+02
   2.0348000e-02   3.3000000e+00   7.5754000e+02
   2.0348000e-02   3.0000000e-01   7.5681000e+02
   2.0348000e-02  -2.7000000e+00   7.5346000e+02
   2.0348000e-02  -5.7000000e+00   7.4748000e+02
   2.0348000e-02  -8.7000000e+00   7.3888000e+02
   2.0348000e-02  -1.1700000e+01   7.2766000e+02
   2.0348000e-02  -1.4700000e+01   7.1381000e+02
   2.0348000e-02  -1.7700000e+01   6.9736000e+02
   2.0348000e-02  -2.0700000e+01   6.7829000e+02
   2.0348000e-02  -2.3700000e+01   6.5662000e+02
   2.0348000e-02  -2.6700000e+01   6.3236000e+02
   2.0348000e-02  -2.9700000e+01   6.0551000e+02
   2.0547000e-02  -2.7600000e+01   6.2606000e+02
   2.0547000e-02  -2.4600000e+01   6.5136000e+02
   2.0547000e-02  -2.1600000e+01   6.7404000e+02
   2.0547000e-02  -1.8600000e+01   6.9409000e+02
   2.0547000e-02  -1.5600000e+01   7.1152000e+02
   2.0547000e-02  -1.2600000e+01   7.2631000e+02
   2.0547000e-02  -9.6000000e+00   7.3846000e+02
   2.0547000e-02  -6.6000000e+00   7.4797000e+02
   2.0547000e-02  -3.6000000e+00   7.5483000e+02
   2.0547000e-02  -6.0000000e-01   7.5905000e+02
   2.0547000e-02   2.4000000e+00   7.6062000e+02
   2.0547000e-02   5.4000000e+00   7.5954000e+02
   2.0547000e-02   8.4000000e+00   7.5583000e+02
   2.0547000e-02   1.1400000e+01   7.4947000e+02
   2.0547000e-02   1.4400000e+01   7.4048000e+02
   2.0547000e-02   1.7400000e+01   7.2885000e+02
   2.0547000e-02   2.0400000e+01   7.1461000e+02
   2.0547000e-02   2.3400000e+01   6.9775000e+02
   2.0547000e-02   2.6400000e+01   6.7828000e+02
   2.0547000e-02   2.9400000e+01   6.5621000e+02
   2.0745000e-02   2.7900000e+01   6.7011000e+02
   2.0745000e-02   2.4900000e+01   6.9101000e+02
   2.0745000e-02   2.1900000e+01   7.0928000e+02
   2.0745000e-02   1.8900000e+01   7.2492000e+02
   2.0745000e-02   1.5900000e+01   7.3792000e+02
   2.0745000e-02   1.2900000e+01   7.4826000e+02
   2.0745000e-02   9.9000000e+00   7.5596000e+02
   2.0745000e-02   6.9000000e+00   7.6099000e+02
   2.0745000e-02   3.9000000e+00   7.6336000e+02
   2.0745000e-02   9.0000000e-01   7.6307000e+02
   2.0745000e-02  -2.1000000e+00   7.6011000e+02
   2.0745000e-02  -5.1000000e+00   7.5449000e+02
   2.0745000e-02  -8.1000000e+00   7.4619000e+02
   2.0745000e-02  -1.1100000e+01   7.3523000e+02
   2.0745000e-02  -1.4100000e+01   7.2161000e+02
   2.0745000e-02  -1.7100000e+01   7.0532000e+02
   2.0745000e-02  -2.0100000e+01   6.8638000e+02
   2.0745000e-02  -2.3100000e+01   6.6479000e+02
   2.0745000e-02  -2.6100000e+01   6.4056000e+02
   2.0745000e-02  -2.9100000e+01   6.1370000e+02
   2.0944000e-02  -2.8200000e+01   6.2328000e+02
   2.0944000e-02  -2.5200000e+01   6.4961000e+02
   2.0944000e-02  -2.2200000e+01   6.7328000e+02
   2.0944000e-02  -1.9200000e+01   6.9429000e+02
   2.0944000e-02  -1.6200000e+01   7.1263000e+02
   2.0944000e-02  -1.3200000e+01   7.2829000e+02
   2.0944000e-02  -1.0200000e+01   7.4126000e+02
   2.0944000e-02  -7.2000000e+00   7.5154000e+02
   2.0944000e-02  -4.2000000e+00   7.5914000e+02
   2.0944000e-02  -1.2000000e+00   7.6405000e+02
   2.0944000e-02   1.8000000e+00   7.6627000e+02
   2.0944000e-02   4.8000000e+00   7.6580000e+02
   2.0944000e-02   7.8000000e+00   7.6265000e+02
   2.0944000e-02   1.0800000e+01   7.5681000e+02
   2.0944000e-02   1.3800000e+01   7.4830000e+02
   2.0944000e-02   1.6800000e+01   7.3711000e+02
   2.0944000e-02   1.9800000e+01   7.2325000e+02
   2.0944000e-02   2.2800000e+01   7.0673000e+02
   2.0944000e-02   2.5800000e+01   6.8756000e+02
   2.0944000e-02   2.8800000e+01   6.6574000e+02
   2.1142000e-02   2.8500000e+01   6.7038000e+02
   2.1142000e-02   2.5500000e+01   6.9206000e+02
   2.1142000e-02   2.2500000e+01   7.1108000e+02
   2.1142000e-02   1.9500000e+01   7.2742000e+02
   2.1142000e-02   1.6500000e+01   7.4108000e+02
   2.1142000e-02   1.3500000e+01   7.5204000e+02
   2.1142000e-02   1.0500000e+01   7.6031000e+02
   2.1142000e-02   7.5000000e+00   7.6588000e+02
   2.1142000e-02   4.5000000e+00   7.6874000e+02
   2.1142000e-02   1.5000000e+00   7.6890000e+02
   2.1142000e-02  -1.5000000e+00   7.6635000e+02
   2.1142000e-02  -4.5000000e+00   7.6109000e+02
   2.1142000e-02  -7.5000000e+00   7.5311000e+02
   2.1142000e-02  -1.0500000e+01   7.4243000e+02
   2.1142000e-02  -1.3500000e+01   7.2904000e+02
   2.1142000e-02  -1.6500000e+01   7.1295000e+02
   2.1142000e-02  -1.9500000e+01   6.9415000e+02
   2.1142000e-02  -2.2500000e+01   6.7266000e+02
   2.1142000e-02  -2.5500000e+01   6.4847000e+02
   2.1142000e-02  -2.8500000e+01   6.2161000e+02
   2.1341000e-02  -2.8800000e+01   6.1977000e+02
   2.1341000e-02  -2.5800000e+01   6.4717000e+02
   2.1341000e-02  -2.2800000e+01   6.7186000e+02
   2.1341000e-02  -1.9800000e+01   6.9384000e+02
   2.1341000e-02  -1.6800000e+01   7.1310000e+02
   2.1341000e-02  -1.3800000e+01   7.2964000e+02
   2.1341000e-02  -1.0800000e+01   7.4346000e+02
   2.1341000e-02  -7.8000000e+00   7.5454000e+02
   2.1341000e-02  -4.8000000e+00   7.6289000e+02
   2.1341000e-02  -1.8000000e+00   7.6851000e+02
   2.1341000e-02   1.2000000e+00   7.7140000e+02
   2.1341000e-02   4.2000000e+00   7.7156000e+02
   2.1341000e-02   7.2000000e+00   7.6899000e+02
   2.1341000e-02   1.0200000e+01   7.6369000e+02
   2.1341000e-02   1.3200000e+01   7.5568000e+02
   2.1341000e-02   1.6200000e+01   7.4494000e+02
   2.1341000e-02   1.9200000e+01   7.3149000e+02
   2.1341000e-02   2.2200000e+01   7.1533000e+02
   2.1341000e-02   2.5200000e+01   6.9647000e+02
   2.1341000e-02   2.8200000e+01   6.7493000e+02
   2.1539000e-02   2.9100000e+01   6.7007000e+02
   2.1539000e-02   2.6100000e+01   6.9256000e+02
   2.1539000e-02   2.3100000e+01   7.1233000e+02
   2.1539000e-02   2.0100000e+01   7.2939000e+02
   2.1539000e-02   1.7100000e+01   7.4372000e+02
   2.1539000e-02   1.4100000e+01   7.5532000e+02
   2.1539000e-02   1.1100000e+01   7.6418000e+02
   2.1539000e-02   8.1000000e+00   7.7030000e+02
   2.1539000e-02   5.1000000e+00   7.7367000e+02
   2.1539000e-02   2.1000000e+00   7.7429000e+02
   2.1539000e-02  -9.0000000e-01   7.7216000e+02
   2.1539000e-02  -3.9000000e+00   7.6728000e+02
   2.1539000e-02  -6.9000000e+00   7.5965000e+02
   2.1539000e-02  -9.9000000e+00   7.4926000e+02
   2.1539000e-02  -1.2900000e+01   7.3612000e+02
   2.1539000e-02  -1.5900000e+01   7.2023000e+02
   2.1539000e-02  -1.8900000e+01   7.0159000e+02
   2.1539000e-02  -2.1900000e+01   6.8021000e+02
   2.1539000e-02  -2.4900000e+01   6.5609000e+02
   2.1539000e-02  -2.7900000e+01   6.2925000e+02
   2.1738000e-02  -2.9400000e+01   6.1554000e+02
   2.1738000e-02  -2.6400000e+01   6.4402000e+02
   2.1738000e-02  -2.3400000e+01   6.6975000e+02
   2.1738000e-02  -2.0400000e+01   6.9272000e+02
   2.1738000e-02  -1.7400000e+01   7.1294000e+02
   2.1738000e-02  -1.4400000e+01   7.3038000e+02
   2.1738000e-02  -1.1400000e+01   7.4505000e+02
   2.1738000e-02  -8.4000000e+00   7.5695000e+02
   2.1738000e-02  -5.4000000e+00   7.6608000e+02
   2.1738000e-02  -2.4000000e+00   7.7243000e+02
   2.1738000e-02   6.0000000e-01   7.7601000e+02
   2.1738000e-02   3.6000000e+00   7.7681000e+02
   2.1738000e-02   6.6000000e+00   7.7484000e+02
   2.1738000e-02   9.6000000e+00   7.7010000e+02
   2.1738000e-02   1.2600000e+01   7.6260000e+02
   2.1738000e-02   1.5600000e+01   7.5234000e+02
   2.1738000e-02   1.8600000e+01   7.3931000e+02
   2.1738000e-02   2.1600000e+01   7.2354000e+02
   2.1738000e-02   2.4600000e+01   7.0502000e+02
   2.1738000e-02   2.7600000e+01   6.8376000e+02
   2.1936000e-02   2.9700000e+01   6.6917000e+02
   2.1936000e-02   2.6700000e+01   6.9248000e+02
   2.1936000e-02   2.3700000e+01   7.1303000e+02
   2.1936000e-02   2.0700000e+01   7.3083000e+02
   2.1936000e-02   1.7700000e+01   7.4585000e+02
   2.1936000e-02   1.4700000e+01   7.5810000e+02
   2.1936000e-02   1.1700000e+01   7.6756000e+02
   2.1936000e-02   8.7000000e+00   7.7424000e+02
   2.1936000e-02   5.7000000e+00   7.7814000e+02
   2.1936000e-02   2.7000000e+00   7.7924000e+02
   2.1936000e-02  -3.0000000e-01   7.7755000e+02
   2.1936000e-02  -3.3000000e+00   7.7306000e+02
   2.1936000e-02  -6.3000000e+00   7.6578000e+02
   2.1936000e-02  -9.3000000e+00   7.5570000e+02
   2.1936000e-02  -1.2300000e+01   7.4282000e+02
   2.1936000e-02  -1.5300000e+01   7.2716000e+02
   2.1936000e-02  -1.8300000e+01   7.0869000e+02
   2.1936000e-02  -2.1300000e+01   6.8744000e+02
   2.1936000e-02  -2.4300000e+01   6.6341000e+02
   2.1936000e-02  -2.7300000e+01   6.3660000e+02
   2.2135000e-02  -3.0000000e+01   6.1058000e+02
   2.2135000e-02  -2.7000000e+01   6.4016000e+02
   2.2135000e-02  -2.4000000e+01   6.6695000e+02
   2.2135000e-02  -2.1000000e+01   6.9094000e+02
   2.2135000e-02  -1.8000000e+01   7.1212000e+02
   2.2135000e-02  -1.5000000e+01   7.3049000e+02
   2.2135000e-02  -1.2000000e+01   7.4604000e+02
   2.2135000e-02  -9.0000000e+00   7.5878000e+02
   2.2135000e-02  -6.0000000e+00   7.6869000e+02
   2.2135000e-02  -3.0000000e+00   7.7579000e+02
   2.2135000e-02  -1.3323000e-15   7.8008000e+02
   2.2135000e-02   3.0000000e+00   7.8154000e+02
   2.2135000e-02   6.0000000e+00   7.8020000e+02
   2.2135000e-02   9.0000000e+00   7.7604000e+02
   2.2135000e-02   1.2000000e+01   7.6907000e+02
   2.2135000e-02   1.5000000e+01   7.5929000e+02
   2.2135000e-02   1.8000000e+01   7.4672000e+02
   2.2135000e-02   2.1000000e+01   7.3134000e+02
   2.2135000e-02   2.4000000e+01   7.1318000e+02
   2.2135000e-02   2.7000000e+01   6.9223000e+02
   2.2135000e-02   3.0000000e+01   6.6850000e+02
   2.2333000e-02   2.7300000e+01   6.9183000e+02
   2.2333000e-02   2.4300000e+01   7.1318000e+02
   2.2333000e-02   2.1300000e+01   7.3172000e+02
   2.2333000e-02   1.8300000e+01   7.4745000e+02
   2.2333000e-02   1.5300000e+01   7.6036000e+02
   2.2333000e-02   1.2300000e+01   7.7045000e+02
   2.2333000e-02   9.3000000e+00   7.7771000e+02
   2.2333000e-02   6.3000000e+00   7.8214000e+02
   2.2333000e-02   3.3000000e+00   7.8374000e+02
   2.2333000e-02   3.0000000e-01   7.8250000e+02
   2.2333000e-02  -2.7000000e+00   7.7842000e+02
   2.2333000e-02  -5.7000000e+00   7.7151000e+02
   2.2333000e-02  -8.7000000e+00   7.6175000e+02
   2.2333000e-02  -1.1700000e+01   7.4916000e+02
   2.2333000e-02  -1.4700000e+01   7.3373000e+02
   2.2333000e-02  -1.7700000e+01   7.1546000e+02
   2.2333000e-02  -2.0700000e+01   6.9435000e+02
   2.2333000e-02  -2.3700000e+01   6.7042000e+02
   2.2333000e-02  -2.6700000e+01   6.4365000e+02
   2.2333000e-02  -2.9700000e+01   6.1407000e+02
   2.2532000e-02  -2.7600000e+01   6.3558000e+02
   2.2532000e-02  -2.4600000e+01   6.6345000e+02
   2.2532000e-02  -2.1600000e+01   6.8847000e+02
   2.2532000e-02  -1.8600000e+01   7.1064000e+02
   2.2532000e-02  -1.5600000e+01   7.2996000e+02
   2.2532000e-02  -1.2600000e+01   7.4641000e+02
   2.2532000e-02  -9.6000000e+00   7.6000000e+02
   2.2532000e-02  -6.6000000e+00   7.7073000e+02
   2.2532000e-02  -3.6000000e+00   7.7860000e+02
   2.2532000e-02  -6.0000000e-01   7.8361000e+02
   2.2532000e-02   2.4000000e+00   7.8576000e+02
   2.2532000e-02   5.4000000e+00   7.8505000e+02
   2.2532000e-02   8.4000000e+00   7.8149000e+02
   2.2532000e-02   1.1400000e+01   7.7507000e+02
   2.2532000e-02   1.4400000e+01   7.6580000e+02
   2.2532000e-02   1.7400000e+01   7.5369000e+02
   2.2532000e-02   2.0400000e+01   7.3874000e+02
   2.2532000e-02   2.3400000e+01   7.2095000e+02
   2.2532000e-02   2.6400000e+01   7.0032000e+02
   2.2532000e-02   2.9400000e+01   6.7688000e+02
   2.2730000e-02   2.7900000e+01   6.9059000e+02
   2.2730000e-02   2.4900000e+01   7.1276000e+02
   2.2730000e-02   2.1900000e+01   7.3207000e+02
   2.2730000e-02   1.8900000e+01   7.4852000e+02
   2.2730000e-02   1.5900000e+01   7.6211000e+02
   2.2730000e-02   1.2900000e+01   7.7284000e+02
   2.2730000e-02   9.9000000e+00   7.8069000e+02
   2.2730000e-02   6.9000000e+00   7.8567000e+02
   2.2730000e-02   3.9000000e+00   7.8778000e+02
   2.2730000e-02   9.0000000e-01   7.8701000e+02
   2.2730000e-02  -2.1000000e+00   7.8336000e+02
   2.2730000e-02  -5.1000000e+00   7.7683000e+02
   2.2730000e-02  -8.1000000e+00   7.6742000e+02
   2.2730000e-02  -1.1100000e+01   7.5512000e+02
   2.2730000e-02  -1.4100000e+01   7.3994000e+02
   2.2730000e-02  -1.7100000e+01   7.2188000e+02
   2.2730000e-02  -2.0100000e+01   7.0093000e+02
   2.2730000e-02  -2.3100000e+01   6.7711000e+02
   2.2730000e-02  -2.6100000e+01   6.5041000e+02
   2.2730000e-02  -2.9100000e+01   6.2085000e+02
   2.2929000e-02  -2.8200000e+01   6.3027000e+02
   2.2929000e-02  -2.5200000e+01   6.5924000e+02
   2.2929000e-02  -2.2200000e+01   6.8532000e+02
   2.2929000e-02  -1.9200000e+01   7.0850000e+02
   2.2929000e-02  -1.6200000e+01   7.2878000e+02
   2.2929000e-02  -1.3200000e+01   7.4615000e+02
   2.2929000e-02  -1.0200000e+01   7.6062000e+02
   2.2929000e-02  -7.2000000e+00   7.7218000e+02
   2.2929000e-02  -4.2000000e+00   7.8084000e+02
   2.2929000e-02  -1.2000000e+00   7.8659000e+02
   2.2929000e-02   1.8000000e+00   7.8944000e+02
   2.2929000e-02   4.8000000e+00   7.8939000e+02
   2.2929000e-02   7.8000000e+00   7.8644000e+02
   2.2929000e-02   1.0800000e+01   7.8060000e+02
   2.2929000e-02   1.3800000e+01   7.7186000e+02
   2.2929000e-02   1.6800000e+01   7.6023000e+02
   2.2929000e-02   1.9800000e+01   7.4572000e+02
   2.2929000e-02   2.2800000e+01   7.2832000e+02
   2.2929000e-02   2.5800000e+01   7.0805000e+02
   2.2929000e-02   2.8800000e+01   6.8490000e+02
   2.3127000e-02   2.8500000e+01   6.8877000e+02
   2.3127000e-02   2.5500000e+01   7.1176000e+02
   2.3127000e-02   2.2500000e+01   7.3186000e+02
   2.3127000e-02   1.9500000e+01   7.4905000e+02
   2.3127000e-02   1.6500000e+01   7.6334000e+02
   2.3127000e-02   1.3500000e+01   7.7472000e+02
   2.3127000e-02   1.0500000e+01   7.8318000e+02
   2.3127000e-02   7.5000000e+00   7.8873000e+02
   2.3127000e-02   4.5000000e+00   7.9137000e+02
   2.3127000e-02   1.5000000e+00   7.9108000e+02
   2.3127000e-02  -1.5000000e+00   7.8787000e+02
   2.3127000e-02  -4.5000000e+00   7.8174000e+02
   2.3127000e-02  -7.5000000e+00   7.7268000e+02
   2.3127000e-02  -1.0500000e+01   7.6070000e+02
   2.3127000e-02  -1.3500000e+01   7.4579000e+02
   2.3127000e-02  -1.6500000e+01   7.2795000e+02
   2.3127000e-02  -1.9500000e+01   7.0718000e+02
   2.3127000e-02  -2.2500000e+01   6.8349000e+02
   2.3127000e-02  -2.5500000e+01   6.5687000e+02
   2.3127000e-02  -2.8500000e+01   6.2734000e+02
   2.3326000e-02  -2.8800000e+01   6.2422000e+02
   2.3326000e-02  -2.5800000e+01   6.5432000e+02
   2.3326000e-02  -2.2800000e+01   6.8148000e+02
   2.3326000e-02  -1.9800000e+01   7.0569000e+02
   2.3326000e-02  -1.6800000e+01   7.2695000e+02
   2.3326000e-02  -1.3800000e+01   7.4526000e+02
   2.3326000e-02  -1.0800000e+01   7.6063000e+02
   2.3326000e-02  -7.8000000e+00   7.7304000e+02
   2.3326000e-02  -4.8000000e+00   7.8250000e+02
   2.3326000e-02  -1.8000000e+00   7.8902000e+02
   2.3326000e-02   1.2000000e+00   7.9259000e+02
   2.3326000e-02   4.2000000e+00   7.9322000e+02
   2.3326000e-02   7.2000000e+00   7.9090000e+02
   2.3326000e-02   1.0200000e+01   7.8565000e+02
   2.3326000e-02   1.3200000e+01   7.7746000e+02
   2.3326000e-02   1.6200000e+01   7.6633000e+02
   2.3326000e-02   1.9200000e+01   7.5228000e+02
   2.3326000e-02   2.2200000e+01   7.3529000e+02
   2.3326000e-02   2.5200000e+01   7.1538000e+02
   2.3326000e-02   2.8200000e+01   6.9256000e+02
   2.3524000e-02   2.9100000e+01   6.8636000e+02
   2.3524000e-02   2.6100000e+01   7.1019000e+02
   2.3524000e-02   2.3100000e+01   7.3109000e+02
   2.3524000e-02   2.0100000e+01   7.4904000e+02
   2.3524000e-02   1.7100000e+01   7.6404000e+02
   2.3524000e-02   1.4100000e+01   7.7609000e+02
   2.3524000e-02   1.1100000e+01   7.8518000e+02
   2.3524000e-02   8.1000000e+00   7.9132000e+02
   2.3524000e-02   5.1000000e+00   7.9449000e+02
   2.3524000e-02   2.1000000e+00   7.9470000e+02
   2.3524000e-02  -9.0000000e-01   7.9195000e+02
   2.3524000e-02  -3.9000000e+00   7.8623000e+02
   2.3524000e-02  -6.9000000e+00   7.7755000e+02
   2.3524000e-02  -9.9000000e+00   7.6589000e+02
   2.3524000e-02  -1.2900000e+01   7.5126000e+02
   2.3524000e-02  -1.5900000e+01   7.3366000e+02
   2.3524000e-02  -1.8900000e+01   7.1309000e+02
   2.3524000e-02  -2.1900000e+01   6.8954000e+02
   2.3524000e-02  -2.4900000e+01   6.6302000e+02
   2.3524000e-02  -2.7900000e+01   6.3353000e+02
   2.3723000e-02  -2.9400000e+01   6.1741000e+02
   2.3723000e-02  -2.6400000e+01   6.4866000e+02
   2.3723000e-02  -2.3400000e+01   6.7692000e+02
   2.3723000e-02  -2.0400000e+01   7.0219000e+02
   2.3723000e-02  -1.7400000e+01   7.2446000e+02
   2.3723000e-02  -1.4400000e+01   7.4373000e+02
   2.3723000e-02  -1.1400000e+01   7.6001000e+02
   2.3723000e-02  -8.4000000e+00   7.7329000e+02
   2.3723000e-02  -5.4000000e+00   7.8358000e+02
   2.3723000e-02  -2.4000000e+00   7.9088000e+02
   2.3723000e-02   6.0000000e-01   7.9519000e+02
   2.3723000e-02   3.6000000e+00   7.9651000e+02
   2.3723000e-02   6.6000000e+00   7.9485000e+02
   2.3723000e-02   9.6000000e+00   7.9021000e+02
   2.3723000e-02   1.2600000e+01   7.8258000e+02
   2.3723000e-02   1.5600000e+01   7.7198000e+02
   2.3723000e-02   1.8600000e+01   7.5840000e+02
   2.3723000e-02   2.1600000e+01   7.4185000e+02
   2.3723000e-02   2.4600000e+01   7.2233000e+02
   2.3723000e-02   2.7600000e+01   6.9984000e+02
   2.3921000e-02   2.9700000e+01   6.8334000e+02
   2.3921000e-02   2.6700000e+01   7.0804000e+02
   2.3921000e-02   2.3700000e+01   7.2975000e+02
   2.3921000e-02   2.0700000e+01   7.4848000e+02
   2.3921000e-02   1.7700000e+01   7.6421000e+02
   2.3921000e-02   1.4700000e+01   7.7694000e+02
   2.3921000e-02   1.1700000e+01   7.8668000e+02
   2.3921000e-02   8.7000000e+00   7.9341000e+02
   2.3921000e-02   5.7000000e+00   7.9714000e+02
   2.3921000e-02   2.7000000e+00   7.9787000e+02
   2.3921000e-02  -3.0000000e-01   7.9559000e+02
   2.3921000e-02  -3.3000000e+00   7.9030000e+02
   2.3921000e-02  -6.3000000e+00   7.8200000e+02
   2.3921000e-02  -9.3000000e+00   7.7069000e+02
   2.3921000e-02  -1.2300000e+01   7.5636000e+02
   2.3921000e-02  -1.5300000e+01   7.3901000e+02
   2.3921000e-02  -1.8300000e+01   7.1865000e+02
   2.3921000e-02  -2.1300000e+01   6.9526000e+02
   2.3921000e-02  -2.4300000e+01   6.6886000e+02
   2.3921000e-02  -2.7300000e+01   6.3943000e+02
   2.4120000e-02  -3.0000000e+01   6.0984000e+02
   2.4120000e-02  -2.7000000e+01   6.4227000e+02
   2.4120000e-02  -2.4000000e+01   6.7166000e+02
   2.4120000e-02  -2.1000000e+01   6.9800000e+02
   2.4120000e-02  -1.8000000e+01   7.2130000e+02
   2.4120000e-02  -1.5000000e+01   7.4155000e+02
   2.4120000e-02  -1.2000000e+01   7.5877000e+02
   2.4120000e-02  -9.0000000e+00   7.7294000e+02
   2.4120000e-02  -6.0000000e+00   7.8408000e+02
   2.4120000e-02  -3.0000000e+00   7.9218000e+02
   2.4120000e-02  -1.3323000e-15   7.9725000e+02
   2.4120000e-02   3.0000000e+00   7.9928000e+02
   2.4120000e-02   6.0000000e+00   7.9829000e+02
   2.4120000e-02   9.0000000e+00   7.9428000e+02
   2.4120000e-02   1.2000000e+01   7.8723000e+02
   2.4120000e-02   1.5000000e+01   7.7717000e+02
   2.4120000e-02   1.8000000e+01   7.6409000e+02
   2.4120000e-02   2.1000000e+01   7.4799000e+02
   2.4120000e-02   2.4000000e+01   7.2887000e+02
   2.4120000e-02   2.7000000e+01   7.0674000e+02
   2.4120000e-02   3.0000000e+01   6.8161000e+02
   2.4318000e-02   2.7300000e+01   7.0530000e+02
   2.4318000e-02   2.4300000e+01   7.2785000e+02
   2.4318000e-02   2.1300000e+01   7.4736000e+02
   2.4318000e-02   1.8300000e+01   7.6384000e+02
   2.4318000e-02   1.5300000e+01   7.7727000e+02
   2.4318000e-02   1.2300000e+01   7.8767000e+02
   2.4318000e-02   9.3000000e+00   7.9502000e+02
   2.4318000e-02   6.3000000e+00   7.9932000e+02
   2.4318000e-02   3.3000000e+00   8.0058000e+02
   2.4318000e-02   3.0000000e-01   7.9879000e+02
   2.4318000e-02  -2.7000000e+00   7.9394000e+02
   2.4318000e-02  -5.7000000e+00   7.8605000e+02
   2.4318000e-02  -8.7000000e+00   7.7509000e+02
   2.4318000e-02  -1.1700000e+01   7.6108000e+02
   2.4318000e-02  -1.4700000e+01   7.4400000e+02
   2.4318000e-02  -1.7700000e+01   7.2386000e+02
   2.4318000e-02  -2.0700000e+01   7.0065000e+02
   2.4318000e-02  -2.3700000e+01   6.7437000e+02
   2.4318000e-02  -2.6700000e+01   6.4503000e+02
   2.4318000e-02  -2.9700000e+01   6.1262000e+02
   2.4517000e-02  -2.7600000e+01   6.3513000e+02
   2.4517000e-02  -2.4600000e+01   6.6566000e+02
   2.4517000e-02  -2.1600000e+01   6.9310000e+02
   2.4517000e-02  -1.8600000e+01   7.1745000e+02
   2.4517000e-02  -1.5600000e+01   7.3871000e+02
   2.4517000e-02  -1.2600000e+01   7.5688000e+02
   2.4517000e-02  -9.6000000e+00   7.7197000e+02
   2.4517000e-02  -6.6000000e+00   7.8397000e+02
   2.4517000e-02  -3.6000000e+00   7.9289000e+02
   2.4517000e-02  -6.0000000e-01   7.9874000e+02
   2.4517000e-02   2.4000000e+00   8.0151000e+02
   2.4517000e-02   5.4000000e+00   8.0121000e+02
   2.4517000e-02   8.4000000e+00   7.9784000e+02
   2.4517000e-02   1.1400000e+01   7.9140000e+02
   2.4517000e-02   1.4400000e+01   7.8190000e+02
   2.4517000e-02   1.7400000e+01   7.6933000e+02
   2.4517000e-02   2.0400000e+01   7.5370000e+02
   2.4517000e-02   2.3400000e+01   7.3501000e+02
   2.4517000e-02   2.6400000e+01   7.1326000e+02
   2.4517000e-02   2.9400000e+01   6.8845000e+02
   2.4715000e-02   2.7900000e+01   7.0196000e+02
   2.4715000e-02   2.4900000e+01   7.2536000e+02
   2.4715000e-02   2.1900000e+01   7.4568000e+02
   2.4715000e-02   1.8900000e+01   7.6292000e+02
   2.4715000e-02   1.5900000e+01   7.7707000e+02
   2.4715000e-02   1.2900000e+01   7.8814000e+02
   2.4715000e-02   9.9000000e+00   7.9613000e+02
   2.4715000e-02   6.9000000e+00   8.0102000e+02
   2.4715000e-02   3.9000000e+00   8.0282000e+02
   2.4715000e-02   9.0000000e-01   8.0153000e+02
   2.4715000e-02  -2.1000000e+00   7.9715000e+02
   2.4715000e-02  -5.1000000e+00   7.8967000e+02
   2.4715000e-02  -8.1000000e+00   7.7909000e+02
   2.4715000e-02  -1.1100000e+01   7.6540000e+02
   2.4715000e-02  -1.4100000e+01   7.4861000e+02
   2.4715000e-02  -1.7100000e+01   7.2871000e+02
   2.4715000e-02  -2.0100000e+01   7.0570000e+02
   2.4715000e-02  -2.3100000e+01   6.7956000e+02
   2.4715000e-02  -2.6100000e+01   6.5032000e+02
   2.4715000e-02  -2.9100000e+01   6.1795000e+02
   2.4914000e-02  -2.8200000e+01   6.2722000e+02
   2.4914000e-02  -2.5200000e+01   6.5893000e+02
   2.4914000e-02  -2.2200000e+01   6.8750000e+02
   2.4914000e-02  -1.9200000e+01   7.1292000e+02
   2.4914000e-02  -1.6200000e+01   7.3521000e+02
   2.4914000e-02  -1.3200000e+01   7.5436000e+02
   2.4914000e-02  -1.0200000e+01   7.7038000e+02
   2.4914000e-02  -7.2000000e+00   7.8326000e+02
   2.4914000e-02  -4.2000000e+00   7.9303000e+02
   2.4914000e-02  -1.2000000e+00   7.9967000e+02
   2.4914000e-02   1.8000000e+00   8.0319000e+02
   2.4914000e-02   4.8000000e+00   8.0360000e+02
   2.4914000e-02   7.8000000e+00   8.0090000e+02
   2.4914000e-02   1.0800000e+01   7.9508000e+02
   2.4914000e-02   1.3800000e+01   7.8615000e+02
   2.4914000e-02   1.6800000e+01   7.7412000e+02
   2.4914000e-02   1.9800000e+01   7.5898000e+02
   2.4914000e-02   2.2800000e+01   7.4073000e+02
   2.4914000e-02   2.5800000e+01   7.1938000e+02
   2.4914000e-02   2.8800000e+01   6.9492000e+02
   2.5112000e-02   2.8500000e+01   6.9801000e+02
   2.5112000e-02   2.5500000e+01   7.2228000e+02
   2.5112000e-02   2.2500000e+01   7.4343000e+02
   2.5112000e-02   1.9500000e+01   7.6145000e+02
   2.5112000e-02   1.6500000e+01   7.7634000e+02
   2.5112000e-02   1.3500000e+01   7.8810000e+02
   2.5112000e-02   1.0500000e+01   7.9673000e+02
   2.5112000e-02   7.5000000e+00   8.0223000e+02
   2.5112000e-02   4.5000000e+00   8.0460000e+02
   2.5112000e-02   1.5000000e+00   8.0383000e+02
   2.5112000e-02  -1.5000000e+00   7.9992000e+02
   2.5112000e-02  -4.5000000e+00   7.9287000e+02
   2.5112000e-02  -7.5000000e+00   7.8268000e+02
   2.5112000e-02  -1.0500000e+01   7.6934000e+02
   2.5112000e-02  -1.3500000e+01   7.5285000e+02
   2.5112000e-02  -1.6500000e+01   7.3320000e+02
   2.5112000e-02  -1.9500000e+01   7.1040000e+02
   2.5112000e-02  -2.2500000e+01   6.8443000e+02
   2.5112000e-02  -2.5500000e+01   6.5529000e+02
   2.5112000e-02  -2.8500000e+01   6.2299000e+02
   2.5311000e-02  -2.8800000e+01   6.1855000e+02
   2.5311000e-02  -2.5800000e+01   6.5146000e+02
   2.5311000e-02  -2.2800000e+01   6.8117000e+02
   2.5311000e-02  -1.9800000e+01   7.0769000e+02
   2.5311000e-02  -1.6800000e+01   7.3103000e+02
   2.5311000e-02  -1.3800000e+01   7.5118000e+02
   2.5311000e-02  -1.0800000e+01   7.6815000e+02
   2.5311000e-02  -7.8000000e+00   7.8194000e+02
   2.5311000e-02  -4.8000000e+00   7.9257000e+02
   2.5311000e-02  -1.8000000e+00   8.0003000e+02
   2.5311000e-02   1.2000000e+00   8.0432000e+02
   2.5311000e-02   4.2000000e+00   8.0546000e+02
   2.5311000e-02   7.2000000e+00   8.0344000e+02
   2.5311000e-02   1.0200000e+01   7.9826000e+02
   2.5311000e-02   1.3200000e+01   7.8993000e+02
   2.5311000e-02   1.6200000e+01   7.7845000e+02
   2.5311000e-02   1.9200000e+01   7.6381000e+02
   2.5311000e-02   2.2200000e+01   7.4603000e+02
   2.5311000e-02   2.5200000e+01   7.2509000e+02
   2.5311000e-02   2.8200000e+01   7.0100000e+02
   2.5509000e-02   2.9100000e+01   6.9345000e+02
   2.5509000e-02   2.6100000e+01   7.1862000e+02
   2.5509000e-02   2.3100000e+01   7.4061000e+02
   2.5509000e-02   2.0100000e+01   7.5943000e+02
   2.5509000e-02   1.7100000e+01   7.7507000e+02
   2.5509000e-02   1.4100000e+01   7.8754000e+02
   2.5509000e-02   1.1100000e+01   7.9683000e+02
   2.5509000e-02   8.1000000e+00   8.0295000e+02
   2.5509000e-02   5.1000000e+00   8.0590000e+02
   2.5509000e-02   2.1000000e+00   8.0566000e+02
   2.5509000e-02  -9.0000000e-01   8.0224000e+02
   2.5509000e-02  -3.9000000e+00   7.9564000e+02
   2.5509000e-02  -6.9000000e+00   7.8586000e+02
   2.5509000e-02  -9.9000000e+00   7.7288000e+02
   2.5509000e-02  -1.2900000e+01   7.5670000e+02
   2.5509000e-02  -1.5900000e+01   7.3733000e+02
   2.5509000e-02  -1.8900000e+01   7.1474000e+02
   2.5509000e-02  -2.1900000e+01   6.8895000e+02
   2.5509000e-02  -2.4900000e+01   6.5994000e+02
   2.5509000e-02  -2.7900000e+01   6.2772000e+02
   2.5708000e-02  -2.9400000e+01   6.0910000e+02
   2.5708000e-02  -2.6400000e+01   6.4323000e+02
   2.5708000e-02  -2.3400000e+01   6.7411000e+02
   2.5708000e-02  -2.0400000e+01   7.0175000e+02
   2.5708000e-02  -1.7400000e+01   7.2616000e+02
   2.5708000e-02  -1.4400000e+01   7.4733000e+02
   2.5708000e-02  -1.1400000e+01   7.6528000e+02
   2.5708000e-02  -8.4000000e+00   7.8000000e+02
   2.5708000e-02  -5.4000000e+00   7.9151000e+02
   2.5708000e-02  -2.4000000e+00   7.9980000e+02
   2.5708000e-02   6.0000000e-01   8.0489000e+02
   2.5708000e-02   3.6000000e+00   8.0677000e+02
   2.5708000e-02   6.6000000e+00   8.0545000e+02
   2.5708000e-02   9.6000000e+00   8.0094000e+02
   2.5708000e-02   1.2600000e+01   7.9322000e+02
   2.5708000e-02   1.5600000e+01   7.8231000e+02
   2.5708000e-02   1.8600000e+01   7.6820000e+02
   2.5708000e-02   2.1600000e+01   7.5090000e+02
   2.5708000e-02   2.4600000e+01   7.3039000e+02
   2.5708000e-02   2.7600000e+01   7.0669000e+02
   2.5906000e-02   2.9700000e+01   6.8827000e+02
   2.5906000e-02   2.6700000e+01   7.1435000e+02
   2.5906000e-02   2.3700000e+01   7.3720000e+02
   2.5906000e-02   2.0700000e+01   7.5683000e+02
   2.5906000e-02   1.7700000e+01   7.7325000e+02
   2.5906000e-02   1.4700000e+01   7.8644000e+02
   2.5906000e-02   1.1700000e+01   7.9642000e+02
   2.5906000e-02   8.7000000e+00   8.0318000e+02
   2.5906000e-02   5.7000000e+00   8.0671000e+02
   2.5906000e-02   2.7000000e+00   8.0703000e+02
   2.5906000e-02  -3.0000000e-01   8.0412000e+02
   2.5906000e-02  -3.3000000e+00   7.9798000e+02
   2.5906000e-02  -6.3000000e+00   7.8862000e+02
   2.5906000e-02  -9.3000000e+00   7.7601000e+02
   2.5906000e-02  -1.2300000e+01   7.6017000e+02
   2.5906000e-02  -1.5300000e+01   7.4108000e+02
   2.5906000e-02  -1.8300000e+01   7.1874000e+02
   2.5906000e-02  -2.1300000e+01   6.9314000e+02
   2.5906000e-02  -2.4300000e+01   6.6427000e+02
   2.5906000e-02  -2.7300000e+01   6.3213000e+02
   2.6105000e-02  -3.0000000e+01   5.9884000e+02
   2.6105000e-02  -2.7000000e+01   6.3423000e+02
   2.6105000e-02  -2.4000000e+01   6.6631000e+02
   2.6105000e-02  -2.1000000e+01   6.9510000e+02
   2.6105000e-02  -1.8000000e+01   7.2060000e+02
   2.6105000e-02  -1.5000000e+01   7.4281000e+02
   2.6105000e-02  -1.2000000e+01   7.6176000e+02
   2.6105000e-02  -9.0000000e+00   7.7743000e+02
   2.6105000e-02  -6.0000000e+00   7.8984000e+02
   2.6105000e-02  -3.0000000e+00   7.9899000e+02
   2.6105000e-02  -1.3323000e-15   8.0489000e+02
   2.6105000e-02   3.0000000e+00   8.0753000e+02
   2.6105000e-02   6.0000000e+00   8.0694000e+02
   2.6105000e-02   9.0000000e+00   8.0310000e+02
   2.6105000e-02   1.2000000e+01   7.9602000e+02
   2.6105000e-02   1.5000000e+01   7.8569000e+02
   2.6105000e-02   1.8000000e+01   7.7213000e+02
   2.6105000e-02   2.1000000e+01   7.5532000e+02
   2.6105000e-02   2.4000000e+01   7.3528000e+02
   2.6105000e-02   2.7000000e+01   7.1198000e+02
   2.6105000e-02   3.0000000e+01   6.8544000e+02
   2.6303000e-02   2.7300000e+01   7.0947000e+02
   2.6303000e-02   2.4300000e+01   7.3320000e+02
   2.6303000e-02   2.1300000e+01   7.5367000e+02
   2.6303000e-02   1.8300000e+01   7.7087000e+02
   2.6303000e-02   1.5300000e+01   7.8481000e+02
   2.6303000e-02   1.2300000e+01   7.9549000e+02
   2.6303000e-02   9.3000000e+00   8.0290000e+02
   2.6303000e-02   6.3000000e+00   8.0704000e+02
   2.6303000e-02   3.3000000e+00   8.0792000e+02
   2.6303000e-02   3.0000000e-01   8.0554000e+02
   2.6303000e-02  -2.7000000e+00   7.9988000e+02
   2.6303000e-02  -5.7000000e+00   7.9095000e+02
   2.6303000e-02  -8.7000000e+00   7.7874000e+02
   2.6303000e-02  -1.1700000e+01   7.6324000e+02
   2.6303000e-02  -1.4700000e+01   7.4445000e+02
   2.6303000e-02  -1.7700000e+01   7.2237000e+02
   2.6303000e-02  -2.0700000e+01   6.9697000e+02
   2.6303000e-02  -2.3700000e+01   6.6827000e+02
   2.6303000e-02  -2.6700000e+01   6.3624000e+02
   2.6303000e-02  -2.9700000e+01   6.0089000e+02
   2.6502000e-02  -2.7600000e+01   6.2445000e+02
   2.6502000e-02  -2.4600000e+01   6.5775000e+02
   2.6502000e-02  -2.1600000e+01   6.8771000e+02
   2.6502000e-02  -1.8600000e+01   7.1433000e+02
   2.6502000e-02  -1.5600000e+01   7.3761000e+02
   2.6502000e-02  -1.2600000e+01   7.5757000e+02
   2.6502000e-02  -9.6000000e+00   7.7422000e+02
   2.6502000e-02  -6.6000000e+00   7.8755000e+02
   2.6502000e-02  -3.6000000e+00   7.9758000e+02
   2.6502000e-02  -6.0000000e-01   8.0431000e+02
   2.6502000e-02   2.4000000e+00   8.0774000e+02
   2.6502000e-02   5.4000000e+00   8.0789000e+02
   2.6502000e-02   8.4000000e+00   8.0474000e+02
   2.6502000e-02   1.1400000e+01   7.9831000e+02
   2.6502000e-02   1.4400000e+01   7.8860000e+02
   2.6502000e-02   1.7400000e+01   7.7560000e+02
   2.6502000e-02   2.0400000e+01   7.5931000e+02
   2.6502000e-02   2.3400000e+01   7.3973000e+02
   2.6502000e-02   2.6400000e+01   7.1686000e+02
   2.6502000e-02   2.9400000e+01   6.9070000e+02
   2.6700000e-02   2.7900000e+01   7.0397000e+02
   2.6700000e-02   2.4900000e+01   7.2861000e+02
   2.6700000e-02   2.1900000e+01   7.4993000e+02
   2.6700000e-02   1.8900000e+01   7.6794000e+02
   2.6700000e-02   1.5900000e+01   7.8264000e+02
   2.6700000e-02   1.2900000e+01   7.9403000e+02
   2.6700000e-02   9.9000000e+00   8.0211000e+02
   2.6700000e-02   6.9000000e+00   8.0688000e+02
   2.6700000e-02   3.9000000e+00   8.0834000e+02
   2.6700000e-02   9.0000000e-01   8.0650000e+02
   2.6700000e-02  -2.1000000e+00   8.0134000e+02
   2.6700000e-02  -5.1000000e+00   7.9286000e+02
   2.6700000e-02  -8.1000000e+00   7.8105000e+02
   2.6700000e-02  -1.1100000e+01   7.6592000e+02
   2.6700000e-02  -1.4100000e+01   7.4744000e+02
   2.6700000e-02  -1.7100000e+01   7.2563000e+02
   2.6700000e-02  -2.0100000e+01   7.0046000e+02
   2.6700000e-02  -2.3100000e+01   6.7192000e+02
   2.6700000e-02  -2.6100000e+01   6.4002000e+02
   2.6700000e-02  -2.9100000e+01   6.0474000e+02
   2.6899000e-02  -2.8200000e+01   6.1387000e+02
   2.6899000e-02  -2.5200000e+01   6.4843000e+02
   2.6899000e-02  -2.2200000e+01   6.7959000e+02
   2.6899000e-02  -1.9200000e+01   7.0735000e+02
   2.6899000e-02  -1.6200000e+01   7.3172000e+02
   2.6899000e-02  -1.3200000e+01   7.5273000e+02
   2.6899000e-02  -1.0200000e+01   7.7036000e+02
   2.6899000e-02  -7.2000000e+00   7.8464000e+02
   2.6899000e-02  -4.2000000e+00   7.9556000e+02
   2.6899000e-02  -1.2000000e+00   8.0314000e+02
   2.6899000e-02   1.8000000e+00   8.0738000e+02
   2.6899000e-02   4.8000000e+00   8.0829000e+02
   2.6899000e-02   7.8000000e+00   8.0586000e+02
   2.6899000e-02   1.0800000e+01   8.0010000e+02
   2.6899000e-02   1.3800000e+01   7.9101000e+02
   2.6899000e-02   1.6800000e+01   7.7859000e+02
   2.6899000e-02   1.9800000e+01   7.6284000e+02
   2.6899000e-02   2.2800000e+01   7.4376000e+02
   2.6899000e-02   2.5800000e+01   7.2133000e+02
   2.6899000e-02   2.8800000e+01   6.9557000e+02
   2.7098000e-02   2.8500000e+01   6.9785000e+02
   2.7098000e-02   2.5500000e+01   7.2341000e+02
   2.7098000e-02   2.2500000e+01   7.4560000e+02
   2.7098000e-02   1.9500000e+01   7.6444000e+02
   2.7098000e-02   1.6500000e+01   7.7991000e+02
   2.7098000e-02   1.3500000e+01   7.9203000e+02
   2.7098000e-02   1.0500000e+01   8.0080000e+02
   2.7098000e-02   7.5000000e+00   8.0622000e+02
   2.7098000e-02   4.5000000e+00   8.0828000e+02
   2.7098000e-02   1.5000000e+00   8.0699000e+02
   2.7098000e-02  -1.5000000e+00   8.0234000e+02
   2.7098000e-02  -4.5000000e+00   7.9432000e+02
   2.7098000e-02  -7.5000000e+00   7.8294000e+02
   2.7098000e-02  -1.0500000e+01   7.6819000e+02
   2.7098000e-02  -1.3500000e+01   7.5005000e+02
   2.7098000e-02  -1.6500000e+01   7.2852000e+02
   2.7098000e-02  -1.9500000e+01   7.0358000e+02
   2.7098000e-02  -2.2500000e+01   6.7524000e+02
   2.7098000e-02  -2.5500000e+01   6.4348000e+02
   2.7098000e-02  -2.8500000e+01   6.0829000e+02
   2.7296000e-02  -2.8800000e+01   6.0250000e+02
   2.7296000e-02  -2.5800000e+01   6.3833000e+02
   2.7296000e-02  -2.2800000e+01   6.7071000e+02
   2.7296000e-02  -1.9800000e+01   6.9964000e+02
   2.7296000e-02  -1.6800000e+01   7.2513000e+02
   2.7296000e-02  -1.3800000e+01   7.4720000e+02
   2.7296000e-02  -1.0800000e+01   7.6585000e+02
   2.7296000e-02  -7.8000000e+00   7.8109000e+02
   2.7296000e-02  -4.8000000e+00   7.9293000e+02
   2.7296000e-02  -1.8000000e+00   8.0138000e+02
   2.7296000e-02   1.2000000e+00   8.0645000e+02
   2.7296000e-02   4.2000000e+00   8.0814000e+02
   2.7296000e-02   7.2000000e+00   8.0644000e+02
   2.7296000e-02   1.0200000e+01   8.0137000e+02
   2.7296000e-02   1.3200000e+01   7.9293000e+02
   2.7296000e-02   1.6200000e+01   7.8111000e+02
   2.7296000e-02   1.9200000e+01   7.6591000e+02
   2.7296000e-02   2.2200000e+01   7.4734000e+02
   2.7296000e-02   2.5200000e+01   7.2538000e+02
   2.7296000e-02   2.8200000e+01   7.0002000e+02
   2.7495000e-02   2.9100000e+01   6.9109000e+02
   2.7495000e-02   2.6100000e+01   7.1759000e+02
   2.7495000e-02   2.3100000e+01   7.4068000e+02
   2.7495000e-02   2.0100000e+01   7.6036000e+02
   2.7495000e-02   1.7100000e+01   7.7663000e+02
   2.7495000e-02   1.4100000e+01   7.8950000e+02
   2.7495000e-02   1.1100000e+01   7.9898000e+02
   2.7495000e-02   8.1000000e+00   8.0505000e+02
   2.7495000e-02   5.1000000e+00   8.0773000e+02
   2.7495000e-02   2.1000000e+00   8.0701000e+02
   2.7495000e-02  -9.0000000e-01   8.0288000e+02
   2.7495000e-02  -3.9000000e+00   7.9535000e+02
   2.7495000e-02  -6.9000000e+00   7.8441000e+02
   2.7495000e-02  -9.9000000e+00   7.7005000e+02
   2.7495000e-02  -1.2900000e+01   7.5226000e+02
   2.7495000e-02  -1.5900000e+01   7.3103000e+02
   2.7495000e-02  -1.8900000e+01   7.0635000e+02
   2.7495000e-02  -2.1900000e+01   6.7821000e+02
   2.7495000e-02  -2.4900000e+01   6.4660000e+02
   2.7495000e-02  -2.7900000e+01   6.1151000e+02
   2.7693000e-02  -2.9400000e+01   5.9030000e+02
   2.7693000e-02  -2.6400000e+01   6.2744000e+02
   2.7693000e-02  -2.3400000e+01   6.6107000e+02
   2.7693000e-02  -2.0400000e+01   6.9119000e+02
   2.7693000e-02  -1.7400000e+01   7.1783000e+02
   2.7693000e-02  -1.4400000e+01   7.4098000e+02
   2.7693000e-02  -1.1400000e+01   7.6067000e+02
   2.7693000e-02  -8.4000000e+00   7.7690000e+02
   2.7693000e-02  -5.4000000e+00   7.8968000e+02
   2.7693000e-02  -2.4000000e+00   7.9903000e+02
   2.7693000e-02   6.0000000e-01   8.0494000e+02
   2.7693000e-02   3.6000000e+00   8.0742000e+02
   2.7693000e-02   6.6000000e+00   8.0648000e+02
   2.7693000e-02   9.6000000e+00   8.0212000e+02
   2.7693000e-02   1.2600000e+01   7.9434000e+02
   2.7693000e-02   1.5600000e+01   7.8314000e+02
   2.7693000e-02   1.8600000e+01   7.6852000e+02
   2.7693000e-02   2.1600000e+01   7.5047000e+02
   2.7693000e-02   2.4600000e+01   7.2899000e+02
   2.7693000e-02   2.7600000e+01   7.0407000e+02
   2.7892000e-02   2.9700000e+01   6.8369000e+02
   2.7892000e-02   2.6700000e+01   7.1116000e+02
   2.7892000e-02   2.3700000e+01   7.3516000e+02
   2.7892000e-02   2.0700000e+01   7.5570000e+02
   2.7892000e-02   1.7700000e+01   7.7279000e+02
   2.7892000e-02   1.4700000e+01   7.8643000e+02
   2.7892000e-02   1.1700000e+01   7.9662000e+02
   2.7892000e-02   8.7000000e+00   8.0337000e+02
   2.7892000e-02   5.7000000e+00   8.0668000e+02
   2.7892000e-02   2.7000000e+00   8.0655000e+02
   2.7892000e-02  -3.0000000e-01   8.0297000e+02
   2.7892000e-02  -3.3000000e+00   7.9594000e+02
   2.7892000e-02  -6.3000000e+00   7.8545000e+02
   2.7892000e-02  -9.3000000e+00   7.7149000e+02
   2.7892000e-02  -1.2300000e+01   7.5406000e+02
   2.7892000e-02  -1.5300000e+01   7.3315000e+02
   2.7892000e-02  -1.8300000e+01   7.0874000e+02
   2.7892000e-02  -2.1300000e+01   6.8083000e+02
   2.7892000e-02  -2.4300000e+01   6.4939000e+02
   2.7892000e-02  -2.7300000e+01   6.1442000e+02
   2.8090000e-02  -3.0000000e+01   5.7727000e+02
   2.8090000e-02  -2.7000000e+01   6.1575000e+02
   2.8090000e-02  -2.4000000e+01   6.5065000e+02
   2.8090000e-02  -2.1000000e+01   6.8200000e+02
   2.8090000e-02  -1.8000000e+01   7.0980000e+02
   2.8090000e-02  -1.5000000e+01   7.3407000e+02
   2.8090000e-02  -1.2000000e+01   7.5482000e+02
   2.8090000e-02  -9.0000000e+00   7.7206000e+02
   2.8090000e-02  -6.0000000e+00   7.8580000e+02
   2.8090000e-02  -3.0000000e+00   7.9606000e+02
   2.8090000e-02  -1.3323000e-15   8.0284000e+02
   2.8090000e-02   3.0000000e+00   8.0614000e+02
   2.8090000e-02   6.0000000e+00   8.0597000e+02
   2.8090000e-02   9.0000000e+00   8.0234000e+02
   2.8090000e-02   1.2000000e+01   7.9524000e+02
   2.8090000e-02   1.5000000e+01   7.8468000e+02
   2.8090000e-02   1.8000000e+01   7.7065000e+02
   2.8090000e-02   2.1000000e+01   7.5315000e+02
   2.8090000e-02   2.4000000e+01   7.3216000e+02
   2.8090000e-02   2.7000000e+01   7.0770000e+02
   2.8090000e-02   3.0000000e+01   6.7975000e+02
   2.8289000e-02   2.7300000e+01   7.0409000e+02
   2.8289000e-02   2.4300000e+01   7.2902000e+02
   2.8289000e-02   2.1300000e+01   7.5045000e+02
   2.8289000e-02   1.8300000e+01   7.6837000e+02
   2.8289000e-02   1.5300000e+01   7.8280000e+02
   2.8289000e-02   1.2300000e+01   7.9373000e+02
   2.8289000e-02   9.3000000e+00   8.0118000e+02
   2.8289000e-02   6.3000000e+00   8.0514000e+02
   2.8289000e-02   3.3000000e+00   8.0561000e+02
   2.8289000e-02   3.0000000e-01   8.0259000e+02
   2.8289000e-02  -2.7000000e+00   7.9607000e+02
   2.8289000e-02  -5.7000000e+00   7.8605000e+02
   2.8289000e-02  -8.7000000e+00   7.7252000e+02
   2.8289000e-02  -1.1700000e+01   7.5547000e+02
   2.8289000e-02  -1.4700000e+01   7.3489000e+02
   2.8289000e-02  -1.7700000e+01   7.1076000e+02
   2.8289000e-02  -2.0700000e+01   6.8308000e+02
   2.8289000e-02  -2.3700000e+01   6.5183000e+02
   2.8289000e-02  -2.6700000e+01   6.1700000e+02
   2.8289000e-02  -2.9700000e+01   5.7856000e+02
   2.8487000e-02  -2.7600000e+01   6.0324000e+02
   2.8487000e-02  -2.4600000e+01   6.3945000e+02
   2.8487000e-02  -2.1600000e+01   6.7205000e+02
   2.8487000e-02  -1.8600000e+01   7.0104000e+02
   2.8487000e-02  -1.5600000e+01   7.2645000e+02
   2.8487000e-02  -1.2600000e+01   7.4828000e+02
   2.8487000e-02  -9.6000000e+00   7.6655000e+02
   2.8487000e-02  -6.6000000e+00   7.8128000e+02
   2.8487000e-02  -3.6000000e+00   7.9247000e+02
   2.8487000e-02  -6.0000000e-01   8.0014000e+02
   2.8487000e-02   2.4000000e+00   8.0428000e+02
   2.8487000e-02   5.4000000e+00   8.0491000e+02
   2.8487000e-02   8.4000000e+00   8.0202000e+02
   2.8487000e-02   1.1400000e+01   7.9563000e+02
   2.8487000e-02   1.4400000e+01   7.8572000e+02
   2.8487000e-02   1.7400000e+01   7.7230000e+02
   2.8487000e-02   2.0400000e+01   7.5536000e+02
   2.8487000e-02   2.3400000e+01   7.3490000e+02
   2.8487000e-02   2.6400000e+01   7.1090000e+02
   2.8487000e-02   2.9400000e+01   6.8337000e+02
   2.8686000e-02   2.7900000e+01   6.9638000e+02
   2.8686000e-02   2.4900000e+01   7.2227000e+02
   2.8686000e-02   2.1900000e+01   7.4460000e+02
   2.8686000e-02   1.8900000e+01   7.6337000e+02
   2.8686000e-02   1.5900000e+01   7.7861000e+02
   2.8686000e-02   1.2900000e+01   7.9030000e+02
   2.8686000e-02   9.9000000e+00   7.9846000e+02
   2.8686000e-02   6.9000000e+00   8.0308000e+02
   2.8686000e-02   3.9000000e+00   8.0417000e+02
   2.8686000e-02   9.0000000e-01   8.0173000e+02
   2.8686000e-02  -2.1000000e+00   7.9574000e+02
   2.8686000e-02  -5.1000000e+00   7.8621000e+02
   2.8686000e-02  -8.1000000e+00   7.7312000e+02
   2.8686000e-02  -1.1100000e+01   7.5646000e+02
   2.8686000e-02  -1.4100000e+01   7.3623000e+02
   2.8686000e-02  -1.7100000e+01   7.1240000e+02
   2.8686000e-02  -2.0100000e+01   6.8498000e+02
   2.8686000e-02  -2.3100000e+01   6.5393000e+02
   2.8686000e-02  -2.6100000e+01   6.1924000e+02
   2.8686000e-02  -2.9100000e+01   5.8090000e+02
   2.8884000e-02  -2.8200000e+01   5.8990000e+02
   2.8884000e-02  -2.5200000e+01   6.2745000e+02
   2.8884000e-02  -2.2200000e+01   6.6132000e+02
   2.8884000e-02  -1.9200000e+01   6.9153000e+02
   2.8884000e-02  -1.6200000e+01   7.1810000e+02
   2.8884000e-02  -1.3200000e+01   7.4105000e+02
   2.8884000e-02  -1.0200000e+01   7.6038000e+02
   2.8884000e-02  -7.2000000e+00   7.7611000e+02
   2.8884000e-02  -4.2000000e+00   7.8826000e+02
   2.8884000e-02  -1.2000000e+00   7.9683000e+02
   2.8884000e-02   1.8000000e+00   8.0183000e+02
   2.8884000e-02   4.8000000e+00   8.0327000e+02
   2.8884000e-02   7.8000000e+00   8.0116000e+02
   2.8884000e-02   1.0800000e+01   7.9548000e+02
   2.8884000e-02   1.3800000e+01   7.8625000e+02
   2.8884000e-02   1.6800000e+01   7.7346000e+02
   2.8884000e-02   1.9800000e+01   7.5710000e+02
   2.8884000e-02   2.2800000e+01   7.3717000e+02
   2.8884000e-02   2.5800000e+01   7.1367000e+02
   2.8884000e-02   2.8800000e+01   6.8658000e+02
   2.9083000e-02   2.8500000e+01   6.8802000e+02
   2.9083000e-02   2.5500000e+01   7.1489000e+02
   2.9083000e-02   2.2500000e+01   7.3814000e+02
   2.9083000e-02   1.9500000e+01   7.5779000e+02
   2.9083000e-02   1.6500000e+01   7.7385000e+02
   2.9083000e-02   1.3500000e+01   7.8632000e+02
   2.9083000e-02   1.0500000e+01   7.9521000e+02
   2.9083000e-02   7.5000000e+00   8.0052000e+02
   2.9083000e-02   4.5000000e+00   8.0224000e+02
   2.9083000e-02   1.5000000e+00   8.0039000e+02
   2.9083000e-02  -1.5000000e+00   7.9495000e+02
   2.9083000e-02  -4.5000000e+00   7.8592000e+02
   2.9083000e-02  -7.5000000e+00   7.7328000e+02
   2.9083000e-02  -1.0500000e+01   7.5704000e+02
   2.9083000e-02  -1.3500000e+01   7.3717000e+02
   2.9083000e-02  -1.6500000e+01   7.1366000e+02
   2.9083000e-02  -1.9500000e+01   6.8650000e+02
   2.9083000e-02  -2.2500000e+01   6.5567000e+02
   2.9083000e-02  -2.5500000e+01   6.2114000e+02
   2.9083000e-02  -2.8500000e+01   5.8291000e+02
   2.9281000e-02  -2.8800000e+01   5.7571000e+02
   2.9281000e-02  -2.5800000e+01   6.1463000e+02
   2.9281000e-02  -2.2800000e+01   6.4981000e+02
   2.9281000e-02  -1.9800000e+01   6.8127000e+02
   2.9281000e-02  -1.6800000e+01   7.0903000e+02
   2.9281000e-02  -1.3800000e+01   7.3311000e+02
   2.9281000e-02  -1.0800000e+01   7.5352000e+02
   2.9281000e-02  -7.8000000e+00   7.7029000e+02
   2.9281000e-02  -4.8000000e+00   7.8341000e+02
   2.9281000e-02  -1.8000000e+00   7.9291000e+02
   2.9281000e-02   1.2000000e+00   7.9879000e+02
   2.9281000e-02   4.2000000e+00   8.0107000e+02
   2.9281000e-02   7.2000000e+00   7.9974000e+02
   2.9281000e-02   1.0200000e+01   7.9480000e+02
   2.9281000e-02   1.3200000e+01   7.8626000e+02
   2.9281000e-02   1.6200000e+01   7.7412000e+02
   2.9281000e-02   1.9200000e+01   7.5836000e+02
   2.9281000e-02   2.2200000e+01   7.3899000e+02
   2.9281000e-02   2.5200000e+01   7.1599000e+02
   2.9281000e-02   2.8200000e+01   6.8936000e+02
   2.9480000e-02   2.9100000e+01   6.7901000e+02
   2.9480000e-02   2.6100000e+01   7.0687000e+02
   2.9480000e-02   2.3100000e+01   7.3107000e+02
   2.9480000e-02   2.0100000e+01   7.5161000e+02
   2.9480000e-02   1.7100000e+01   7.6852000e+02
   2.9480000e-02   1.4100000e+01   7.8178000e+02
   2.9480000e-02   1.1100000e+01   7.9142000e+02
   2.9480000e-02   8.1000000e+00   7.9743000e+02
   2.9480000e-02   5.1000000e+00   7.9981000e+02
   2.9480000e-02   2.1000000e+00   7.9856000e+02
   2.9480000e-02  -9.0000000e-01   7.9369000e+02
   2.9480000e-02  -3.9000000e+00   7.8517000e+02
   2.9480000e-02  -6.9000000e+00   7.7301000e+02
   2.9480000e-02  -9.9000000e+00   7.5719000e+02
   2.9480000e-02  -1.2900000e+01   7.3770000e+02
   2.9480000e-02  -1.5900000e+01   7.1452000e+02
   2.9480000e-02  -1.8900000e+01   6.8764000e+02
   2.9480000e-02  -2.1900000e+01   6.5704000e+02
   2.9480000e-02  -2.4900000e+01   6.2270000e+02
   2.9480000e-02  -2.7900000e+01   5.8460000e+02
   2.9678000e-02  -2.9400000e+01   5.6067000e+02
   2.9678000e-02  -2.6400000e+01   6.0099000e+02
   2.9678000e-02  -2.3400000e+01   6.3750000e+02
   2.9678000e-02  -2.0400000e+01   6.7024000e+02
   2.9678000e-02  -1.7400000e+01   6.9922000e+02
   2.9678000e-02  -1.4400000e+01   7.2445000e+02
   2.9678000e-02  -1.1400000e+01   7.4597000e+02
   2.9678000e-02  -8.4000000e+00   7.6379000e+02
   2.9678000e-02  -5.4000000e+00   7.7792000e+02
   2.9678000e-02  -2.4000000e+00   7.8837000e+02
   2.9678000e-02   6.0000000e-01   7.9515000e+02
   2.9678000e-02   3.6000000e+00   7.9828000e+02
   2.9678000e-02   6.6000000e+00   7.9775000e+02
   2.9678000e-02   9.6000000e+00   7.9358000e+02
   2.9678000e-02   1.2600000e+01   7.8575000e+02
   2.9678000e-02   1.5600000e+01   7.7427000e+02
   2.9678000e-02   1.8600000e+01   7.5914000e+02
   2.9678000e-02   2.1600000e+01   7.4034000e+02
   2.9678000e-02   2.4600000e+01   7.1787000e+02
   2.9678000e-02   2.7600000e+01   6.9171000e+02
   2.9877000e-02   2.9700000e+01   6.6932000e+02
   2.9877000e-02   2.6700000e+01   6.9821000e+02
   2.9877000e-02   2.3700000e+01   7.2337000e+02
   2.9877000e-02   2.0700000e+01   7.4483000e+02
   2.9877000e-02   1.7700000e+01   7.6260000e+02
   2.9877000e-02   1.4700000e+01   7.7668000e+02
   2.9877000e-02   1.1700000e+01   7.8708000e+02
   2.9877000e-02   8.7000000e+00   7.9381000e+02
   2.9877000e-02   5.7000000e+00   7.9687000e+02
   2.9877000e-02   2.7000000e+00   7.9625000e+02
   2.9877000e-02  -3.0000000e-01   7.9195000e+02
   2.9877000e-02  -3.3000000e+00   7.8397000e+02
   2.9877000e-02  -6.3000000e+00   7.7229000e+02
   2.9877000e-02  -9.3000000e+00   7.5692000e+02
   2.9877000e-02  -1.2300000e+01   7.3782000e+02
   2.9877000e-02  -1.5300000e+01   7.1499000e+02
   2.9877000e-02  -1.8300000e+01   6.8841000e+02
   2.9877000e-02  -2.1300000e+01   6.5806000e+02
   2.9877000e-02  -2.4300000e+01   6.2391000e+02
   2.9877000e-02  -2.7300000e+01   5.8595000e+02
   3.0075000e-02  -3.0000000e+01   5.4475000e+02
   3.0075000e-02  -2.7000000e+01   5.8650000e+02
   3.0075000e-02  -2.4000000e+01   6.2438000e+02
   3.0075000e-02  -2.1000000e+01   6.5842000e+02
   3.0075000e-02  -1.8000000e+01   6.8865000e+02
   3.0075000e-02  -1.5000000e+01   7.1507000e+02
   3.0075000e-02  -1.2000000e+01   7.3772000e+02
   3.0075000e-02  -9.0000000e+00   7.5662000e+02
   3.0075000e-02  -6.0000000e+00   7.7177000e+02
   3.0075000e-02  -3.0000000e+00   7.8319000e+02
   3.0075000e-02  -1.3323000e-15   7.9090000e+02
   3.0075000e-02   3.0000000e+00   7.9490000e+02
   3.0075000e-02   6.0000000e+00   7.9520000e+02
   3.0075000e-02   9.0000000e+00   7.9180000e+02
   3.0075000e-02   1.2000000e+01   7.8471000e+02
   3.0075000e-02   1.5000000e+01   7.7392000e+02
   3.0075000e-02   1.8000000e+01   7.5942000e+02
   3.0075000e-02   2.1000000e+01   7.4121000e+02
   3.0075000e-02   2.4000000e+01   7.1929000e+02
   3.0075000e-02   2.7000000e+01   6.9363000e+02
   3.0075000e-02   3.0000000e+01   6.6423000e+02
   3.0274000e-02   2.7300000e+01   6.8889000e+02
   3.0274000e-02   2.4300000e+01   7.1504000e+02
   3.0274000e-02   2.1300000e+01   7.3744000e+02
   3.0274000e-02   1.8300000e+01   7.5609000e+02
   3.0274000e-02   1.5300000e+01   7.7101000e+02
   3.0274000e-02   1.2300000e+01   7.8220000e+02
   3.0274000e-02   9.3000000e+00   7.8966000e+02
   3.0274000e-02   6.3000000e+00   7.9341000e+02
   3.0274000e-02   3.3000000e+00   7.9343000e+02
   3.0274000e-02   3.0000000e-01   7.8973000e+02
   3.0274000e-02  -2.7000000e+00   7.8230000e+02
   3.0274000e-02  -5.7000000e+00   7.7113000e+02
   3.0274000e-02  -8.7000000e+00   7.5621000e+02
   3.0274000e-02  -1.1700000e+01   7.3752000e+02
   3.0274000e-02  -1.4700000e+01   7.1505000e+02
   3.0274000e-02  -1.7700000e+01   6.8879000e+02
   3.0274000e-02  -2.0700000e+01   6.5870000e+02
   3.0274000e-02  -2.3700000e+01   6.2476000e+02
   3.0274000e-02  -2.6700000e+01   5.8696000e+02
   3.0274000e-02  -2.9700000e+01   5.4527000e+02
   3.0472000e-02  -2.7600000e+01   5.7115000e+02
   3.0472000e-02  -2.4600000e+01   6.1044000e+02
   3.0472000e-02  -2.1600000e+01   6.4581000e+02
   3.0472000e-02  -1.8600000e+01   6.7731000e+02
   3.0472000e-02  -1.5600000e+01   7.0495000e+02
   3.0472000e-02  -1.2600000e+01   7.2876000e+02
   3.0472000e-02  -9.6000000e+00   7.4875000e+02
   3.0472000e-02  -6.6000000e+00   7.6495000e+02
   3.0472000e-02  -3.6000000e+00   7.7737000e+02
   3.0472000e-02  -6.0000000e-01   7.8603000e+02
   3.0472000e-02   2.4000000e+00   7.9092000e+02
   3.0472000e-02   5.4000000e+00   7.9207000e+02
   3.0472000e-02   8.4000000e+00   7.8947000e+02
   3.0472000e-02   1.1400000e+01   7.8313000e+02
   3.0472000e-02   1.4400000e+01   7.7304000e+02
   3.0472000e-02   1.7400000e+01   7.5920000e+02
   3.0472000e-02   2.0400000e+01   7.4161000e+02
   3.0472000e-02   2.3400000e+01   7.2024000e+02
   3.0472000e-02   2.6400000e+01   6.9510000e+02
   3.0472000e-02   2.9400000e+01   6.6616000e+02
   3.0671000e-02   2.7900000e+01   6.7890000e+02
   3.0671000e-02   2.4900000e+01   7.0607000e+02
   3.0671000e-02   2.1900000e+01   7.2943000e+02
   3.0671000e-02   1.8900000e+01   7.4899000e+02
   3.0671000e-02   1.5900000e+01   7.6476000e+02
   3.0671000e-02   1.2900000e+01   7.7675000e+02
   3.0671000e-02   9.9000000e+00   7.8497000e+02
   3.0671000e-02   6.9000000e+00   7.8942000e+02
   3.0671000e-02   3.9000000e+00   7.9011000e+02
   3.0671000e-02   9.0000000e-01   7.8702000e+02
   3.0671000e-02  -2.1000000e+00   7.8016000e+02
   3.0671000e-02  -5.1000000e+00   7.6951000e+02
   3.0671000e-02  -8.1000000e+00   7.5506000e+02
   3.0671000e-02  -1.1100000e+01   7.3680000e+02
   3.0671000e-02  -1.4100000e+01   7.1471000e+02
   3.0671000e-02  -1.7100000e+01   6.8877000e+02
   3.0671000e-02  -2.0100000e+01   6.5896000e+02
   3.0671000e-02  -2.3100000e+01   6.2526000e+02
   3.0671000e-02  -2.6100000e+01   5.8763000e+02
   3.0671000e-02  -2.9100000e+01   5.4605000e+02
   3.0869000e-02  -2.8200000e+01   5.5493000e+02
   3.0869000e-02  -2.5200000e+01   5.9565000e+02
   3.0869000e-02  -2.2200000e+01   6.3240000e+02
   3.0869000e-02  -1.9200000e+01   6.6520000e+02
   3.0869000e-02  -1.6200000e+01   6.9408000e+02
   3.0869000e-02  -1.3200000e+01   7.1907000e+02
   3.0869000e-02  -1.0200000e+01   7.4019000e+02
   3.0869000e-02  -7.2000000e+00   7.5746000e+02
   3.0869000e-02  -4.2000000e+00   7.7090000e+02
   3.0869000e-02  -1.2000000e+00   7.8052000e+02
   3.0869000e-02   1.8000000e+00   7.8634000e+02
   3.0869000e-02   4.8000000e+00   7.8835000e+02
   3.0869000e-02   7.8000000e+00   7.8657000e+02
   3.0869000e-02   1.0800000e+01   7.8100000e+02
   3.0869000e-02   1.3800000e+01   7.7164000e+02
   3.0869000e-02   1.6800000e+01   7.5847000e+02
   3.0869000e-02   1.9800000e+01   7.4151000e+02
   3.0869000e-02   2.2800000e+01   7.2072000e+02
   3.0869000e-02   2.5800000e+01   6.9611000e+02
   3.0869000e-02   2.8800000e+01   6.6766000e+02
   3.1068000e-02   2.8500000e+01   6.6824000e+02
   3.1068000e-02   2.5500000e+01   6.9645000e+02
   3.1068000e-02   2.2500000e+01   7.2078000e+02
   3.1068000e-02   1.9500000e+01   7.4127000e+02
   3.1068000e-02   1.6500000e+01   7.5792000e+02
   3.1068000e-02   1.3500000e+01   7.7073000e+02
   3.1068000e-02   1.0500000e+01   7.7973000e+02
   3.1068000e-02   7.5000000e+00   7.8491000e+02
   3.1068000e-02   4.5000000e+00   7.8627000e+02
   3.1068000e-02   1.5000000e+00   7.8381000e+02
   3.1068000e-02  -1.5000000e+00   7.7753000e+02
   3.1068000e-02  -4.5000000e+00   7.6742000e+02
   3.1068000e-02  -7.5000000e+00   7.5346000e+02
   3.1068000e-02  -1.0500000e+01   7.3565000e+02
   3.1068000e-02  -1.3500000e+01   7.1395000e+02
   3.1068000e-02  -1.6500000e+01   6.8836000e+02
   3.1068000e-02  -1.9500000e+01   6.5884000e+02
   3.1068000e-02  -2.2500000e+01   6.2538000e+02
   3.1068000e-02  -2.5500000e+01   5.8794000e+02
   3.1068000e-02  -2.8500000e+01   5.4649000e+02
   3.1266000e-02  -2.8800000e+01   5.3782000e+02
   3.1266000e-02  -2.5800000e+01   5.8001000e+02
   3.1266000e-02  -2.2800000e+01   6.1815000e+02
   3.1266000e-02  -1.9800000e+01   6.5229000e+02
   3.1266000e-02  -1.6800000e+01   6.8244000e+02
   3.1266000e-02  -1.3800000e+01   7.0865000e+02
   3.1266000e-02  -1.0800000e+01   7.3092000e+02
   3.1266000e-02  -7.8000000e+00   7.4929000e+02
   3.1266000e-02  -4.8000000e+00   7.6377000e+02
   3.1266000e-02  -1.8000000e+00   7.7438000e+02
   3.1266000e-02   1.2000000e+00   7.8114000e+02
   3.1266000e-02   4.2000000e+00   7.8404000e+02
   3.1266000e-02   7.2000000e+00   7.8310000e+02
   3.1266000e-02   1.0200000e+01   7.7832000e+02
   3.1266000e-02   1.3200000e+01   7.6970000e+02
   3.1266000e-02   1.6200000e+01   7.5723000e+02
   3.1266000e-02   1.9200000e+01   7.4091000e+02
   3.1266000e-02   2.2200000e+01   7.2072000e+02
   3.1266000e-02   2.5200000e+01   6.9666000e+02
   3.1266000e-02   2.8200000e+01   6.6871000e+02
   3.1465000e-02   2.9100000e+01   6.5689000e+02
   3.1465000e-02   2.6100000e+01   6.8616000e+02
   3.1465000e-02   2.3100000e+01   7.1150000e+02
   3.1465000e-02   2.0100000e+01   7.3294000e+02
   3.1465000e-02   1.7100000e+01   7.5048000e+02
   3.1465000e-02   1.4100000e+01   7.6414000e+02
   3.1465000e-02   1.1100000e+01   7.7393000e+02
   3.1465000e-02   8.1000000e+00   7.7986000e+02
   3.1465000e-02   5.1000000e+00   7.8191000e+02
   3.1465000e-02   2.1000000e+00   7.8011000e+02
   3.1465000e-02  -9.0000000e-01   7.7443000e+02
   3.1465000e-02  -3.9000000e+00   7.6487000e+02
   3.1465000e-02  -6.9000000e+00   7.5142000e+02
   3.1465000e-02  -9.9000000e+00   7.3406000e+02
   3.1465000e-02  -1.2900000e+01   7.1277000e+02
   3.1465000e-02  -1.5900000e+01   6.8754000e+02
   3.1465000e-02  -1.8900000e+01   6.5833000e+02
   3.1465000e-02  -2.1900000e+01   6.2513000e+02
   3.1465000e-02  -2.4900000e+01   5.8789000e+02
   3.1465000e-02  -2.7900000e+01   5.4659000e+02
   3.1663000e-02  -2.9400000e+01   5.1981000e+02
   3.1663000e-02  -2.6400000e+01   5.6349000e+02
   3.1663000e-02  -2.3400000e+01   6.0307000e+02
   3.1663000e-02  -2.0400000e+01   6.3857000e+02
   3.1663000e-02  -1.7400000e+01   6.7003000e+02
   3.1663000e-02  -1.4400000e+01   6.9747000e+02
   3.1663000e-02  -1.1400000e+01   7.2093000e+02
   3.1663000e-02  -8.4000000e+00   7.4042000e+02
   3.1663000e-02  -5.4000000e+00   7.5597000e+02
   3.1663000e-02  -2.4000000e+00   7.6759000e+02
   3.1663000e-02   6.0000000e-01   7.7531000e+02
   3.1663000e-02   3.6000000e+00   7.7912000e+02
   3.1663000e-02   6.6000000e+00   7.7904000e+02
   3.1663000e-02   9.6000000e+00   7.7507000e+02
   3.1663000e-02   1.2600000e+01   7.6721000e+02
   3.1663000e-02   1.5600000e+01   7.5546000e+02
   3.1663000e-02   1.8600000e+01   7.3980000e+02
   3.1663000e-02   2.1600000e+01   7.2024000e+02
   3.1663000e-02   2.4600000e+01   6.9675000e+02
   3.1663000e-02   2.7600000e+01   6.6931000e+02
   3.1862000e-02   2.9700000e+01   6.4484000e+02
   3.1862000e-02   2.6700000e+01   6.7520000e+02
   3.1862000e-02   2.3700000e+01   7.0157000e+02
   3.1862000e-02   2.0700000e+01   7.2398000e+02
   3.1862000e-02   1.7700000e+01   7.4244000e+02
   3.1862000e-02   1.4700000e+01   7.5696000e+02
   3.1862000e-02   1.1700000e+01   7.6757000e+02
   3.1862000e-02   8.7000000e+00   7.7426000e+02
   3.1862000e-02   5.7000000e+00   7.7703000e+02
   3.1862000e-02   2.7000000e+00   7.7589000e+02
   3.1862000e-02  -3.0000000e-01   7.7083000e+02
   3.1862000e-02  -3.3000000e+00   7.6184000e+02
   3.1862000e-02  -6.3000000e+00   7.4891000e+02
   3.1862000e-02  -9.3000000e+00   7.3203000e+02
   3.1862000e-02  -1.2300000e+01   7.1117000e+02
   3.1862000e-02  -1.5300000e+01   6.8631000e+02
   3.1862000e-02  -1.8300000e+01   6.5743000e+02
   3.1862000e-02  -2.1300000e+01   6.2450000e+02
   3.1862000e-02  -2.4300000e+01   5.8748000e+02
   3.1862000e-02  -2.7300000e+01   5.4635000e+02
   3.2060000e-02  -3.0000000e+01   5.0086000e+02
   3.2060000e-02  -2.7000000e+01   5.4609000e+02
   3.2060000e-02  -2.4000000e+01   5.8714000e+02
   3.2060000e-02  -2.1000000e+01   6.2404000e+02
   3.2060000e-02  -1.8000000e+01   6.5683000e+02
   3.2060000e-02  -1.5000000e+01   6.8554000e+02
   3.2060000e-02  -1.2000000e+01   7.1020000e+02
   3.2060000e-02  -9.0000000e+00   7.3084000e+02
   3.2060000e-02  -6.0000000e+00   7.4748000e+02
   3.2060000e-02  -3.0000000e+00   7.6014000e+02
   3.2060000e-02  -1.3323000e-15   7.6884000e+02
   3.2060000e-02   3.0000000e+00   7.7359000e+02
   3.2060000e-02   6.0000000e+00   7.7439000e+02
   3.2060000e-02   9.0000000e+00   7.7125000e+02
   3.2060000e-02   1.2000000e+01   7.6417000e+02
   3.2060000e-02   1.5000000e+01   7.5315000e+02
   3.2060000e-02   1.8000000e+01   7.3819000e+02
   3.2060000e-02   2.1000000e+01   7.1926000e+02
   3.2060000e-02   2.4000000e+01   6.9635000e+02
   3.2060000e-02   2.7000000e+01   6.6946000e+02
   3.2060000e-02   3.0000000e+01   6.3855000e+02
   3.2259000e-02   2.7300000e+01   6.6355000e+02
   3.2259000e-02   2.4300000e+01   6.9097000e+02
   3.2259000e-02   2.1300000e+01   7.1438000e+02
   3.2259000e-02   1.8300000e+01   7.3378000e+02
   3.2259000e-02   1.5300000e+01   7.4919000e+02
   3.2259000e-02   1.2300000e+01   7.6063000e+02
   3.2259000e-02   9.3000000e+00   7.6810000e+02
   3.2259000e-02   6.3000000e+00   7.7161000e+02
   3.2259000e-02   3.3000000e+00   7.7116000e+02
   3.2259000e-02   3.0000000e-01   7.6673000e+02
   3.2259000e-02  -2.7000000e+00   7.5833000e+02
   3.2259000e-02  -5.7000000e+00   7.4594000e+02
   3.2259000e-02  -8.7000000e+00   7.2955000e+02
   3.2259000e-02  -1.1700000e+01   7.0913000e+02
   3.2259000e-02  -1.4700000e+01   6.8466000e+02
   3.2259000e-02  -1.7700000e+01   6.5612000e+02
   3.2259000e-02  -2.0700000e+01   6.2348000e+02
   3.2259000e-02  -2.3700000e+01   5.8670000e+02
   3.2259000e-02  -2.6700000e+01   5.4575000e+02
   3.2259000e-02  -2.9700000e+01   5.0058000e+02
   3.2457000e-02  -2.7600000e+01   5.2778000e+02
   3.2457000e-02  -2.4600000e+01   5.7033000e+02
   3.2457000e-02  -2.1600000e+01   6.0867000e+02
   3.2457000e-02  -1.8600000e+01   6.4282000e+02
   3.2457000e-02  -1.5600000e+01   6.7283000e+02
   3.2457000e-02  -1.2600000e+01   6.9873000e+02
   3.2457000e-02  -9.6000000e+00   7.2055000e+02
   3.2457000e-02  -6.6000000e+00   7.3830000e+02
   3.2457000e-02  -3.6000000e+00   7.5203000e+02
   3.2457000e-02  -6.0000000e-01   7.6173000e+02
   3.2457000e-02   2.4000000e+00   7.6743000e+02
   3.2457000e-02   5.4000000e+00   7.6914000e+02
   3.2457000e-02   8.4000000e+00   7.6685000e+02
   3.2457000e-02   1.1400000e+01   7.6058000e+02
   3.2457000e-02   1.4400000e+01   7.5031000e+02
   3.2457000e-02   1.7400000e+01   7.3604000e+02
   3.2457000e-02   2.0400000e+01   7.1777000e+02
   3.2457000e-02   2.3400000e+01   6.9547000e+02
   3.2457000e-02   2.6400000e+01   6.6914000e+02
   3.2457000e-02   2.9400000e+01   6.3874000e+02
   3.2655000e-02   2.7900000e+01   6.5121000e+02
   3.2655000e-02   2.4900000e+01   6.7971000e+02
   3.2655000e-02   2.1900000e+01   7.0413000e+02
   3.2655000e-02   1.8900000e+01   7.2450000e+02
   3.2655000e-02   1.5900000e+01   7.4082000e+02
   3.2655000e-02   1.2900000e+01   7.5312000e+02
   3.2655000e-02   9.9000000e+00   7.6139000e+02
   3.2655000e-02   6.9000000e+00   7.6565000e+02
   3.2655000e-02   3.9000000e+00   7.6590000e+02
   3.2655000e-02   9.0000000e-01   7.6213000e+02
   3.2655000e-02  -2.1000000e+00   7.5433000e+02
   3.2655000e-02  -5.1000000e+00   7.4250000e+02
   3.2655000e-02  -8.1000000e+00   7.2661000e+02
   3.2655000e-02  -1.1100000e+01   7.0665000e+02
   3.2655000e-02  -1.4100000e+01   6.8259000e+02
   3.2655000e-02  -1.7100000e+01   6.5441000e+02
   3.2655000e-02  -2.0100000e+01   6.2207000e+02
   3.2655000e-02  -2.3100000e+01   5.8554000e+02
   3.2655000e-02  -2.6100000e+01   5.4478000e+02
   3.2655000e-02  -2.9100000e+01   4.9975000e+02
   3.2854000e-02  -2.8200000e+01   5.0855000e+02
   3.2854000e-02  -2.5200000e+01   5.5264000e+02
   3.2854000e-02  -2.2200000e+01   5.9244000e+02
   3.2854000e-02  -1.9200000e+01   6.2799000e+02
   3.2854000e-02  -1.6200000e+01   6.5933000e+02
   3.2854000e-02  -1.3200000e+01   6.8650000e+02
   3.2854000e-02  -1.0200000e+01   7.0952000e+02
   3.2854000e-02  -7.2000000e+00   7.2842000e+02
   3.2854000e-02  -4.2000000e+00   7.4323000e+02
   3.2854000e-02  -1.2000000e+00   7.5397000e+02
   3.2854000e-02   1.8000000e+00   7.6064000e+02
   3.2854000e-02   4.8000000e+00   7.6327000e+02
   3.2854000e-02   7.8000000e+00   7.6186000e+02
   3.2854000e-02   1.0800000e+01   7.5641000e+02
   3.2854000e-02   1.3800000e+01   7.4691000e+02
   3.2854000e-02   1.6800000e+01   7.3337000e+02
   3.2854000e-02   1.9800000e+01   7.1577000e+02
   3.2854000e-02   2.2800000e+01   6.9410000e+02
   3.2854000e-02   2.5800000e+01   6.6834000e+02
   3.2854000e-02   2.8800000e+01   6.3846000e+02
   3.3052000e-02   2.8500000e+01   6.3815000e+02
   3.3052000e-02   2.5500000e+01   6.6776000e+02
   3.3052000e-02   2.2500000e+01   6.9323000e+02
   3.3052000e-02   1.9500000e+01   7.1458000e+02
   3.3052000e-02   1.6500000e+01   7.3184000e+02
   3.3052000e-02   1.3500000e+01   7.4501000e+02
   3.3052000e-02   1.0500000e+01   7.5411000e+02
   3.3052000e-02   7.5000000e+00   7.5914000e+02
   3.3052000e-02   4.5000000e+00   7.6011000e+02
   3.3052000e-02   1.5000000e+00   7.5701000e+02
   3.3052000e-02  -1.5000000e+00   7.4983000e+02
   3.3052000e-02  -4.5000000e+00   7.3857000e+02
   3.3052000e-02  -7.5000000e+00   7.2321000e+02
   3.3052000e-02  -1.0500000e+01   7.0373000e+02
   3.3052000e-02  -1.3500000e+01   6.8009000e+02
   3.3052000e-02  -1.6500000e+01   6.5229000e+02
   3.3052000e-02  -1.9500000e+01   6.2027000e+02
   3.3052000e-02  -2.2500000e+01   5.8401000e+02
   3.3052000e-02  -2.5500000e+01   5.4346000e+02
   3.3052000e-02  -2.8500000e+01   4.9858000e+02
   3.3251000e-02  -2.8800000e+01   4.8837000e+02
   3.3251000e-02  -2.5800000e+01   5.3404000e+02
   3.3251000e-02  -2.2800000e+01   5.7535000e+02
   3.3251000e-02  -1.9800000e+01   6.1233000e+02
   3.3251000e-02  -1.6800000e+01   6.4504000e+02
   3.3251000e-02  -1.3800000e+01   6.7350000e+02
   3.3251000e-02  -1.0800000e+01   6.9775000e+02
   3.3251000e-02  -7.8000000e+00   7.1782000e+02
   3.3251000e-02  -4.8000000e+00   7.3374000e+02
   3.3251000e-02  -1.8000000e+00   7.4553000e+02
   3.3251000e-02   1.2000000e+00   7.5321000e+02
   3.3251000e-02   4.2000000e+00   7.5679000e+02
   3.3251000e-02   7.2000000e+00   7.5627000e+02
   3.3251000e-02   1.0200000e+01   7.5166000e+02
   3.3251000e-02   1.3200000e+01   7.4296000e+02
   3.3251000e-02   1.6200000e+01   7.3016000e+02
   3.3251000e-02   1.9200000e+01   7.1326000e+02
   3.3251000e-02   2.2200000e+01   6.9223000e+02
   3.3251000e-02   2.5200000e+01   6.6706000e+02
   3.3251000e-02   2.8200000e+01   6.3773000e+02
   3.3449000e-02   2.9100000e+01   6.2438000e+02
   3.3449000e-02   2.6100000e+01   6.5512000e+02
   3.3449000e-02   2.3100000e+01   6.8166000e+02
   3.3449000e-02   2.0100000e+01   7.0402000e+02
   3.3449000e-02   1.7100000e+01   7.2223000e+02
   3.3449000e-02   1.4100000e+01   7.3630000e+02
   3.3449000e-02   1.1100000e+01   7.4624000e+02
   3.3449000e-02   8.1000000e+00   7.5207000e+02
   3.3449000e-02   5.1000000e+00   7.5378000e+02
   3.3449000e-02   2.1000000e+00   7.5137000e+02
   3.3449000e-02  -9.0000000e-01   7.4484000e+02
   3.3449000e-02  -3.9000000e+00   7.3417000e+02
   3.3449000e-02  -6.9000000e+00   7.1934000e+02
   3.3449000e-02  -9.9000000e+00   7.0035000e+02
   3.3449000e-02  -1.2900000e+01   6.7716000e+02
   3.3449000e-02  -1.5900000e+01   6.4974000e+02
   3.3449000e-02  -1.8900000e+01   6.1806000e+02
   3.3449000e-02  -2.1900000e+01   5.8208000e+02
   3.3449000e-02  -2.4900000e+01   5.4176000e+02
   3.3449000e-02  -2.7900000e+01   4.9705000e+02
   3.3648000e-02  -2.9400000e+01   4.6723000e+02
   3.3648000e-02  -2.6400000e+01   5.1453000e+02
   3.3648000e-02  -2.3400000e+01   5.5737000e+02
   3.3648000e-02  -2.0400000e+01   5.9582000e+02
   3.3648000e-02  -1.7400000e+01   6.2992000e+02
   3.3648000e-02  -1.4400000e+01   6.5971000e+02
   3.3648000e-02  -1.1400000e+01   6.8522000e+02
   3.3648000e-02  -8.4000000e+00   7.0649000e+02
   3.3648000e-02  -5.4000000e+00   7.2355000e+02
   3.3648000e-02  -2.4000000e+00   7.3643000e+02
   3.3648000e-02   6.0000000e-01   7.4513000e+02
   3.3648000e-02   3.6000000e+00   7.4967000e+02
   3.3648000e-02   6.6000000e+00   7.5007000e+02
   3.3648000e-02   9.6000000e+00   7.4633000e+02
   3.3648000e-02   1.2600000e+01   7.3844000e+02
   3.3648000e-02   1.5600000e+01   7.2641000e+02
   3.3648000e-02   1.8600000e+01   7.1022000e+02
   3.3648000e-02   2.1600000e+01   6.8985000e+02
   3.3648000e-02   2.4600000e+01   6.6529000e+02
   3.3648000e-02   2.7600000e+01   6.3652000e+02
   3.3846000e-02   2.9700000e+01   6.0988000e+02
   3.3846000e-02   2.6700000e+01   6.4177000e+02
   3.3846000e-02   2.3700000e+01   6.6941000e+02
   3.3846000e-02   2.0700000e+01   6.9281000e+02
   3.3846000e-02   1.7700000e+01   7.1199000e+02
   3.3846000e-02   1.4700000e+01   7.2698000e+02
   3.3846000e-02   1.1700000e+01   7.3779000e+02
   3.3846000e-02   8.7000000e+00   7.4443000e+02
   3.3846000e-02   5.7000000e+00   7.4690000e+02
   3.3846000e-02   2.7000000e+00   7.4520000e+02
   3.3846000e-02  -3.0000000e-01   7.3933000e+02
   3.3846000e-02  -3.3000000e+00   7.2927000e+02
   3.3846000e-02  -6.3000000e+00   7.1500000e+02
   3.3846000e-02  -9.3000000e+00   6.9652000e+02
   3.3846000e-02  -1.2300000e+01   6.7378000e+02
   3.3846000e-02  -1.5300000e+01   6.4677000e+02
   3.3846000e-02  -1.8300000e+01   6.1544000e+02
   3.3846000e-02  -2.1300000e+01   5.7976000e+02
   3.3846000e-02  -2.4300000e+01   5.3968000e+02
   3.3846000e-02  -2.7300000e+01   4.9515000e+02
   3.4045000e-02  -3.0000000e+01   4.4511000e+02
   3.4045000e-02  -2.7000000e+01   4.9407000e+02
   3.4045000e-02  -2.4000000e+01   5.3849000e+02
   3.4045000e-02  -2.1000000e+01   5.7845000e+02
   3.4045000e-02  -1.8000000e+01   6.1398000e+02
   3.4045000e-02  -1.5000000e+01   6.4512000e+02
   3.4045000e-02  -1.2000000e+01   6.7193000e+02
   3.4045000e-02  -9.0000000e+00   6.9443000e+02
   3.4045000e-02  -6.0000000e+00   7.1265000e+02
   3.4045000e-02  -3.0000000e+00   7.2663000e+02
   3.4045000e-02  -1.3323000e-15   7.3638000e+02
   3.4045000e-02   3.0000000e+00   7.4192000e+02
   3.4045000e-02   6.0000000e+00   7.4325000e+02
   3.4045000e-02   9.0000000e+00   7.4040000e+02
   3.4045000e-02   1.2000000e+01   7.3335000e+02
   3.4045000e-02   1.5000000e+01   7.2210000e+02
   3.4045000e-02   1.8000000e+01   7.0664000e+02
   3.4045000e-02   2.1000000e+01   6.8695000e+02
   3.4045000e-02   2.4000000e+01   6.6303000e+02
   3.4045000e-02   2.7000000e+01   6.3483000e+02
   3.4045000e-02   3.0000000e+01   6.0234000e+02
   3.4243000e-02   2.7300000e+01   6.2771000e+02
   3.4243000e-02   2.4300000e+01   6.5647000e+02
   3.4243000e-02   2.1300000e+01   6.8093000e+02
   3.4243000e-02   1.8300000e+01   7.0112000e+02
   3.4243000e-02   1.5300000e+01   7.1705000e+02
   3.4243000e-02   1.2300000e+01   7.2875000e+02
   3.4243000e-02   9.3000000e+00   7.3622000e+02
   3.4243000e-02   6.3000000e+00   7.3947000e+02
   3.4243000e-02   3.3000000e+00   7.3850000e+02
   3.4243000e-02   3.0000000e-01   7.3330000e+02
   3.4243000e-02  -2.7000000e+00   7.2387000e+02
   3.4243000e-02  -5.7000000e+00   7.1018000e+02
   3.4243000e-02  -8.7000000e+00   6.9222000e+02
   3.4243000e-02  -1.1700000e+01   6.6996000e+02
   3.4243000e-02  -1.4700000e+01   6.4336000e+02
   3.4243000e-02  -1.7700000e+01   6.1240000e+02
   3.4243000e-02  -2.0700000e+01   5.7704000e+02
   3.4243000e-02  -2.3700000e+01   5.3721000e+02
   3.4243000e-02  -2.6700000e+01   4.9289000e+02
   3.4243000e-02  -2.9700000e+01   4.4400000e+02
   3.4442000e-02  -2.7600000e+01   4.7264000e+02
   3.4442000e-02  -2.4600000e+01   5.1869000e+02
   3.4442000e-02  -2.1600000e+01   5.6019000e+02
   3.4442000e-02  -1.8600000e+01   5.9718000e+02
   3.4442000e-02  -1.5600000e+01   6.2972000e+02
   3.4442000e-02  -1.2600000e+01   6.5785000e+02
   3.4442000e-02  -9.6000000e+00   6.8160000e+02
   3.4442000e-02  -6.6000000e+00   7.0102000e+02
   3.4442000e-02  -3.6000000e+00   7.1613000e+02
   3.4442000e-02  -6.0000000e-01   7.2696000e+02
   3.4442000e-02   2.4000000e+00   7.3351000e+02
   3.4442000e-02   5.4000000e+00   7.3581000e+02
   3.4442000e-02   8.4000000e+00   7.3386000e+02
   3.4442000e-02   1.1400000e+01   7.2767000e+02
   3.4442000e-02   1.4400000e+01   7.1722000e+02
   3.4442000e-02   1.7400000e+01   7.0251000e+02
   3.4442000e-02   2.0400000e+01   6.8353000e+02
   3.4442000e-02   2.3400000e+01   6.6025000e+02
   3.4442000e-02   2.6400000e+01   6.3266000e+02
   3.4442000e-02   2.9400000e+01   6.0071000e+02
   3.4640000e-02   2.7900000e+01   6.1291000e+02
   3.4640000e-02   2.4900000e+01   6.4282000e+02
   3.4640000e-02   2.1900000e+01   6.6837000e+02
   3.4640000e-02   1.8900000e+01   6.8958000e+02
   3.4640000e-02   1.5900000e+01   7.0649000e+02
   3.4640000e-02   1.2900000e+01   7.1909000e+02
   3.4640000e-02   9.9000000e+00   7.2742000e+02
   3.4640000e-02   6.9000000e+00   7.3147000e+02
   3.4640000e-02   3.9000000e+00   7.3125000e+02
   3.4640000e-02   9.0000000e-01   7.2675000e+02
   3.4640000e-02  -2.1000000e+00   7.1796000e+02
   3.4640000e-02  -5.1000000e+00   7.0486000e+02
   3.4640000e-02  -8.1000000e+00   6.8745000e+02
   3.4640000e-02  -1.1100000e+01   6.6568000e+02
   3.4640000e-02  -1.4100000e+01   6.3952000e+02
   3.4640000e-02  -1.7100000e+01   6.0895000e+02
   3.4640000e-02  -2.0100000e+01   5.7391000e+02
   3.4640000e-02  -2.3100000e+01   5.3436000e+02
   3.4640000e-02  -2.6100000e+01   4.9025000e+02
   3.4640000e-02  -2.9100000e+01   4.4151000e+02
   3.4839000e-02  -2.8200000e+01   4.5024000e+02
   3.4839000e-02  -2.5200000e+01   4.9795000e+02
   3.4839000e-02  -2.2200000e+01   5.4103000e+02
   3.4839000e-02  -1.9200000e+01   5.7952000e+02
   3.4839000e-02  -1.6200000e+01   6.1349000e+02
   3.4839000e-02  -1.3200000e+01   6.4297000e+02
   3.4839000e-02  -1.0200000e+01   6.6802000e+02
   3.4839000e-02  -7.2000000e+00   6.8866000e+02
   3.4839000e-02  -4.2000000e+00   7.0493000e+02
   3.4839000e-02  -1.2000000e+00   7.1685000e+02
   3.4839000e-02   1.8000000e+00   7.2445000e+02
   3.4839000e-02   4.8000000e+00   7.2773000e+02
   3.4839000e-02   7.8000000e+00   7.2671000e+02
   3.4839000e-02   1.0800000e+01   7.2139000e+02
   3.4839000e-02   1.3800000e+01   7.1177000e+02
   3.4839000e-02   1.6800000e+01   6.9783000e+02
   3.4839000e-02   1.9800000e+01   6.7957000e+02
   3.4839000e-02   2.2800000e+01   6.5696000e+02
   3.4839000e-02   2.5800000e+01   6.2999000e+02
   3.4839000e-02   2.8800000e+01   5.9861000e+02
   3.5037000e-02   2.8500000e+01   5.9737000e+02
   3.5037000e-02   2.5500000e+01   6.2846000e+02
   3.5037000e-02   2.2500000e+01   6.5512000e+02
   3.5037000e-02   1.9500000e+01   6.7739000e+02
   3.5037000e-02   1.6500000e+01   6.9528000e+02
   3.5037000e-02   1.3500000e+01   7.0883000e+02
   3.5037000e-02   1.0500000e+01   7.1803000e+02
   3.5037000e-02   7.5000000e+00   7.2290000e+02
   3.5037000e-02   4.5000000e+00   7.2345000e+02
   3.5037000e-02   1.5000000e+00   7.1966000e+02
   3.5037000e-02  -1.5000000e+00   7.1154000e+02
   3.5037000e-02  -4.5000000e+00   6.9905000e+02
   3.5037000e-02  -7.5000000e+00   6.8219000e+02
   3.5037000e-02  -1.0500000e+01   6.6093000e+02
   3.5037000e-02  -1.3500000e+01   6.3523000e+02
   3.5037000e-02  -1.6500000e+01   6.0506000e+02
   3.5037000e-02  -1.9500000e+01   5.7037000e+02
   3.5037000e-02  -2.2500000e+01   5.3111000e+02
   3.5037000e-02  -2.5500000e+01   4.8722000e+02
   3.5037000e-02  -2.8500000e+01   4.3866000e+02
   3.5236000e-02  -2.8800000e+01   4.2683000e+02
   3.5236000e-02  -2.5800000e+01   4.7625000e+02
   3.5236000e-02  -2.2800000e+01   5.2095000e+02
   3.5236000e-02  -1.9800000e+01   5.6099000e+02
   3.5236000e-02  -1.6800000e+01   5.9641000e+02
   3.5236000e-02  -1.3800000e+01   6.2729000e+02
   3.5236000e-02  -1.0800000e+01   6.5365000e+02
   3.5236000e-02  -7.8000000e+00   6.7554000e+02
   3.5236000e-02  -4.8000000e+00   6.9300000e+02
   3.5236000e-02  -1.8000000e+00   7.0605000e+02
   3.5236000e-02   1.2000000e+00   7.1471000e+02
   3.5236000e-02   4.2000000e+00   7.1900000e+02
   3.5236000e-02   7.2000000e+00   7.1894000e+02
   3.5236000e-02   1.0200000e+01   7.1452000e+02
   3.5236000e-02   1.3200000e+01   7.0574000e+02
   3.5236000e-02   1.6200000e+01   6.9259000e+02
   3.5236000e-02   1.9200000e+01   6.7507000e+02
   3.5236000e-02   2.2200000e+01   6.5315000e+02
   3.5236000e-02   2.5200000e+01   6.2681000e+02
   3.5236000e-02   2.8200000e+01   5.9601000e+02
   3.5434000e-02   2.9100000e+01   5.8107000e+02
   3.5434000e-02   2.6100000e+01   6.1337000e+02
   3.5434000e-02   2.3100000e+01   6.4118000e+02
   3.5434000e-02   2.0100000e+01   6.6452000e+02
   3.5434000e-02   1.7100000e+01   6.8343000e+02
   3.5434000e-02   1.4100000e+01   6.9793000e+02
   3.5434000e-02   1.1100000e+01   7.0803000e+02
   3.5434000e-02   8.1000000e+00   7.1375000e+02
   3.5434000e-02   5.1000000e+00   7.1509000e+02
   3.5434000e-02   2.1000000e+00   7.1203000e+02
   3.5434000e-02  -9.0000000e-01   7.0459000e+02
   3.5434000e-02  -3.9000000e+00   6.9274000e+02
   3.5434000e-02  -6.9000000e+00   6.7646000e+02
   3.5434000e-02  -9.9000000e+00   6.5572000e+02
   3.5434000e-02  -1.2900000e+01   6.3049000e+02
   3.5434000e-02  -1.5900000e+01   6.0073000e+02
   3.5434000e-02  -1.8900000e+01   5.6640000e+02
   3.5434000e-02  -2.1900000e+01   5.2745000e+02
   3.5434000e-02  -2.4900000e+01   4.8381000e+02
   3.5434000e-02  -2.7900000e+01   4.3544000e+02
   3.5633000e-02  -2.9400000e+01   4.0240000e+02
   3.5633000e-02  -2.6400000e+01   4.5357000e+02
   3.5633000e-02  -2.3400000e+01   4.9993000e+02
   3.5633000e-02  -2.0400000e+01   5.4155000e+02
   3.5633000e-02  -1.7400000e+01   5.7848000e+02
   3.5633000e-02  -1.4400000e+01   6.1077000e+02
   3.5633000e-02  -1.1400000e+01   6.3849000e+02
   3.5633000e-02  -8.4000000e+00   6.6166000e+02
   3.5633000e-02  -5.4000000e+00   6.8033000e+02
   3.5633000e-02  -2.4000000e+00   6.9453000e+02
   3.5633000e-02   6.0000000e-01   7.0429000e+02
   3.5633000e-02   3.6000000e+00   7.0961000e+02
   3.5633000e-02   6.6000000e+00   7.1053000e+02
   3.5633000e-02   9.6000000e+00   7.0703000e+02
   3.5633000e-02   1.2600000e+01   6.9911000e+02
   3.5633000e-02   1.5600000e+01   6.8678000e+02
   3.5633000e-02   1.8600000e+01   6.7002000e+02
   3.5633000e-02   2.1600000e+01   6.4881000e+02
   3.5633000e-02   2.4600000e+01   6.2312000e+02
   3.5633000e-02   2.7600000e+01   5.9293000e+02
   3.5831000e-02   2.9700000e+01   5.6400000e+02
   3.5831000e-02   2.6700000e+01   5.9754000e+02
   3.5831000e-02   2.3700000e+01   6.2652000e+02
   3.5831000e-02   2.0700000e+01   6.5097000e+02
   3.5831000e-02   1.7700000e+01   6.7092000e+02
   3.5831000e-02   1.4700000e+01   6.8640000e+02
   3.5831000e-02   1.1700000e+01   6.9743000e+02
   3.5831000e-02   8.7000000e+00   7.0401000e+02
   3.5831000e-02   5.7000000e+00   7.0615000e+02
   3.5831000e-02   2.7000000e+00   7.0386000e+02
   3.5831000e-02  -3.0000000e-01   6.9711000e+02
   3.5831000e-02  -3.3000000e+00   6.8591000e+02
   3.5831000e-02  -6.3000000e+00   6.7022000e+02
   3.5831000e-02  -9.3000000e+00   6.5003000e+02
   3.5831000e-02  -1.2300000e+01   6.2529000e+02
   3.5831000e-02  -1.5300000e+01   5.9597000e+02
   3.5831000e-02  -1.8300000e+01   5.6202000e+02
   3.5831000e-02  -2.1300000e+01   5.2338000e+02
   3.5831000e-02  -2.4300000e+01   4.8001000e+02
   3.5831000e-02  -2.7300000e+01   4.3183000e+02
   3.6030000e-02  -3.0000000e+01   3.7691000e+02
   3.6030000e-02  -2.7000000e+01   4.2989000e+02
   3.6030000e-02  -2.4000000e+01   4.7796000e+02
   3.6030000e-02  -2.1000000e+01   5.2119000e+02
   3.6030000e-02  -1.8000000e+01   5.5966000e+02
   3.6030000e-02  -1.5000000e+01   5.9342000e+02
   3.6030000e-02  -1.2000000e+01   6.2251000e+02
   3.6030000e-02  -9.0000000e+00   6.4700000e+02
   3.6030000e-02  -6.0000000e+00   6.6692000e+02
   3.6030000e-02  -3.0000000e+00   6.8230000e+02
   3.6030000e-02  -1.3323000e-15   6.9317000e+02
   3.6030000e-02   3.0000000e+00   6.9956000e+02
   3.6030000e-02   6.0000000e+00   7.0147000e+02
   3.6030000e-02   9.0000000e+00   6.9891000e+02
   3.6030000e-02   1.2000000e+01   6.9189000e+02
   3.6030000e-02   1.5000000e+01   6.8039000e+02
   3.6030000e-02   1.8000000e+01   6.6441000e+02
   3.6030000e-02   2.1000000e+01   6.4393000e+02
   3.6030000e-02   2.4000000e+01   6.1891000e+02
   3.6030000e-02   2.7000000e+01   5.8934000e+02
   3.6030000e-02   3.0000000e+01   5.5517000e+02
   3.6228000e-02   2.7300000e+01   5.8095000e+02
   3.6228000e-02   2.4300000e+01   6.1113000e+02
   3.6228000e-02   2.1300000e+01   6.3671000e+02
   3.6228000e-02   1.8300000e+01   6.5774000e+02
   3.6228000e-02   1.5300000e+01   6.7422000e+02
   3.6228000e-02   1.2300000e+01   6.8620000e+02
   3.6228000e-02   9.3000000e+00   6.9366000e+02
   3.6228000e-02   6.3000000e+00   6.9664000e+02
   3.6228000e-02   3.3000000e+00   6.9512000e+02
   3.6228000e-02   3.0000000e-01   6.8910000e+02
   3.6228000e-02  -2.7000000e+00   6.7856000e+02
   3.6228000e-02  -5.7000000e+00   6.6349000e+02
   3.6228000e-02  -8.7000000e+00   6.4385000e+02
   3.6228000e-02  -1.1700000e+01   6.1962000e+02
   3.6228000e-02  -1.4700000e+01   5.9075000e+02
   3.6228000e-02  -1.7700000e+01   5.5719000e+02
   3.6228000e-02  -2.0700000e+01   5.1890000e+02
   3.6228000e-02  -2.3700000e+01   4.7581000e+02
   3.6228000e-02  -2.6700000e+01   4.2784000e+02
   3.6228000e-02  -2.9700000e+01   3.7495000e+02
   3.6427000e-02  -2.7600000e+01   4.0518000e+02
   3.6427000e-02  -2.4600000e+01   4.5500000e+02
   3.6427000e-02  -2.1600000e+01   4.9990000e+02
   3.6427000e-02  -1.8600000e+01   5.3995000e+02
   3.6427000e-02  -1.5600000e+01   5.7520000e+02
   3.6427000e-02  -1.2600000e+01   6.0572000e+02
   3.6427000e-02  -9.6000000e+00   6.3155000e+02
   3.6427000e-02  -6.6000000e+00   6.5274000e+02
   3.6427000e-02  -3.6000000e+00   6.6933000e+02
   3.6427000e-02  -6.0000000e-01   6.8135000e+02
   3.6427000e-02   2.4000000e+00   6.8882000e+02
   3.6427000e-02   5.4000000e+00   6.9176000e+02
   3.6427000e-02   8.4000000e+00   6.9017000e+02
   3.6427000e-02   1.1400000e+01   6.8405000e+02
   3.6427000e-02   1.4400000e+01   6.7341000e+02
   3.6427000e-02   1.7400000e+01   6.5823000e+02
   3.6427000e-02   2.0400000e+01   6.3850000e+02
   3.6427000e-02   2.3400000e+01   6.1418000e+02
   3.6427000e-02   2.6400000e+01   5.8524000e+02
   3.6427000e-02   2.9400000e+01   5.5165000e+02
   3.6625000e-02   2.7900000e+01   5.6359000e+02
   3.6625000e-02   2.4900000e+01   5.9500000e+02
   3.6625000e-02   2.1900000e+01   6.2175000e+02
   3.6625000e-02   1.8900000e+01   6.4387000e+02
   3.6625000e-02   1.5900000e+01   6.6139000e+02
   3.6625000e-02   1.2900000e+01   6.7433000e+02
   3.6625000e-02   9.9000000e+00   6.8271000e+02
   3.6625000e-02   6.9000000e+00   6.8654000e+02
   3.6625000e-02   3.9000000e+00   6.8581000e+02
   3.6625000e-02   9.0000000e-01   6.8053000e+02
   3.6625000e-02  -2.1000000e+00   6.7068000e+02
   3.6625000e-02  -5.1000000e+00   6.5624000e+02
   3.6625000e-02  -8.1000000e+00   6.3719000e+02
   3.6625000e-02  -1.1100000e+01   6.1348000e+02
   3.6625000e-02  -1.4100000e+01   5.8508000e+02
   3.6625000e-02  -1.7100000e+01   5.5193000e+02
   3.6625000e-02  -2.0100000e+01   5.1399000e+02
   3.6625000e-02  -2.3100000e+01   4.7119000e+02
   3.6625000e-02  -2.6100000e+01   4.2346000e+02
   3.6625000e-02  -2.9100000e+01   3.7073000e+02
   3.6824000e-02  -2.8200000e+01   3.7942000e+02
   3.6824000e-02  -2.5200000e+01   4.3105000e+02
   3.6824000e-02  -2.2200000e+01   4.7765000e+02
   3.6824000e-02  -1.9200000e+01   5.1932000e+02
   3.6824000e-02  -1.6200000e+01   5.5610000e+02
   3.6824000e-02  -1.3200000e+01   5.8808000e+02
   3.6824000e-02  -1.0200000e+01   6.1529000e+02
   3.6824000e-02  -7.2000000e+00   6.3779000e+02
   3.6824000e-02  -4.2000000e+00   6.5562000e+02
   3.6824000e-02  -1.2000000e+00   6.6881000e+02
   3.6824000e-02   1.8000000e+00   6.7739000e+02
   3.6824000e-02   4.8000000e+00   6.8138000e+02
   3.6824000e-02   7.8000000e+00   6.8078000e+02
   3.6824000e-02   1.0800000e+01   6.7560000e+02
   3.6824000e-02   1.3800000e+01   6.6584000e+02
   3.6824000e-02   1.6800000e+01   6.5148000e+02
   3.6824000e-02   1.9800000e+01   6.3251000e+02
   3.6824000e-02   2.2800000e+01   6.0890000e+02
   3.6824000e-02   2.5800000e+01   5.8062000e+02
   3.6824000e-02   2.8800000e+01   5.4764000e+02
   3.7022000e-02   2.8500000e+01   5.4544000e+02
   3.7022000e-02   2.5500000e+01   5.7812000e+02
   3.7022000e-02   2.2500000e+01   6.0606000e+02
   3.7022000e-02   1.9500000e+01   6.2930000e+02
   3.7022000e-02   1.6500000e+01   6.4788000e+02
   3.7022000e-02   1.3500000e+01   6.6182000e+02
   3.7022000e-02   1.0500000e+01   6.7113000e+02
   3.7022000e-02   7.5000000e+00   6.7584000e+02
   3.7022000e-02   4.5000000e+00   6.7593000e+02
   3.7022000e-02   1.5000000e+00   6.7141000e+02
   3.7022000e-02  -1.5000000e+00   6.6227000e+02
   3.7022000e-02  -4.5000000e+00   6.4848000e+02
   3.7022000e-02  -7.5000000e+00   6.3002000e+02
   3.7022000e-02  -1.0500000e+01   6.0685000e+02
   3.7022000e-02  -1.3500000e+01   5.7894000e+02
   3.7022000e-02  -1.6500000e+01   5.4622000e+02
   3.7022000e-02  -1.9500000e+01   5.0865000e+02
   3.7022000e-02  -2.2500000e+01   4.6616000e+02
   3.7022000e-02  -2.5500000e+01   4.1869000e+02
   3.7022000e-02  -2.8500000e+01   3.6614000e+02
   3.7221000e-02  -2.8800000e+01   3.5259000e+02
   3.7221000e-02  -2.5800000e+01   4.0607000e+02
   3.7221000e-02  -2.2800000e+01   4.5443000e+02
   3.7221000e-02  -1.9800000e+01   4.9775000e+02
   3.7221000e-02  -1.6800000e+01   5.3611000e+02
   3.7221000e-02  -1.3800000e+01   5.6958000e+02
   3.7221000e-02  -1.0800000e+01   5.9821000e+02
   3.7221000e-02  -7.8000000e+00   6.2205000e+02
   3.7221000e-02  -4.8000000e+00   6.4115000e+02
   3.7221000e-02  -1.8000000e+00   6.5554000e+02
   3.7221000e-02   1.2000000e+00   6.6526000e+02
   3.7221000e-02   4.2000000e+00   6.7032000e+02
   3.7221000e-02   7.2000000e+00   6.7073000e+02
   3.7221000e-02   1.0200000e+01   6.6651000e+02
   3.7221000e-02   1.3200000e+01   6.5765000e+02
   3.7221000e-02   1.6200000e+01   6.4413000e+02
   3.7221000e-02   1.9200000e+01   6.2595000e+02
   3.7221000e-02   2.2200000e+01   6.0308000e+02
   3.7221000e-02   2.5200000e+01   5.7548000e+02
   3.7221000e-02   2.8200000e+01   5.4311000e+02
   3.7419000e-02   2.9100000e+01   5.2649000e+02
   3.7419000e-02   2.6100000e+01   5.6046000e+02
   3.7419000e-02   2.3100000e+01   5.8963000e+02
   3.7419000e-02   2.0100000e+01   6.1403000e+02
   3.7419000e-02   1.7100000e+01   6.3369000e+02
   3.7419000e-02   1.4100000e+01   6.4865000e+02
   3.7419000e-02   1.1100000e+01   6.5893000e+02
   3.7419000e-02   8.1000000e+00   6.6453000e+02
   3.7419000e-02   5.1000000e+00   6.6546000e+02
   3.7419000e-02   2.1000000e+00   6.6173000e+02
   3.7419000e-02  -9.0000000e-01   6.5331000e+02
   3.7419000e-02  -3.9000000e+00   6.4019000e+02
   3.7419000e-02  -6.9000000e+00   6.2235000e+02
   3.7419000e-02  -9.9000000e+00   5.9974000e+02
   3.7419000e-02  -1.2900000e+01   5.7233000e+02
   3.7419000e-02  -1.5900000e+01   5.4006000e+02
   3.7419000e-02  -1.8900000e+01   5.0288000e+02
   3.7419000e-02  -2.1900000e+01   4.6072000e+02
   3.7419000e-02  -2.4900000e+01   4.1350000e+02
   3.7419000e-02  -2.7900000e+01   3.6116000e+02
   3.7618000e-02  -2.9400000e+01   3.2465000e+02
   3.7618000e-02  -2.6400000e+01   3.8004000e+02
   3.7618000e-02  -2.3400000e+01   4.3020000e+02
   3.7618000e-02  -2.0400000e+01   4.7523000e+02
   3.7618000e-02  -1.7400000e+01   5.1521000e+02
   3.7618000e-02  -1.4400000e+01   5.5021000e+02
   3.7618000e-02  -1.1400000e+01   5.8029000e+02
   3.7618000e-02  -8.4000000e+00   6.0550000e+02
   3.7618000e-02  -5.4000000e+00   6.2590000e+02
   3.7618000e-02  -2.4000000e+00   6.4153000e+02
   3.7618000e-02   6.0000000e-01   6.5241000e+02
   3.7618000e-02   3.6000000e+00   6.5857000e+02
   3.7618000e-02   6.6000000e+00   6.6003000e+02
   3.7618000e-02   9.6000000e+00   6.5678000e+02
   3.7618000e-02   1.2600000e+01   6.4884000e+02
   3.7618000e-02   1.5600000e+01   6.3619000e+02
   3.7618000e-02   1.8600000e+01   6.1882000e+02
   3.7618000e-02   2.1600000e+01   5.9670000e+02
   3.7618000e-02   2.4600000e+01   5.6980000e+02
   3.7618000e-02   2.7600000e+01   5.3807000e+02
   3.7816000e-02   2.9700000e+01   5.0671000e+02
   3.7816000e-02   2.6700000e+01   5.4202000e+02
   3.7816000e-02   2.3700000e+01   5.7245000e+02
   3.7816000e-02   2.0700000e+01   5.9803000e+02
   3.7816000e-02   1.7700000e+01   6.1881000e+02
   3.7816000e-02   1.4700000e+01   6.3482000e+02
   3.7816000e-02   1.1700000e+01   6.4608000e+02
   3.7816000e-02   8.7000000e+00   6.5260000e+02
   3.7816000e-02   5.7000000e+00   6.5440000e+02
   3.7816000e-02   2.7000000e+00   6.5147000e+02
   3.7816000e-02  -3.0000000e-01   6.4380000e+02
   3.7816000e-02  -3.3000000e+00   6.3137000e+02
   3.7816000e-02  -6.3000000e+00   6.1416000e+02
   3.7816000e-02  -9.3000000e+00   5.9213000e+02
   3.7816000e-02  -1.2300000e+01   5.6524000e+02
   3.7816000e-02  -1.5300000e+01   5.3343000e+02
   3.7816000e-02  -1.8300000e+01   4.9665000e+02
   3.7816000e-02  -2.1300000e+01   4.5484000e+02
   3.7816000e-02  -2.4300000e+01   4.0791000e+02
   3.7816000e-02  -2.7300000e+01   3.5578000e+02
   3.8015000e-02  -3.0000000e+01   2.9559000e+02
   3.8015000e-02  -2.7000000e+01   3.5293000e+02
   3.8015000e-02  -2.4000000e+01   4.0495000e+02
   3.8015000e-02  -2.1000000e+01   4.5174000e+02
   3.8015000e-02  -1.8000000e+01   4.9337000e+02
   3.8015000e-02  -1.5000000e+01   5.2994000e+02
   3.8015000e-02  -1.2000000e+01   5.6151000e+02
   3.8015000e-02  -9.0000000e+00   5.8813000e+02
   3.8015000e-02  -6.0000000e+00   6.0987000e+02
   3.8015000e-02  -3.0000000e+00   6.2675000e+02
   3.8015000e-02  -1.3323000e-15   6.3883000e+02
   3.8015000e-02   3.0000000e+00   6.4612000e+02
   3.8015000e-02   6.0000000e+00   6.4864000e+02
   3.8015000e-02   9.0000000e+00   6.4640000e+02
   3.8015000e-02   1.2000000e+01   6.3941000e+02
   3.8015000e-02   1.5000000e+01   6.2764000e+02
   3.8015000e-02   1.8000000e+01   6.1110000e+02
   3.8015000e-02   2.1000000e+01   5.8975000e+02
   3.8015000e-02   2.4000000e+01   5.6357000e+02
   3.8015000e-02   2.7000000e+01   5.3250000e+02
   3.8015000e-02   3.0000000e+01   4.9652000e+02
   3.8213000e-02   2.7300000e+01   5.2278000e+02
   3.8213000e-02   2.4300000e+01   5.5449000e+02
   3.8213000e-02   2.1300000e+01   5.8129000e+02
   3.8213000e-02   1.8300000e+01   6.0322000e+02
   3.8213000e-02   1.5300000e+01   6.2030000e+02
   3.8213000e-02   1.2300000e+01   6.3257000e+02
   3.8213000e-02   9.3000000e+00   6.4004000e+02
   3.8213000e-02   6.3000000e+00   6.4273000e+02
   3.8213000e-02   3.3000000e+00   6.4062000e+02
   3.8213000e-02   3.0000000e-01   6.3372000e+02
   3.8213000e-02  -2.7000000e+00   6.2200000e+02
   3.8213000e-02  -5.7000000e+00   6.0544000e+02
   3.8213000e-02  -8.7000000e+00   5.8401000e+02
   3.8213000e-02  -1.1700000e+01   5.5766000e+02
   3.8213000e-02  -1.4700000e+01   5.2634000e+02
   3.8213000e-02  -1.7700000e+01   4.8998000e+02
   3.8213000e-02  -2.0700000e+01   4.4852000e+02
   3.8213000e-02  -2.3700000e+01   4.0189000e+02
   3.8213000e-02  -2.6700000e+01   3.4999000e+02
   3.8213000e-02  -2.9700000e+01   2.9273000e+02
   3.8412000e-02  -2.7600000e+01   3.2473000e+02
   3.8412000e-02  -2.4600000e+01   3.7865000e+02
   3.8412000e-02  -2.1600000e+01   4.2724000e+02
   3.8412000e-02  -1.8600000e+01   4.7058000e+02
   3.8412000e-02  -1.5600000e+01   5.0876000e+02
   3.8412000e-02  -1.2600000e+01   5.4186000e+02
   3.8412000e-02  -9.6000000e+00   5.6993000e+02
   3.8412000e-02  -6.6000000e+00   5.9303000e+02
   3.8412000e-02  -3.6000000e+00   6.1121000e+02
   3.8412000e-02  -6.0000000e-01   6.2451000e+02
   3.8412000e-02   2.4000000e+00   6.3295000e+02
   3.8412000e-02   5.4000000e+00   6.3657000e+02
   3.8412000e-02   8.4000000e+00   6.3536000e+02
   3.8412000e-02   1.1400000e+01   6.2933000e+02
   3.8412000e-02   1.4400000e+01   6.1848000e+02
   3.8412000e-02   1.7400000e+01   6.0279000e+02
   3.8412000e-02   2.0400000e+01   5.8223000e+02
   3.8412000e-02   2.3400000e+01   5.5679000e+02
   3.8412000e-02   2.6400000e+01   5.2640000e+02
   3.8412000e-02   2.9400000e+01   4.9104000e+02
   3.8610000e-02   2.7900000e+01   5.0272000e+02
   3.8610000e-02   2.4900000e+01   5.3576000e+02
   3.8610000e-02   2.1900000e+01   5.6381000e+02
   3.8610000e-02   1.8900000e+01   5.8690000e+02
   3.8610000e-02   1.5900000e+01   6.0509000e+02
   3.8610000e-02   1.2900000e+01   6.1840000e+02
   3.8610000e-02   9.9000000e+00   6.2684000e+02
   3.8610000e-02   6.9000000e+00   6.3044000e+02
   3.8610000e-02   3.9000000e+00   6.2918000e+02
   3.8610000e-02   9.0000000e-01   6.2307000e+02
   3.8610000e-02  -2.1000000e+00   6.1208000e+02
   3.8610000e-02  -5.1000000e+00   5.9620000e+02
   3.8610000e-02  -8.1000000e+00   5.7538000e+02
   3.8610000e-02  -1.1100000e+01   5.4959000e+02
   3.8610000e-02  -1.4100000e+01   5.1876000e+02
   3.8610000e-02  -1.7100000e+01   4.8285000e+02
   3.8610000e-02  -2.0100000e+01   4.4177000e+02
   3.8610000e-02  -2.3100000e+01   3.9545000e+02
   3.8610000e-02  -2.6100000e+01   3.4380000e+02
   3.8610000e-02  -2.9100000e+01   2.8672000e+02
   3.8809000e-02  -2.8200000e+01   2.9540000e+02
   3.8809000e-02  -2.5200000e+01   3.5129000e+02
   3.8809000e-02  -2.2200000e+01   4.0172000e+02
   3.8809000e-02  -1.9200000e+01   4.4682000e+02
   3.8809000e-02  -1.6200000e+01   4.8666000e+02
   3.8809000e-02  -1.3200000e+01   5.2131000e+02
   3.8809000e-02  -1.0200000e+01   5.5087000e+02
   3.8809000e-02  -7.2000000e+00   5.7537000e+02
   3.8809000e-02  -4.2000000e+00   5.9488000e+02
   3.8809000e-02  -1.2000000e+00   6.0943000e+02
   3.8809000e-02   1.8000000e+00   6.1906000e+02
   3.8809000e-02   4.8000000e+00   6.2379000e+02
   3.8809000e-02   7.8000000e+00   6.2364000e+02
   3.8809000e-02   1.0800000e+01   6.1860000e+02
   3.8809000e-02   1.3800000e+01   6.0868000e+02
   3.8809000e-02   1.6800000e+01   5.9387000e+02
   3.8809000e-02   1.9800000e+01   5.7413000e+02
   3.8809000e-02   2.2800000e+01   5.4944000e+02
   3.8809000e-02   2.5800000e+01   5.1976000e+02
   3.8809000e-02   2.8800000e+01   4.8503000e+02
   3.9007000e-02   2.8500000e+01   4.8183000e+02
   3.9007000e-02   2.5500000e+01   5.1623000e+02
   3.9007000e-02   2.2500000e+01   5.4555000e+02
   3.9007000e-02   1.9500000e+01   5.6985000e+02
   3.9007000e-02   1.6500000e+01   5.8918000e+02
   3.9007000e-02   1.3500000e+01   6.0355000e+02
   3.9007000e-02   1.0500000e+01   6.1299000e+02
   3.9007000e-02   7.5000000e+00   6.1752000e+02
   3.9007000e-02   4.5000000e+00   6.1714000e+02
   3.9007000e-02   1.5000000e+00   6.1184000e+02
   3.9007000e-02  -1.5000000e+00   6.0160000e+02
   3.9007000e-02  -4.5000000e+00   5.8641000e+02
   3.9007000e-02  -7.5000000e+00   5.6623000e+02
   3.9007000e-02  -1.0500000e+01   5.4101000e+02
   3.9007000e-02  -1.3500000e+01   5.1070000e+02
   3.9007000e-02  -1.6500000e+01   4.7524000e+02
   3.9007000e-02  -1.9500000e+01   4.3456000e+02
   3.9007000e-02  -2.2500000e+01   3.8858000e+02
   3.9007000e-02  -2.5500000e+01   3.3719000e+02
   3.9007000e-02  -2.8500000e+01   2.8031000e+02
   3.9206000e-02  -2.8800000e+01   2.6492000e+02
   3.9206000e-02  -2.5800000e+01   3.2282000e+02
   3.9206000e-02  -2.2800000e+01   3.7516000e+02
   3.9206000e-02  -1.9800000e+01   4.2205000e+02
   3.9206000e-02  -1.6800000e+01   4.6359000e+02
   3.9206000e-02  -1.3800000e+01   4.9986000e+02
   3.9206000e-02  -1.0800000e+01   5.3093000e+02
   3.9206000e-02  -7.8000000e+00   5.5688000e+02
   3.9206000e-02  -4.8000000e+00   5.7774000e+02
   3.9206000e-02  -1.8000000e+00   5.9358000e+02
   3.9206000e-02   1.2000000e+00   6.0443000e+02
   3.9206000e-02   4.2000000e+00   6.1030000e+02
   3.9206000e-02   7.2000000e+00   6.1123000e+02
   3.9206000e-02   1.0200000e+01   6.0721000e+02
   3.9206000e-02   1.3200000e+01   5.9825000e+02
   3.9206000e-02   1.6200000e+01   5.8433000e+02
   3.9206000e-02   1.9200000e+01   5.6543000e+02
   3.9206000e-02   2.2200000e+01   5.4152000e+02
   3.9206000e-02   2.5200000e+01   5.1256000e+02
   3.9206000e-02   2.8200000e+01   4.7849000e+02
   3.9404000e-02   2.9100000e+01   4.6008000e+02
   3.9404000e-02   2.6100000e+01   4.9587000e+02
   3.9404000e-02   2.3100000e+01   5.2651000e+02
   3.9404000e-02   2.0100000e+01   5.5206000e+02
   3.9404000e-02   1.7100000e+01   5.7254000e+02
   3.9404000e-02   1.4100000e+01   5.8801000e+02
   3.9404000e-02   1.1100000e+01   5.9848000e+02
   3.9404000e-02   8.1000000e+00   6.0396000e+02
   3.9404000e-02   5.1000000e+00   6.0448000e+02
   3.9404000e-02   2.1000000e+00   6.0001000e+02
   3.9404000e-02  -9.0000000e-01   5.9055000e+02
   3.9404000e-02  -3.9000000e+00   5.7607000e+02
   3.9404000e-02  -6.9000000e+00   5.5654000e+02
   3.9404000e-02  -9.9000000e+00   5.3192000e+02
   3.9404000e-02  -1.2900000e+01   5.0215000e+02
   3.9404000e-02  -1.5900000e+01   4.6717000e+02
   3.9404000e-02  -1.8900000e+01   4.2690000e+02
   3.9404000e-02  -2.1900000e+01   3.8126000e+02
   3.9404000e-02  -2.4900000e+01   3.3016000e+02
   3.9404000e-02  -2.7900000e+01   2.7349000e+02
   3.9603000e-02  -2.9400000e+01   2.3325000e+02
   3.9603000e-02  -2.6400000e+01   2.9322000e+02
   3.9603000e-02  -2.3400000e+01   3.4753000e+02
   3.9603000e-02  -2.0400000e+01   3.9627000e+02
   3.9603000e-02  -1.7400000e+01   4.3956000e+02
   3.9603000e-02  -1.4400000e+01   4.7748000e+02
   3.9603000e-02  -1.1400000e+01   5.1011000e+02
   3.9603000e-02  -8.4000000e+00   5.3753000e+02
   3.9603000e-02  -5.4000000e+00   5.5979000e+02
   3.9603000e-02  -2.4000000e+00   5.7695000e+02
   3.9603000e-02   6.0000000e-01   5.8904000e+02
   3.9603000e-02   3.6000000e+00   5.9609000e+02
   3.9603000e-02   6.6000000e+00   5.9813000e+02
   3.9603000e-02   9.6000000e+00   5.9515000e+02
   3.9603000e-02   1.2600000e+01   5.8717000e+02
   3.9603000e-02   1.5600000e+01   5.7417000e+02
   3.9603000e-02   1.8600000e+01   5.5613000e+02
   3.9603000e-02   2.1600000e+01   5.3302000e+02
   3.9603000e-02   2.4600000e+01   5.0479000e+02
   3.9603000e-02   2.7600000e+01   4.7141000e+02
   3.9801000e-02   2.9700000e+01   4.3746000e+02
   3.9801000e-02   2.6700000e+01   4.7469000e+02
   3.9801000e-02   2.3700000e+01   5.0668000e+02
   3.9801000e-02   2.0700000e+01   5.3349000e+02
   3.9801000e-02   1.7700000e+01   5.5517000e+02
   3.9801000e-02   1.4700000e+01   5.7176000e+02
   3.9801000e-02   1.1700000e+01   5.8328000e+02
   3.9801000e-02   8.7000000e+00   5.8976000e+02
   3.9801000e-02   5.7000000e+00   5.9119000e+02
   3.9801000e-02   2.7000000e+00   5.8758000e+02
   3.9801000e-02  -3.0000000e-01   5.7892000e+02
   3.9801000e-02  -3.3000000e+00   5.6517000e+02
   3.9801000e-02  -6.3000000e+00   5.4632000e+02
   3.9801000e-02  -9.3000000e+00   5.2231000e+02
   3.9801000e-02  -1.2300000e+01   4.9310000e+02
   3.9801000e-02  -1.5300000e+01   4.5861000e+02
   3.9801000e-02  -1.8300000e+01   4.1877000e+02
   3.9801000e-02  -2.1300000e+01   3.7350000e+02
   3.9801000e-02  -2.4300000e+01   3.2269000e+02
   3.9801000e-02  -2.7300000e+01   2.6625000e+02
   4.0000000e-02  -3.0000000e+01   2.0036000e+02
   4.0000000e-02  -2.7000000e+01   2.6248000e+02
   4.0000000e-02  -2.4000000e+01   3.1880000e+02
   4.0000000e-02  -2.1000000e+01   3.6944000e+02
   4.0000000e-02  -1.8000000e+01   4.1453000e+02
   4.0000000e-02  -1.5000000e+01   4.5414000e+02
   4.0000000e-02  -1.2000000e+01   4.8838000e+02
   4.0000000e-02  -9.0000000e+00   5.1731000e+02
   4.0000000e-02  -6.0000000e+00   5.4100000e+02
   4.0000000e-02  -3.0000000e+00   5.5951000e+02
   4.0000000e-02  -1.3323000e-15   5.7288000e+02
   4.0000000e-02   3.0000000e+00   5.8114000e+02
   4.0000000e-02   6.0000000e+00   5.8431000e+02
   4.0000000e-02   9.0000000e+00   5.8240000e+02
   4.0000000e-02   1.2000000e+01   5.7543000e+02
   4.0000000e-02   1.5000000e+01   5.6337000e+02
   4.0000000e-02   1.8000000e+01   5.4621000e+02
   4.0000000e-02   2.1000000e+01   5.2392000e+02
   4.0000000e-02   2.4000000e+01   4.9646000e+02
   4.0000000e-02   2.7000000e+01   4.6378000e+02
   4.0000000e-02   3.0000000e+01   4.2581000e+02
